"gene","logFC","AveExpr","t","P.Value","adj.P.Val","qvalue","B"
"S100A8",8.5356941226669,8.3910950151669,48.1800593688201,3.56453335683497e-105,8.74308741764482e-101,1.1657176787617e-101,229.823015944782
"S100A9",9.08298298626092,8.49552597979282,46.9552950614537,2.67370271805629e-103,3.27902901342423e-99,4.37193625950366e-100,225.521960591477
"PI3",9.84127231773949,6.28063022250223,45.1215724645096,2.05860679521738e-100,1.68311691576973e-96,2.24410331317969e-97,218.592810683413
"GJB2",4.34884281984234,8.82513770463377,45.0006740966659,3.21607456976844e-100,1.97209692618201e-96,2.62940096703418e-97,218.577831155113
"FABP5P7",3.58210016293333,8.01230041475152,43.7647207722269,3.26138952865483e-98,1.59990724717691e-94,2.13315968755976e-95,213.98656501751
"SPRR2A",10.0648563770722,5.76763010983877,43.2224898759846,2.56075480173397e-97,1.04683656294885e-93,1.39574938452615e-94,211.395885535699
"SERPINB3",6.87858819874489,7.21944011811021,42.070352567848,2.19329326507208e-95,7.68529960081256e-92,1.0246826073324e-92,207.443278874949
"S100A7A",10.5946614802433,5.57776898597512,41.3166920321169,4.25487040057355e-94,1.30454326481585e-90,1.73935027051919e-91,203.927239882028
"SPRR2B",8.28815256611978,5.78058920192807,41.201949036151,6.70837510487461e-94,1.82825582858183e-90,2.43761732997868e-91,203.852724372674
"AKR1B10",6.38406875874343,3.90403014647671,40.8001272840746,3.33105366026217e-93,8.17040841789104e-90,1.08936226763756e-90,202.109153821184
"S100A7",8.01469735234753,8.23364090970156,40.745746834972,4.14184393160729e-93,9.23555890495124e-90,1.23137900543225e-90,202.235148624567
"SERPINB4",10.2082368592092,5.7059174432649,40.5330182717715,9.73376982493767e-93,1.98958255221726e-89,2.65271458889318e-90,200.962710267178
"SERPINB11",6.72833918612663,5.96359942065383,40.2116181256534,3.56379009468111e-92,6.72404949556448e-89,8.96518929231942e-90,200.029505200094
"FABP5P1",3.65673509645352,6.56425204487217,38.6124469432636,2.57546811132726e-89,4.51222013104535e-86,6.01615256254742e-87,193.56259566688
"SPRR2D",6.134981321572,7.0603858568789,38.4948842972818,4.21401348470357e-89,6.89075485018728e-86,9.18745789120801e-87,193.053198527538
"IL36G",5.60216375685223,5.07078700386533,38.2349116517123,1.2571684830484e-88,1.9272392845132e-85,2.56959217933369e-86,191.895642846825
"TPBG",1.79684445921431,5.09551766078837,37.4012209932591,4.35342561036149e-87,6.28122490417333e-84,8.37477033604397e-85,188.441457515766
"FABP5P2",3.53693825632025,5.53457020586517,37.2739714782674,7.51855401032882e-87,1.02452829314081e-83,1.36600572161213e-84,187.889846398666
"GJB6",2.97489079324103,7.4057586981659,36.4445116345184,2.74415520115933e-85,3.54255993547559e-82,4.7233025904815e-83,184.314422605727
"PLA2G4D",4.49721564264678,6.09912238124702,35.8211573233722,4.26995461278817e-84,5.23667233712341e-81,6.98206620803926e-82,181.566556212774
"PLBD1",2.0029274986501,6.11480967048869,35.431944229002,2.41360043235839e-83,2.7659338860246e-80,3.68782545021547e-81,179.845079457859
"MPZL2",2.41543302976199,6.11740189960785,35.425793713961,2.48086046528625e-83,2.7659338860246e-80,3.68782545021547e-81,179.817531467064
"KYNU",4.36099203161583,3.24808369277139,35.1433208440223,8.80048529916546e-83,9.38514362686654e-80,1.25132316777214e-80,178.413297192896
"CDK5R1",2.31227462555421,2.67111779205149,34.9618067336236,1.99348363321817e-82,2.03734027314897e-79,2.71639005835619e-80,177.619707634037
"KRT77",-3.64968260046855,6.69506869135916,-34.6521841929499,8.10062836302958e-82,7.75091791761099e-79,1.03343151127086e-79,176.337332377112
"LCE3D",5.63390363909893,6.36955473993607,34.6490695924537,8.21607411357982e-82,7.75091791761099e-79,1.03343151127086e-79,176.316170598069
"WNT5A",2.45543382577412,4.28973012784926,34.1247169825683,9.0190230003963e-81,8.19328133902668e-78,1.09241191900888e-78,173.921233156984
"HPSE",2.81997540520296,4.52991611526548,33.8399975143597,3.35013422308382e-80,2.93471757942143e-77,3.91286510254961e-78,172.614630909178
"SPRR2E",4.24376189290767,9.56542412736406,33.7513867143917,5.04826092761219e-80,4.26978427698179e-77,5.69291232995266e-78,172.211495344606
"FAM110C",2.08136692477959,4.45080240276659,33.6392302028221,8.49237334803774e-80,6.94336444935565e-77,9.25760238009802e-78,171.689634627182
"RRM2",2.76819070793581,4.12692044380884,33.5332684278953,1.38976948324581e-79,1.099621480163e-76,1.46612762533423e-77,171.188740876106
"ARNTL2",2.13978816094025,5.3661879063522,33.5079668437705,1.56348453426776e-79,1.19841089551624e-76,1.59784375997952e-77,171.083393273725
"PLA2G4E",2.39002651001235,7.09461620488918,33.2853459499175,4.41939090461066e-79,3.28481273055425e-76,4.37964770168118e-77,170.041629285092
"KPNA2",1.8135025928095,5.38115302840229,33.171823740371,7.52175081948458e-79,5.42627953236229e-76,7.23486987904489e-77,169.514373265633
"ADAP2",2.04488583347216,4.6129060054238,33.0963564710457,1.07193637652054e-78,7.51213012665592e-76,1.00159388503062e-76,169.161343962495
"ZC3H12A",3.7573318428583,5.65389016590102,32.9690236856648,1.9513077441912e-78,1.32949100970894e-75,1.7726131510989e-76,168.56399046886
"TTC39A",2.58173229023008,4.29875683843235,32.9073473921267,2.60973876827947e-78,1.73004520292862e-75,2.30667289685412e-76,168.269348331367
"C10orf99",5.6855621233841,4.11050880629525,32.0820474886509,1.32642800596834e-76,8.56174371852408e-74,1.14153908533137e-74,164.299627464569
"LCE3E",5.70940765848118,4.65668076314759,31.980593691412,2.16045123963348e-76,1.35875764117257e-73,1.81163441219953e-74,163.840889888354
"SERPINB13",2.96050653674678,5.86331047413295,31.9290312691152,2.76949363394392e-76,1.69825349633441e-73,2.26428494778698e-74,163.613622592371
"BTC",-4.49373896588793,1.83232953630876,-31.7741589183547,5.84911100670035e-76,3.49919499444747e-73,4.66548402367532e-74,162.662864067596
"SPRR2G",4.9604443147825,8.3278334176242,31.7559297653485,6.38822067283769e-76,3.73072087293721e-73,4.97417796296002e-74,162.775934645604
"DSG3",2.12414790896713,7.97351600712169,31.6491542167037,1.07144164999148e-75,6.11170250953278e-73,8.14874577179258e-74,162.254317265032
"KRT6A",4.61201829737216,11.5231351693822,31.3853475685968,3.86472502748e-75,2.15440853350067e-72,2.87247741536744e-73,160.984641469208
"CCNB1",2.20408026778635,3.92517633604299,31.1467376408489,1.24122570967386e-74,6.76550760152899e-72,9.02046547193679e-73,159.821745084012
"PGM2",1.62484805332447,5.8172661593574,31.0754382283215,1.761110583407e-74,9.39054791082758e-72,1.2520437220859e-72,159.459562428881
"GM2A",1.89159741225022,8.42765304879415,31.0470209146642,2.02492694359368e-74,1.05675336324395e-71,1.40897147515448e-72,159.318004911891
"CD24",2.68471393160534,7.45118706858368,30.7829643789603,7.43954531167154e-74,3.80160765426416e-71,5.06869145714809e-72,158.016316591785
"CLEC7A",2.39804639312264,3.61828568358409,30.7123174258347,1.05513121808994e-73,5.28168541169595e-71,7.04208223475623e-72,157.683336015315
"SLC7A1",1.6031031910575,7.35882060745534,30.6664441396369,1.3242691288866e-73,6.49633463866608e-71,8.66157659611392e-72,157.437935421476
"NOD2",1.90570423529581,4.54863966574364,30.6046628521207,1.79895965224733e-73,8.65193771574953e-71,1.15356466989452e-71,157.15223301727
"ANKRD33B",-2.74241337356657,4.32577000099371,-30.5676685900278,2.16159980563264e-73,1.0196100006261e-70,1.35944815188895e-71,156.970834973118
"RHCG",5.16733737857524,5.66526812181901,30.5416196515965,2.46020896110254e-73,1.13856613958345e-70,1.51805262140387e-71,156.842316130307
"NFKBIZ",2.136230237861,6.05248065349321,30.4339054508587,4.2043052913238e-73,1.90968889232574e-70,2.54619220462815e-71,156.288800973739
"CHI3L2",4.36003263381747,4.69062516451858,29.996102426551,3.76131168444887e-72,1.67740823629385e-69,2.23649191886379e-70,154.12114871157
"HEPHL1",6.64690619135326,4.59715816403551,29.8723730196717,7.01407999627158e-72,3.07216703836695e-69,4.09612675438403e-70,153.475434396983
"F3",-2.20450494732255,4.17937782221353,-29.6198465881388,2.51557163731639e-71,1.08249019508941e-68,1.44328644702245e-69,152.221611692265
"SPRR2F",8.78603635718475,4.48614108897845,29.5589316448444,3.42690609914428e-71,1.44922677241053e-68,1.93225709458684e-69,151.792569202994
"VNN3",8.12597755742534,-1.0646139207492,29.5243371937752,4.08540102232277e-71,1.69841891992429e-68,2.26450550740624e-69,150.104377410207
"GINS3",1.4663256444518,3.21924455374445,29.3661930427935,9.13965837807665e-71,3.73629234495773e-68,4.98160641828799e-69,150.936610154496
"KRT6C",4.54032817318523,9.08552814679363,29.2551623421334,1.61132911652393e-70,6.4791279623113e-68,8.63863489844884e-69,150.34543650328
"SNTB1",-2.00849690710768,3.77377199725617,-29.2076262391626,2.05494887294474e-70,8.12964289606266e-68,1.08392699206393e-68,150.128096144372
"RP11-641A6.3",-3.61036104998864,2.09005950707878,-29.1733972876817,2.44861846247567e-70,9.53328788057193e-68,1.27107527218354e-68,149.89796985716
"TMEM45B",2.09549740375974,5.50473170571106,29.164006502144,2.56930110855006e-70,9.84684649851809e-68,1.31288210846545e-68,149.882837643384
"PTPN21",-1.25026343665643,5.42666581428201,-29.1540495218812,2.70379289260974e-70,1.02028664722972e-67,1.36035032622443e-68,149.826759524863
"RORC",-2.47860420644058,3.3960032947548,-29.1169036504166,3.27101034430438e-70,1.21562638977421e-67,1.62079721457341e-68,149.665901093783
"AKR1B10P1",6.470267259238,-0.0246181156577824,29.0538086557695,4.52195015383607e-70,1.65543870706404e-67,2.20719989947304e-68,148.008290118672
"CCNE1",2.52865184111865,2.13572769972264,28.9720722073735,6.88363751813433e-70,2.48296854477645e-67,3.31054716736987e-68,148.874221724983
"SH3PXD2A-AS1",2.34491171436903,3.29811681681442,28.877532022021,1.12024558933047e-69,3.98222953841996e-67,5.30951499404507e-68,148.436456701338
"COBL",-1.4882063212235,5.21869900541445,-28.8305586617277,1.42745819623579e-69,5.00181351961019e-67,6.66892845416561e-68,148.16765695727
"STAT1",2.04142335227591,7.34920964029259,28.7284691472603,2.41930352492474e-69,8.35784181117663e-67,1.11435280126786e-67,147.627321344121
"PPP4R1",1.18395191231193,6.59953841245188,28.7227973471654,2.49135342496589e-69,8.48721066771712e-67,1.13160157803819e-67,147.596706745739
"C5orf46",-3.36068761541592,3.50119872563043,-28.6747300472317,3.19529758117339e-69,1.07361998727426e-66,1.43145978034227e-67,147.392158615768
"IRAK2",2.01049199883491,2.90919821216675,28.640066659767,3.82403340368739e-69,1.26504733626784e-66,1.68669026616579e-67,147.208322775941
"KCNJ15",2.51450849338171,3.22500266595445,28.6378528659313,3.86817311725733e-69,1.26504733626784e-66,1.68669026616579e-67,147.199622222146
"FOXM1",1.67113928234782,4.11153969752407,28.4920713143392,8.24647782848515e-69,2.66144221285637e-66,3.5485064832682e-67,146.438950163256
"NCAPH",1.79848377451761,2.40381719697638,28.4336759426995,1.11753557642218e-68,3.55985878162121e-66,4.74636717832198e-67,146.127146075403
"JADE1",-1.14484786739745,4.74017364284999,-28.3181914063279,2.04081319889221e-68,6.41757258236259e-66,8.5565629812857e-67,145.516168045729
"IL36RN",2.91360074878209,6.98623641443799,28.2727273528473,2.58793270637244e-68,7.93674490707193e-66,1.05820786274237e-66,145.261318720456
"UBE2F",1.25501199874417,4.92431823757831,28.2726756817198,2.58863173746638e-68,7.93674490707193e-66,1.05820786274237e-66,145.277202766312
"TYMP",3.41177941118835,6.29733680231502,28.2069430183085,3.6508316169086e-68,1.09204387682359e-65,1.45602439091206e-66,144.927503768657
"IL34",-2.54344434500011,4.10594163754173,-28.203846624197,3.71048898170443e-68,1.09651655112345e-65,1.46198781693496e-66,144.937647978257
"ABCG4",4.8856577564002,0.866934491051527,28.1841152512465,4.11433760741281e-68,1.20138658136454e-65,1.60181124816087e-66,144.396891932916
"KIF2C",1.8070355118599,2.98929185050909,28.1376607267708,5.24825582760342e-68,1.51446139928773e-65,2.01923455939486e-66,144.599184326444
"BCAR3",-1.78549557382775,3.23564365487643,-28.0633158158612,7.75226128719528e-68,2.21101703316658e-65,2.94795364667625e-66,144.210578382102
"IFI16",1.50730487613282,7.04053094981503,28.0335368274717,9.06497129850259e-68,2.55569673574335e-65,3.4075158168922e-66,144.00228783852
"EHF",2.11329040484888,6.91553524698927,27.9416817682468,1.46964046282451e-67,4.09628878092723e-65,5.46159042125463e-66,143.521127314892
"PARP9",2.05019093490741,5.60889746082716,27.9213863300257,1.63544034568917e-67,4.50720008978248e-65,6.00945933100494e-66,143.42683220073
"IFI27",3.73180847886952,7.04876294196182,27.8800178459973,2.03388321845729e-67,5.54300973136894e-65,7.3905064981559e-66,143.204436954656
"SOX7",1.57914656414522,5.29951070521385,27.8597375150649,2.26349322184034e-67,6.10098480717581e-65,8.13445583676572e-66,143.103976921247
"LMNB1",1.48443460136029,4.67044236341762,27.8402584178801,2.50851669403761e-67,6.6879236381907e-65,8.91702261092944e-66,143.014452909526
"PRKCQ",2.89576128832752,1.59005499320108,27.8263331209899,2.69985097546672e-67,7.1206392178761e-65,9.4939632006997e-66,142.876617003905
"RGMB",-1.16780429944449,5.16893656595872,-27.7982927653664,3.13076620633029e-67,8.16930143711376e-65,1.0892146736584e-65,142.777921682891
"DSC2",2.69684462146744,7.18906532807847,27.7825949671624,3.40150683241651e-67,8.78233258794866e-65,1.17095024554776e-65,142.683478475632
"RP11-295G20.2",2.72149577167107,4.55248192548472,27.7643518467827,3.74583432984761e-67,9.57060671276065e-65,1.27605099990477e-65,142.626036859086
"GALNT6",2.10610727212584,4.92471058532834,27.7163095593586,4.82960862377051e-67,1.22124371467879e-64,1.62828680564785e-65,142.358848488054
"KLK13",3.86176489826942,5.05958099459445,27.6924961127711,5.47848608413781e-67,1.37118680277278e-64,1.82820623942421e-65,142.24686459234
"CTC-463N11.4",-1.19539348109033,4.63065317423169,-27.6265622812423,7.76960894911659e-67,1.92497947781749e-64,2.56657917432763e-65,141.881137115586
"AKR1B15",5.09369643267031,1.1527294444083,27.5915057572598,9.35769282797861e-67,2.29525489684659e-64,3.06026816696199e-65,141.379996408047
"GJB4",-3.79142954379589,3.32732212439734,-27.5670075639189,1.06573659519884e-66,2.5881571492116e-64,3.45079535423674e-65,141.597038479328
"SPRR1B",3.81038461014969,8.51973617613838,27.5438209408023,1.20541250626061e-66,2.89866254446668e-64,3.86479284883944e-65,141.422993405883
"HRH2",3.09603242869494,3.84945335450691,27.5108633842368,1.43617871313104e-66,3.42005742482313e-64,4.55996973614899e-65,141.297326178518
"SPTLC2",1.25102236253448,6.50934654868573,27.4820830708715,1.67372968818464e-66,3.9474270953647e-64,5.26311282374108e-65,141.086474464014
"CXCR2",2.66337951114508,3.20750276158615,27.4664190711949,1.81921524124559e-66,4.2496868035497e-64,5.66611632648259e-65,141.063618943105
"MELK",2.05882074012672,2.37358143055818,27.3974670280647,2.626516848451e-66,6.07766087347227e-64,8.10335798705006e-65,140.687281267162
"CLDN1",-1.60561875585245,7.85681505874772,-27.3552926892995,3.28894887148683e-66,7.53937737568495e-64,1.00522676645722e-64,140.41366882733
"KIF20A",2.14979672983366,2.96574911801101,27.3361606905782,3.64248529903889e-66,8.27248883470609e-64,1.1029726710171e-64,140.370972583364
"SFXN1",1.07932117700203,4.78246155694146,27.2540183169335,5.64922310663516e-66,1.27123068219768e-63,1.69493453426012e-64,139.896087332519
"ACP7",3.75464979676592,5.17997586315295,27.1485268206866,9.93735083631062e-66,2.21584855739115e-63,2.95439552805625e-64,139.348216638039
"MTURN",-1.2397495326133,5.66125216308785,-27.1205114901696,1.15480198622403e-65,2.55180028091017e-63,3.40232066549252e-64,139.162107159512
"CCNB2",1.69189032747666,3.15784870796257,27.0802273469563,1.43345994034506e-65,3.13927726935569e-63,4.18560496608699e-64,139.004063853604
"IL4R",1.6459271971601,6.01827227410034,27.0568132794726,1.62550600187903e-65,3.52835497469813e-63,4.70436308649006e-64,138.818518003598
"SAPCD1",-2.73825401794028,1.50742284177046,-26.9858467462489,2.38046549203077e-65,5.12175943759041e-63,6.82885259812722e-64,138.452026020879
"OASL",4.72576249523029,2.99608885171051,26.9645787594125,2.66909422016796e-65,5.69282982889388e-63,7.59026194834866e-64,138.367179708988
"CRABP2",2.18869858315572,8.0148638902171,26.9086743772993,3.60680020020867e-65,7.62651683713089e-63,1.01684508912437e-63,138.01832269407
"FUT3",3.13058911840626,2.47495654745644,26.8943347670545,3.89662193748071e-65,8.16891819508777e-63,1.08916357591871e-63,137.994753393826
"DEPDC1B",2.18467938454394,1.45064553365431,26.8909198910702,3.9690211094632e-65,8.25018218414519e-63,1.09999852062025e-63,137.930081119661
"CYP2W1",-5.05006121754232,-0.175660070387936,-26.8683124637002,4.48362071447658e-65,9.24153351972113e-63,1.23217560207236e-63,137.307752452167
"SAPCD1-AS1",-2.94915394188302,0.389219663939087,-26.8542372323252,4.83733199380183e-65,9.88750659533094e-63,1.31830332769966e-63,137.578165751453
"TMEM165",1.46462358187764,5.52606516303702,26.8514665799065,4.91019244828436e-65,9.95348763400981e-63,1.3271005934225e-63,137.719518089244
"NOCT",1.77552062728309,2.65844605227394,26.8333174179527,5.41549786371616e-65,1.08878140656746e-62,1.45167453247838e-63,137.678580380682
"CLCA2",1.50196754861627,8.41569644262142,26.8210576909757,5.78607136189583e-65,1.15382730377708e-62,1.53840036362488e-63,137.547243330908
"KCNK10",4.03222788061756,0.280306239278835,26.8191100797308,5.84724213836282e-65,1.15662221911099e-62,1.54212683010034e-63,137.172241379772
"PNP",2.07720457401932,5.39882613286516,26.7890899547803,6.87663075481925e-65,1.34935999323365e-62,1.79910450849633e-63,137.390832500092
"PRSS27",4.15538302462028,3.61645749261499,26.7485572444885,8.56124831919245e-65,1.6665896728028e-62,2.22206750547535e-63,137.222680554349
"PTTG1",1.74162010647983,3.47311206796028,26.6390193305698,1.54931287942068e-64,2.99224774066381e-62,3.989570187171e-63,136.62458631677
"FLVCR2",1.62531073529273,3.82380460476812,26.6301487167762,1.62565339293112e-64,3.11515831420427e-62,4.15344711260776e-63,136.568408690163
"CTSC",1.26740682597854,6.82490979186067,26.603999780352,1.87339130370322e-64,3.56205751141337e-62,4.74929874936446e-63,136.366402439261
"SLC39A6",1.23313728564181,7.18117827402696,26.584598955347,2.08139945115003e-64,3.92712044136984e-62,5.23603791938803e-63,136.260930816258
"DEFB4A",13.1555260650874,2.8823845830499,26.557154574965,2.41587585681261e-64,4.52340481037402e-62,6.03106511894986e-63,135.091167242484
"AMMECR1",1.59135646180032,4.91203052083332,26.5503446308722,2.50691691336074e-64,4.65830742809942e-62,6.21093106204492e-63,136.104961478806
"CFB",1.8964170543626,4.89249354608544,26.5340816680217,2.73851908800739e-64,5.05040572861995e-62,6.73371654833293e-63,136.020074150241
"GLTP",1.52692771820813,8.90442320249317,26.51694313454,3.00588811378775e-64,5.50212116828254e-62,7.33598969125221e-63,135.902807757055
"APOL6",1.98880419120934,5.78264411918703,26.4650387120791,3.98650686812258e-64,7.24304003417116e-62,9.65716046573225e-63,135.624622628409
"DEFB103B",5.7959910967857,3.41966074866777,26.4160608908233,5.20509932082215e-64,9.38754971625923e-62,1.25164397217541e-62,135.407036070534
"MFHAS1",1.27732233488053,5.7100316566699,26.3937831860599,5.87705285140587e-64,1.05220695138163e-61,1.40290973468492e-62,135.23223499935
"SLC5A1",2.01672164470444,6.0486823146754,26.2790129784962,1.09959683913954e-63,1.95217386239064e-61,2.60283750430382e-62,134.605671482867
"LINC01605",3.0788553832809,0.917192298794538,26.2779017563959,1.1062955270397e-63,1.95217386239064e-61,2.60283750430382e-62,134.517759591321
"GCH1",1.28064675545591,3.65669313664966,26.2638338486383,1.19472893570947e-63,2.093165095363e-61,2.79082141087507e-62,134.578740570723
"EDA",-1.68016401918895,2.73878779810189,-26.2159697961197,1.5523182910804e-63,2.70037326550497e-61,3.6004133374004e-62,134.332190715092
"FAM234B",-1.53222919046305,3.47730022423045,-26.1795829227689,1.89455437124639e-63,3.27250912802334e-61,4.36324328262689e-62,134.12003255939
"PHYHD1",-1.64681642765424,3.29388651342899,-26.1273772474552,2.5221603341798e-63,4.32612228508825e-61,5.76802791429805e-62,133.838971983002
"ARSF",3.5522720862794,3.05277432927287,26.0936705940028,3.03446378947666e-63,5.16870332140858e-61,6.89144297686018e-62,133.664537218583
"RP11-203M5.8",2.11645685508768,2.97924745407407,26.0492298892232,3.87309871205975e-63,6.55168035926908e-61,8.73536916145018e-62,133.420476583556
"SLC6A14",4.16618211523021,5.08773558099768,25.9658010166045,6.1276437943805e-63,1.02944415745592e-60,1.37256005381172e-61,132.936744567537
"MATN2",-1.14834687903995,6.19730467503182,-25.9521817630632,6.60469314859416e-63,1.10204022822257e-60,1.469352547194e-61,132.805161878847
"C20orf24",1.29837482007239,5.56639913935218,25.9420006226582,6.98552180700751e-63,1.15770864109649e-60,1.54357535881175e-61,132.759144103435
"BIRC5",1.867411177696,3.42497562767927,25.8649766917478,1.06798673762551e-62,1.75809253023346e-60,2.34406845716304e-61,132.40016712207
"A2ML1",2.48374534164292,7.84445005134999,25.8631811881653,1.07861738547601e-62,1.76375514873037e-60,2.3516184382791e-61,132.316015214404
"INA",3.1982279554852,1.613913694694,25.8590212163253,1.1036574049896e-62,1.79274892911158e-60,2.3902759064594e-61,132.324917667715
"CCNA2",1.84412967718654,3.45032418161141,25.8436852595294,1.2011179313382e-62,1.93822504078049e-60,2.58423951120126e-61,132.282202591431
"MYD88",1.1701606082437,5.9404309401898,25.8327161445762,1.27608602507267e-62,2.04574104725376e-60,2.72759082808596e-61,132.149444245032
"SGK1",1.4372347158727,6.56203030398808,25.8186861076604,1.37886273447609e-62,2.19615228254737e-60,2.92813444350526e-61,132.067576558034
"RAB3B",-3.37464602538513,2.21567943504375,-25.7903687843761,1.612323187168e-62,2.55142342805527e-60,3.40181820679084e-61,131.994429163427
"TGM1",2.84476009998809,7.29509287277558,25.7791888639774,1.71507721037169e-62,2.69662909076902e-60,3.59542122137368e-61,131.853269486731
"MXD1",1.75998828478568,5.32928756871425,25.746069262547,2.05972526892445e-62,3.21789435644452e-60,4.29042529315732e-61,131.687205761272
"SKA1",1.93921732251506,1.16168703596125,25.7102098998764,2.51176939133539e-62,3.87475972519965e-60,5.1662252667214e-61,131.502440262688
"FABP5",3.60904843232112,5.42542120166986,25.6879014685515,2.84198606817009e-62,4.35676464250475e-60,5.80888343369645e-61,131.386572799545
"FOXE1",3.1770392909892,2.0567570282792,25.6727613620985,3.09059844228893e-62,4.70845953990453e-60,6.27779897788031e-61,131.332382215079
"GDA",6.3751282082662,2.22262934434551,25.6419258797158,3.66654990365736e-62,5.55142815042641e-60,7.40173079393808e-61,131.036089507794
"GDPD3",2.41965205468418,4.1673280460579,25.5836448526586,5.0660330950555e-62,7.62329200954118e-60,1.01641512218561e-60,130.829628988518
"CHAD",-2.54778216589228,1.26644123576085,-25.5287274177659,6.87292734135702e-62,1.02792171846832e-59,1.3705301827171e-60,130.516893272051
"RP4-724E13.2",-1.54319068549873,0.620116680422919,-25.46176337139,9.97456587100547e-62,1.48276455566074e-59,1.97697309132084e-60,130.102359795246
"SLC7A11",2.85275563867213,2.8301456347031,25.4441355142402,1.10030816937609e-61,1.62580474569016e-59,2.1676888766328e-60,130.084775459141
"TGIF2-C20orf24",1.28539255470945,5.30729419436267,25.4333456006774,1.1684503286562e-61,1.7161526743281e-59,2.28814995933935e-60,129.947385706247
"EPHB2",2.55669473700972,3.75034570536985,25.4169192498701,1.28041334112836e-61,1.8583419190057e-59,2.47773117742936e-60,129.916599937068
"MPHOSPH6",1.86980188605358,4.23376979043462,25.3858609752122,1.52239913208749e-61,2.19655328893188e-59,2.92866910615861e-60,129.72240715573
"SHCBP1",1.65252921766694,2.41155140210653,25.3565425800889,1.79284621479324e-61,2.57163344774553e-59,3.42876426842293e-60,129.598146666035
"KIF4A",1.70944308911229,2.4100148384561,25.3553074609816,1.80524328825702e-61,2.57436089385861e-59,3.43240077804478e-60,129.59126686196
"TAP2",1.40549710816737,6.31710303681668,25.3466638469598,1.89444308802385e-61,2.68594798052307e-59,3.58118007468517e-60,129.447737956349
"AL591704.7",5.2678938525456,-2.75386157527377,25.3407144176073,1.95839812332414e-61,2.76066604418934e-59,3.6808018256502e-60,128.253930666443
"EZH2",1.29979962178088,3.89823452500289,25.2865410850648,2.65024930294498e-61,3.71458942300768e-59,4.9526698669424e-60,129.175215286225
"TRIM14",1.34090648965359,5.52184501510833,25.2726631905059,2.8639802978218e-61,3.99134708778256e-59,5.32167144172912e-60,129.045988691305
"AURKA",2.0472923089002,2.10768656801692,25.2219777788184,3.80257495436384e-61,5.26946658082691e-59,7.02579084193647e-60,128.845645560944
"PDZK1IP1",2.36490768463366,6.37190717731718,25.2118616079157,4.02406638391038e-61,5.54507304857044e-59,7.3932575233073e-60,128.700039077004
"LRP8",1.7958224636434,3.1303602014617,25.2094859079586,4.07793290562522e-61,5.58790716811036e-59,7.45036834471017e-60,128.770427710392
"LCN2",4.7703251445191,5.16149054663375,25.2063067758209,4.15115074657945e-61,5.65663475067227e-59,7.54200297465712e-60,128.731211981796
"RP11-327F22.1",1.600207352409,1.30379425687913,25.1035748617257,7.3824787910884e-61,1.00042784413158e-58,1.3338725424111e-59,128.159822978526
"CTPS1",1.23041102800135,4.46043650279178,25.0500981616918,9.96740203283706e-61,1.34329910473312e-58,1.79102351314929e-59,127.830159431796
"FCHSD1",2.34661339685309,6.11649005398024,25.0399455058536,1.05524255079274e-60,1.41437099922647e-58,1.8857838191103e-59,127.73921409919
"MREG",1.46007444575267,4.98907372854288,25.0071285111603,1.26898625487007e-60,1.69161385105723e-58,2.25543229481602e-59,127.572791039855
"VSNL1",1.60589064531973,4.74526726300708,24.9668475376005,1.59169702278804e-60,2.11033213918621e-58,2.81371026640272e-59,127.355749362497
"RDH16",2.3625036077091,2.21458368279283,24.9397010206889,1.85450032836093e-60,2.44554752978692e-58,3.26065364961496e-59,127.267543772486
"RGS1",3.39025649164457,0.973157694200859,24.9347427939002,1.90700952008735e-60,2.50134382399479e-58,3.33504696568341e-59,127.126643463149
"CEP55",1.94257635101808,2.42948953759542,24.9332280340172,1.9233470519473e-60,2.50935406862571e-58,3.34572704164677e-59,127.232677492471
"PSME2",1.17617847205454,5.49236636539561,24.9297148756164,1.9617813719104e-60,2.54595626932372e-58,3.39452883258979e-59,127.120613298198
"RP11-391L3.1",-1.78902171231403,3.23514801900444,-24.891818179197,2.42876722495869e-60,3.13541065756772e-58,4.18044960448206e-59,126.981250558974
"ZSCAN18",-1.77337182034585,3.81836098131262,-24.8677759552637,2.78137069252834e-60,3.57180420661441e-58,4.76229403851418e-59,126.826477505779
"GBP1",2.13215828405769,4.97886755132116,24.8470755010858,3.12589117613383e-60,3.99332597751096e-58,5.32430989955359e-59,126.679505197615
"IL12RB2",2.03111773425315,2.0438046107652,24.8406375895564,3.24153803271309e-60,4.11960854229982e-58,5.49268270799269e-59,126.710144204131
"IGFL2",-2.51461864976767,3.28197134514613,-24.7682724531949,4.87808783632731e-60,6.16751229120806e-58,8.22315707072961e-59,126.287057253267
"RP11-903H12.5",-1.45521520550764,5.04520407368936,-24.7567996297496,5.20494869308934e-60,6.54702469456899e-58,8.72916175394294e-59,126.156204396702
"AQP9",-2.55668577585747,3.47255823201483,-24.7542671228093,5.28001252536245e-60,6.60755853173929e-58,8.80987164597752e-59,126.202708512793
"ATP10B",1.8435674612705,5.03615896064753,24.746676565231,5.51157142173059e-60,6.8623260828532e-58,9.14955375610825e-59,126.106847666743
"BUB1",1.75941508385144,2.59233892988626,24.7383817933488,5.77628847466725e-60,7.15559614679991e-58,9.54057134733617e-59,126.134679408891
"MACROD2",-1.98261847916863,1.95955011484912,-24.7257386816348,6.20454287017023e-60,7.64748882007716e-58,1.01964128800829e-58,126.064762480321
"NAMPT",2.12447500276663,6.45227486831249,24.7105896681759,6.75987239622289e-60,8.29030750672775e-58,1.1053484382942e-58,125.874812350463
"HYAL4",3.45656172925326,1.01167992770826,24.7036430936434,7.03094782925391e-60,8.57985514208657e-58,1.1439538852328e-58,125.835780415225
"LINC01206",5.1825471103117,-2.91196495163254,24.7005098601343,7.15676134851633e-60,8.69015061170339e-58,1.15865960332503e-58,124.733958453318
"PSME2P2",1.34682525527566,2.7261247971888,24.6973101832083,7.28757585419405e-60,8.8054019976193e-58,1.17402609477665e-58,125.899606454384
"PRC1",1.17629523135049,4.88702580423363,24.6830634109435,7.89980156491248e-60,9.49834964628301e-58,1.26641695007948e-58,125.744663437736
"CASP4",1.05844439811824,5.74357049570292,24.6814846668185,7.97074698969508e-60,9.53690156893858e-58,1.27155708601123e-58,125.712339701139
"UGT3A2",-5.05938018341408,0.300205911461033,-24.6691011275241,8.54988767118728e-60,1.01801769319845e-57,1.3573251250567e-58,125.482908129278
"GRHL3",1.75574232031327,6.10820456383285,24.6601795520486,8.99313512357206e-60,1.06562134449747e-57,1.42079517315535e-58,125.590532059409
"CTA-384D8.35",4.41024111734887,0.276657136709832,24.6409037327839,1.00311852507627e-59,1.18290822995532e-57,1.57717402347909e-58,125.257758108743
"TNFRSF21",1.58271347661736,5.13189995693758,24.6287444030429,1.07470397017779e-59,1.25525423716766e-57,1.67363310660005e-58,125.433015578144
"TRIM15",4.74938237916593,-0.81753264938423,24.6229219189411,1.11077683290985e-59,1.29123858566885e-57,1.72161111391347e-58,124.707447299191
"SQRDL",1.00762560575209,5.97649126592204,24.6143663269744,1.16599969746214e-59,1.3490396499694e-57,1.79867739415037e-58,125.327859681194
"CDC6",1.78611508783358,2.51407380381069,24.6088988704588,1.20272505006857e-59,1.38499718441699e-57,1.84661965022989e-58,125.404143914923
"LTB4R",1.55856922334252,6.79188169417393,24.596468020241,1.29060446897706e-59,1.47924983247987e-57,1.97228690353365e-58,125.222331395702
"CXCR4",1.89585339483395,3.41177375484502,24.5782087531699,1.43151237929438e-59,1.63312258787594e-57,2.17744577096413e-58,125.211020139541
"TPX2",1.52221229940427,4.31507917133984,24.5539755358444,1.64266307416531e-59,1.86533517977439e-57,2.48705530667664e-58,125.037074051131
"KCNK6",1.20440106290494,6.4353102279784,24.5467117515957,1.71184914747887e-59,1.93494174605354e-57,2.57986188745696e-58,124.939965615014
"GAN",-1.6383253077354,6.79021738849819,-24.5029870579362,2.1947160310812e-59,2.46935756010825e-57,3.29239961297042e-58,124.692248761109
"FAM83A",2.6637744080566,4.68041452746083,24.4952588077137,2.29330874828259e-59,2.5685057980765e-57,3.42459416656074e-58,124.704499491175
"RNASE4",-1.44781780777277,5.0468870591187,-24.4892409070215,2.37315126979958e-59,2.64584792480201e-57,3.52771458630514e-58,124.638659165874
"CTA-384D8.34",4.40319587252334,-0.407604004649086,24.4807264345386,2.49090788569871e-59,2.76456962083339e-57,3.68600647257526e-58,124.145117877804
"CTC-518B2.8",2.76433177307166,6.26833864362509,24.4382151306725,3.17268608369887e-59,3.50538938112458e-57,4.67374301242113e-58,124.336577121738
"OAS2",3.60187886970206,4.9820412418734,24.4345992472173,3.23868368383993e-59,3.56226158731954e-57,4.7495708441981e-58,124.364301576262
"CKMT1B",1.60679644555819,7.18809247601384,24.4291098532,3.34152087477167e-59,3.65896535787498e-57,4.87850618426102e-58,124.270153582399
"RP11-53O19.1",-2.45580117663255,-0.589278681246769,-24.4252969403249,3.41487441968421e-59,3.72266843404508e-57,4.96344162929971e-58,124.073371408122
"DLGAP5",2.16210361439345,2.3257194273571,24.4076562189214,3.77586287877043e-59,4.09798073851686e-57,5.46384631185681e-58,124.265249242013
"POLR3G",1.9840037194743,2.4747219560363,24.406586960467,3.79893623052708e-59,4.10485937719684e-57,5.47301761523287e-58,124.258059758603
"CSTA",2.02444910233284,8.12787494793853,24.3782292940908,4.46532795689834e-59,4.80375281257905e-57,6.40485369816089e-58,123.984456638889
"GOT2",1.01035247529402,6.50959760750146,24.339350701795,5.57387837693458e-59,5.97013488338215e-57,7.95999335898807e-58,123.757674420069
"ALDH1A2",-1.79274507578394,2.55872500290229,-24.3290330929086,5.91191969400848e-59,6.30467679368e-57,8.40603878950026e-58,123.812200016424
"FUT1",1.54160627958887,2.9158991124839,24.3093846605511,6.6136469718129e-59,7.0224906027977e-57,9.36310144640458e-58,123.695269948871
"SKA3",2.03278546948155,1.64640710606008,24.2773102385698,7.94337885677277e-59,8.39806881891908e-57,1.1197162766455e-57,123.516318105112
"ZWINT",1.43428709429025,3.65421471180698,24.2689156867356,8.33370612367388e-59,8.77292462667265e-57,1.16969588009804e-57,123.439387999731
"LYN",1.3950470148091,4.65401351925664,24.256203606609,8.96175953157434e-59,9.39376229873741e-57,1.25247229709996e-57,123.326437879837
"MKI67",1.85034784928396,5.43225593133738,24.2462391148853,9.48711648956124e-59,9.90212737259397e-57,1.32025271899802e-57,123.24894685635
"PDSS1",1.39606863767723,1.83514470092165,24.2413902600271,9.75383640352514e-59,1.01373770892231e-56,1.35161861304647e-57,123.318340081969
"TMPRSS4",2.91812096985156,3.32154514149849,24.2199591962027,1.10258202334603e-58,1.14110261049078e-56,1.52143450338342e-57,123.183873226768
"RP11-98L5.5",-5.14826267361846,-0.544870605371219,-24.2146995450923,1.13626564408744e-58,1.17102200496541e-56,1.56132609477542e-57,122.690954027385
"ZNF135",-1.81621610267066,3.04511149942744,-24.2037443487145,1.20977818575621e-58,1.24156649959114e-56,1.655383217387e-57,123.084752559428
"UBE2F-SCLY",1.10468754137204,4.31654892220043,24.1552758154298,1.59675543552266e-58,1.63188405510416e-56,2.17579443262239e-57,122.759586749463
"DTX3L",1.46695427988585,5.30874304628773,24.1370095052164,1.77295102750443e-58,1.79698110754664e-56,2.39591867884146e-57,122.6227164872
"CD274",3.37499069114013,1.91277037650591,24.0891267449741,2.33316960611819e-58,2.35506107402745e-56,3.14000786840679e-57,122.438907792953
"CKAP4",1.08465104950781,7.19047120926755,24.072840675366,2.56173653853033e-58,2.57517515643737e-56,3.43348643604849e-57,122.230898049248
"TMEM241",1.08963731052644,3.58331390288562,24.0583378309994,2.78413731684236e-58,2.78731918806161e-56,3.71633851826497e-57,122.234591283394
"CACNA2D2",-1.7486368726413,2.12178024460547,-23.9921308407317,4.07280229807857e-58,4.06088190110859e-56,5.41438235414657e-57,121.893849399161
"ARG1",2.47063496208734,6.84927769055918,23.9549976999603,5.04259907243229e-58,5.00266384461278e-56,6.67006219427463e-57,121.559783150693
"HK2",1.83471923563733,6.28223440666545,23.9544629368112,5.05814022123276e-58,5.00266384461278e-56,6.67006219427463e-57,121.557275754221
"SCIN",-1.99507725774565,2.04982345752359,-23.9226920509702,6.0731979912888e-58,5.98246587672015e-56,7.97643429826289e-57,121.496366730738
"ANG",-1.41396632274726,3.62952944920073,-23.9027843363907,6.81105583069083e-58,6.68246309660739e-56,8.90974205938603e-57,121.335218243576
"GSG2",1.68373014024433,0.692402121716031,23.856870853806,8.87451578033566e-58,8.63786202619338e-56,1.15168795525442e-56,121.065494349002
"TICRR",1.62696953712433,1.98830692417544,23.8268040458499,1.05552880006809e-57,1.02332056948894e-55,1.36439546113458e-56,120.946070036894
"UBE2C",1.71554183238657,2.43666212805228,23.8134310951036,1.14022038420368e-57,1.10107581038377e-55,1.46806668686722e-56,120.86543961509
"CHP2",-2.37040155498023,5.65457106692652,-23.8030056535143,1.21095079409616e-57,1.1647921991212e-55,1.55301988157985e-56,120.698530708495
"CDC25B",1.57546448365543,5.62416098279516,23.7956468760639,1.26351184050737e-57,1.20589176746945e-55,1.60781802224162e-56,120.65089511935
"RANP1",1.08238608558657,4.80753057938141,23.7814715764763,1.3713033840569e-57,1.30369493814525e-55,1.7382191947904e-56,120.589486770351
"PLA2G4B",2.04017158416879,5.9507810303456,23.7649323314952,1.5087972294602e-57,1.4288717546023e-55,1.90511770666002e-56,120.470991304705
"RP11-195F19.30",-3.22813222578659,4.35063918347098,-23.7630055022376,1.52569002968332e-57,1.43931250184894e-55,1.91903837685751e-56,120.518768747022
"APOL1",2.50692695002743,5.2137040044946,23.7482009921218,1.6619785044209e-57,1.56187773013164e-55,2.08245485273794e-56,120.401120278687
"IL37",-3.20632565087184,3.39653458580013,-23.7450554581445,1.69247471456827e-57,1.58446640453933e-55,2.11257237969266e-56,120.448151530238
"PCLAF",1.92535111193613,2.38448959366324,23.7099791090987,2.07308536456296e-57,1.92608476598486e-55,2.5680528573589e-56,120.270769533313
"CLDN8",-2.40827065935444,1.98761596376921,-23.7087231938036,2.08820288722448e-57,1.9328090723714e-55,2.57701838916449e-56,120.266048616742
"MCM10",2.03334381646165,1.68876342583188,23.7013887584019,2.17872439387654e-57,2.00901323056405e-55,2.67862155307779e-56,120.220785552855
"GGH",1.67764101698154,5.07054340857457,23.698502101061,2.21542244840598e-57,2.03520156608621e-55,2.71353851574469e-56,120.106749600762
"PYGL",1.30741711350716,6.05362751964386,23.677328302529,2.50426842721959e-57,2.2919662680165e-55,3.05588343124679e-56,119.956167431119
"UBE2L6",1.57095762753755,5.8450439108726,23.6725376456257,2.57469920489143e-57,2.34766624898056e-55,3.13014833266532e-56,119.933858634634
"CNFN",3.07738698450725,7.91560167674234,23.6660043113992,2.67396629870744e-57,2.42914982869244e-55,3.2387905603608e-56,119.891946301053
"CDCA5",1.55238845761328,2.94792243375948,23.6469875235632,2.98532007019561e-57,2.69205627506463e-55,3.58932427660612e-56,119.891611172322
"SHROOM2",1.29697494998535,4.19250040772649,23.6363518460342,3.17506480680143e-57,2.8526736110339e-55,3.80347570745779e-56,119.777548148316
"SDR9C7",1.69896849280819,5.6575190094822,23.6066649675781,3.77123885687049e-57,3.37594695917224e-55,4.50115715979995e-56,119.557369004212
"OAS3",2.61705061712773,6.21952940817155,23.5792585261909,4.42097149883017e-57,3.9431850517566e-55,5.25745689810312e-56,119.396925874859
"ZNF667-AS1",-1.55031965202908,2.48087334396889,-23.573412680929,4.57349330676367e-57,4.05667777244365e-55,5.40877698058183e-56,119.47459605498
"EPOP",2.29807102578828,2.70734311905498,23.5731189876857,4.5812937987887e-57,4.05667777244365e-55,5.40877698058183e-56,119.475564633106
"RAD54L",1.43388310476025,1.46770829779176,23.5279456582235,5.95496887384973e-57,5.25408188984843e-55,7.00527840119419e-56,119.218186365082
"CNGA1",-1.75671592626637,1.30813566025756,-23.5261142516267,6.01865166701364e-57,5.29123613220468e-55,7.05481623043774e-56,119.206489747882
"CRY2",-1.56029571355507,5.77956034165565,-23.4404648264074,9.90272130217036e-57,8.67478386070123e-55,1.15661075119161e-55,118.585857601026
"HJURP",1.65778629206094,1.90208434838936,23.4193552759599,1.11973576160232e-56,9.77397820661272e-55,1.30316656382571e-55,118.592811033543
"IL26",4.39289325955777,-3.04892909923106,23.4098149281617,1.18369488064657e-56,1.02478076031577e-54,1.36634233662592e-55,117.4639005247
"RP11-455F5.6",2.3588542379087,1.67771719640643,23.4094007614716,1.18655306559719e-56,1.02478076031577e-54,1.36634233662592e-55,118.531491943034
"ABHD17C",1.28935151022999,4.58551273749042,23.380070917103,1.40761544646759e-56,1.21143830424411e-54,1.61521323135399e-55,118.271550478
"TXNDC17",1.23597992245912,5.04512417740064,23.3767270799637,1.4353111279438e-56,1.22849656943449e-54,1.63795705210237e-55,118.233692569279
"RP1-34M23.5",-3.78480009763508,1.63658165863971,-23.3764711638175,1.43745317770588e-56,1.22849656943449e-54,1.63795705210237e-55,118.336408925261
"BLNK",1.30081508588899,3.48538192459206,23.3496375506435,1.680824285776e-56,1.42654872254372e-54,1.90202040314507e-55,118.143566184834
"ABCC1",1.2109556138464,6.16074220230894,23.3455978070526,1.72088654097497e-56,1.4519391521231e-54,1.93587351614528e-55,118.025700830143
"ABCA12",1.61975010744696,7.29738423200118,23.345429182875,1.72257947353156e-56,1.4519391521231e-54,1.93587351614528e-55,118.021576121443
"UPP1",2.89897412347924,3.72225082958029,23.3407916483368,1.76979976974376e-56,1.48663180658476e-54,1.9821293050872e-55,118.099785579815
"SLC26A9",2.98964411374534,3.94213801225051,23.3224905461232,1.96917538044897e-56,1.64846190210418e-54,2.19789771079016e-55,117.985891607803
"FAM189A2",-1.75546980531501,3.1021788613277,-23.3215579142142,1.97991901814598e-56,1.65181815228179e-54,2.2023726061898e-55,117.991799774606
"C11orf52",-1.43620243496657,1.86189987962758,-23.3097949707562,2.12058431597203e-56,1.76317600346312e-54,2.35084626267985e-55,117.955582992528
"RCC1",1.14979594741644,4.79704401987533,23.2870353408511,2.42187403906395e-56,2.00688264966759e-54,2.67578084510086e-55,117.718788799635
"CD24P4",2.75831042712492,2.81334647485493,23.2752911637768,2.59378704936521e-56,2.14210130460707e-54,2.85606816127616e-55,117.746482519115
"CKS2",1.68226987502135,3.02083705446734,23.2712963941997,2.65501278212869e-56,2.18530716510243e-54,2.91367462567444e-55,117.708383868129
"LAMP3",2.1282814997553,4.60021810731228,23.2577644388841,2.87339575579797e-56,2.35714552167935e-54,3.14278706683201e-55,117.568229691648
"ERCC6L",2.07382725349174,0.805733820809306,23.231843115241,3.34335521563748e-56,2.7335272243052e-54,3.64461758019039e-55,117.463397477598
"GPR68",1.95454923449584,4.50697826764877,23.2281393890113,3.41653131347058e-56,2.78407574939556e-54,3.71201403469025e-55,117.396554856609
"APBA1",-1.31514854071124,3.32309995363118,-23.2044997822017,3.92300155357626e-56,3.18620470550062e-54,4.24817341510272e-55,117.297793682252
"ITM2A",-1.69123076759548,4.90100937956303,-23.1758238630117,4.63962013718924e-56,3.75579546947121e-54,5.00760997509855e-55,117.065955969564
"SPTSSA",1.44991364798199,6.13708224665175,23.1198226163673,6.44033451233289e-56,5.19633305652964e-54,6.9282817606348e-55,116.707011440488
"S100A2",2.34848684104821,8.10375729890518,23.1175774122332,6.5256256462142e-56,5.24788674919153e-54,6.99701840716555e-55,116.693916401335
"CDH26",2.60646684767229,0.869355077916489,23.1056183141119,6.99940370227911e-56,5.61050241861118e-54,7.48049463958364e-55,116.721159283061
"ID4",-1.58274893162409,5.06027412476385,-23.06751756082,8.75163515818722e-56,6.99218590097773e-54,9.32269612392106e-55,116.42475781839
"FBXO45",1.57298574619941,5.84160046818491,23.0626225019837,9.00659899004248e-56,7.17252792297928e-54,9.56314652002093e-55,116.37743671987
"PRDM1",1.73695816756398,5.74839727052868,23.0580446832335,9.25178161862986e-56,7.34393849649687e-54,9.79168859712847e-55,116.354217981964
"GPRASP1",-1.65222638445198,2.74749343929656,-23.0225784437203,1.13929003355404e-55,9.0143567558108e-54,1.20188607650274e-54,116.257477524543
"TGM3",2.57694311733973,7.91742454911255,23.0196444393003,1.15908854761023e-55,9.14151893755107e-54,1.21884063685923e-54,116.11876970988
"ADGRF1",6.46344331895844,-1.31299929271317,22.9998594487736,1.30192130462224e-55,1.02351044101841e-53,1.36464861724297e-54,115.407787662085
"NAMPTP1",2.27480508203391,5.54194185040234,22.9937024977469,1.34987773799642e-55,1.05445226616485e-53,1.40590341759366e-54,115.988930509881
"RGS20",2.40358351083425,1.8026287001482,22.991003288014,1.37145710561307e-55,1.06452847742017e-53,1.41933805118953e-54,116.096170235986
"IRF9",1.34333434453781,5.39854132674527,22.9825166590003,1.44158698623127e-55,1.11543361508772e-53,1.48720997798635e-54,115.915648547591
"MAPK6",1.37852635180281,6.6628207323531,22.9639414141238,1.60790460980439e-55,1.24021019714724e-53,1.65357485649447e-54,115.786475681439
"CCL27",-3.46300983218421,4.17247302042511,-22.940386116755,1.84680103793964e-55,1.42001052848224e-53,1.89330301529273e-54,115.735043131984
"STUM",-1.88314736623616,3.11367694624676,-22.932991496126,1.92891066042269e-55,1.47851002121399e-53,1.97130051162151e-54,115.71840419458
"HABP2",4.08730757676619,-2.87343389663227,22.8950606435857,2.41138246928745e-55,1.84256664195273e-53,2.45669796745492e-54,114.546011073555
"TMEM116",-1.41808526742762,2.57924860688631,-22.8869967859685,2.52864612582261e-55,1.9261687010614e-53,2.56816476817245e-54,115.46678465921
"PLK1",1.94570578502649,3.2982106409607,22.8810693092011,2.61847751762847e-55,1.98842156508951e-53,2.65116664232124e-54,115.414418300763
"ADCY2",-1.56734150610348,3.70250105756461,-22.821397668865,3.72202302515937e-55,2.79185873887183e-53,3.72239111087937e-54,115.033424272432
"RP11-70C1.3",1.27013523099909,5.74934447040335,22.8205884394317,3.73982798367273e-55,2.7966616092538e-53,3.72879478803095e-54,114.952420094728
"RP11-54F2.1",-2.87971888577458,0.689538209514239,-22.8180169685183,3.79697581363139e-55,2.83076664914136e-53,3.77426710922903e-54,115.044006987695
"CCR7",2.7014072440943,2.03137507928249,22.8111652815391,3.95356192327468e-55,2.93857475315398e-53,3.91800788037546e-54,115.041880519582
"NDC80",1.71601951771056,1.93888632747983,22.7943718414535,4.36532018569987e-55,3.23482095211016e-53,4.31299355865226e-54,114.942106628781
"CTA-398F10.2",-3.59678897519952,-2.51142998624913,-22.7927701941393,4.40677213222304e-55,3.25570201383032e-53,4.34083432202994e-54,114.141973513589
"WNK2",-2.48673237483958,4.1842023925688,-22.781468545436,4.7107164383737e-55,3.4698033874003e-53,4.62629613236709e-54,114.785317657059
"ARL11",1.45905515366924,0.762025834881869,22.7786116657296,4.79082507550425e-55,3.51824423508887e-53,4.69088241616749e-54,114.826920373956
"LINC01550",-1.81641604932409,1.98665338285785,-22.7701831608393,5.03522200768643e-55,3.68668434043381e-53,4.91546396183157e-54,114.796769989715
"HSD11B1",-3.04804081630634,2.80575878382296,-22.7456482228938,5.82024712016172e-55,4.24878039771806e-53,5.66490781368659e-54,114.635972757557
"C14orf132",-1.75860831342248,5.77504411769569,-22.7392114390046,6.04581409040091e-55,4.40034801214699e-53,5.86699323183186e-54,114.473917011693
"SLAMF7",1.71951886655085,2.99843685826562,22.735019381934,6.19741525383066e-55,4.49734323508752e-53,5.99631716597099e-54,114.564223914303
"KIF23",1.54457736567137,3.00380401132513,22.7312044227488,6.33869271698312e-55,4.58629660655345e-53,6.1149188826758e-54,114.540088819899
"FGFBP1",2.27819996062866,6.06313392606719,22.7123335420753,7.08653088635225e-55,5.09731465045302e-53,6.79626031217785e-54,114.31656191768
"EPB41L4B",-1.10816755103901,4.72167166369592,-22.7055048356064,7.37844831326305e-55,5.29177135168761e-53,7.05552983969665e-54,114.300532005701
"CENPN",1.1504578894003,3.03223598667763,22.6945486243204,7.87223917604395e-55,5.62889083789631e-53,7.5050119575758e-54,114.319620932161
"AFAP1L2",1.22204232821508,5.44197831755606,22.694073233945,7.89440006619509e-55,5.62889083789631e-53,7.5050119575758e-54,114.212103025796
"CDC25A",1.89808519228123,1.36919743993312,22.6775775415674,8.70340942500132e-55,6.1877456920705e-53,8.2501343065276e-54,114.252562843543
"PHYHIP",-2.79533866040091,3.39923111219486,-22.6582431620879,9.7582066293978e-55,6.9176096013257e-53,9.22326338721349e-54,114.094445329029
"AC091177.1",1.87981780635527,1.45993492107615,22.654003040784,1.00061713578882e-54,7.07295017482082e-53,9.43037929959335e-54,114.115262704677
"RP11-557H15.3",3.256737327972,-0.525981258091288,22.6410051997402,1.08063993773938e-54,7.61664838875616e-53,1.01552932683322e-53,113.744761601588
"CTC-526N19.1",1.4195395194061,3.75545867671361,22.6271240730803,1.17320776975575e-54,8.24539833139512e-53,1.09936068852995e-53,113.88981724361
"RP11-363E6.3",3.6189169529481,4.2061594892992,22.6112257133822,1.28904747049105e-54,9.03364467320127e-53,1.20445773857296e-53,113.808068001871
"TRPV3",1.60277899217897,4.76500506206439,22.606015052728,1.32945870904512e-54,9.2903029103871e-53,1.23867803515647e-53,113.719530192542
"LRRC55",3.71569907006695,1.03410258225585,22.5592884334364,1.75371524140076e-54,1.22202066593971e-52,1.62932271639324e-53,113.504157779296
"STIL",1.59027330066037,2.41091603537009,22.5540091735403,1.80949138513364e-54,1.25731458058238e-52,1.6763801667953e-53,113.514220333113
"NIPAL4",1.32738193505771,6.63458049106671,22.5085246842493,2.37012404813717e-54,1.63758880711855e-52,2.18340059044566e-53,113.094102923727
"SPRY2",-1.00916799369043,3.82743907677732,-22.4974665271624,2.53096007357467e-54,1.74380305293931e-52,2.32501626712268e-53,113.108679851627
"SPAG5",1.3295628437265,3.11930547226632,22.4716591351865,2.95024060840363e-54,2.01569642459399e-52,2.68753226969212e-53,112.997786507653
"SYT9",-3.76756577754411,-2.29276046589609,-22.4701985905428,2.9759533009236e-54,2.02761618236261e-52,2.70342490771997e-53,112.322640218836
"KLK9",3.91717900352949,4.25273140976626,22.4619501129986,3.12544620718046e-54,2.12357187173746e-52,2.83136282957613e-53,112.926767464196
"CYP27C1",1.22650832746263,2.78589623329248,22.4499539662076,3.35641591032223e-54,2.26793855229707e-52,3.02384722749356e-53,112.882348259156
"CRYAB",-1.307941027967,5.93843827604322,-22.4427267629568,3.50375714733945e-54,2.36099327774566e-52,3.14791728806371e-53,112.709592108251
"TACC3",1.33941226084982,3.88824246266746,22.4301365952328,3.77610815444347e-54,2.53754467978601e-52,3.38331364262063e-53,112.71406947089
"SOD2",1.4665439746216,8.23870046045701,22.4196715067222,4.01859325110658e-54,2.69311626402028e-52,3.59073756210341e-53,112.570977241655
"RAB38",1.26536596117176,5.53604838765137,22.410547590428,4.24272155111889e-54,2.83557150424644e-52,3.78067343261609e-53,112.52751267005
"NEK2",1.6014024563995,1.58478404829966,22.3999100655259,4.51992230068059e-54,3.01262647258406e-52,4.0167411931731e-53,112.614920874754
"CDCA2",1.7138590927737,1.6919221039586,22.3852449859526,4.93212866502415e-54,3.27846211099492e-52,4.3711804073059e-53,112.527782716521
"DUOXA1",1.43834109564336,5.72798452130146,22.3725873713468,5.31812782307589e-54,3.52548754714609e-52,4.70053993932212e-53,112.29830405798
"ADAMTSL3",-2.15624631186634,2.03433522795525,-22.3608467099883,5.70322262769525e-54,3.77058341272531e-52,5.02732677084858e-53,112.376546268548
"CHRM4",-4.29180663077026,-1.23339739166219,-22.3397947102908,6.46517100187596e-54,4.26284178317241e-52,5.68365588839866e-53,111.808350815352
"CCND1",-1.13018984385677,7.54184425058876,-22.2999880453008,8.19638885312225e-54,5.37542849704232e-52,7.16707008702154e-53,111.85393150193
"GBP5",2.40912007382817,2.59884343640574,22.2990621243156,8.24176827448582e-54,5.39077579297569e-52,7.18753266887176e-53,112.001774977244
"STAT3",1.1563609340572,8.46968599210311,22.2844424314259,8.99263644256372e-54,5.8506999114908e-52,7.80075046051815e-53,111.767026026861
"RASGRP1",1.56103036787615,4.33185990007622,22.2803564600987,9.21450996910476e-54,5.97919313550798e-52,7.97207074554198e-53,111.802678932139
"CKMT1A",1.51777178497431,4.9536842243596,22.2781171797061,9.33842769521869e-54,6.04361357541752e-52,8.05796265315874e-53,111.760953456063
"IL17A",5.70987833096834,-3.20126070303057,22.265163464926,1.00888008937717e-53,6.5120554821693e-52,8.68253722972232e-53,110.979710736854
"TMPRSS11A",6.07452665869293,-2.75103510139225,22.247789434941,1.11911234583075e-53,7.20461617284425e-52,9.6059298508528e-53,110.9516395771
"PLA2G3",2.21271664392387,4.4016720438058,22.2404821149813,1.1690133091198e-53,7.50616713248439e-52,1.00079883776733e-52,111.571060939063
"CDC20",1.98669791658128,3.66200479096809,22.2371995145052,1.19215092081265e-53,7.63474615814428e-52,1.01794230622072e-52,111.583811743341
"ALOX12B",2.31835015056764,6.97645920156688,22.2058270591209,1.43783708264792e-53,9.16032934108782e-52,1.2213486319072e-52,111.294079675043
"DCUN1D3",1.11206629521646,4.58658072564351,22.1946071320834,1.53754061857801e-53,9.77015447991748e-52,1.30265674554363e-52,111.273223751382
"RAI14",-1.38031591106126,4.7362540427702,-22.1790112642355,1.68776105083334e-53,1.06970033733437e-51,1.42623370285818e-52,111.171484888914
"SOX5",-1.87924571052508,2.41851900989238,-22.1672624776917,1.81057984347054e-53,1.1445851134187e-51,1.52607773183979e-52,111.211374371879
"RNF222",2.11729963378483,3.2093912259656,22.1417645231779,2.10887666599324e-53,1.32973076769877e-51,1.7729328209295e-52,111.037021562121
"SERPINB1",1.62119633404541,5.91548745509412,22.1302885248309,2.258774155734e-53,1.42059519209855e-51,1.89408254851837e-52,110.848913791149
"TMC5",2.92847574853328,3.33296268065106,22.129432060065,2.27038084858199e-53,1.4242430039391e-51,1.89894618369459e-52,110.968360301613
"GBAP1",1.61323585813111,3.36333786985451,22.1258115418938,2.32011057529067e-53,1.45172633139616e-51,1.93558976182379e-52,110.928909073148
"TROAP",1.69742168495204,1.8461078400811,22.0868874896298,2.92900448492052e-53,1.82805653959619e-51,2.43735161755624e-52,110.751035522975
"TNFRSF9",2.77153345534157,-0.028808030432734,22.0861482842177,2.94200182115237e-53,1.83150813881282e-51,2.44195364202954e-52,110.618595966844
"RTP4",2.25963911118759,1.24450633620287,22.0727152360437,3.18853811606096e-53,1.97996108634793e-51,2.63988626827403e-52,110.66438279598
"CASP7",1.082563879046,5.10605165072014,22.0573151561786,3.49679361247163e-53,2.16589277087637e-51,2.88778937314214e-52,110.429291360152
"ARHGEF26",-1.21220262280784,4.20211465708455,-22.0359559847649,3.97446051436057e-53,2.45555585632836e-51,3.27399777237945e-52,110.337591115214
"GLRX3",1.00538478931537,5.47215420308175,22.034221051906,4.01602254214201e-53,2.47500002295626e-51,3.29992272051755e-52,110.278268677643
"S100A11",1.25813202481597,8.10645592147532,22.0210980192345,4.34485478639999e-53,2.66426495502048e-51,3.55227005131471e-52,110.187664122704
"GINS1",1.15546420103265,2.59061482277301,21.9971455856837,5.01630458739065e-53,3.0683271551002e-51,4.09100702997248e-52,110.189966574755
"ITGA9-AS1",-1.0148814255346,2.04454639242973,-21.9664979646693,6.02951741154794e-53,3.67890554901612e-51,4.90509248292274e-52,110.021039925837
"AC129492.6",2.36655225715046,4.78400868871174,21.9157517150431,8.17882524594907e-53,4.96559964437225e-51,6.62064441837277e-52,109.61105113136
"AGR3",-5.15572296566778,-3.58986775737604,-21.9086301886112,8.53657779774286e-53,5.17000444995153e-51,6.89317777427487e-52,108.969919213235
"HERC6",3.23407244767967,4.67385407007332,21.9066375423606,8.63946193005127e-53,5.21942665567235e-51,6.95907250479751e-52,109.578160703698
"TCN1",8.38219476069527,2.54711913603271,21.9026995988285,8.84645932968067e-53,5.33135023190191e-51,7.10830044368065e-52,109.54243945613
"SPC25",1.93729039511726,0.875937119545971,21.9009242832411,8.94139908760617e-53,5.37535874560795e-51,7.16697708728783e-52,109.629591302004
"XXbac-BPG116M5.17",1.50255392691574,5.34627385679266,21.8981232450546,9.09327565947996e-53,5.45329744194925e-51,7.27089291455194e-52,109.469532054474
"NCAPG",1.45449743393028,2.98615046064901,21.8779261698725,1.02678000580144e-52,6.14264877617019e-51,8.19000649399249e-52,109.459853900713
"ATP12A",4.38426253707331,5.50302099303265,21.8397111427363,1.29229021539317e-52,7.71223708106175e-51,1.02827418722264e-51,109.166038306474
"PRR11",1.41802769698037,2.77684333849883,21.8105827573493,1.5400905121494e-52,9.14657144842627e-51,1.2195142891937e-51,109.064240330738
"RP11-141O15.1",-1.48970513707578,2.71232030124357,-21.8082354817802,1.56202371745037e-52,9.25442457527116e-51,1.23389436921201e-51,109.046429146562
"NUP210",1.53048524428605,4.23017946720793,21.8076974412732,1.56709522584424e-52,9.2620992047006e-51,1.23491762916316e-51,108.97421173215
"CDKN3",1.70924484346022,1.74739443854452,21.779844028056,1.85350738186792e-52,1.09285646784751e-50,1.4571078202282e-51,108.913765342622
"PARK2",-1.42064751692674,2.09759402422107,-21.7636958632105,2.04304134957681e-52,1.20171986144892e-50,1.60225561119624e-51,108.802860029119
"ULBP2",3.07695529832967,-0.408343750864644,21.7393937794668,2.36557727054176e-52,1.38810716009206e-50,1.85076618731888e-51,108.47152371851
"TNNC1",-2.51622044387268,0.280469677122926,-21.7075614154984,2.86662828508608e-52,1.67810640994251e-50,2.23742279525357e-51,108.440347436921
"APOL2",1.35759134581499,4.94605927380585,21.705095599863,2.90962288454667e-52,1.69921976457526e-50,2.2655732752587e-51,108.319328526559
"PRKCQ-AS1",2.71009113993232,-0.0563182909350256,21.7013624269259,2.97595007046817e-52,1.73382668238583e-50,2.31171475134393e-51,108.327813569962
"AEN",1.44951866885349,3.66538570021126,21.696999092896,3.0553988554446e-52,1.77589628261481e-50,2.36780623754638e-51,108.335883085429
"TMEM132B",-1.82634034869205,1.86546364557908,-21.6894776793979,3.19738001280901e-52,1.8540268783494e-50,2.47197792467395e-51,108.364431015045
"CERS3",1.18796821160067,6.75474206608524,21.6886223552727,3.21393952820361e-52,1.85923369688156e-50,2.47892018674124e-51,108.180177384134
"GTSE1",1.80508929195015,1.60027383514178,21.6877476047407,3.23096416472412e-52,1.86163582631231e-50,2.48212295094836e-51,108.362073384948
"BUB1B",1.47713936339148,2.63688748580506,21.6876294005897,3.23327161614906e-52,1.86163582631231e-50,2.48212295094836e-51,108.330424241614
"HMGB3",1.09973035606193,4.38391064884286,21.6627373432499,3.75794773648949e-52,2.15866374896052e-50,2.87815090306296e-51,108.08653526732
"TRIM10",4.18600352676323,-0.365048488863235,21.6398123829668,4.31646256653019e-52,2.47369611756665e-50,3.29818422072738e-51,107.802327684191
"NMI",1.47694439604189,3.82787590914318,21.6273840237218,4.65333056739766e-52,2.66053361671631e-50,3.5472950501294e-51,107.906964536641
"RP11-12G12.7",1.75661806069084,1.28332034181736,21.6184531095131,4.91157719828532e-52,2.80165501208238e-50,3.73545250249313e-51,107.945539035531
"EFNB2",-1.12063500401684,5.7013960316444,-21.6099399998211,5.17112101252665e-52,2.94285977251169e-50,3.92372110567049e-51,107.715439443082
"GART",1.001145647461,5.25175729525477,21.6041940329406,5.35403777998979e-52,3.03990367286087e-50,4.05310994150064e-51,107.693659347967
"CARD6",1.85641244087901,3.62762596841857,21.561272906195,6.9423624630948e-52,3.91453486194918e-50,5.21925753995535e-51,107.522542692515
"CARHSP1",1.62778949517678,6.03772269103384,21.5607422623674,6.96470619972544e-52,3.91812646024921e-50,5.22404622550013e-51,107.416132520764
"TREX2",2.05984123722347,4.58452106107108,21.5334443181477,8.21699424568649e-52,4.61204656426083e-50,6.14925135528299e-51,107.307832680109
"RP11-599B13.9",2.58189632426648,2.68423827834094,21.5202333993796,8.90184858372525e-52,4.97367977361305e-50,6.63141767163302e-51,107.328490222475
"TNFSF10",1.22121325496228,6.07021474068982,21.4935465927264,1.04650366173035e-51,5.83378223066408e-50,7.77819408119665e-51,107.005002741456
"HIGD1A",1.33221271187242,6.69936039209193,21.46667702297,1.23174659911546e-51,6.85085727508028e-50,9.13426237065529e-51,106.836609998049
"LINC01215",3.5415782860227,-0.697131884285389,21.4423230035112,1.42793736004231e-51,7.9061958390785e-50,1.05413474910087e-50,106.600984926283
"SCD5",-1.42948425931166,3.14170422958375,-21.4201986375182,1.63323321899871e-51,9.02250999900911e-50,1.20297315012805e-50,106.680545208889
"GCNT4",2.06645550291809,3.34850967600235,21.3963698500321,1.88760511557016e-51,1.04043097246528e-49,1.38720879730231e-50,106.540610069213
"GINS4",1.18783048784062,2.33805062656165,21.3956137718738,1.89629658925802e-51,1.04287808837042e-49,1.39047154207007e-50,106.57503555621
"TRIP13",1.36342890997613,2.19579625287458,21.3872633958055,1.99500072732403e-51,1.09470643936921e-49,1.45957439113736e-50,106.530925331133
"SYT8",-3.50169572387204,3.17623223403695,-21.3839577319165,2.03548452516479e-51,1.11442777752772e-49,1.48586889265843e-50,106.479028981486
"TRIM22",1.77812489884106,5.54481428512035,21.3830190048199,2.04713048442576e-51,1.11830771763909e-49,1.49104202494489e-50,106.351344111927
"CXCR6",2.78213251987338,0.897359666076083,21.367705029325,2.24684269347238e-51,1.22467905745535e-49,1.63286715537551e-50,106.414550874201
"OAS1",2.47974083510656,4.82295808305593,21.347936938205,2.53382645214398e-51,1.37804202257622e-49,1.83734631836308e-50,106.178227538414
"CDCA8",1.28393441547073,3.00966514544873,21.3436414963368,2.6008972204956e-51,1.4113895359362e-49,1.88180862785345e-50,106.229386991186
"PIFO",-1.44927068464586,0.46812443799027,-21.3274127227963,2.87078159018623e-51,1.55440465439488e-49,2.07249098518757e-50,106.175394471957
"PARP12",1.13693399715697,4.78064144945489,21.3110745403346,3.1708851622421e-51,1.71311610703688e-49,2.28410129780248e-50,105.934712125595
"TOP1",1.21785303419646,5.89180814204292,21.3076340788068,3.23798759302798e-51,1.74169648424979e-49,2.3222075746716e-50,105.877942369947
"CDH3",1.86918874604365,6.60968432534315,21.2978525042122,3.4366531789678e-51,1.84451267338561e-49,2.45929261524508e-50,105.81353150964
"NR3C2",-1.52342680479116,3.11802831197869,-21.2944956625745,3.50761332616443e-51,1.87848776559304e-49,2.50459167692874e-50,105.91866215791
"KCNMB4",-1.49225496632544,2.547485053088,-21.2816087116467,3.79395719810336e-51,2.02741137592765e-49,2.70315183887077e-50,105.869122148644
"RP11-259N19.1",1.73492572111085,0.0741603104020516,21.2796865091319,3.83863335848803e-51,2.04238609581333e-49,2.72311766429532e-50,105.844482184862
"TMPRSS11D",7.90483627572243,1.50155531520823,21.2582880791854,4.37309280453546e-51,2.31670022267053e-49,3.08886126485247e-50,105.561072222146
"HAL",2.39693672135473,6.85006749015925,21.2562547787965,4.42760950590285e-51,2.34052599053416e-49,3.12062821110609e-50,105.562149780918
"AASS",1.77267715000593,3.66896073339308,21.2455888790581,4.7249538641914e-51,2.48698859186452e-49,3.31590710458216e-50,105.602773980553
"CDK1",1.76705537676411,3.18705065965824,21.2448226681395,4.74707019756248e-51,2.49327918213731e-49,3.32429436178382e-50,105.624120174396
"KRT16",2.67295178980752,11.5568746816792,21.1950561786517,6.43013467698965e-51,3.37005007173509e-49,4.49329482741462e-50,105.233563998217
"SYBU",-1.05549442617838,3.51942282981723,-21.1878530296772,6.7190346991278e-51,3.51395486354385e-49,4.68516338809199e-50,105.244869010542
"LINC01805",-1.86933716409265,1.146723991519,-21.1843530256085,6.86407717540391e-51,3.58217202038952e-49,4.77611746636114e-50,105.319896168003
"SLC16A1",1.31913804310948,5.0505239387059,21.1678752340535,7.59029031708211e-51,3.95275246066645e-49,5.27021314446485e-50,105.052132913292
"RP4-613B23.5",1.22644170766772,5.11561666721123,21.1495431476484,8.48920010300725e-51,4.4115063586136e-49,5.8818706785741e-50,104.936418677468
"SLC16A6",1.58753639636163,3.35671588186439,21.1251314661882,9.85424816364334e-51,5.1100422612652e-49,6.81323006236267e-50,104.883192009296
"NUSAP1",1.36436093192642,4.07984753783283,21.1219516297121,1.00475686718194e-50,5.19929882663264e-49,6.93223602813215e-50,104.820345156658
"SAMD9",2.93832021780596,4.39291070144825,21.1069666199683,1.10110827976176e-50,5.68589134442029e-49,7.58101085245047e-50,104.739174542792
"FBXO10",1.19984259990843,3.15679333104139,21.0912595562044,1.21207160692539e-50,6.24573369215673e-49,8.32744982863954e-50,104.683510923078
"ENTPD7",1.45367859230246,3.5770987817545,21.0752222855491,1.33695500549628e-50,6.87480762574693e-49,9.16619542342143e-50,104.56449742197
"KLK10",2.44772961657317,6.87638426467841,21.0719580664702,1.36391381323835e-50,6.99876109019045e-49,9.33146283748613e-50,104.43659783423
"TCAF2",1.1607447050071,4.0022353524341,21.0593304011016,1.47344122667792e-50,7.54500342546056e-49,1.00597688885355e-49,104.439661920188
"LINC02159",3.68098486662414,0.0256648887140851,21.05450765176,1.5175635793526e-50,7.74177697097466e-49,1.03221274693905e-49,104.402202173858
"TMEM132C",-2.05364357186349,2.1619341708844,-21.0409414346628,1.6489181904584e-50,8.39100941401735e-49,1.11877504470964e-49,104.422707989082
"RP4-529N6.2",5.23901296884807,-0.560056670337914,21.0345318620621,1.71488883695213e-50,8.7086528763482e-49,1.16112651414993e-49,104.017400040295
"C12orf56",2.33645398519461,0.59669468121102,21.0267835243149,1.79818453614331e-50,9.11278312035602e-49,1.21500928432691e-49,104.340037689203
"SPIN4",1.4540423117083,2.78486207929703,21.0237519919637,1.83186809917963e-50,9.26434241993359e-49,1.23521671752056e-49,104.293078568071
"PROB1",1.90666999680045,1.9791848416625,21.0187075451839,1.88932630438883e-50,9.53526658313772e-49,1.27133909301156e-49,104.29979489484
"MOXD1",1.13400873766776,5.02204648557141,20.9908119025842,2.2413196174307e-50,1.12653867984304e-48,1.50201638411119e-49,103.967914907514
"CTC-518B2.12",2.4444200810495,4.87908885974806,20.9804878251112,2.38767012584877e-50,1.19764361649936e-48,1.59682074525738e-49,103.931614118915
"CTB-191K22.5",-2.02286310980976,3.92932294363812,-20.9707641290638,2.5342681377441e-50,1.26858222209362e-48,1.69140333684973e-49,103.902037127955
"TMEM40",1.36121937331013,5.78495325233553,20.9416202771875,3.030017026159e-50,1.50751029650361e-48,2.0099666394768e-49,103.643968993001
"PRSS22",3.40290014268502,3.47361957480627,20.938533555489,3.08791833307965e-50,1.5332077099955e-48,2.0442290547713e-49,103.764401435773
"GATA3",-1.46186055655472,6.7030084933924,-20.9341531225515,3.17199799279818e-50,1.57177306600715e-48,2.09564832481061e-49,103.587459923812
"GBP1P1",1.7670082885582,2.23603464229603,20.9330225164057,3.19406972184028e-50,1.57951899470359e-48,2.10597598778428e-49,103.765920688344
"ETNK2",-1.68658572123642,2.61375139288086,-20.8992788521148,3.92876093826971e-50,1.93892652502776e-48,2.5851748016191e-49,103.53306596831
"GPR1",1.82192967748617,2.49132181359916,20.8971137711843,3.98131568308521e-50,1.96091789306655e-48,2.61449593873965e-49,103.535743156994
"GBP6",2.97715437082631,2.5364741907016,20.8926242912381,4.09255096370409e-50,2.00866960040179e-48,2.67816339026188e-49,103.519756453984
"EIF4A1P2",1.02889513908482,4.54945190157552,20.8907796715082,4.13915375750655e-50,2.02645036654931e-48,2.70187052305145e-49,103.375193174906
"NTM",-1.32051798826696,2.69900080002431,-20.8610447458389,4.96827005249937e-50,2.42752445911762e-48,3.2366234516984e-49,103.292541868834
"RP11-527N22.2",3.19790286231539,-1.77209906629966,20.8255706616336,6.1782433728698e-50,3.0007911574208e-48,4.00096114264806e-49,102.602267908553
"ZIK1",-1.31072897801178,1.70598524186231,-20.8184630955273,6.45415006083365e-50,3.12860459865865e-48,4.17137507186675e-49,103.075156058524
"CTC-327F10.4",-3.29713195504851,-0.805606299856513,-20.8169864730145,6.51300366979556e-50,3.15090639078393e-48,4.20111009807276e-49,102.905692180111
"PLA2G4E-AS1",2.06284337854861,2.37890147359673,20.8025471833826,7.11765996287808e-50,3.42990105244545e-48,4.57309426549926e-49,102.96347309482
"FAM43A",2.06726521782421,5.06286262057095,20.7923647130717,7.57762707372597e-50,3.64439287969315e-48,4.85907666854366e-49,102.761316906452
"CDHR1",-1.63225200539175,7.48477764019808,-20.7774476000443,8.30586309135897e-50,3.98681428385231e-48,5.31562784474392e-49,102.625835076351
"PSMB8-AS1",1.05885615380024,4.92039434651418,20.7729650423305,8.53812239895069e-50,4.08232097858601e-48,5.44296712110354e-49,102.633590677456
"MICALL1",1.30908459398866,6.83793614913885,20.7709131500994,8.64660235715091e-50,4.12614518708556e-48,5.50139803019242e-49,102.582027880115
"PCSK9",2.6625670772079,2.66429801158549,20.7531783793971,9.64375244343127e-50,4.59304776567927e-48,6.12392021729498e-49,102.654723230174
"SPINK1",-3.84253132746827,-3.25058512275831,-20.737218153412,1.06394212456868e-49,5.05743651771715e-48,6.74309071417933e-49,101.962858587869
"NETO2",1.93877041722647,2.18729330249191,20.7350126850468,1.07848896157969e-49,5.11666871366084e-48,6.82206512523701e-49,102.555549768375
"AP000439.3",-3.91842216649756,-1.65865886415532,-20.719146545092,1.1891903530635e-49,5.63097702315476e-48,7.50779347275547e-49,102.073917478797
"CTLA4",3.13520551294944,-0.0179985210124175,20.7094958560085,1.2620300846895e-49,5.96436877018574e-48,7.95230538817215e-49,102.327954951565
"CLCA3P",4.52390575909631,-3.36845949850392,20.7080746646239,1.27312842787081e-49,6.00524886131062e-48,8.00681089939177e-49,101.688963205613
"RP11-277P12.20",2.04143925666469,1.25665023412467,20.6810928500069,1.50343443224484e-49,7.07797308140144e-48,9.43707635147e-49,102.247164206859
"LCE5A",-2.87581173248678,4.28049059242725,-20.6555848294975,1.75949453765996e-49,8.26760191948726e-48,1.10232109758621e-48,101.959263390372
"DIAPH3",1.52971398847292,2.0215060681328,20.6452418283015,1.87539801433773e-49,8.7953656779495e-48,1.17268795017052e-48,102.006558072329
"GZMB",4.02382312765236,0.715399380861909,20.644188695386,1.88762086708611e-49,8.81896469102631e-48,1.17583441153261e-48,101.973207820471
"EMX2",-1.53456494697019,3.83278746106632,-20.6388831213637,1.95042461495577e-49,9.09505987749715e-48,1.21264624064009e-48,101.862691059097
"EPSTI1",2.13292384445174,3.43915696062901,20.6213066401541,2.17385091194887e-49,1.00985256000534e-47,1.34643853584858e-48,101.794883888308
"GTF3C6",1.04761842753034,4.20348773543435,20.6173162058878,2.22805241562648e-49,1.03307504065192e-47,1.37740111799065e-48,101.71113416347
"MX1",2.89102222402262,6.17138320721665,20.6123261296128,2.29774378402203e-49,1.06337848178287e-47,1.41780475959486e-48,101.627757247269
"AC007036.5",-1.18455972237312,2.07537225844157,-20.5921639401186,2.60232162243632e-49,1.20206675621691e-47,1.60271812671782e-48,101.66969957579
"PPIL1",1.05527206868223,3.87168513921756,20.589274767426,2.64916650270418e-49,1.22140518756256e-47,1.62850209778237e-48,101.557859460252
"LTF",5.79028025402809,4.34082355413679,20.5543767547694,3.28650911066924e-49,1.51241079674475e-47,2.01650048672434e-48,101.415807095936
"AURKB",1.64499627722437,2.56333348074802,20.5383111756108,3.62959163815196e-49,1.66404904113255e-47,2.21868007594187e-48,101.32464285609
"PLCXD1",1.73822592110374,5.6545587342864,20.5372262591839,3.65401536708444e-49,1.67212106201207e-47,2.22944251830704e-48,101.160530060778
"SGSM1",-1.49073653829543,1.54902182346387,-20.536728827369,3.6652686538356e-49,1.67237360542491e-47,2.22977923496894e-48,101.349069893555
"ALDH3A2",-1.07157890552275,7.75256266248647,-20.536599341388,3.66820368443658e-49,1.67237360542491e-47,2.22977923496894e-48,101.13975879341
"PPIF",1.66073888911736,6.79459544710538,20.5166627245003,4.14942282420562e-49,1.88825682805409e-47,2.51761678839314e-48,101.014541208169
"IVL",1.91539124843001,7.71912244900933,20.5111732163129,4.29271371146429e-49,1.94984596138511e-47,2.5997337090117e-48,100.982105677826
"ACTR3C",1.34803256730809,0.996459618261254,20.4736809710075,5.41345596697882e-49,2.45436687537997e-47,3.27241250158775e-48,100.972111884853
"TMEM255A",-2.01747865555226,1.43065527399981,-20.4496829479354,6.28053795723464e-49,2.84223311835888e-47,3.78955537668117e-48,100.817512846835
"IL36A",10.1569365507725,-0.581307128524098,20.4473714676932,6.37108212298573e-49,2.87789875345477e-47,3.83710844274298e-48,100.403560935193
"EIF4A1P7",1.07600323732123,3.78230051655751,20.4418194409795,6.59394993687631e-49,2.97309566271511e-47,3.96403468148136e-48,100.65191943786
"TIMELESS",1.09527435470047,4.29870110885035,20.4234417092266,7.38898888667194e-49,3.32545173233558e-47,4.43383176797351e-48,100.507381249561
"HAS3",1.60519750395734,5.28408272622089,20.4220304964996,7.4538759627955e-49,3.34851043251737e-47,4.46457598127844e-48,100.458200618199
"GFOD2",1.06065838656229,5.53676147435701,20.4177719936902,7.65316619490658e-49,3.43175247584403e-47,4.57556277219889e-48,100.416944867267
"MAP6",-1.70549112628635,1.937847459831,-20.4087263988214,8.09439938585644e-49,3.61638302616187e-47,4.82173107209562e-48,100.545663914406
"TNNT2",-1.8363350247606,1.75107726347648,-20.4066199079273,8.20076242250203e-49,3.65724183089327e-47,4.87620820212218e-48,100.540709840966
"CHAC1",4.95342828188712,2.14346411415445,20.389368238417,9.1263206716793e-49,4.06262057050726e-47,5.41670052570169e-48,100.452278873408
"GNA15",1.64721511649934,6.00653148638873,20.3812939139722,9.59482770011518e-49,4.2634408302251e-47,5.68445459909017e-48,100.184847601674
"ATL1",-1.03606628629624,3.46162029147188,-20.373550414566,1.00667910141118e-48,4.46506781182884e-47,5.95328427646078e-48,100.241551277186
"ANKFN1",-2.18981058906617,1.11885910387206,-20.3711997986917,1.02146167205696e-48,4.52245702025506e-47,6.02980142839679e-48,100.339250952848
"SDC4",-1.08563521682693,7.16777882991567,-20.3369360606204,1.2633949137846e-48,5.58352260275833e-47,7.44452239453216e-48,99.899075968426
"CTA-363E6.6",3.04681788354843,-0.622155891264525,20.3345621994906,1.28214551773448e-48,5.65619878758836e-47,7.54142170416315e-48,99.9481065179859
"PRSS3",1.72011943453057,5.6662118468669,20.3156307091802,1.44202687513383e-48,6.35009608496994e-47,8.46659642581836e-48,99.7865025717381
"PGM5",-1.53362071125256,4.56655277175787,-20.2857520541289,1.73603821838395e-48,7.63110132984258e-47,1.01745634049896e-47,99.6374752483489
"SH2D2A",2.43953564215694,0.150590915428288,20.2826020376057,1.77034512013175e-48,7.76798302443497e-47,1.03570680554214e-47,99.752472070553
"RP11-903H12.3",-1.47476563918104,2.2950099476124,-20.265582942489,1.9678136350545e-48,8.60366004289071e-47,1.14712779764874e-47,99.6412487870189
"HS3ST3B1",1.19028046663687,2.37175232415182,20.2636840981394,1.9911727351611e-48,8.69029979502341e-47,1.15867949396837e-47,99.6309297172354
"CTC-490G23.2",5.83652247336332,-2.81024405191136,20.2435950707094,2.25600820765595e-48,9.81123569457183e-47,1.30813411250795e-47,99.015784005934
"SLA2",1.35604112616628,2.69510243533262,20.2398411132734,2.30928262049806e-48,1.00251476310755e-46,1.33665503585788e-47,99.4674553290177
"SCEL",-1.7080054183796,7.08538163806576,-20.2153311258614,2.68953314596553e-48,1.16552772092301e-46,1.55400055434054e-47,99.1454734170691
"SNHG3",1.24148483814642,4.20327068348195,20.2103338009717,2.77445821436678e-48,1.20021007199274e-46,1.60024260574839e-47,99.1918021206739
"SCCPDH",-1.0706481950799,4.28241732791013,-20.1928256893476,3.09378544447072e-48,1.33599241869679e-46,1.78128149333543e-47,99.0703079521258
"CYP2J2",-1.68836024993821,1.94770036651602,-20.1605461981214,3.78234099926208e-48,1.62475061348337e-46,2.16628339995104e-47,99.0071302787213
"LYRM9",-1.07459878735846,2.84046273287391,-20.1571911232445,3.86219806480511e-48,1.65615374359335e-46,2.20815325917695e-47,98.9360039220745
"SPC24",1.26751250997416,2.18432154420874,20.1520105393115,3.9888405704696e-48,1.70747437194552e-46,2.27657916057483e-47,98.9474465903989
"RP11-76I7.1",4.13488252646765,-3.05360030385648,20.145653574088,4.14994682546138e-48,1.77334313127033e-46,2.36440211550499e-47,98.311599489585
"MYBL2",1.9794265552719,3.72064228380121,20.1423259395604,4.23686630801015e-48,1.80733664004996e-46,2.409725732043e-47,98.8081911070447
"NT5C3A",1.76386634007073,5.08174206074139,20.136399993474,4.39620172302552e-48,1.87019179224603e-46,2.49353063826908e-47,98.69383521131
"WDR72",-2.53453300580601,1.73738355073255,-20.1362809074212,4.3994645471541e-48,1.87019179224603e-46,2.49353063826908e-47,98.870683159599
"ACADL",-2.14681095618235,0.23081060088162,-20.1167062200519,4.97018930477886e-48,2.10914884546048e-46,2.81213257839691e-47,98.7523998959106
"SVIP",-1.33843311641395,3.12690802089409,-20.1156530762777,5.00291953896524e-48,2.11937151039274e-46,2.82576247898733e-47,98.6611146255231
"PRRG4",1.14651957914905,6.08017170152464,20.1068633852917,5.28466167136729e-48,2.23486519784995e-46,2.97975045465659e-47,98.4723573218105
"RP11-728F11.4",-1.46658003772602,2.68390448070339,-20.1065708785517,5.29430641050567e-48,2.23509032077251e-46,2.98005061152131e-47,98.6317382664545
"ZNF677",-1.41030630169221,2.84446547428547,-20.1028484834213,5.4185970275997e-48,2.28363140709562e-46,3.04477054370334e-47,98.5988607702512
"PBK",1.66500614591432,2.06939681197829,20.0998400827813,5.52118295119165e-48,2.32287436409655e-46,3.09709326056254e-47,98.6320243564248
"MB21D1",1.64009063715419,1.11537510598759,20.0976932258971,5.59557948065728e-48,2.35014338187606e-46,3.13345109914926e-47,98.6466783633108
"RAET1G",2.04500036348985,1.95189422321894,20.0899695223789,5.87164937062804e-48,2.46187719252589e-46,3.28242602318703e-47,98.5793574004112
"ATP1A2",-1.7811814332422,3.17311130386432,-20.068883705028,6.69690685343764e-48,2.79832591654376e-46,3.73101381243059e-47,98.3697069155994
"LGALS9B",3.55587499865555,-0.24347979413565,20.0643980364804,6.88695671390015e-48,2.87284480065549e-46,3.83036999687789e-47,98.321029903
"ENO1P4",-1.17441881752816,3.15648525277263,-20.0635826707519,6.92207896412448e-48,2.88259342669007e-46,3.84336786041202e-47,98.3341615497345
"KIF18A",1.69437224595647,0.970442835796658,20.0629873656892,6.9478354252248e-48,2.88841537813413e-46,3.85113028048063e-47,98.4322580280234
"AMPD3",1.24251658150278,4.83457995818269,20.0615453686669,7.01062401580332e-48,2.90958690117807e-46,3.87935831655038e-47,98.230630999567
"KIF24",1.03763005029351,1.90376356889073,20.0598599982828,7.0847315245969e-48,2.93537660194785e-46,3.91374377866602e-47,98.3853739578773
"STRIP2",2.05306019470269,0.654923784846212,20.0453141446351,7.75788482409927e-48,3.20886001628174e-46,4.27837978847387e-47,98.3179941870494
"RP11-77H9.2",1.47816493491738,4.95320867408916,20.0383902984922,8.10048691339851e-48,3.34492833353264e-46,4.45979996119068e-47,98.0838109096823
"UGCG",1.3423763579543,6.08724778153401,20.0249020290965,8.81210383052433e-48,3.63266021437144e-46,4.84343348126762e-47,97.9620495992296
"KIFC1",1.27060110943054,3.43396052314755,20.0161185424976,9.30888937739634e-48,3.83101407128821e-46,5.10789909462955e-47,98.0297719976861
"FXYD6",-1.52450778259979,4.04665024153648,-20.000340455646,1.0272910314652e-47,4.20657669779272e-46,5.60863753207779e-47,97.8872063421954
"FUT2",2.4955702802319,3.77506232218624,19.9948182011027,1.06334650132024e-47,4.34696049739715e-46,5.79581154646584e-47,97.8945065920193
"SLC7A5",2.155308514784,6.74202718216476,19.9759319031707,1.19652926627213e-47,4.8832728524331e-46,6.51087793404651e-47,97.6546706760534
"LIFR-AS1",-1.5528568760591,0.610410516368595,-19.9361629167401,1.53425640834373e-47,6.25120285446095e-46,8.33474187420822e-47,97.6437215925128
"UBE2T",1.41890264178872,1.57423843545403,19.9333793152347,1.56120024856123e-47,6.35043444389882e-46,8.46704756048776e-47,97.6130032162869
"NCAM1",-1.72136168954024,2.41492788985884,-19.9231203300188,1.66466542460678e-47,6.76008502231046e-46,9.01323553569394e-47,97.5047132988007
"SERPINA1",2.12187149874599,3.15360568635853,19.9204183532558,1.69304200813024e-47,6.85262943488755e-46,9.13662519504243e-47,97.4608073932713
"GYS1",1.05915746192933,5.67025087027527,19.9018010268525,1.90220724429565e-47,7.67390448817165e-46,1.02316329457451e-46,97.1987417710066
"EEF2K",-1.18851691849268,6.88783273525358,-19.8943191233714,1.99339764075177e-47,8.02858084275195e-46,1.07045236730397e-46,97.13882738555
"DMD",-1.15760227000942,4.60027021718197,-19.8500831519142,2.6295896917769e-47,1.05562317446651e-45,1.40746459208759e-46,96.9140446671125
"DDX39A",1.250931341042,5.24619028344677,19.8322723592041,2.94002208286184e-47,1.17831473281757e-45,1.57104950411307e-46,96.7787546104937
"TOP2A",1.49390905673973,5.17057694641199,19.786992921261,3.90506174671112e-47,1.55998948735066e-45,2.07993725467854e-46,96.5011435292151
"NRN1",-1.25779090930545,4.49643737602597,-19.756950677727,4.71496690892407e-47,1.8804668023104e-45,2.50723033073392e-46,96.3362014363639
"FAM95C",-2.59109246763078,-0.155175411499394,-19.7562969665628,4.73434838985892e-47,1.88513144978019e-45,2.51344971498684e-46,96.4879757282845
"EMX2OS",-1.40057779023047,4.49866640682575,-19.7389777031886,5.27798942098706e-47,2.09819326609353e-45,2.79752548145383e-46,96.2246610809162
"TIGAR",1.69892440387972,2.88174674719621,19.7269185190268,5.69309100930527e-47,2.25954913068349e-45,3.01266159406412e-46,96.2601902503401
"IL17F",4.72170067761842,-3.71925013267748,19.708985871425,6.37170425546018e-47,2.52480067815714e-45,3.36632203852554e-46,95.5981094967066
"CLDN23",-1.81351623029393,2.00605813702085,-19.7049129037725,6.53681288889495e-47,2.58188319708237e-45,3.44243028070678e-46,96.1620764255685
"ACKR2",2.19341947234472,2.83679169766835,19.6904091583839,7.16039492101167e-47,2.81910379811516e-45,3.75871700549957e-46,96.0408767876156
"WDR53",1.01669329634384,3.61011285023735,19.685109132501,7.40286527664272e-47,2.90989550489572e-45,3.87976977853424e-46,95.9435337278122
"KIF18B",1.7008876277867,2.1456330044414,19.6819322492559,7.55213435718146e-47,2.96382002420715e-45,3.9516674532083e-46,96.0192434447444
"FAM111B",1.91798658383704,2.70492402387101,19.6756574359662,7.85589152641681e-47,3.07810395143693e-45,4.10404245302953e-46,95.9519791013005
"CDC45",1.78282442524002,2.10182654343126,19.6648560644645,8.40775858818659e-47,3.2890829768906e-45,4.38534123007586e-46,95.9152667735479
"PPARD",1.50786691802335,6.44692131953354,19.6626559689307,8.52484742354024e-47,3.32957735039164e-45,4.4393324631788e-46,95.6878327466622
"CTD-2547L24.4",3.21381807837928,-2.21314810191495,19.649659084868,9.25068422014745e-47,3.60732563675321e-45,4.8096548358043e-46,95.3280565912783
"CTD-2116N17.1",1.04652133449994,2.86170220333901,19.6382312750535,9.93994412704006e-47,3.8699515801276e-45,5.15981455681447e-46,95.6975870765179
"SLC8A1",-1.4396697998724,3.48611359210335,-19.6329763545563,1.02739560448707e-46,3.99365441947049e-45,5.32474781190694e-46,95.6191254286905
"SERPINA12",-2.41887547649746,6.37569124527747,-19.6324694871568,1.03067627853191e-46,4.00006768351751e-45,5.33329863030902e-46,95.5067491307401
"SMIM10L2A",-1.40882133745107,1.40982307188728,-19.6218964541773,1.1015569177029e-46,4.26840253987626e-45,5.69107005697245e-46,95.6660589639646
"CYP24A1",3.50438014459963,0.0607457331471956,19.5423256938219,1.81790025328735e-46,6.97800585487203e-45,9.30378983871372e-46,95.1230358314401
"TLDC1",1.00466122421552,4.44619508615718,19.5171831372022,2.13001097227362e-46,8.16326705123866e-45,1.0884101077243e-45,94.8339562781693
"TPM1",-1.26936530617904,6.74250722864296,-19.5083788710906,2.25157022559079e-46,8.58888250284461e-45,1.14515750513565e-45,94.7136854390267
"IRF1",1.32831414157995,4.90330180566979,19.5061736296945,2.28309222429149e-46,8.69560342817107e-45,1.15938662848809e-45,94.7444924798011
"FABP5P3",3.3999592881808,0.0223066371225269,19.5029099149746,2.33055827951862e-46,8.86262534574151e-45,1.18165569578114e-45,94.8774069683638
"KRT16P1",2.95470966632288,1.9619833350441,19.5024662567214,2.33708661617168e-46,8.8736935791732e-45,1.18313142566552e-45,94.9166172099508
"PRSS53",3.08800008832253,3.59015207431147,19.4888678213918,2.54633389490124e-46,9.65324231439531e-45,1.28706882199885e-45,94.7446517376248
"MSMB",-3.97788768765308,0.564481467383795,-19.4735027781549,2.80546693383394e-46,1.05865373773968e-44,1.41150524845459e-45,94.7420815368647
"JMJD7-PLA2G4B",1.48207807240579,6.50036147003834,19.4721758345194,2.82905010849842e-46,1.06591307313747e-44,1.42118413556281e-45,94.4870043574103
"FAM201A",-2.30815009664615,-1.10933843080114,-19.4701141645718,2.86608630169371e-46,1.07821111668625e-44,1.43758114281457e-45,94.6036488494546
"PARP14",1.61604945910372,5.53021958873288,19.4587620480891,3.07890272306912e-46,1.15472975522078e-44,1.53960360402715e-45,94.423692956515
"CLSPN",1.74555697528564,1.58964526837467,19.4386858976734,3.49481269609912e-46,1.30473007321034e-44,1.73959934254328e-45,94.5166835087917
"FAM134B",-1.39172882061349,3.68427659343107,-19.4056948745378,4.30422641986204e-46,1.59960705494509e-44,2.13275944062759e-45,94.1742317689454
"GBA",1.25956117326866,6.3680720610506,19.3938250056485,4.63937226934694e-46,1.72155102908535e-44,2.29534759705718e-45,93.9919807925001
"DDAH1",-1.25571375354298,3.61319045836471,-19.3931158370651,4.66020475312033e-46,1.72666921728905e-44,2.30217168812168e-45,94.0985464416225
"IL12B",4.52932931649325,-3.08502112778292,19.3531899277629,5.99780274612557e-46,2.21891562227704e-44,2.95848485210004e-45,93.4748687393994
"STXBP6",-1.41964837057381,3.11548343565343,-19.3460246243033,6.27577999608739e-46,2.31825800819325e-44,3.09093826355647e-45,93.8346861189438
"BCL2A1",2.5871152406867,0.256959453513427,19.342619999632,6.41235453415337e-46,2.36514634607088e-44,3.15345458277044e-45,93.9120627368337
"GLT1D1",1.62485121550609,1.86286696499992,19.3183923182307,7.47426704180456e-46,2.74444344313447e-44,3.65917219764603e-45,93.7457313498743
"PLA2G2F",2.16885475273077,4.58918693783307,19.3068438745977,8.04083973131972e-46,2.94366741686284e-44,3.92479793957745e-45,93.5164218890932
"SLC28A3",1.39197931541457,4.11112072060939,19.3063779015183,8.06458355896009e-46,2.94795984402643e-44,3.9305210417156e-45,93.5282938924803
"ASF1B",1.53473828534596,2.6862238287759,19.2964486941325,8.58758349823438e-46,3.13446797685555e-44,4.17919272631178e-45,93.560325087465
"CYCSP45",1.44947587048157,1.79500923708976,19.2945021514306,8.69403429436112e-46,3.1639061301497e-44,4.21844267782871e-45,93.5965455353617
"PLEKHG7",4.16671037484581,-2.45357443796266,19.2941809854395,8.7117246839987e-46,3.16564715628326e-44,4.22076399162341e-45,93.1533114632712
"SERPINB9",1.4893143757702,3.51971562123611,19.2656803442093,1.04343340358576e-45,3.78599623123544e-44,5.04787671408779e-45,93.31094426905
"HS3ST6",-2.8833173979947,2.90729000063152,-19.2597762712521,1.0831850512419e-45,3.92442584000905e-44,5.23244520174329e-45,93.3176063101857
"MYH14",-2.08606539977902,7.13041196263723,-19.2580405376397,1.09515795497824e-45,3.96195196455846e-44,5.28247886229481e-45,93.135078198084
"RP11-350J20.12",2.22031986215946,2.16692128970793,19.2521284478212,1.13694377285461e-45,4.10706286606448e-44,5.47595553156066e-45,93.319395978376
"RP11-81A1.6",-1.12056950582848,1.3132125455012,-19.2486010697869,1.1626325582598e-45,4.19368402779359e-44,5.59144770813289e-45,93.3199121561366
"POU6F1",-1.06272499936039,3.32539566670716,-19.2317104055912,1.29394478136231e-45,4.65364774153296e-44,6.20471829217482e-45,93.0960647865754
"CTD-2626G11.2",-2.86365637106103,0.523171855553256,-19.2112651222275,1.47295084645122e-45,5.28968350830973e-44,7.05274611374287e-45,93.101504948548
"TYMS",1.14169234385806,3.79109477741861,19.2077796121213,1.50585675820652e-45,5.39994949784935e-44,7.19976398881646e-45,92.9217418181767
"ORC1",1.47686393997145,2.25965805908735,19.2023073431588,1.55901294669046e-45,5.58240431480638e-44,7.44303137886085e-45,92.9898556215264
"AAMDC",-1.16402866389854,3.36788836796858,-19.1938849619361,1.64452634779201e-45,5.88002073741144e-44,7.83984397920197e-45,92.8539998697851
"S100A12",8.83576469926235,0.5099281519882,19.1906333453111,1.67878522880188e-45,5.98506454826345e-44,7.97989911248082e-45,92.6774263124156
"TPPP",-2.72170689551236,4.0496699049372,-19.1854419748999,1.73497102546217e-45,6.17639612663803e-44,8.2350019071372e-45,92.7750935729302
"CSF2RA",1.26401579327806,3.04828839387256,19.1770583540202,1.82971576374048e-45,6.50424177580096e-44,8.67211919863659e-45,92.7784320939297
"SPRR2C",8.36399580713556,0.327967493117712,19.1708217200226,1.90354763345972e-45,6.74714109154626e-44,8.99597736566347e-45,92.5505648154954
"RNF128",-1.16412059451881,2.97206680149014,-19.1664296670678,1.9573285916275e-45,6.92775695460887e-44,9.23679287462426e-45,92.7066281256093
"RAB31",1.09905776765241,6.14203080338054,19.1645122335928,1.98128302819638e-45,7.00243661608081e-44,9.33636342386306e-45,92.5413884151896
"SRXN1",1.26359482291397,5.04014929780842,19.1563445654956,2.08665933567903e-45,7.35367531401369e-44,9.8046707163411e-45,92.52411697059
"TAP1",1.16205015418045,6.80992743044547,19.1507685967552,2.16180923589679e-45,7.60758349183308e-44,1.01432070222562e-44,92.449025255511
"RP5-850E9.3",1.26268487280504,5.01933492280977,19.143301420316,2.26671666554072e-45,7.96533329117233e-44,1.06201955798927e-44,92.4422761994303
"HRH3",4.2870101707521,-1.99119765371879,19.1388308192871,2.33195268568836e-45,8.17116221065202e-44,1.08946277098445e-44,92.2323721750318
"ADRB2",-1.36659273693132,2.42211129796223,-19.1385650529805,2.33588957282129e-45,8.17328094752647e-44,1.0897452626162e-44,92.5665683011358
"APCDD1L-AS1",-2.63319764346576,-0.499585197187668,-19.137002651705,2.3591691000496e-45,8.24297716325022e-44,1.09903787367348e-44,92.5860041753148
"ZDHHC21",1.54504832328564,4.70415753189404,19.133059072132,2.41896785043576e-45,8.43989238058156e-44,1.12529262089208e-44,92.3973550228544
"IRF7",2.47896510627529,3.80553719838044,19.1324194251933,2.42880945353573e-45,8.46219293697789e-44,1.12826595875268e-44,92.4646248396734
"KRT6B",2.72973848617588,10.3176914177791,19.1220934599396,2.59335742199858e-45,9.0226767158555e-44,1.20299537852014e-44,92.3036123919001
"FLJ42969",3.41724892076686,-3.11747415059826,19.1204603610538,2.62038649147571e-45,9.10380168029976e-44,1.21381178704086e-44,91.9734832843404
"RP4-536B24.2",2.2064555565837,1.6447851345407,19.1176317018622,2.66787318287637e-45,9.2425979420327e-44,1.23231752172236e-44,92.4932135869238
"CD83",1.37797611688564,3.27669328711454,19.1091080195132,2.81624887610984e-45,9.74287058296503e-44,1.2990189778417e-44,92.3336519961686
"EPB42",-1.06432988837931,1.23736476799235,-19.0962544784512,3.05579467139858e-45,1.05566946056429e-43,1.40752630543881e-44,92.3595686267221
"CYCS",1.27488116559685,5.95877797671452,19.0868805600707,3.2432828228551e-45,1.11729271178357e-43,1.48968871550932e-44,92.0528356113247
"CCL22",2.09457745944684,4.37295291855268,19.0776647193195,3.43885291034631e-45,1.18134711743661e-43,1.57509258888435e-44,92.0743628030806
"IDO1",3.12444502060571,0.37299523803746,19.0751908783994,3.49333512756101e-45,1.19838495117226e-43,1.59780916833128e-44,92.2266928723852
"EPHX3",1.52377289229579,6.60234358252583,19.0712386663697,3.58217785725542e-45,1.22714606819499e-43,1.63615642596783e-44,91.9465785894739
"CKAP2L",1.50475353884238,2.00698294455656,19.0609953269695,3.82313124530061e-45,1.30786280592376e-43,1.74377622163922e-44,92.10915597767
"LINC01254",-2.24513394246874,-1.1677414891509,-19.0530490435862,4.02119243164438e-45,1.37370206077122e-43,1.83155983818786e-44,91.9878121768507
"CHRNA9",2.84553024558867,1.51528556138864,19.0467914225357,4.18438037220675e-45,1.42746149888021e-43,1.90323740974854e-44,92.0561527133935
"ORC6",1.44253088554093,1.26763359704639,19.040001576201,4.36896963595695e-45,1.48836232264933e-43,1.98443660578487e-44,92.0088580654952
"NWD2",3.19953283151524,0.0424664554351044,19.037555439008,4.43745298797037e-45,1.50959565726681e-43,2.01274705535525e-44,91.9667039073835
"CD38",2.26456832748598,0.0581011904087546,19.0371137656385,4.44993255600127e-45,1.51174440074237e-43,2.01561197953698e-44,91.9842113892412
"MYEOV",-2.25121697507799,1.65964506201891,-19.0307481589344,4.63375288178629e-45,1.57201508553878e-43,2.09597100995964e-44,91.9325813219463
"EDIL3",-1.52860444080431,3.74243216682308,-19.0204859973002,4.94626456252039e-45,1.67571791698205e-43,2.23423821258086e-44,91.7308827882928
"DDIAS",1.49952579215905,1.63840520252291,19.0092763049715,5.31183827878813e-45,1.79461114741206e-43,2.39275880602437e-44,91.7997144618471
"AK7",-1.28812553875383,1.89032319558237,-18.9585495510217,7.33597552680167e-45,2.46488777700536e-43,3.28644004178651e-44,91.455672510056
"ICOS",2.87437085647825,-0.0389997975887871,18.9295416708374,8.82459396693693e-45,2.95696230629821e-43,3.94252404354013e-44,91.2875813127445
"CEMIP",1.6011254070877,3.50115777151092,18.9222646270675,9.24335756562012e-45,3.09305694910682e-43,4.12397931617825e-44,91.1338739164493
"CAMK2B",-2.56770454896749,0.305417834155628,-18.918954544719,9.44037731627078e-45,3.15468085576962e-43,4.20614260015297e-44,91.2528396537035
"WIF1",-4.36549769355623,1.67947243996,-18.9145617377981,9.70836002532e-45,3.23981843130679e-43,4.3196567081445e-44,91.218259807721
"RELL2",1.64091100589272,3.2751499944856,18.8873172535937,1.15494805369615e-44,3.84376741669732e-43,5.12490315680643e-44,90.9273911040471
"ADAMDEC1",4.43283925952887,1.34378727583193,18.8659546232744,1.32349564653702e-44,4.37502711836389e-43,5.83323283105462e-44,90.9185836652787
"NPTXR",-1.2888118281295,2.40498697687897,-18.8617145142878,1.35977608095983e-44,4.4889081714378e-43,5.98507067791904e-44,90.808656952708
"MAD2L1",1.23652192227143,2.82575027458408,18.8590264272848,1.38329150783581e-44,4.56039974518774e-43,6.0803905431129e-44,90.7724602442253
"CTD-2135J3.4",1.40384321922984,4.20907109467278,18.8418214673835,1.54376703734233e-44,5.08261985126613e-43,6.77666770560795e-44,90.5708776550956
"EXO1",1.57611129591803,1.60643879497058,18.8177393588342,1.80022907395101e-44,5.9190373627172e-43,7.8918649275374e-44,90.5850067346564
"RGS9",-1.14963822887976,1.20969767660611,-18.8143235037585,1.83991363352697e-44,6.04141922398254e-43,8.05503691978907e-44,90.5718327951388
"XDH",2.64047908219516,2.81901882747844,18.8057984470372,1.94282483443225e-44,6.37080314691901e-43,8.49420519493639e-44,90.4550294212488
"IL20",5.46592268645471,-1.67807706454729,18.8013127236833,1.99927246499038e-44,6.54715020310869e-43,8.7293290947421e-44,90.1714877976525
"SLC22A17",-1.41718990354808,3.20477429153478,-18.789183469129,2.16027846489002e-44,7.06497469157634e-43,9.41974557105943e-44,90.2929861596468
"TXNIP",-1.16834729952407,9.16846804577262,-18.7803026417348,2.28635266470277e-44,7.4673313128934e-43,9.95620849797647e-44,90.1109572721728
"PGLYRP4",1.69029230286849,4.15966785139119,18.7190863768207,3.38101726098013e-44,1.09550318860397e-42,1.46063669856279e-43,89.7949073042641
"S100A16",1.21912448490299,8.14962631956996,18.7095524453859,3.59355930393005e-44,1.16283407132976e-42,1.55040910568946e-43,89.6435629714564
"TG",-2.04875011472038,2.2246958978632,-18.7028844532127,3.7501239059364e-44,1.21189774920696e-42,1.61582581028638e-43,89.8127287831862
"CTD-3088G3.8",-2.04343909708415,0.503940662193042,-18.7011421074742,3.79214952197712e-44,1.22386636151388e-42,1.63178358617259e-43,89.8726752434539
"UST",-1.19506578710393,4.02062935925583,-18.6985784826764,3.8548446271903e-44,1.24246555868231e-42,1.65658193475853e-43,89.6576062014154
"COL21A1",-1.29915036669283,2.95919582785331,-18.6921685916436,4.01618884364056e-44,1.29277007817343e-42,1.72365305608126e-43,89.6898731118827
"ADAM23",1.87133793122665,2.63498466637262,18.6815867824606,4.29749765374002e-44,1.37789571831288e-42,1.83715125058198e-43,89.6615326278267
"FAM117A",-1.13838880598857,3.95400814396148,-18.6658242628965,4.7535899644804e-44,1.52214170559759e-42,2.0294747279029e-43,89.4520486035792
"WNT2",-3.50524137123479,-0.356361645449837,-18.6559633982994,5.06328511150776e-44,1.61904247585121e-42,2.1586727280765e-43,89.544078991901
"CDH20",-2.58656303076025,-0.997763765503253,-18.6557745690345,5.06940892634429e-44,1.61904247585121e-42,2.1586727280765e-43,89.4996936575266
"CA13",-1.12605014452882,2.79159731176787,-18.6487103316171,5.3039205906501e-44,1.69173685627393e-42,2.25559629792939e-43,89.4229552143837
"IL7R",1.93608333950991,3.85429548531504,18.6394211593751,5.62893201683242e-44,1.79307070790735e-42,2.39070493480254e-43,89.3098680269674
"RP11-1008C21.1",-3.84793243042829,-1.51252512688869,-18.6342280248523,5.81925732872121e-44,1.85129369337061e-42,2.46833376341042e-43,89.2399488349676
"PVT1",1.42519020550963,1.12431489381544,18.6288470346399,6.02327771411428e-44,1.9112413424553e-42,2.54826208964127e-43,89.4000415950701
"TRIM16",1.13188674525783,5.86640208498659,18.6162573725434,6.52908005457082e-44,2.06639065262597e-42,2.75512299022958e-43,89.050150773569
"TTK",1.69675244368008,2.18076327977396,18.602668382084,7.12294018711648e-44,2.25143655811331e-42,3.00184508404477e-43,89.1833813513962
"GK",1.81832307034093,3.18080746116535,18.5960959109826,7.42930851007905e-44,2.34525198372225e-42,3.12692938773386e-43,89.0770423810692
"LAMB4",-1.37614870254942,4.98962535192208,-18.5929741152568,7.5794218365256e-44,2.38956373787018e-42,3.18601034245809e-43,88.9301425614114
"ZNF665",-1.33776226653384,0.577280891581929,-18.587546526209,7.84768732350469e-44,2.4677958291144e-42,3.29031735376148e-43,89.1471559043303
"GNAZ",-1.25851187236187,1.43196992866146,-18.5626448871902,9.20584856569838e-44,2.88379378824329e-42,3.84496830498801e-43,88.9571683079077
"IQGAP3",1.29999466900921,2.97613083108007,18.5177923195235,1.22744044189919e-43,3.8157996399117e-42,5.08761366137161e-43,88.582549873859
"CNNM4",1.32810720788207,4.89593915937954,18.5134105015734,1.2624409514167e-43,3.91963945017074e-42,5.22606349813514e-43,88.4286529960845
"DUOXA2",1.4456482885518,3.36014623790644,18.5056226588741,1.32713591419318e-43,4.11529579056009e-42,5.48693250705455e-43,88.4793236063315
"CTD-2262B20.1",3.11913213885581,-1.37907069802974,18.5009755946036,1.36731287920766e-43,4.23452655318251e-42,5.64590313287798e-43,88.3866189872216
"SQLE",1.27505421602932,6.26730621175072,18.4943528776299,1.42668730972729e-43,4.41283560315144e-42,5.88364296310374e-43,88.2621640829206
"RP11-161H23.5",1.28588268199786,7.32505715184174,18.4907579029396,1.45999274042305e-43,4.51016397192652e-42,6.01341108128266e-43,88.235166011494
"FOSL1",3.54726797402026,1.93702752851609,18.4851365556029,1.51364085995859e-43,4.67001044189488e-42,6.22653471487885e-43,88.4747997178725
"MTFR2",1.42849914627923,0.447831534788382,18.477143151532,1.59334851983938e-43,4.90975533852015e-42,6.54618708827838e-43,88.4455440913678
"ARHGAP11A",1.23155301525646,3.58987342842631,18.4721410278695,1.64535529385407e-43,5.06364801099783e-42,6.75137251119555e-43,88.2453817398795
"AIM2",2.71510764646344,-0.378666877709944,18.4642052746513,1.73137737997471e-43,5.32170731529067e-42,7.09544352274234e-43,88.3152665615863
"GSTA3",-2.49563085307578,0.699047258205378,-18.4579044659349,1.80287741574211e-43,5.53454033208042e-42,7.37921423032475e-43,88.3208099190373
"PDGFC",-1.24725984208303,3.89218863906555,-18.4560837590826,1.82408441513542e-43,5.59264281680519e-42,7.45668239504532e-43,88.112562501643
"RP1-232L22__B.1",1.85948330605206,2.6392164962407,18.4500916915151,1.89566018437841e-43,5.79760012499172e-42,7.72995240383223e-43,88.1793397211223
"TNIP3",6.93347414159202,-0.447867933120676,18.4357024677558,2.07925508214607e-43,6.34327968344264e-42,8.45750810336847e-43,87.9212109396531
"FZD5",1.26402343083694,3.23374278673676,18.4256757397517,2.21762975507219e-43,6.75702144501995e-42,9.00915086166838e-43,87.9729975217464
"KLK6",3.46584542397506,5.96955214058662,18.4232385996174,2.25263590865902e-43,6.84667330453388e-42,9.12868387395227e-43,87.845835816394
"RP11-74C13.4",-1.52904737543232,0.436948042626509,-18.4195568056969,2.30657337507346e-43,7.00193462175765e-42,9.33569411377935e-43,88.0768664993692
"TRPV6",-1.49261163542249,3.07660856559408,-18.4128880771278,2.40758713563252e-43,7.29954230689671e-42,9.73249506443873e-43,87.8936036975843
"CHAC2",1.717377377837,0.3932419881905,18.4033770977075,2.55937589228205e-43,7.7501693686289e-42,1.03333170707812e-42,87.9742653549086
"SOWAHB",-1.80647663167989,0.5689001908471,-18.3931689920024,2.73298370442967e-43,8.26567500644279e-42,1.10206418186593e-42,87.9068790747355
"RP6-65G23.3",1.75665812990964,1.86756152149448,18.3720625354399,3.13029849409889e-43,9.43242769818889e-42,1.2576275629167e-42,87.725969192626
"BOC",-1.09439260340928,5.97590604480342,-18.355748036428,3.47668362764362e-43,1.04505019630935e-41,1.39336761813981e-42,87.3738964752691
"GLI2",-1.62018850432632,2.54468140150608,-18.3534370226743,3.52876457024482e-43,1.05940682226395e-41,1.41250933762997e-42,87.5501231603646
"RP11-414J4.2",3.28341680768945,-0.27092241687259,18.3508958591881,3.58693557400626e-43,1.07555447138417e-41,1.43403903206251e-42,87.5877652112904
"TMEM171",2.51861760629492,0.280931875804677,18.3450694402355,3.72396635790443e-43,1.11528018103394e-41,1.48700540404071e-42,87.5965789751041
"ACPP",1.27491949171164,5.52884836205549,18.327767529799,4.16261262988072e-43,1.24512881202091e-41,1.66013285601954e-42,87.207770013056
"FERMT1",1.66943743090463,6.37843360475172,18.3265978887118,4.1940706618167e-43,1.25301053828307e-41,1.67064157817234e-42,87.1850728345245
"PGM5P2",-1.28886000367913,1.07863933863676,-18.3216775319917,4.32903759005781e-43,1.29175953782163e-41,1.72230570051117e-42,87.4308228405125
"BTBD16",-2.43122222230404,0.446132297912818,-18.3135576584601,4.5613581823252e-43,1.35942883956346e-41,1.81252932242156e-42,87.3998260250208
"LGALS9C",2.60411770915193,0.46114904971352,18.302060450827,4.91185033241962e-43,1.46211001157267e-41,1.94943434437702e-42,87.324737198751
"ARNTL2-AS1",2.09548132181077,-0.844319746074823,18.2748462654417,5.85290825593618e-43,1.73591455503752e-41,2.31449851632856e-42,87.0802606745874
"TSPYL5",-1.07693080098162,3.95176935762545,-18.2740749324437,5.8820657829179e-43,1.74245542902669e-41,2.3232194773341e-42,86.9369981914616
"CXCL2",3.43970808914031,-0.85897245838635,18.2726270272492,5.93719257533661e-43,1.75666416752541e-41,2.34216401816922e-42,87.0137538566593
"PDZD7",-1.0213742835342,1.27173963715638,-18.2668858252507,6.16092686951661e-43,1.82066523199402e-41,2.42749677163118e-42,87.069240144522
"FAM166B",-1.77662342450342,-0.559012098567933,-18.2495312873579,6.88995619822902e-43,2.03365638544117e-41,2.71147832315051e-42,86.966924253937
"ENKUR",4.63219139426371,-1.68172446034754,18.2466225964318,7.02034446426001e-43,2.06965155071358e-41,2.75947075248767e-42,86.6646428686131
"SLC2A11",-1.12884643354562,1.94654833553713,-18.2424152143188,7.21333913248324e-43,2.12399498489254e-41,2.83192696723304e-42,86.8736524321101
"TNFRSF10A",1.01905501823881,3.09579735590739,18.229188977977,7.855367798226e-43,2.31026932080201e-41,3.08028692990599e-42,86.7165725752094
"CCL20",4.90414314953187,-0.570573583376822,18.2258646444097,8.02555549312753e-43,2.35749491180158e-41,3.14325290941463e-42,86.677040932861
"SAT1",1.05981873240874,6.70368457756684,18.2208985591937,8.28670262297925e-43,2.42838998729313e-41,3.23777746222976e-42,86.4974733734929
"TMPRSS6",-2.83911387019521,-0.0865453293062816,-18.2076218114462,9.02748024362647e-43,2.63916609553838e-41,3.51880568933659e-42,86.7123498420266
"IFIH1",1.60431460236332,4.52150432641388,18.2054413822011,9.155333122498e-43,2.6701784878553e-41,3.56015457704367e-42,86.4728246828213
"WNT2B",-1.2224972895342,4.32328956495619,-18.2019355355634,9.36472101033946e-43,2.72800328909271e-41,3.63725250578825e-42,86.4491905014416
"PPARGC1B",1.14583038049351,4.28613551043483,18.1969234879042,9.67243319620313e-43,2.81429942392017e-41,3.75231132331094e-42,86.4254262048782
"XXbac-BPG246D15.9",1.4456658167075,5.62599779508259,18.1957890134778,9.74347889728473e-43,2.8316119714763e-41,3.77539417927079e-42,86.3559734361411
"UHRF1",1.60472578186934,2.91769497853148,18.1951080237577,9.78637645786562e-43,2.84071292021927e-41,3.78752849331387e-42,86.5171854564876
"KRT16P3",2.17571239005114,7.61913298748652,18.1845207020143,1.04781891059163e-42,3.03076677346598e-41,4.04092769437796e-42,86.2675999297953
"BDNF-AS",-1.25917980878713,1.08319907811991,-18.1820111170159,1.06492377351384e-42,3.07661370044141e-41,4.10205549825226e-42,86.5336041571022
"CDH4",-2.61110588762727,0.375798753558006,-18.1361979203496,1.43134991360508e-42,4.12067496254757e-41,5.49410456834523e-42,86.2631754798483
"E2F7",1.54344378000752,1.08902054694711,18.127867304934,1.51045993829779e-42,4.33823903589791e-41,5.78418320356059e-42,86.1930410760103
"KLK8",1.68716284625795,6.24852255789555,18.1191759638442,1.59767210129953e-42,4.58335687727192e-41,6.11099933546032e-42,85.8492097256842
"AGFG2",-1.07724371457241,4.46485406003203,-18.1177403714989,1.61255558184921e-42,4.62064991957914e-41,6.16072222696956e-42,85.8961633794784
"HK2P1",1.75155666865366,2.54953544945673,18.1100809913621,1.69434536028153e-42,4.84934690746621e-41,6.46564440048171e-42,85.9972063073496
"GJA3",1.83680018667771,0.487185792515633,18.1013957322118,1.79213355977265e-42,5.11133162257019e-41,6.81494917049432e-42,86.0394720388074
"GLTPP1",1.45363717609094,4.63943430853441,18.0941909476285,1.87753316063334e-42,5.34247486821515e-41,7.12313294460472e-42,85.7450354488383
"ENPP5",-2.11084951313124,1.3171251388926,-18.085503166786,1.98595507871591e-42,5.63138799661779e-41,7.50834142453552e-42,85.9070321099608
"RP11-113D6.6",1.45384281853651,4.63765740090543,18.0800811214049,2.05678004875339e-42,5.82548510806273e-41,7.76713151023376e-42,85.6539669776629
"ADH7",3.07337233886985,0.333732387254037,18.0781763104877,2.08225797071835e-42,5.89084469501496e-41,7.85427558457186e-42,85.8843285675023
"TEX101",4.47031275870173,-0.968772303350032,18.0713209015298,2.176599842741e-42,6.15064987819714e-41,8.2006743801028e-42,85.6527994218649
"FHL1",-1.4781847403767,6.85389461707501,-18.0697441791547,2.19889741530175e-42,6.20650814758589e-41,8.27515032780988e-42,85.5238762515002
"NLRX1",1.36767790833118,5.99087571486506,18.0643396729094,2.27707871008697e-42,6.41979156333485e-41,8.55952155326907e-42,85.4965226112148
"TTC22",1.17446918986548,5.34208967268522,18.048946124185,2.51537350798051e-42,7.07535337198921e-41,9.43358348741731e-42,85.4140125610105
"ASPM",1.74885638993088,3.39344043802452,18.0441834730527,2.59404786853505e-42,7.27995493357296e-41,9.70637917851276e-42,85.5112675250194
"NUF2",1.58488110669492,1.13086049980697,18.040776894089,2.65183016356341e-42,7.43361031450095e-41,9.91124822010914e-42,85.6311897378612
"PUDP",1.11619884744252,3.07179889775726,18.0336324067993,2.7772400991332e-42,7.77627227757297e-41,1.03681201340123e-41,85.4579026729024
"HMOX1",1.40632661719337,5.88507735196263,18.0317510552132,2.81124196574703e-42,7.86250204513606e-41,1.04830904639223e-41,85.2884729436832
"RAI2",-1.56286332622259,4.08457331945651,-18.0302876282328,2.83797894733755e-42,7.92824004786963e-41,1.05707390808152e-41,85.3590129478225
"GPRIN1",2.07422576636085,2.5028324904002,18.0163022613431,3.10670942625491e-42,8.6690977027509e-41,1.15585261455974e-41,85.4003018008224
"LRRC8B",1.29294027997499,5.15949657822652,18.013682099543,3.15982393681118e-42,8.80729108205735e-41,1.1742779668009e-41,85.1951101044624
"IL21R",1.99985859271127,1.08609369789243,18.0121406284703,3.1914961518512e-42,8.87539882229097e-41,1.18335878608799e-41,85.4526152742553
"NRXN3",-1.52041176919221,0.836875154455795,-18.0074364158439,3.29013366396661e-42,9.13934297958923e-41,1.2185505159279e-41,85.4215910471035
"STXBP5-AS1",1.341827682297,1.22220487028718,18.0057752997584,3.32568912902484e-42,9.22765870551146e-41,1.23032567018433e-41,85.3992644461241
"KLF15",-1.93980712467912,0.751942334931808,-17.9853708937986,3.79518344999925e-42,1.0482912124052e-40,1.3976888716966e-41,85.2847068195495
"RND1",4.15576963293971,0.920476895000629,17.9735803729757,4.09620057067465e-42,1.12762747023017e-40,1.50346807061748e-41,85.2165077401964
"RP11-324E6.6",1.32283148144869,3.29357379380145,17.9704549108473,4.17993317627719e-42,1.14938790300142e-40,1.53248130126157e-41,85.0356883393106
"POC1A",1.2898353346835,2.02461385134634,17.9697086977452,4.20017701629412e-42,1.15237071426915e-40,1.53645828977959e-41,85.1202603130366
"AC006994.2",-2.80760390880996,-3.1552168784576,-17.9650685171109,4.32828398273313e-42,1.18619161484333e-40,1.58155176743531e-41,84.7801702639426
"SOCS3",2.10800578871482,3.56610471602829,17.9607421559621,4.45125336857929e-42,1.21853060964858e-40,1.62466941702186e-41,84.9656639033586
"MFSD4A",-1.63444941740816,3.27907322806759,-17.9592475775122,4.4945431665075e-42,1.22900952941021e-40,1.63864098271365e-41,84.9559217229177
"E2F8",1.41882445805075,2.10324415410108,17.9577704562904,4.53774199787656e-42,1.23944026418615e-40,1.65254830326296e-41,85.0395462938475
"MSH5-SAPCD1",-1.20004505453145,2.97551573499608,-17.9553186687747,4.6103659960773e-42,1.25787605285633e-40,1.67712877895553e-41,84.9500484106632
"TTC9",1.14924023720361,4.58362806071635,17.9428391921127,4.99847897417386e-42,1.35923162171326e-40,1.81226637144835e-41,84.7646234901623
"RP11-274E7.2",1.18522201428765,2.55218273912125,17.9393214695002,5.11368341545996e-42,1.38901912308308e-40,1.85198210948712e-41,84.8867166256255
"NCOA7",1.0217426296732,5.13882128599661,17.9380120810325,5.15724208339632e-42,1.39930125908789e-40,1.86569130298329e-41,84.7025929288572
"PRB2",-3.63201165381873,-1.68530441838683,-17.9367706245292,5.19888435824378e-42,1.40904127667407e-40,1.87867768885511e-41,84.7953835982796
"CNTFR",-2.19055642599453,2.53193076358912,-17.9242169493857,5.63938568222536e-42,1.52505900786796e-40,2.03336437313737e-41,84.7890758284889
"RP11-84A14.5",-1.14226557592108,4.46199000330303,-17.9183895303556,5.85639701497955e-42,1.58200116721826e-40,2.10928547360304e-41,84.6072367697269
"ESRP2",1.03545023846718,6.23488708975964,17.9104840335599,6.16423931852597e-42,1.66332741479434e-40,2.21771793003193e-41,84.4938160757807
"HEATR3",1.23759035757394,3.78238755919125,17.9094095208014,6.20731495726291e-42,1.67127355951421e-40,2.22831254144948e-41,84.603533407234
"TPRXL",1.44836850807732,2.07278182961513,17.908773203134,6.23296612269499e-42,1.67633983615639e-40,2.23506741872014e-41,84.7252358416582
"SAMSN1",1.70620725922568,1.75287859029116,17.907158980698,6.29851619421328e-42,1.69090977277089e-40,2.25449354576043e-41,84.7384452716262
"S100A14",1.03386887252327,8.56294784728508,17.9070999184975,6.30092764315309e-42,1.69090977277089e-40,2.25449354576043e-41,84.4797576703119
"ODF3B",2.31389541262234,3.78824033315979,17.9064844051214,6.32611356908323e-42,1.69581326363359e-40,2.26103138040997e-41,84.6027228754112
"FOXP3",1.90078258732664,2.17509320738964,17.8918130330474,6.95725077708809e-42,1.85890465207426e-40,2.47848147060967e-41,84.6152194355552
"CD34",-1.28076358097094,7.25474127325639,-17.8730248706315,7.85853040319548e-42,2.0951525405389e-40,2.79347127569565e-41,84.2494067191351
"CASP5",4.72094905418175,-2.30712355078538,17.8689205453311,8.07049893501248e-42,2.14467169965316e-40,2.85949527438106e-41,84.238894486383
"PLSCR1",1.44459824766661,4.39363217799082,17.8687530523781,8.07926981994087e-42,2.14467889765703e-40,2.85950487149472e-41,84.3008733536275
"KLK1",-1.36653560387603,3.70311821932617,-17.8677868582285,8.13005211569562e-42,2.15582614371656e-40,2.87436751804093e-41,84.3309874693989
"RAD51",1.15537560058102,2.065636214082,17.8671501381661,8.16369233509463e-42,2.16240869973219e-40,2.88314405377975e-41,84.4529146782265
"RP11-218E20.5",1.18904952905687,2.235426639608,17.8651621760289,8.26962412763306e-42,2.18574720476922e-40,2.9142613314849e-41,84.4290480535027
"C9orf84",2.51843813212869,-0.140906634876921,17.8592072103665,8.59526203466288e-42,2.26937122913037e-40,3.02575741851962e-41,84.4665898430782
"HS3ST3A1",2.29463456294214,0.211049723740426,17.8520685339439,9.00261563256563e-42,2.37436727135021e-40,3.16574886178104e-41,84.4336654534712
"CNGB1",3.82890018784189,-1.13969231659213,17.8283026624395,1.05034812694396e-41,2.7613010565575e-40,3.68164848897225e-41,84.1156628499562
"MMP12",5.42538448408155,-0.222365494341551,17.8264481912882,1.06306451204933e-41,2.79173943806702e-40,3.72223204686615e-41,84.1487638088087
"CHPT1",-1.10841614472551,4.20908134008154,-17.8190363612173,1.11544843760538e-41,2.92617318476843e-40,3.90147284324175e-41,83.978395173023
"MLKL",1.3134157166801,3.02106757100654,17.8031536353297,1.23658043628789e-41,3.23701653588787e-40,4.31592093510707e-41,83.9723482668051
"MPZL3",1.10380938755519,6.03378943860253,17.7995706048299,1.26568127892036e-41,3.30966209054996e-40,4.41277940547091e-41,83.7777838409531
"DBX2",-3.54759397168321,-2.25039117746176,-17.782317619769,1.41571328184716e-41,3.69410801884544e-40,4.92536196782475e-41,83.7338003931088
"IL17RE",-1.00760769123019,4.46732129784118,-17.7691505340646,1.5421031987578e-41,4.015361704791e-40,5.35369018094351e-41,83.6377676564919
"BLM",1.79909582500165,1.07273256570758,17.7608275692654,1.62776808945556e-41,4.23392319174612e-40,5.64509866980963e-41,83.8286389120294
"RP11-783K16.5",1.51937734146697,1.84815770042997,17.7354460432174,1.91960842027435e-41,4.96668305195035e-40,6.62208892796848e-41,83.618642729503
"MYO1H",1.97958848567782,-0.991620833356124,17.7317019127597,1.96688971679778e-41,5.08365342187734e-40,6.77804576747121e-41,83.5918600041886
"KIF11",1.32619995475618,3.8436544635983,17.7299265114484,1.98971596184542e-41,5.13723716969943e-40,6.84948909080394e-41,83.4360014967207
"SYN2",-1.57910908744992,1.92369280995811,-17.7258036448331,2.04375304525841e-41,5.27120659243935e-40,7.02811080306802e-41,83.541137482203
"LINC01269",4.5904018668389,-2.31981115534452,17.7183116295959,2.14574209590996e-41,5.51685137615089e-40,7.35562950829134e-41,83.276345963675
"KNL1",1.69812986776713,2.22917498430858,17.7174892559729,2.15724334580559e-41,5.54061411370886e-40,7.38731241610626e-41,83.4792719303119
"LCE3A",9.43977668993807,1.39994355684683,17.7169560916116,2.16473287709624e-41,5.55403431060843e-40,7.40520559277373e-41,83.4039445801582
"SLC23A2",1.34846238882502,6.09945589260038,17.7152326471818,2.18912141803974e-41,5.59903755387683e-40,7.46520851139227e-41,83.2304764043023
"SELL",2.20161829794168,1.74466019113558,17.707241130361,2.3058591480989e-41,5.89147012339268e-40,7.85510946953935e-41,83.4522157742507
"FABP5P11",3.36121689244447,-0.20542963095339,17.7000876533052,2.41563871376003e-41,6.15912540240189e-40,8.21197481429759e-41,83.423319245545
"TMEM86A",1.51765267042432,5.65326527578744,17.6887246234176,2.60089162804463e-41,6.61770434156417e-40,8.82339907549212e-41,83.0709370168047
"DUOX1",1.07565310389396,7.16238446614932,17.6795938200387,2.76002232359569e-41,7.0153189174254e-40,9.35353942325913e-41,82.9903454370962
"RP1-71H24.1",2.52651162667574,0.365552140859748,17.6791529340839,2.76794838647422e-41,7.02818199000411e-40,9.37068978490134e-41,83.3190487981946
"CNTN2",-1.99828845504086,1.05932569301384,-17.6709083316606,2.92044138168152e-41,7.40006055887234e-40,9.86651626057791e-41,83.2404831437745
"DTL",1.23398277513203,2.65833462727503,17.6639686449026,3.05530791495841e-41,7.72583428227834e-40,1.03008710491209e-40,83.0948606122821
"CTD-2385L22.2",-2.43816918325314,2.1891379434683,-17.6622965658549,3.08872592831533e-41,7.80229346753023e-40,1.0402814241147e-40,83.1191496325314
"PANX1",1.13775151677633,4.42198862260512,17.6493519947467,3.36014349723796e-41,8.47917692389431e-40,1.13053043728967e-40,82.8693575794218
"THRA",-1.12308517450548,5.82417710021298,-17.6467481632783,3.41756313971072e-41,8.61520952629236e-40,1.14866769269253e-40,82.7876899932573
"AC067959.1",-3.08065383984824,-2.85756429438578,-17.646094310333,3.43213573859989e-41,8.64306215568565e-40,1.15238128961005e-40,82.7971407481781
"IFI6",3.01116407369655,5.96664433148228,17.6431024339633,3.49961512562884e-41,8.80395485142813e-40,1.17383314647152e-40,82.7898633920695
"PAPLN",-1.41193124126179,4.02314194388096,-17.6394993240387,3.58264796946341e-41,8.99438990736935e-40,1.19922389241313e-40,82.8267699979537
"HAPLN3",1.43638808749712,3.19643933583731,17.6384633066238,3.60688625343427e-41,9.04598221106705e-40,1.2061027050837e-40,82.8914945863236
"NR4A3",2.17009896945004,1.48340700666699,17.6243768845352,3.95323315213989e-41,9.89437783221298e-40,1.31921947115399e-40,82.9293884464105
"EME1",1.00008680657731,2.9698294442096,17.6236651191518,3.97159266282094e-41,9.923339155466e-40,1.32308089045632e-40,82.8069472328518
"KB-1460A1.5",-1.33975627772121,1.26712084417798,-17.6236147206125,3.97289589476012e-41,9.923339155466e-40,1.32308089045632e-40,82.9179572813468
"CENPF",1.36090855268653,4.38501664687511,17.6221220407273,4.01168936058251e-41,1.00100423841676e-39,1.33464105012019e-40,82.6979195294965
"GPC4",-1.09776276646519,3.44082361182528,-17.6131502294524,4.25299111340913e-41,1.06013583363515e-39,1.41348133001988e-40,82.6949667044708
"SPRR3",6.41123381422366,-2.24699929410824,17.6046253650127,4.49573979102571e-41,1.1195076710079e-39,1.49264192528776e-40,82.5924661126218
"CBX7",-1.01473919080198,5.40247683677405,-17.5972930374071,4.71561241365279e-41,1.17187985088223e-39,1.56246986253515e-40,82.4763886154502
"RP11-392E22.9",-2.4869190643706,-0.543644362050051,-17.5766409262334,5.39458288036062e-41,1.33654877666147e-39,1.78202328657637e-40,82.6396825329535
"NFE2L3",1.01214236434342,4.66977366539676,17.5485160295364,6.47956471256317e-41,1.59890103893108e-39,2.13181810799564e-40,82.1958321464256
"CAB39L",-1.2838535888117,4.36872057031031,-17.5472888549,6.53159532220453e-41,1.61012030214103e-39,2.14677677515952e-40,82.2028671664544
"GSTM5",-1.61214948242137,3.50050690607976,-17.5413463170053,6.789536829231e-41,1.67202569625881e-39,2.22931536694824e-40,82.2265824555472
"AP001610.5",2.89914056755877,2.71307565355745,17.5362997676752,7.01658904316357e-41,1.72620758325693e-39,2.30155619049863e-40,82.2904700410794
"RP11-382A20.1",2.83265586585212,-1.57919400823335,17.5356977030944,7.04418012351487e-41,1.73125901873319e-39,2.30829128001165e-40,82.2171583608715
"ADRA1A",-2.53444157224762,0.411616085972083,-17.5355244519573,7.05213991060758e-41,1.73148035763146e-39,2.30858639162884e-40,82.3882832346113
"CPLX3",3.5318291115316,-0.694148642972295,17.5339469860235,7.12503044311817e-41,1.74762746708802e-39,2.3301153665267e-40,82.3046433370459
"SMOX",1.84564382582476,4.54067603502549,17.5301344779727,7.30432974146908e-41,1.78981618280473e-39,2.3863656696587e-40,82.0977170250707
"RP11-510N19.5",1.98952440530132,2.07526895113386,17.524640127113,7.57070981232738e-41,1.85323722831104e-39,2.47092508262196e-40,82.242143286908
"GATM",-1.00089166684652,6.21267746428416,-17.5189723907858,7.85570362834747e-41,1.9210837347568e-39,2.56138497193569e-40,81.9481043060742
"NEUROD2",-3.24704883351056,-2.46551435809997,-17.5097776266977,8.34110259894692e-41,2.03572701041761e-39,2.71423909177356e-40,81.966436751169
"DNASE1L3",1.51642692789879,3.40595809881416,17.5065449761775,8.51880673235326e-41,2.07496813834321e-39,2.76655936992278e-40,82.0182531314415
"CADM3-AS1",-1.67128169980822,4.36897080268336,-17.5021837304477,8.76457996900785e-41,2.13271445912524e-39,2.84355266051166e-40,81.9133073985445
"RXRG",-1.31718205099181,0.933027779484179,-17.4977078578971,9.02420496687117e-41,2.18937388157682e-39,2.91909678727737e-40,82.1180413347942
"IGFL1",5.20996240592438,1.43982988711298,17.4970041142223,9.06572147476056e-41,2.19727288866529e-39,2.92962854999212e-40,82.1405550147022
"HELZ2",1.90600568902907,5.43974711404964,17.4943948161008,9.221331667537e-41,2.23278206457401e-39,2.9769730086916e-40,81.8190444975897
"ELF3",1.85053991988984,3.87502361859627,17.4882216198831,9.60022477735182e-41,2.32223188697126e-39,3.09623664446415e-40,81.8697556115669
"C5orf49",-2.48259553354054,-2.01616294555198,-17.4795443858114,1.01593395162987e-40,2.45264054779305e-39,3.27011078539611e-40,81.8436350144274
"FCGR3A",2.42463899538728,2.31385734584955,17.477413185704,1.03015841556472e-40,2.4820948543194e-39,3.30938227405142e-40,81.9259862497782
"LIF",-1.68340622557834,2.05098139265129,-17.4636627085788,1.12685813061195e-40,2.71242161213443e-39,3.61647742322604e-40,81.8295636859361
"SLITRK6",-1.46342135041318,2.66428840959574,-17.4618608654312,1.140186214823e-40,2.74181249776261e-39,3.65566435266482e-40,81.7707820168226
"RP1-172H20.4",3.33127755832116,-1.29887358503899,17.4458545195899,1.26574108391978e-40,3.03777860140746e-39,4.05027657927568e-40,81.6648234793617
"FKBPL",1.14004412489918,2.96818823529208,17.4341374185166,1.36635396115263e-40,3.27604398427681e-39,4.36795631388199e-40,81.5745792426875
"FCMR",1.82126480696893,1.24710379640248,17.4316829385522,1.38842518243518e-40,3.32571219480176e-39,4.43417904312583e-40,81.6853718127088
"LINC01806",1.51818739992007,1.57832678925078,17.4236776569436,1.46292435285466e-40,3.49392488089768e-39,4.65845737022832e-40,81.6103839298578
"TNNT3",-2.60339315067585,-0.304778712624066,-17.4199600626355,1.49887086947544e-40,3.57629423020366e-39,4.768280596381e-40,81.634792770903
"LTB4R2",1.31834895801087,5.45455548444853,17.4165872304416,1.53224917879233e-40,3.65238171597846e-39,4.86972820071493e-40,81.3015615547898
"CALML3-AS1",1.60916304528015,6.01286557231803,17.4087020659121,1.6132184797926e-40,3.83792656375876e-39,5.11711553533557e-40,81.2370649219222
"IL2RA",2.10236962746071,1.09863392569143,17.4049405710252,1.65334089958922e-40,3.9295683706516e-39,5.23930174863255e-40,81.522645475019
"CGNL1",-1.4497481078958,5.56615110251816,-17.4034280507604,1.66975493868587e-40,3.96473854173155e-39,5.28619421148296e-40,81.2107089770873
"IFI44",2.84168264317982,3.96672152206573,17.4004181465542,1.70290626453342e-40,4.03954398998798e-39,5.38593247250529e-40,81.3126739528313
"CHRM1",-1.99557371504741,1.22781860005561,-17.3912862988739,1.80757703367714e-40,4.27543389412082e-39,5.700444976331e-40,81.4150834665091
"MAP3K9",1.24978895484534,5.36242558072779,17.378679701282,1.96275519921796e-40,4.63800188115782e-39,6.18385763372832e-40,81.0565657076783
"ILDR1",-1.33802943585347,0.509961122710712,-17.376689355308,1.98844715239358e-40,4.69418977419727e-39,6.25877306934008e-40,81.3496170086864
"TLE3",1.05392275786268,6.8266097889696,17.364673244778,2.15087497107291e-40,5.06301931770406e-39,6.75053427310863e-40,80.936468463163
"PRLR",-1.62150842795654,2.98681702244992,-17.3569262984258,2.26257931970752e-40,5.32085767533903e-39,7.09431069601317e-40,81.0628101992623
"CDC25C",1.43502666759747,0.530856000474259,17.3565692802658,2.26786511721413e-40,5.32817965469619e-39,7.10407310644378e-40,81.222930100648
"HMMR",1.66079500486122,1.64287660061267,17.3509291231585,2.35303127180554e-40,5.51770086375204e-39,7.35676213189128e-40,81.1345115602678
"PITX1",3.16562760306832,2.342625228334,17.3312756176524,2.67563990736899e-40,6.25625315995678e-39,8.34147545711596e-40,80.9879539058293
"RP11-1263C18.1",-2.74578452757224,-2.91845795601768,-17.3309977196066,2.68050600670738e-40,6.26166203166845e-39,8.34868711711117e-40,80.7605640802322
"ADSSL1",-1.1532935674355,2.18965956729393,-17.3277923739701,2.73727810739994e-40,6.38819766111377e-39,8.5173973371874e-40,80.9303685858137
"SHB",1.20248461375513,4.73280755580797,17.3256166541213,2.776498893145e-40,6.47357080333276e-39,8.63122552672976e-40,80.7399099004623
"LRG1",2.47063956778686,4.28257969532907,17.3184934317791,2.90889012490809e-40,6.76937922046922e-39,9.02562750958833e-40,80.7468336248834
"ABCA3",-1.30913764224084,4.22619332270299,-17.317117843853,2.93517637739889e-40,6.82407641562463e-39,9.0985553945854e-40,80.7097892246287
"RDH12",1.07861148821302,5.69602727436994,17.3092857306978,3.08944264624544e-40,7.16914373009538e-39,9.55863436855239e-40,80.5898258081194
"TGFA",1.34611101884408,5.11514101405381,17.3086618482114,3.10207497900546e-40,7.19165359972079e-39,9.58864682492564e-40,80.6110797951731
"DNMT3B",1.01024999882122,2.4988257849587,17.3084203889094,3.10697791485642e-40,7.1962185359394e-39,9.5947332639583e-40,80.7884812978628
"ESCO2",1.77237732029164,0.930748553905304,17.3076241373894,3.12320124948221e-40,7.22696983465092e-39,9.63573403501378e-40,80.8927709169613
"ZBED2",1.69133996933838,2.31561160154991,17.3069061744803,3.13790226042541e-40,7.25414388724925e-39,9.67196525632531e-40,80.8013489196393
"SORBS1",-1.55478137033958,5.44683862606136,-17.3040183952557,3.19773625844891e-40,7.38550611555883e-39,9.84711079078831e-40,80.5659689618477
"IKBKE",1.26704168637315,3.92411406236175,17.3022585261298,3.23475966767157e-40,7.46398731219645e-39,9.95174993483508e-40,80.6422702021378
"WDR4",1.20231214427722,2.93294250540566,17.2979238613439,3.3277932816503e-40,7.67143924927806e-39,1.02283460375589e-39,80.6891087372979
"MTCL1",1.32071619490576,3.77913712762626,17.2943831966427,3.40577199902439e-40,7.83647050582272e-39,1.04483825579694e-39,80.6024375037814
"EPHA2",1.54844789505404,5.76196109259859,17.2904493643198,3.49455935836839e-40,8.02570711067976e-39,1.07006921200418e-39,80.4697404471575
"KANK2",-1.13471223534217,6.32317941843947,-17.2709124112448,3.97109742208566e-40,9.0945917431295e-39,1.21258382418669e-39,80.327006443128
"ABHD12B",-1.8478167011938,3.48618642981234,-17.2691780083093,4.01642770441725e-40,9.18982637443529e-39,1.22528147754875e-39,80.4536953917796
"AC141928.1",-1.80539452233695,0.112255967942799,-17.2557749906019,4.38467460874873e-40,1.00043998886873e-38,1.33388873501461e-39,80.5737483918572
"GDPD2",-1.38451506095961,4.15990761867442,-17.2474433626135,4.630451563872e-40,1.05553639366777e-38,1.40734888706665e-39,80.2591047343042
"SNX20",1.11024243822126,2.74441276040764,17.2452763934274,4.69660773282535e-40,1.06962297558719e-38,1.42613055627843e-39,80.3583842944336
"HSPB2-C11orf52",-1.25968491628158,3.4592932786379,-17.2419650410527,4.79953561584928e-40,1.09205018168415e-38,1.45603279719587e-39,80.272765923028
"TRIM69",1.06895861871106,4.74351024138326,17.2384569204267,4.91104708715005e-40,1.11535336068163e-38,1.48710297461843e-39,80.1672377455872
"SCN3B",-1.00118222099218,1.5715144649444,-17.2369740438645,4.95896010991737e-40,1.12519309506062e-38,1.5002223130992e-39,80.3806526368462
"ERVMER34-1",1.56536182787729,0.45362882185502,17.2292788848334,5.21522475350929e-40,1.18224614375301e-38,1.5762912625572e-39,80.3974673715146
"ST6GALNAC1",1.98966473123599,1.37755175913696,17.2191827249469,5.57168767301553e-40,1.26188693669183e-38,1.68247649878395e-39,80.29619403876
"E2F2",1.07268343875846,3.60774835514951,17.2185216303493,5.59586307634189e-40,1.26619307690511e-38,1.68821788456001e-39,80.1157585479003
"SLAIN1",-1.2728232357326,0.772909674712482,-17.2157019953491,5.70015960941677e-40,1.28860382396106e-38,1.71809818060355e-39,80.2899573259704
"SALL2",-1.01101170219435,2.67664222871801,-17.2122499097666,5.83050655303711e-40,1.31685694965833e-38,1.75576813234064e-39,80.1380547558158
"UGT1A7",1.79596915427493,3.88892977789236,17.2112029348627,5.87062646451204e-40,1.32469849053865e-38,1.76622327523956e-39,80.0579526840075
"TLE2",-1.28043490386076,4.29778867078424,-17.2081589362483,5.98885052679472e-40,1.3501335084671e-38,1.8001358379791e-39,79.9919784221866
"WFIKKN2",-3.05718936221565,-1.75241569299595,-17.2019441021145,6.2376859720406e-40,1.40236445024942e-38,1.86977546218227e-39,80.088795467815
"POLB",1.17602557788404,3.73150128913295,17.2014022305245,6.25986697862878e-40,1.40606242904585e-38,1.87470598506596e-39,79.9956380125139
"CSTB",1.34862023440689,8.01832127421571,17.1997461576896,6.32814794008354e-40,1.42009892657245e-38,1.89342087665178e-39,79.8634076045024
"CCL2",1.63098853569331,3.57682033926481,17.1915969361529,6.67517648509535e-40,1.49523953266136e-38,1.99360600431496e-39,79.9502228502377
"BEST2",-2.93476105894801,-1.62731207352764,-17.1766483649023,7.36209494242081e-40,1.6461026868523e-38,2.19475216414772e-39,79.9472593587402
"SPRR1A",3.10472535496456,6.1141145029244,17.1762348993874,7.3820694853894e-40,1.64906557684546e-38,2.19870259158857e-39,79.7374589580819
"IL12RB1",1.73787252990352,0.779110990669387,17.172606095287,7.55972390500422e-40,1.6856809812904e-38,2.24752198711507e-39,80.0188820841342
"FAM171B",-1.35468489494929,2.75806791990085,-17.1650259658804,7.94476750917727e-40,1.76992967724887e-38,2.35985095010039e-39,79.8242692527946
"PTAFR",1.45978773578011,4.79009643515172,17.1647110309924,7.96118360451266e-40,1.77197741789008e-38,2.3625812069913e-39,79.6875076110592
"PPP2R2B",-1.14443283569276,1.85562674151258,-17.1632323579783,8.03871563669353e-40,1.78761212272728e-38,2.38342699173567e-39,79.8796198020404
"JPH2",-1.70558608653427,2.70423623650102,-17.158929763125,8.26864716253467e-40,1.83541518192444e-38,2.44716291080307e-39,79.7909776343276
"LDLR",1.37470060995987,6.04553159513825,17.1233882183601,1.04384496790067e-39,2.30453909744984e-38,3.07264681109465e-39,79.3665143803629
"RP11-1223D19.6",4.37210389065166,-1.50861553649331,17.1186640676572,1.07669197215492e-39,2.37491912706976e-38,3.16648465216912e-39,79.4691819272794
"SLC46A2",-2.29713658213071,3.15661270996656,-17.0979646760658,1.233271667848e-39,2.71541180152386e-38,3.62046424900919e-39,79.3631800140938
"MAML2",-1.09160615012271,4.45039261961976,-17.0896596372783,1.30233449940908e-39,2.86490229609919e-38,3.81978023889808e-39,79.2041785946492
"RP11-138P22.1",-1.01668312459679,1.04689301419196,-17.0883775894994,1.31333575882865e-39,2.88651429144706e-38,3.8485955576143e-39,79.4427319411753
"IFIT3",1.85587675234282,4.96579789351607,17.083345615173,1.357422775236e-39,2.97541249606689e-38,3.96712372024753e-39,79.1516990489735
"RP11-310K10.1",-2.06602019968403,1.31388141796652,-17.0768976316093,1.41609083487863e-39,3.0957108732534e-38,4.12751779880797e-39,79.3593116882915
"C1QTNF7",-2.15360871511993,2.76410450571675,-17.0766417923295,1.4184703352034e-39,3.09776112959725e-38,4.13025140989048e-39,79.2521141602413
"RP11-552M11.4",1.01775966032338,3.03369086690878,17.0740977765788,1.44235074561552e-39,3.14470925230734e-38,4.19284744034693e-39,79.2142599778186
"CXCL10",3.78785316224625,1.07644091963007,17.0692358630165,1.48911557237038e-39,3.23803428715432e-38,4.31727790500478e-39,79.356193605959
"LOXL4",-1.61544994780187,3.06565089589088,-17.0636860655302,1.54435702014461e-39,3.35221141505372e-38,4.46951050905487e-39,79.1381306837755
"RHOBTB3",-1.30085157646284,4.16140929334056,-17.0541910882935,1.64367263046414e-39,3.56148430035551e-38,4.74853448585903e-39,78.9919403964646
"H2AFX",1.3402329188162,4.00047605922579,17.0292920861482,1.93558738444252e-39,4.19029897313382e-38,5.58693440765677e-39,78.8496157502027
"RP3-325F22.5",2.26263402053402,-0.788690311268744,17.0109649907957,2.18316614750201e-39,4.70964813244761e-38,6.2793837308104e-39,78.9469047769649
"KCNJ2",1.15620718739118,3.59233359839093,16.9944258723724,2.43373029017148e-39,5.24556560257699e-38,6.99392361751709e-39,78.6492535090977
"PCDH20",-2.06432911645884,1.33031489689249,-16.9876054870882,2.54527072826474e-39,5.48115894845282e-38,7.30804071959687e-39,78.7738536050548
"ADAMTS4",2.15938144053218,1.8651309382662,16.9843821835403,2.59975316660592e-39,5.58867183790622e-38,7.45138788055245e-39,78.7324701027855
"APOBEC3B",1.51280084482993,1.72838781680715,16.9639720337579,2.97293065745289e-39,6.37970631373618e-38,8.50607580592307e-39,78.5974680109418
"PGLYRP2",2.97576561738573,-0.993616739173593,16.9438183090941,3.39407713723667e-39,7.25805789207856e-38,9.67718380717163e-39,78.4754567410203
"CADM3",-1.74860398614966,5.28185502740562,-16.9405882828138,3.46692627661711e-39,7.40738394711364e-38,9.87628054947668e-39,78.1912250592492
"MYLK",-1.46085379022541,6.89250480278972,-16.939801956413,3.48489675593772e-39,7.43929918447697e-38,9.91883320237734e-39,78.1539076729295
"CST6",-2.21218939790166,6.93554090041926,-16.9340975414926,3.61808920669538e-39,7.71691235320212e-38,1.02889754223749e-38,78.1212230923892
"CXCL9",3.42538732603582,2.51836664216367,16.9329299128107,3.64597488862122e-39,7.76963267316259e-38,1.03592675355292e-38,78.3759405392477
"CTC-327F10.5",-2.89365926407063,-1.95354048691894,-16.9284226871492,3.75565318296131e-39,7.99641156872179e-38,1.06616323125185e-38,78.2926392839305
"SLC9A2",-2.24221909894528,1.10717340829211,-16.9230708583654,3.89018588372609e-39,8.26849907764588e-38,1.10244071587163e-38,78.3671860850377
"PRC1-AS1",1.03610647832829,2.22703672781855,16.9156386088633,4.08506329229261e-39,8.67518895526867e-38,1.15666476253523e-38,78.2378013604073
"NEU2",2.57632982369363,1.81457856321384,16.8916497454538,4.78334777552394e-39,1.01317749773792e-37,1.3508716822996e-38,78.135973446947
"CDH12",-2.29680261810488,-0.423307975713237,-16.8716030948563,5.45782909274084e-39,1.15504427943699e-37,1.54002295982416e-38,78.0669623263209
"KLHDC7B",3.7685660437548,1.01174590487177,16.8647241102037,5.71060123045786e-39,1.20645673540629e-37,1.60857129517651e-38,78.0210555757533
"PCDHB16",-1.17055137606758,2.03822747799484,-16.8577703186271,5.97804832210714e-39,1.26187236871466e-37,1.68245707526945e-38,77.8642885270003
"LSMEM2",1.12647936749937,2.01948048858051,16.8567585979103,6.01799200442884e-39,1.26921158972167e-37,1.69224247402795e-38,77.867848728232
"VNN1",2.60279074135051,1.13900631461634,16.8541031888389,6.12410683403204e-39,1.29048189368675e-37,1.720602214907e-38,77.9317783781729
"EPGN",4.73980703605328,0.675484649587585,16.8527280600894,6.17979424524955e-39,1.30109865448482e-37,1.7347575643417e-38,77.9432684574363
"BZW1P2",1.10437815129915,5.56929087542302,16.8467549596979,6.42763097959182e-39,1.35211777587846e-37,1.80278146587954e-38,77.5585860786433
"GK3P",1.8297930301404,0.502185541454433,16.8462091747451,6.45076747246146e-39,1.35582197570295e-37,1.807720283273e-38,77.8964806563483
"RP11-71L14.3",2.20223964713585,0.727346711781839,16.8333097357474,7.02256046397952e-39,1.4734761596278e-37,1.96458885341297e-38,77.8079831228455
"MAPK4",-1.9703531900662,1.26081375903957,-16.8291030883838,7.21980026369547e-39,1.51356633220446e-37,2.01804116457586e-38,77.7381373215345
"RP11-424C20.2",1.586366093375,1.91337008726706,16.8275734802111,7.29288815487535e-39,1.52758292624067e-37,2.03672951879619e-38,77.6903288535235
"PRKCB",-1.0721759049768,3.84854977734998,-16.8261440841885,7.36185769901044e-39,1.54071370001133e-37,2.05423680699897e-38,77.5138381338829
"MEFV",2.28066877030167,0.0602215153455688,16.8218190155424,7.57455227649856e-39,1.58252656080031e-37,2.1099859819677e-38,77.7447070989645
"NABP1",1.58973036434241,3.45454353886141,16.8211000659944,7.61050031576833e-39,1.58733292300311e-37,2.11639431477131e-38,77.5275736319339
"CDCA3",1.12742891573357,2.13490902344043,16.8190383896471,7.71453658772845e-39,1.60766485491762e-37,2.14350292222763e-38,77.6114617111407
"TIMP3",-1.33960214010101,8.61273788400879,-16.8127198607295,8.04234300959418e-39,1.67455508777017e-37,2.23268780995429e-38,77.3306181816254
"CACNB4",1.65790804265175,3.58296442194905,16.795942153258,8.98212195159946e-39,1.86679413462888e-37,2.48900053424348e-38,77.3529953031025
"FBLN1",-1.62104737652997,9.43768660878789,-16.7958354648166,8.98843718605965e-39,1.86679413462888e-37,2.48900053424348e-38,77.2326419903057
"WNT7B",-1.6239599389584,4.46886386256057,-16.7847618757787,9.66871164658223e-39,2.0013009220875e-37,2.66833871601382e-38,77.2046864547012
"GREM2",-1.96207756536078,3.14271512769632,-16.7738486443643,1.03895992580718e-38,2.14689208594763e-37,2.86245572008349e-38,77.2315282463285
"MAPKAPK3",1.00704141154138,6.66499276452633,16.7707540559113,1.06036491693399e-38,2.1892786769829e-37,2.91896985079266e-38,77.0383988049251
"LRRC20",1.25743597827349,3.32120757254211,16.7700790304832,1.0650924033023e-38,2.19718977865424e-37,2.92951773924012e-38,77.1972400771453
"ELOVL7",1.3339400825713,5.98043368589914,16.7628729310228,1.11689507902991e-38,2.30018492850089e-37,3.06684138850461e-38,76.9971713333151
"PAMR1",-1.91697652854205,4.50878697155887,-16.7581611062564,1.1521247265407e-38,2.37074792723072e-37,3.160923182677e-38,77.0314628937911
"NPTX1",-4.03197449062336,0.154088022636266,-16.7559280014611,1.16920813563554e-38,2.40187078315483e-37,3.20241935174316e-38,77.3132865892251
"ADAM19",1.22383950197426,3.42402469387451,16.7542294066843,1.18237226972091e-38,2.42485175850456e-37,3.23305993436653e-38,77.0841964392994
"CTA-384D8.36",1.52854347932558,3.33659663724791,16.7422969569051,1.27913160050844e-38,2.61454499143926e-37,3.48597831961242e-38,77.0171366566758
"CD2",1.53798254586203,2.67915844611394,16.7312949119261,1.37536317099208e-38,2.80890157019931e-37,3.74511435362598e-38,76.9976278309436
"P2RX1",-1.64441847952422,2.91123133894503,-16.7310785622845,1.37732652352562e-38,2.81057112887158e-37,3.74734037970468e-38,76.9651040351995
"CDON",-1.11251781901008,5.77812191605693,-16.7281716810531,1.40398017884172e-38,2.86257903795758e-37,3.81668263394615e-38,76.76996252952
"TIGIT",2.03855875626897,1.34341687899177,16.7040525580026,1.64603919797925e-38,3.35054352265852e-37,4.46728670462689e-38,76.9252523862198
"DDX58",1.53140092712698,4.66003678254886,16.693791625731,1.7613067778842e-38,3.57923219949823e-37,4.77219779700218e-38,76.6007558837592
"JAK3",1.25558586760806,2.93158217535036,16.6898088857713,1.80819624187864e-38,3.67147660768207e-37,4.89518745986406e-38,76.7000120699886
"KRT17P3",2.10740196133158,4.28888902159328,16.6887592384005,1.82076083469359e-38,3.69393066611781e-37,4.9251255030611e-38,76.6035863140626
"FLG2",-2.59979278711915,10.177802630434,-16.6735162714291,2.01340033860295e-38,4.07800854708945e-37,5.43721734714629e-38,76.4419668423393
"ANKRD31",2.31662646189764,-0.74673079765291,16.6632180454259,2.15498193815607e-38,4.35757600816917e-37,5.8099652292382e-38,76.682928352143
"ADCYAP1R1",-1.54712915181917,2.49815346175483,-16.6602172170169,2.19808458792001e-38,4.4410723865323e-37,5.92129112559609e-38,76.5309580432831
"TMEM8B",-1.08939557558219,3.45880633801847,-16.6508128135951,2.3388417271233e-38,4.7215728298667e-37,6.29528295488457e-38,76.3888161615628
"CLLU1",3.52836833337311,-3.17871169171651,16.6446267741084,2.43631853287635e-38,4.91027288203706e-37,6.54687713013474e-38,76.2868906481201
"RP11-815N9.2",1.34941744958852,1.10150165356278,16.6187331468182,2.89053092634598e-38,5.81138873454214e-37,7.7483367858596e-38,76.3692770416941
"FAM83A-AS1",2.37236608948358,-0.999056764295729,16.6177192629967,2.90994772934367e-38,5.84563455408202e-37,7.79399680886332e-38,76.3670297481999
"LIPG",2.27248613747795,2.67403330614521,16.6126523347721,3.0089602774523e-38,6.03958900862111e-37,8.05259668980984e-38,76.2297661882234
"RAET1L",1.78182077783144,1.29059713737721,16.5928934116493,3.42839985814474e-38,6.87586195589322e-37,9.16760116401634e-38,76.1936418135297
"LMNB2",1.15510204139609,5.97494295164023,16.5847302802973,3.61834685974179e-38,7.24496422659157e-37,9.65972599552129e-38,75.8202650186557
"ZNF662",1.03794091408281,4.19936524162724,16.5828915494534,3.66256687200504e-38,7.32752367345348e-37,9.76980267914393e-38,75.8919405053481
"RP11-399J13.2",1.89949973640234,0.0740378355827136,16.5752325518795,3.85266072461487e-38,7.70155356588048e-37,1.02684975190326e-37,76.1290985718157
"SGCG",-1.94201154582991,1.55593779711054,-16.572157431638,3.93173746859168e-38,7.85322936723263e-37,1.04707271830294e-37,76.0279444443001
"LAD1",1.15077182939315,8.31243462767725,16.5514543144602,4.50815722792636e-38,8.96805194538343e-37,1.19571224641865e-37,75.6002352353913
"PDLIM3",-1.44610354433257,3.71508056482997,-16.5330527896932,5.09121683918344e-38,1.00870247682949e-36,1.34490512753858e-37,75.5940926803594
"MIR31HG",3.43099307283212,-3.18596985108104,16.5216724464324,5.48903066469249e-38,1.08576567857724e-36,1.44765365602524e-37,75.4884321827003
"SCO2",1.55245359468267,5.19680775823637,16.5108087736032,5.89780910463084e-38,1.16474606858603e-36,1.55295837564057e-37,75.3635102957434
"RP11-385D13.1",1.16562351196632,5.13068084913293,16.5104428345661,5.91209740753922e-38,1.16662852141691e-36,1.55546825394736e-37,75.3582042290532
"APOBEC3A",2.91897619438037,0.629435582480164,16.507557782238,6.02596733614313e-38,1.1871881672363e-36,1.58288047283055e-37,75.6803465043526
"IL17C",4.48754758154615,-3.34746057675041,16.5068837571779,6.05288549732311e-38,1.19153431363035e-36,1.58867519893132e-37,75.4181385801307
"ECE2",1.33441523511046,2.32425672249655,16.4998975676338,6.33908502106556e-38,1.24487652038988e-36,1.65979647505886e-37,75.4976819779091
"VSIG10L",1.13634410759439,5.47572297688244,16.4989015016994,6.38098011436877e-38,1.2521014419619e-36,1.66942947814101e-37,75.2669920318648
"RP11-203J24.8",1.00556098726404,1.63127704361428,16.4964653307999,6.48461956722773e-38,1.27142085327707e-36,1.69518808975905e-37,75.5238541619858
"TUBG1",1.04352231326262,5.3818823478695,16.4864073131969,6.9306692631622e-38,1.35779117960737e-36,1.81034582696804e-37,75.1868309968714
"XAF1",2.31277972444252,4.67732959953133,16.4838199792505,7.05030053829245e-38,1.38012587073613e-36,1.84012471748438e-37,75.2301981487219
"CTD-2547L24.3",1.37220029665135,0.535786207041224,16.4800193917141,7.22979120503612e-38,1.41300652332371e-36,1.88396456052794e-37,75.4872084230961
"LYPD6B",-1.23814242122266,4.04799943898128,-16.4784259374891,7.3064009410535e-38,1.42684237485796e-36,1.90241193039142e-37,75.2066545297698
"UBXN10",-1.3576463519285,1.31031433941048,-16.4772719420105,7.36238979167338e-38,1.43549043569288e-36,1.91394240803702e-37,75.4149032734345
"DSG2",-1.14708085068992,4.81783137677905,-16.4741174918406,7.51763874294158e-38,1.46459605311256e-36,1.95274898877521e-37,75.1292010090036
"NPAS1",-2.06188217912472,0.489991817852543,-16.4696034734149,7.74552254729871e-38,1.50779505587415e-36,2.01034630974267e-37,75.4192232101819
"CYP2S1",1.47922406400985,3.30547638666879,16.4602086206964,8.24224501652952e-38,1.60321796800504e-36,2.13757387858227e-37,75.1578740266366
"SMIM25",2.29467507937096,0.00725692334334555,16.44890849965,8.88216933343601e-38,1.72632210309444e-36,2.30170888003812e-37,75.3005380512563
"SGO1",1.64284803218891,0.566883121746104,16.4483363103933,8.91586511415126e-38,1.73149912525655e-36,2.30861141454273e-37,75.2799877748989
"SPATA24",1.08696180575138,0.00685761505520432,16.4462557198241,9.03947261829905e-38,1.75411538276613e-36,2.33876571810504e-37,75.2803157319938
"KIAA1211L",-1.06846853236362,2.52692945150974,-16.443960870612,9.17780140077501e-38,1.77955029848387e-36,2.37267814456682e-37,75.0990666448528
"ARFGEF3",-1.75945152582866,3.64849946032525,-16.440324883306,9.40132642520051e-38,1.82145129982084e-36,2.42854483751301e-37,74.9895112485038
"HCAR3",1.27171613588766,3.94241660016294,16.4349315878147,9.74296850056674e-38,1.88615257602132e-36,2.51481118474537e-37,74.9368861333646
"RP11-145E17.2",-2.34716317332924,-1.76227868391658,-16.4253857932551,1.03784312242526e-37,2.00600599738745e-36,2.67461200277746e-37,75.0604400564904
"DENND2D",1.03226116690951,4.10670900426086,16.4204962551657,1.07198442649385e-37,2.06987202270952e-36,2.75976470826217e-37,74.8254026639518
"PRIMA1",-1.09483333520053,2.61209184727848,-16.4176085675273,1.09267395285734e-37,2.10535009549764e-36,2.80706769710572e-37,74.918038874728
"ALDH4A1",1.30760019046248,5.12495520654692,16.3973948298071,1.24914683348516e-37,2.40118131126364e-36,3.20150007742487e-37,74.6126662316379
"TMEM108",-1.76135522904299,0.824051920484318,-16.3852422712449,1.35383001764779e-37,2.60037139176703e-36,3.46708062944835e-37,74.8434819402978
"RP11-303E16.2",1.68214649881619,0.0645473149917715,16.382048537705,1.38277066155483e-37,2.65388096921886e-36,3.53842506127088e-37,74.8591933664041
"ESPL1",1.10639184542848,2.87653248787718,16.37603089871,1.43899554418016e-37,2.75747521153524e-36,3.67654748178153e-37,74.63132150423
"P2RY8",1.50188549077902,1.87289702569769,16.375111844545,1.44778193424201e-37,2.7721463921224e-36,3.69610859762288e-37,74.7114705222666
"AHNAK2",-1.06632991626628,9.46355551829472,-16.3727249524558,1.47085311156722e-37,2.81193180986133e-36,3.74915457852156e-37,74.4369694026738
"PELI2",-1.17869496643977,3.42468268866762,-16.3680570808537,1.51704169507195e-37,2.89346801685263e-36,3.85786697427905e-37,74.5240719876171
"GAL3ST4",-1.04721179997572,4.10208417238397,-16.3665100574585,1.53266788729823e-37,2.9210006169115e-36,3.89457624767157e-37,74.4609476046628
"CMPK2",2.38820046191985,2.65042380024767,16.3527195004222,1.67928740306041e-37,3.1979473153933e-36,4.26382986149611e-37,74.5183371540346
"ATP13A5",-1.78796278922422,1.14292497842363,-16.3452702681737,1.7642498418183e-37,3.3545364434201e-36,4.4726104742512e-37,74.5592171692769
"MAST1",-1.66122140322568,0.670125384713154,-16.315280204182,2.15216588516599e-37,4.08578365567736e-36,5.44758391573042e-37,74.3899852164516
"GLRB",-1.73379241058064,1.22369366297113,-16.3138873586529,2.17212750013763e-37,4.12049058958823e-36,5.49385874349191e-37,74.3457989093781
"HOMER1",1.20697013294354,3.41964180211158,16.3129228225945,2.18605937912915e-37,4.1437144089088e-36,5.52482311049083e-37,74.1701064195945
"HSD17B13",-3.37951606022953,-0.59447062720011,-16.3122259747813,2.19618040495405e-37,4.15968439943728e-36,5.54611593235047e-37,74.39309683723
"HELLS",1.15362307642114,2.83221931565498,16.3058851910704,2.29045829012466e-37,4.33490439353223e-36,5.7797371179019e-37,74.1714890040276
"KIF15",1.22987404827097,1.85464170478053,16.3016062850853,2.35636003901179e-37,4.45275801516804e-36,5.93687159876011e-37,74.2231184505794
"NT5C3AP1",1.56879379183421,2.0857188941858,16.2983711224972,2.40744472813553e-37,4.54578939889979e-36,6.06091053777026e-37,74.1887087911017
"POLE2",1.16630221648276,1.37264310218073,16.2941939736355,2.47504845031675e-37,4.66984526072072e-36,6.22631447847297e-37,74.2092836271624
"RP11-91P24.6",-1.20975101722264,1.58370430179789,-16.2903042615811,2.5397092740183e-37,4.78816211169261e-36,6.38406658397634e-37,74.1592576237607
"RP11-679B19.1",-1.91667984714912,0.584508656768189,-16.2881787559399,2.57575499902706e-37,4.84866604882086e-36,6.46473661022215e-37,74.2181299786019
"PEG3",-1.36382332898054,2.61938849410344,-16.2865510950655,2.60370408221941e-37,4.89751945772068e-36,6.52987296275063e-37,74.0519328771659
"C7orf57",2.70415721117037,-2.48764577286049,16.2840170722742,2.64782252751683e-37,4.97668896206382e-36,6.6354298289045e-37,73.9731878721707
"CXCL13",5.63536244696455,-1.30513301174403,16.2779187918034,2.75709073643969e-37,5.17809506764109e-36,6.90396501180585e-37,74.0347368118409
"OTUB2",1.26647568375153,4.82336224406114,16.2717464610311,2.87228685087243e-37,5.38619662677363e-36,7.18142725697235e-37,73.7957909570198
"CCKBR",-2.82005679797811,-1.27653164570512,-16.2596976982372,3.11123555963573e-37,5.81649282063606e-36,7.75514207455155e-37,74.0180356384991
"BZW1",1.0382603096607,6.84537930619403,16.2590638238093,3.12434393058339e-37,5.83655048966866e-36,7.78188500673231e-37,73.6547957788403
"GPR12",-2.47426664392729,2.12696797507486,-16.2577209965163,3.15229632211895e-37,5.88428646795538e-36,7.84553148668115e-37,73.9139891645342
"CYB5R2",1.02237503395764,5.12070688254855,16.2572728853941,3.16167987788241e-37,5.8973143760228e-36,7.8629016238261e-37,73.6805299096493
"KIF14",1.89589041153005,1.26934467948926,16.2547906393861,3.21416783215441e-37,5.99066174673886e-36,7.98736186894503e-37,73.9669844514138
"PTPRU",-1.25108879359004,4.52122641940105,-16.2471769224081,3.38067060549617e-37,6.29296769412091e-36,8.39042702250492e-37,73.6442114657376
"LINC00327",-1.24924412654543,0.370620803959679,-16.2273222492669,3.85666055439175e-37,7.16637652106977e-36,9.55494484295589e-37,73.8222250016843
"CLEC2A",-1.78598183096442,2.79957704154911,-16.2258234262741,3.89520769999409e-37,7.22705404428556e-36,9.63584631189623e-37,73.6380651630885
"HSPD1P2",5.4162494266269,-1.63377068380936,16.217617699668,4.11318908242729e-37,7.61996237264174e-36,1.01597118099961e-36,73.6322084497395
"STAR",-1.06751094234083,1.77082382981286,-16.2122561013805,4.26217705723998e-37,7.87812199397003e-36,1.05039165744566e-36,73.6275912892069
"RP11-481J2.3",1.3240454568721,1.02121447992697,16.2028420642289,4.53697427765235e-37,8.37736879935928e-36,1.11695633869693e-36,73.6311747193423
"RP4-647C14.3",-1.297256019067,1.11650242781575,-16.199517112542,4.63821430594079e-37,8.55384364632449e-36,1.1404857670484e-36,73.5936899266501
"BAK1",1.23239929424659,4.29766557058851,16.1964237309599,4.73443457394373e-37,8.71818402625314e-36,1.16239730436537e-36,73.3298318303793
"RTN4RL1",-1.27831982264107,2.97377624076946,-16.189775107403,4.94806325404121e-37,9.0979082080302e-36,1.21302600914734e-36,73.380710487917
"POLQ",1.5529586532702,1.44074981435553,16.1872189755016,5.03274168728679e-37,9.23284129437325e-36,1.23101666584402e-36,73.5025072291755
"MYO3A",-2.90141504622568,-1.75048650217972,-16.1856510288693,5.0854007441553e-37,9.32247454802999e-36,1.24296748634957e-36,73.485388044583
"CBX2",1.17163019777658,3.18734701964093,16.1798558275107,5.28486662973633e-37,9.68089684049087e-36,1.29075600576214e-36,73.3071424154973
"AC007182.6",1.65045733945252,1.80984647535311,16.1736063801615,5.50875992913274e-37,1.00834972792364e-35,1.34443480668271e-36,73.386226196437
"PTTG3P",1.94779037279363,-1.05024613027099,16.1633935030911,5.89528428709377e-37,1.07669049139118e-35,1.43555368992001e-36,73.3949789445608
"KBTBD8",1.42682090070856,0.811125153361251,16.1630713897892,5.90790753077619e-37,1.07819312436665e-35,1.43755715361713e-36,73.3826003513806
"MDFI",1.69665959137787,3.48708135855392,16.162533949428,5.92902949691209e-37,1.08124338661903e-35,1.44162407467442e-36,73.1759301044199
"SLC52A3",1.6589411487506,1.76663238506733,16.1503514213775,6.42864367631043e-37,1.17087582092341e-35,1.56113118728568e-36,73.235845050795
"ECT2",1.23758787064107,3.57467335123301,16.1499601645853,6.445370168357e-37,1.17278961045594e-35,1.56368284688249e-36,73.0777770887165
"LONRF1",-1.06773168198514,5.15874650943746,-16.136297402371,7.05762980971888e-37,1.28134377478005e-35,1.70841834180667e-36,72.8732473379093
"GSDMC",1.3869097212263,4.84681070253553,16.1325896289284,7.23361242817388e-37,1.31135288720066e-35,1.74842955432417e-36,72.8732081460986
"ADAM22",-1.39203714259405,2.38993903101081,-16.1140886493925,8.17964780034089e-37,1.47739618002033e-35,1.96981542482236e-36,72.9285663069223
"WFDC12",2.3887261836604,5.06002668053999,16.1092923978235,8.44451478256185e-37,1.52411374971801e-35,2.03210405846389e-36,72.7273850632284
"BATF2",2.9036216143614,0.57892973567958,16.1078946003632,8.52331105494145e-37,1.53720421732062e-35,2.04955760636829e-36,73.0481927484577
"DEFB4B",9.78762083588379,-0.685368232784671,16.1041064229158,8.74057986627063e-37,1.57523102836066e-35,2.10025883326767e-36,72.9271779524822
"RP5-1033H22.2",-1.93331780601258,-1.19247657879871,-16.0994284357105,9.01655466359337e-37,1.62258292581525e-35,2.16339321743764e-36,72.9794913478302
"LMOD1",-1.50324935999308,5.70360563268747,-16.0959731052574,9.22598939010831e-37,1.65783932425331e-35,2.21040064740542e-36,72.5905919878007
"NCCRP1",1.31220763295565,8.0766059069756,16.0956397276651,9.24645208190813e-37,1.66029997558596e-35,2.21368143898707e-36,72.5770781544143
"ZNF853",-1.39964091799552,2.57271263285296,-16.0917216085228,9.49038033649795e-37,1.7003655872434e-35,2.26710100302485e-36,72.7648671363723
"RP11-392E22.5",-2.6524926939644,-3.07655691426938,-16.0883599354312,9.7047979889513e-37,1.73624569710428e-35,2.31494002874056e-36,72.7088234864872
"GZMA",1.60612353457153,1.1206626418067,16.0841478695122,9.98031893386053e-37,1.78293709256905e-35,2.37719376422248e-36,72.8434137320164
"CTSF",-1.03246552756919,5.29067461368676,-16.0725510846991,1.07800554398809e-36,1.9202120539535e-35,2.56022275809281e-36,72.4440324151113
"IL19",8.16690493831152,-1.81281812009681,16.0712800606622,1.08715218749272e-36,1.93509933634408e-35,2.5800720029218e-36,72.6952764620071
"CASQ2",-1.79868699225463,2.59223452606663,-16.0657605029398,1.12778289783216e-36,2.00451151579907e-35,2.67261940734185e-36,72.594231020012
"LGALS3BP",1.31501672858202,6.90448377686143,16.0641561401506,1.13987583085618e-36,2.02307339936617e-35,2.69736800562489e-36,72.3617425692577
"FAM65C",1.47884474343138,2.6796293406004,16.0607709345915,1.16581980608481e-36,2.0661292054659e-35,2.75477440218282e-36,72.5645011692809
"RP5-884C9.2",-1.59082771476794,0.0919204363377324,-16.0605439343617,1.16758053391232e-36,2.06775561991347e-35,2.75694290397624e-36,72.7335590316771
"GSN",-1.25887129506494,10.2395699098831,-16.0581297035284,1.18647214201288e-36,2.09969615435006e-35,2.79952928551772e-36,72.3641745168913
"MFSD2B",1.21410405030184,2.46689306052401,16.0540653687179,1.21897019035998e-36,2.15565254716292e-35,2.87413606139193e-36,72.5337141859335
"LRP4",-1.10970242170475,5.85128023305085,-16.0507166443915,1.2464152290345e-36,2.20259890041487e-35,2.93672973262612e-36,72.2826187313575
"RP11-680F20.11",-1.05862566772676,2.84437879419033,-16.0446328950988,1.29786915956393e-36,2.29187435174831e-35,3.05576087909367e-36,72.4276083863654
"CTD-2619J13.13",1.60973011293721,3.86166378750359,16.0357063412361,1.37724275023244e-36,2.42331493383797e-35,3.23101088281594e-36,72.3022439455172
"HRNR",4.60142891190898,2.22006153038614,16.0303203163444,1.42746809265464e-36,2.50988798398804e-35,3.34643891211894e-36,72.4817589450424
"PRAL",2.42689171674346,4.12851185793437,16.0187025053997,1.54214135835157e-36,2.70569694117649e-35,3.60751140533663e-36,72.1871337703283
"EEF1DP3",1.46726800439406,0.333886023085352,16.0132878143907,1.59869601625905e-36,2.80291750441759e-35,3.73713578617103e-36,72.4170682028621
"CTD-2555C10.3",3.27491344943046,-2.21078621421641,15.9997858741509,1.74893558514577e-36,3.05540541541706e-35,4.07377844735693e-36,72.152888176127
"CATSPERG",-1.2191342424334,0.528037827711689,-15.9983783593531,1.76538954168e-36,3.08195549311935e-35,4.10917772163114e-36,72.3000049172123
"ZNF667",-1.51631513925906,0.984571648773758,-15.9967252541472,1.7849125832438e-36,3.11382189486514e-35,4.15166526190051e-36,72.2619778730075
"CHRNA5",1.75243051952011,0.0619482911186027,15.9924351535079,1.83659319725217e-36,3.20170276774707e-35,4.26883701399432e-36,72.2900984684931
"FAAHP1",3.21440898448238,-1.30753104072329,15.9865388534712,1.9100775039483e-36,3.32508027089028e-35,4.43333649764955e-36,72.1835104473194
"CAND2",-1.06302519184821,1.79511947815521,-15.9721531036303,2.10196229991106e-36,3.64617618756849e-35,4.86145435667333e-36,72.0340095142189
"HIGD1AP1",1.13831583130307,2.62278081113958,15.9695349914591,2.13890660352102e-36,3.70240657524091e-35,4.93642645046834e-36,71.9584271589493
"WARS",1.05070147759922,6.43835571853317,15.9685141292022,2.15348766811724e-36,3.72501731477995e-35,4.96657339690896e-36,71.7268710267889
"HOXC-AS1",-1.60629902595473,-0.285987460396459,-15.9673513241615,2.17021744771448e-36,3.75131032822697e-35,5.00162992687257e-36,72.1269451943868
"LEPR",-1.74017455846388,5.21527384066188,-15.9662159846367,2.18667767203513e-36,3.7771006999773e-35,5.03601628360797e-36,71.7486176152683
"PRKAG2-AS1",-1.21195990513093,-0.0229144122220021,-15.9565554412875,2.33189352905597e-36,4.02510094867591e-35,5.36667553523781e-36,72.0484372866925
"SSPN",-1.2805886073256,4.15410180827555,-15.9457025357446,2.5065868976229e-36,4.31752552141113e-35,5.75656583126051e-36,71.6665083750311
"CRHR1",-2.39259110714883,-1.46845747387937,-15.9417132050981,2.57404561762851e-36,4.43060988836436e-35,5.90734145484962e-36,71.9198273521008
"CORO2B",-1.23396475737358,3.09631414035413,-15.9392950624045,2.61581803726835e-36,4.49935377406158e-35,5.99899782180107e-36,71.7072229442334
"CH507-42P11.7",-2.5914555216209,-2.66774770684641,-15.9365053591461,2.66485327139491e-36,4.57727738380772e-35,6.10289353407621e-36,71.74537616641
"HMGB3P6",1.24945624110837,0.135911789263726,15.9191470408414,2.99134397583667e-36,5.12014550169726e-35,6.82670073401656e-36,71.7999706908384
"HSPB7",-1.65107874141806,3.15585562701209,-15.9008977568966,3.3778938698198e-36,5.76569108134587e-35,7.68740800902808e-36,71.4499451820619
"P4HTM",-1.04517974850626,3.46910147194477,-15.8999721907565,3.39878079345219e-36,5.79730843545168e-35,7.72956349355684e-36,71.4136577842672
"IL1RN",1.15041529747562,6.69334964278898,15.895403935229,3.50378143782179e-36,5.97225511514197e-35,7.96282026843942e-36,71.2389489300002
"KIF4B",1.65722677650094,-0.911730831068776,15.8940392919441,3.53577334338324e-36,6.02260059489611e-35,8.02994600216673e-36,71.6329755232887
"PYGM",-1.49896660462696,1.8180299545,-15.8755801288026,3.99839517082607e-36,6.79173384695442e-35,9.0554329799572e-36,71.3936773439178
"AC005264.2",1.63144622788879,2.33290827542845,15.8738818538913,4.04388933569935e-36,6.86425727515804e-35,9.15212861885787e-36,71.3547483299541
"CARD14",1.3273741330721,4.48593018830456,15.8729276524022,4.06967804485912e-36,6.90325470845812e-35,9.20412397845189e-36,71.1683209055086
"LCK",1.4186279797441,2.67253482921396,15.8663380883145,4.25232465427453e-36,7.20808701589811e-35,9.61055753317465e-36,71.2723318156777
"CAPN11",-1.39682452890574,-0.148922256950403,-15.8647962262196,4.29623334136711e-36,7.27748697493456e-35,9.70308864408503e-36,71.4454199341006
"GINS2",1.06802348196268,2.44511309075749,15.8425075161552,4.98413167197679e-36,8.43108838967219e-35,1.12411878293799e-35,71.1280696659145
"STAC",-1.81852598676836,1.05230394657493,-15.8239604477772,5.63994542756255e-36,9.52731277184947e-35,1.27027860968463e-35,71.1140269379768
"PRELP",-1.32682563896562,6.57707403158675,-15.8216423545776,5.72776884115704e-36,9.66900991988299e-35,1.28917112014489e-35,70.749974864398
"ALDOC",-1.01962850762166,4.92074861163855,-15.820399483938,5.77541904943407e-36,9.7427426715625e-35,1.29900192338758e-35,70.7826512193743
"TACR2",-1.66595564376155,0.736074430258649,-15.8201252997013,5.78598429426947e-36,9.75385723504066e-35,1.30048383046678e-35,71.1090162331886
"LRIT2",-2.09002953061419,-0.0698736770185303,-15.8154478153936,5.96923513822403e-36,1.00558653482389e-34,1.34075063552859e-35,71.119054751247
"FXYD6-FXYD2",-1.4597409929157,1.14593258261147,-15.8082698550048,6.26181703645713e-36,1.05342831461056e-34,1.40453818083918e-35,70.9992754712683
"UBE2R2-AS1",1.72014159897271,1.45656076884884,15.805211860497,6.39078760372837e-36,1.07438819975496e-34,1.43248403965369e-35,70.9711552907309
"TSPAN8",-2.25219251854789,3.21841684932218,-15.8049239177429,6.40306776782183e-36,1.07529342247634e-34,1.43369097500629e-35,70.8135224394407
"C15orf59",-1.65144711656919,2.71763868536,-15.8048800659549,6.40494002869345e-36,1.07529342247634e-34,1.43369097500629e-35,70.8483066128275
"BZW1P1",1.07585825910347,2.06798176975256,15.7996624495807,6.63166663413214e-36,1.11259589057451e-34,1.48342643394237e-35,70.8748053300897
"ASPG",1.86579646305525,3.11238366652956,15.7975551699242,6.72549966870865e-36,1.12756702579689e-34,1.50338747992784e-35,70.7849529363657
"MYO1B",1.08153931016972,6.06670762950905,15.7967651036204,6.76102151437076e-36,1.13274819470277e-34,1.51029554329462e-35,70.5883675498417
"BHLHE41",-1.29435226610322,3.31759900334358,-15.779722192611,7.57473444625849e-36,1.26734711117209e-34,1.68975656086811e-35,70.6270983779903
"BLACAT1",2.27051670539099,-1.97524651466092,15.7767241622215,7.72770290410725e-36,1.29205928310799e-34,1.72270535153002e-35,70.7516354114333
"CTD-2554C21.2",-1.80592193388582,-0.200896991906359,-15.7746088686297,7.83748950066333e-36,1.30774110525354e-34,1.74361395788041e-35,70.8506656733212
"AREG",1.75226865089934,1.5528019413123,15.7727307297714,7.93627606492586e-36,1.3233241286234e-34,1.76439083561601e-35,70.7483863833444
"AC006262.4",-2.0564228065274,1.24995135445928,-15.7711457377438,8.02061335486841e-36,1.33647829054492e-34,1.78192930728938e-35,70.7509752537959
"APOD",-1.52566673743168,7.61370677379646,-15.7677185169161,8.20605717970511e-36,1.36645058047391e-34,1.82189142430159e-35,70.3930959344611
"SP8",-3.7001180011622,0.00474959972943471,-15.7584105520894,8.73166148449479e-36,1.45101756701686e-34,1.93464476479063e-35,70.7464839577084
"CYP7B1",1.31723591535995,3.36759506168152,15.7467621305327,9.43718627098066e-36,1.56402233009874e-34,2.08531425237116e-35,70.4153205560833
"IKZF3",1.67866155190885,2.54730692459375,15.7420888431733,9.73603789189874e-36,1.61246142749826e-34,2.14989820250749e-35,70.4606514638007
"EGF",-2.18019488462832,-0.325874239654516,-15.7360170931767,1.01385226447491e-35,1.67572562958495e-34,2.23424849581049e-35,70.598071729673
"SNORD86",1.64933264225744,-0.98879381135561,15.7307571079013,1.05006447651008e-35,1.73091273386016e-34,2.30782957766431e-35,70.5521489008272
"DIRAS2",-2.85898019349075,-1.85066120017648,-15.7277912487404,1.07105107746893e-35,1.76313696833275e-34,2.35079421705868e-35,70.470221100468
"RHOB",-1.09596322426866,6.59612917377942,-15.7267257147099,1.07869300192153e-35,1.77333659189888e-34,2.36439339654733e-35,70.1156978916304
"DENND2A",-1.21350470645061,3.09266727271288,-15.7178276768776,1.144678980283e-35,1.87929625357306e-34,2.50566963564786e-35,70.2332862362395
"MYH11",-1.81193246690448,8.47087468823905,-15.7042120221837,1.25356088914072e-35,2.05530357545746e-34,2.74034056699194e-35,69.9797544606795
"IFRD2",1.08428432050015,4.91002339197471,15.6864156753153,1.41166684421262e-35,2.31143954304721e-34,3.08184718967939e-35,69.8950631319484
"FOXO6",-1.75459391015245,0.378531387261636,-15.6747344461011,1.52615283789869e-35,2.49556512053194e-34,3.32734220823884e-35,70.1659348092081
"EPN3",1.54786274302736,6.00960745248315,15.6714341600661,1.56015171594639e-35,2.54946044561845e-34,3.39920095819159e-35,69.7578932745654
"LINC00641",-1.09332020394848,2.90089561366617,-15.6639798046709,1.63976295418597e-35,2.67243227510123e-34,3.56315955630471e-35,69.890303726394
"FPR1",3.03036006195939,0.694633502633299,15.662134256088,1.66009359421623e-35,2.70295373775757e-34,3.60385388646588e-35,70.0940922347589
"CNKSR2",-1.95494687669528,1.21748908017548,-15.662080059742,1.66069442384241e-35,2.70295373775757e-34,3.60385388646588e-35,70.0272127303756
"SDPR",-1.00152142848268,3.91996594196416,-15.6606648611189,1.67646087683872e-35,2.72680586121354e-34,3.63565597268603e-35,69.7829456065173
"RP13-383K5.4",1.06977008006834,1.54711384950016,15.6551597485888,1.73923124140457e-35,2.82515654895174e-34,3.7667871508822e-35,69.9557977253542
"ERO1A",1.23406905351394,5.51781161192052,15.6516368403343,1.78062980554705e-35,2.89048893914348e-34,3.85389496372251e-35,69.6367705961579
"HTR3A",4.21957505247748,0.0588666092581401,15.6444224580287,1.8685134519386e-35,3.03114404425595e-34,4.04143071031334e-35,69.9898186247886
"RBPMS2",-1.43593991600961,1.75896670245279,-15.6252258350064,2.12410596499451e-35,3.43668015233413e-34,4.58213285359615e-35,69.7323917697388
"CXCL17",3.20085655202422,-1.42465672678591,15.6249720881212,2.12770907101503e-35,3.44024048080795e-34,4.58687984701606e-35,69.7941173479557
"OSR2",-1.56972086149728,4.3523241951068,-15.6193293881065,2.20943392766262e-35,3.57002604596237e-34,4.75992321318813e-35,69.4814480943826
"SDC2",-1.18127545639067,5.4316232855321,-15.611179947048,2.33304527047179e-35,3.76479831540342e-34,5.01961348845834e-35,69.3666537726678
"SBNO2",1.39485161099198,6.08560476025876,15.6095304788142,2.35889512209644e-35,3.80400917519931e-34,5.07189341004676e-35,69.3414185659716
"GATA6",-1.5123790415683,0.58397204297195,-15.6057995755741,2.41842756732255e-35,3.89745015580076e-34,5.19647846542217e-35,69.6936772538832
"ALDH1B1",-1.39974383358714,3.75577019176475,-15.5973644491458,2.55862923640729e-35,4.12068666517386e-34,5.4941201714814e-35,69.3763404348952
"TUBA8",-1.29353078424872,0.896198686693767,-15.5967678470656,2.56884830536276e-35,4.13442987099329e-34,5.51244401661903e-35,69.6100250369331
"ENHO",-2.30963015239988,0.865464997534101,-15.5917920724147,2.65568505954137e-35,4.26858736175824e-34,5.69131648037525e-35,69.5910652918026
"CENPE",1.82484709622684,2.15537489521101,15.5864477006296,2.75223190428231e-35,4.42087388004168e-34,5.89436041453723e-35,69.4602766472128
"CA3",-2.03868280032505,-0.856844999397996,-15.5848714387768,2.78137293478178e-35,4.45892257152468e-34,5.94509081467708e-35,69.5959429037744
"PLEKHA6",-1.29573453610579,2.81245298327875,-15.5825572198556,2.82471770021092e-35,4.52545236778402e-34,6.0337951315382e-35,69.35601882763
"CYP27B1",1.5736205471559,0.732245502133232,15.5815847736016,2.8431326379517e-35,4.55198154984851e-34,6.06916654561472e-35,69.5336478558019
"LYZ",1.40222397771213,6.79460701951403,15.5779535969292,2.91296421113354e-35,4.66074273781366e-34,6.21417806559361e-35,69.1224983752139
"HIF3A",-1.80033145684952,1.79454321833989,-15.5759380323782,2.95246444341076e-35,4.72086361590476e-34,6.29433735842194e-35,69.4045871481665
"IRF8",1.08392748239149,4.436839353006,15.5718783173682,3.03366097110959e-35,4.84122552370697e-34,6.45481614248552e-35,69.160296770872
"NLGN3",-1.15677371113964,0.557458213967044,-15.5695652148581,3.08092049194003e-35,4.91344719286768e-34,6.55110944542152e-35,69.4517246495271
"FST",-1.10382548619452,3.31883414563723,-15.5670035511394,3.13411933337858e-35,4.99179733825389e-34,6.65557385855998e-35,69.2075296337191
"RP11-1223D19.5",3.79533478830523,-2.58423690117029,15.5658598037044,3.15816801176976e-35,5.02683614488571e-34,6.70229117291622e-35,69.3055993791881
"SLC26A5",-2.47095959152709,-1.95993135071428,-15.5575194288384,3.33921291716153e-35,5.31155735616977e-34,7.08191056096266e-35,69.3427766573995
"AP1S3",1.15013602071264,1.49254176988015,15.5513130185555,3.48064877797851e-35,5.52578338034025e-34,7.36753856820684e-35,69.2697270537894
"PARPBP",1.36361731572457,1.48356785887267,15.5376244026946,3.81416646586784e-35,6.04353198157663e-34,8.05785386391959e-35,69.1825160611155
"CD28",1.66270863857557,1.31176380564101,15.5367250609051,3.83716707556074e-35,6.07605126077171e-34,8.10121188706114e-35,69.1948384774105
"TCEAL2",-1.82399120960473,-0.386833107558663,-15.53517584103,3.87711448100133e-35,6.13139032817542e-34,8.17499558167284e-35,69.2666812530063
"ISG20",1.30795450528104,2.56136982381682,15.5305398143228,3.99916203279842e-35,6.3203251508041e-34,8.42690277686739e-35,69.043240646333
"UGT1A8",1.55745964461662,3.58007396823173,15.5258018268544,4.12787024764096e-35,6.5153411476279e-34,8.68691801436809e-35,68.9275969008892
"UGT1A9",1.55801230237037,3.58016370406434,15.5219956286061,4.23426489954169e-35,6.67897424154074e-34,8.90509036160977e-35,68.902182008188
"ZNF536",-1.70472621384417,-0.468086145246291,-15.5204819688374,4.27733556760266e-35,6.73824578048542e-34,8.98411722877317e-35,69.1701004496003
"UGT1A10",1.54817116487046,3.67936948775344,15.5190159094332,4.31947001128562e-35,6.80025420005222e-34,9.06679318460912e-35,68.8738513826063
"GPX2",1.52820154245332,3.5112572850988,15.5087100059723,4.62762781149771e-35,7.27605480515486e-34,9.7011791291146e-35,68.8187381411292
"TK1",1.60795579255636,4.09595661174216,15.4991335127518,4.93367868650884e-35,7.74732847776498e-34,1.03295293050351e-34,68.7085966079721
"SGCE",-1.08086413599018,3.37370888232546,-15.4931018422505,5.1367637869946e-35,8.06107115594393e-34,1.07478430757486e-34,68.7093495111233
"DHRS9",1.88184487379105,3.12666100784585,15.4805108256924,5.58808404281731e-35,8.74693844302635e-34,1.16623113678335e-34,68.6700886531139
"ADGRF2",-1.25029184456099,1.46560270872879,-15.4784471602993,5.66575396039967e-35,8.86285798091091e-34,1.18168671307706e-34,68.777169711056
"SMPD3",1.65469173025509,6.10447437437307,15.4699300234478,5.99791840283315e-35,9.36454122117706e-34,1.24857624470137e-34,68.4108614179399
"ATOH8",-1.61387754606321,3.12821567177829,-15.4651119804135,6.19438466110806e-35,9.66513148649228e-34,1.28865400780762e-34,68.5470140067058
"FOXC1",-1.3832216314852,4.04971030897428,-15.452204045985,6.7530830052075e-35,1.05168012667765e-33,1.40220731820239e-34,68.3840719449348
"FABP5P10",3.23901305978851,-2.36830029291071,15.4431111648284,7.17668913567291e-35,1.11623228357505e-33,1.48827484435526e-34,68.4969439263279
"RP11-296L22.8",-2.30304088953439,-0.722658870487697,-15.4427029187762,7.19632000229403e-35,1.11857628020449e-33,1.49140009997649e-34,68.6548788230318
"UGT1A5",1.55140903816457,3.57746943079066,15.4384511926044,7.40399187490994e-35,1.14867243964447e-33,1.53152737246747e-34,68.3441808539088
"SEMA3B",-1.8725501346826,3.96249382672047,-15.437528454151,7.44984892362115e-35,1.15505622249418e-33,1.54003888352735e-34,68.2984393106706
"LINC01343",2.03533115953669,-0.867132317255941,15.4373688989231,7.45780708351685e-35,1.15555964715415e-33,1.54071010068213e-34,68.6132080434716
"CENPW",1.03414643912738,2.1770374831698,15.4359073628829,7.53110163363277e-35,1.16617967720798e-33,1.5548698090224e-34,68.4410174698892
"LDB3",-1.41311590354195,2.18631708639718,-15.4292277304072,7.87536878138309e-35,1.21718365135327e-33,1.62287351470225e-34,68.3882480665218
"POPDC2",-1.41108675365875,1.65358226283207,-15.4249214200419,8.10562616053985e-35,1.25119445227012e-33,1.66822018688306e-34,68.4056249204643
"GALE",1.09716237427111,3.19093304474261,15.4172316513993,8.53369318097951e-35,1.31561550184202e-33,1.75411290736392e-34,68.2284938146118
"UGT1A3",1.54932293051056,3.57906194445182,15.4155149740102,8.63230541259193e-35,1.32998233140738e-33,1.7732682313497e-34,68.1907128351414
"GDF7",-1.26509894925374,1.67471859142585,-15.4151306976628,8.65453549637031e-35,1.33257028659743e-33,1.77671875743137e-34,68.3373340733308
"FN3K",-1.16332586525593,2.42118467001977,-15.4134270917406,8.75378022678796e-35,1.34700578044326e-33,1.79596563164627e-34,68.2605526607912
"GRIA4",-2.03562948379775,-0.666761072896391,-15.4037352926346,9.34046087184095e-35,1.43548135504082e-33,1.91393030078458e-34,68.3966913137857
"RP4-742C19.13",-1.02294444803883,3.74765105418782,-15.39838266633,9.68118914408076e-35,1.48505445482184e-33,1.9800262186741e-34,68.0449853776298
"TSPEAR",-1.82750721466765,-0.868483248742787,-15.3773222305393,1.11470536324409e-34,1.70351982240816e-33,2.27130655138424e-34,68.2203876794116
"FIBIN",-1.47231718070328,3.3520545273393,-15.3750905637225,1.13148594189897e-34,1.72808762035479e-33,2.30406284790352e-34,67.9251148473512
"PNCK",-1.40286090095643,0.322485817408367,-15.3744575403699,1.13629172505501e-34,1.73434744443991e-33,2.31240908448265e-34,68.1691900858952
"DACT3",-1.1629937755201,1.95791861599265,-15.354475106075,1.29897109938524e-34,1.98141561727121e-33,2.6418255974041e-34,67.9072864717042
"ZNF528-AS1",-1.22136236474925,1.143438198297,-15.350020140725,1.33830817691984e-34,2.04015058815971e-33,2.72013705725305e-34,67.9463720731876
"RP11-680F20.9",-3.21984904158598,-2.92012048136572,-15.3498880657904,1.33949242176521e-34,2.04068758515882e-33,2.72085303647801e-34,67.9018483202567
"STYK1",1.12285036357019,0.859494218422103,15.3458939471564,1.37580554302007e-34,2.09211149158068e-33,2.78941663874277e-34,67.9484604312952
"PEBP4",-1.92930991670348,-0.728793977741699,-15.3427493660463,1.40508722754238e-34,2.13531471605697e-33,2.84701958853129e-34,67.9917414916091
"CNN1",-1.92377480231697,5.25549007075349,-15.3372344182475,1.45795634564909e-34,2.21154936586771e-33,2.94866340698293e-34,67.5518065296406
"SLC7A11-AS1",2.90409687833443,-1.43247705690002,15.3338211249327,1.49167121349762e-34,2.2612924304493e-33,3.01498593929745e-34,67.8812039554957
"RP11-770G2.5",1.2177341357183,4.29319938963729,15.3324224566318,1.5057110710174e-34,2.28116622297188e-33,3.04148370854182e-34,67.5719999531734
"CYP39A1",-1.13353841040249,3.29336900730914,-15.329869968985,1.5316749634863e-34,2.31763871094337e-33,3.09011255323459e-34,67.6253347740145
"MERTK",-1.41307699801808,2.55970293991112,-15.3264906278437,1.56674058095838e-34,2.36923631132843e-33,3.15890774202472e-34,67.6688973901839
"WSCD1",-1.58188627546484,1.72053607545353,-15.3196541659428,1.64015625168839e-34,2.47720151117073e-33,3.30285796937028e-34,67.6986575164806
"NYAP1",-1.50921776266345,-0.80124760811543,-15.3107743576185,1.74068235743737e-34,2.62579685505682e-33,3.50098045296812e-34,67.7793171983278
"BACH2",-1.06306914563323,2.69343661331055,-15.3072064021214,1.78279115091956e-34,2.68766449598986e-33,3.58346870835646e-34,67.5261208274713
"CTD-2527I21.4",-1.32758626998148,3.50373486867023,-15.3017443502918,1.84923843940356e-34,2.78612533425618e-33,3.71474675048275e-34,67.4205757072332
"CTD-2008P7.9",-1.21641722898378,0.592808134325277,-15.3007353266506,1.8617821521139e-34,2.80330218705032e-33,3.7376486843319e-34,67.659047138558
"EPHB1",-1.07568897574141,3.0686409898569,-15.2951939439875,1.93220437695346e-34,2.90577001581328e-33,3.87426925528975e-34,67.4126151423863
"TSC22D3",-1.14691303825897,6.47430949553931,-15.294689647775,1.93874411044061e-34,2.91381835422103e-33,3.88500012176564e-34,67.2288506634045
"RP11-395L14.17",1.06911697988863,1.6550962701331,15.291246985309,1.98398471993594e-34,2.97816261998706e-33,3.97079046623712e-34,67.5200711627195
"PCDHB9",-1.17366127629819,0.514546996312243,-15.2901514490927,1.99860190452203e-34,2.99643688961592e-33,3.9951555882532e-34,67.5936339890139
"FAM83D",1.18521121277807,3.48833426204619,15.2643906666579,2.3751891906055e-34,3.55235612604705e-33,4.73636387191239e-34,67.1816751983553
"ZNF415",-1.22877043625919,1.53978686307256,-15.2639222157708,2.38265796850982e-34,3.56135494525344e-33,4.74836201643019e-34,67.3388694472708
"CD80",3.29415174149322,-1.90636110940623,15.261040100053,2.4291294016355e-34,3.62860450446501e-33,4.83802599474482e-34,67.3352673599829
"ACRV1",2.57945151517229,-2.44955847912954,15.2591762113707,2.45966502951038e-34,3.67198197467015e-33,4.895861266729e-34,67.2720718028578
"RAD51AP1",1.17337802202739,1.53604240069751,15.2465854137396,2.67625171573193e-34,3.98803779364962e-33,5.3172591529223e-34,67.2331848053229
"UGT1A4",1.5271680551161,3.62046964683554,15.2352506605536,2.88752082215709e-34,4.30024958869879e-33,5.73353179394866e-34,66.9809167793982
"NXPH3",-1.27232270910173,2.89586937154234,-15.2342315285241,2.90731587523941e-34,4.32447809508018e-33,5.76583571231253e-34,67.0209692958696
"EIF4EBP1",1.35724372512888,3.36761600170908,15.2329976608594,2.93146376233653e-34,4.35775413106609e-33,5.81020272087017e-34,66.9846726654842
"DIXDC1",-1.06773726640373,4.25076448004795,-15.2259810702056,3.07265301658181e-34,4.56487178623372e-33,6.08635312481708e-34,66.8527450830517
"PDGFRL",-1.36027353215841,5.19452186332235,-15.2217953198789,3.16010150213392e-34,4.69194731503274e-33,6.25578319383372e-34,66.7734591229129
"C8orf88",-1.26221432055993,0.787707309422492,-15.2106205329384,3.40596708055453e-34,5.04478022656048e-33,6.72621605464074e-34,67.043813239237
"HOXC-AS3",-1.19842255880619,-0.410837785639532,-15.2029183194171,3.58649334391133e-34,5.30576047885749e-33,7.07418157228652e-34,67.0572909543621
"RGMB-AS1",-1.2739285224661,-0.720692636366337,-15.1987745499181,3.68754810043488e-34,5.44540516601244e-33,7.26037012649582e-34,67.0348064999285
"DES",-2.53900592439646,6.89916721570254,-15.1921156546641,3.85594570791831e-34,5.68381227907573e-33,7.57823883026692e-34,66.5500885489986
"AS3MT",-1.09340510004044,2.11213784196103,-15.1912431884227,3.87857275887465e-34,5.71373168947012e-33,7.61813044288476e-34,66.802090543363
"AC053503.6",-2.53504958028672,3.2251508971542,-15.1880069049986,3.96367181684789e-34,5.835590775729e-33,7.7806054181241e-34,66.6978160615183
"CST7",1.45534468730998,2.19880577725927,15.1851874011347,4.03933401023365e-34,5.94341839250216e-33,7.92437220567508e-34,66.7699677076478
"OLFML3",-1.31076418853923,6.10153205388287,-15.1832231750372,4.09289761422665e-34,6.00422205034397e-33,8.00544185017678e-34,66.4873559756827
"CTSV",-1.41978784380138,5.31980370388651,-15.1785512152709,4.22317495918545e-34,6.19163391505683e-33,8.25531848238861e-34,66.479048715191
"HIGD1AP14",1.05793964737174,2.22429585929534,15.1763236783755,4.28674346010754e-34,6.2773279754936e-33,8.36957455286368e-34,66.702266953856
"DZIP1L",-1.25226612854477,1.83534570052605,-15.1760985119664,4.29322224139533e-34,6.27988080051459e-33,8.37297823981728e-34,66.7261693085533
"ASTN2",-1.29636491083803,1.27866987229521,-15.1692514791463,4.49498622910037e-34,6.57050192058247e-33,8.76046398861689e-34,66.7286923690938
"OR7E38P",1.11944012004361,1.25929509025964,15.1636891909029,4.66586129498828e-34,6.81621476137418e-33,9.08807343448791e-34,66.7013631358076
"LRRC17",-1.57902042981439,1.80462111904352,-15.1616372384703,4.73052718007268e-34,6.90656968290611e-33,9.20854384083469e-34,66.6349794979643
"RP11-548B3.3",-1.34463486937544,-0.183625140840387,-15.1568023984265,4.88646435540298e-34,7.12575491732011e-33,9.50078397349568e-34,66.7432757265976
"GFRA1",-1.32604833727583,5.83680889284249,-15.1512434669759,5.07212685666858e-34,7.39210502319471e-33,9.8559091281767e-34,66.2783878006358
"LONRF2",-1.58109763858554,1.55643440975188,-15.1472941428185,5.20830623654616e-34,7.57706615480453e-33,1.01025181928032e-33,66.5608720034355
"MESP2",2.24310063212512,-1.70174338578477,15.1467329592967,5.22795159414431e-34,7.60113791945297e-33,1.01346131270859e-33,66.6337300016505
"KIAA1324L",-1.10989465184114,3.50444017146453,-15.1385079274941,5.52454631194332e-34,8.02761089688067e-33,1.07032304421756e-33,66.3261048997848
"ID1",1.3561632593271,5.22406798557485,15.127705322229,5.93983493958338e-34,8.61065433794924e-33,1.14806034847555e-33,66.1455177637104
"UGT1A1",1.50377447921103,3.69502231777042,15.1164403165302,6.40622992622773e-34,9.26485894047841e-33,1.23528558531311e-33,66.1783730209278
"RP11-356I2.4",-1.36385097360378,1.99343715846831,-15.115340179199,6.45369850636362e-34,9.32800924950424e-33,1.24370542925772e-33,66.3063701291425
"C1orf115",-1.03059966205393,4.3865215459484,-15.1105776357868,6.66328789006063e-34,9.61960714346128e-33,1.28258423760515e-33,66.0695446596447
"CENPI",1.17703107962714,0.651880403732824,15.0979374642862,7.25319885860515e-34,1.04589336627788e-32,1.39449181842692e-33,66.3091420381877
"RP11-307B6.3",-1.48647822387085,2.88815669542778,-15.0967212696465,7.31264520311276e-34,1.05384583749677e-32,1.40509486497887e-33,66.1023053918804
"PLBD1-AS1",1.18903794145392,0.525440821654947,15.0960719431095,7.34458310976466e-34,1.05782697895659e-32,1.41040292923544e-33,66.3056655604087
"ACTG2",-2.08665048161278,5.91745950219435,-15.095266228851,7.38440736649224e-34,1.06293863782466e-32,1.41721831472304e-33,65.9098926949557
"SP9",-2.67871635595964,-0.0120386221130667,-15.092829800833,7.5061535654626e-34,1.07793287267955e-32,1.43721015949698e-33,66.318462466656
"NDRG4",1.05190490719468,5.06376226601867,15.0786869603054,8.25361760521588e-34,1.18250427932672e-32,1.57663543525892e-33,65.8203037132964
"RP11-91P24.7",-1.14424974956247,1.06364918690243,-15.0675057598927,8.89695295651355e-34,1.27244584324994e-32,1.6965547110392e-33,66.0648182329292
"FXYD1",-1.32929861756764,3.6949955829272,-15.0664286027247,8.96152093946216e-34,1.28093348253571e-32,1.70787129829694e-33,65.8285444182558
"CD7",2.07351610983177,1.31722204570855,15.0633922616814,9.14606451646536e-34,1.3057896999992e-32,1.74101214516284e-33,66.0432334908009
"AC016582.2",-2.05229102536782,-1.69598941807738,-15.0608943603585,9.30073184639239e-34,1.32709918980985e-32,1.76942413261195e-33,66.0880661829718
"RP1-273G13.2",1.28498505441697,0.703233939037792,15.0485436577846,1.01048270027214e-33,1.44099532978343e-32,1.92128209487134e-33,65.9770509005971
"RP11-848P1.3",1.77909542068064,-0.642056378099377,15.0391219007163,1.07647242556803e-33,1.52976336351869e-32,2.03963670039121e-33,65.9729951999181
"FCGR1A",2.53073179478254,-0.53923705581902,15.0346718447612,1.10912392827775e-33,1.57443944332322e-32,2.09920341127735e-33,65.94310300472
"RP11-783K16.13",1.19220349895524,0.814231273291083,15.0219841399857,1.20776438504962e-33,1.71306703396989e-32,2.28403586857936e-33,65.7899329892461
"MLC1",-1.78801924561254,-0.191450822112732,-15.0219237583855,1.20825422731894e-33,1.71306703396989e-32,2.28403586857936e-33,65.8462490001311
"ALCAM",-1.05161282877347,4.99899723417776,-15.0216452656462,1.21051605922444e-33,1.71528237438805e-32,2.28698958660431e-33,65.4370634142906
"ZDHHC11B",-2.14121740448725,2.1420976132182,-15.0178732382016,1.24157213539292e-33,1.75725801136282e-32,2.34295579140289e-33,65.6487050757524
"ANLN",1.18965519410477,4.4281149257028,15.0173874465375,1.2456293388708e-33,1.76198364612589e-32,2.34925649014184e-33,65.4506751368305
"RP11-244F12.2",-1.15823418969558,3.9595148249779,-15.0140511693975,1.27385395903637e-33,1.80086973528784e-32,2.40110339436299e-33,65.4546432362809
"UPK1B",-2.9729079655606,-1.26052912108317,-15.0101868892441,1.30734671938982e-33,1.84609098060988e-32,2.4613969755768e-33,65.7682436327985
"FUT5",2.19706572772047,-0.335142440818973,14.9940371267899,1.45713332734776e-33,2.0540555317923e-32,2.73867654775611e-33,65.6714319388285
"SCUBE1",-2.51944780186413,0.811280654491923,-14.9934136961561,1.46324801635788e-33,2.06149037020253e-32,2.74858943339884e-33,65.6071600624817
"KLRB1",1.79314491908092,0.659503322675316,14.9926004777907,1.47126279515702e-33,2.07159206886402e-32,2.7620580494068e-33,65.6147915021086
"RP11-417L14.1",1.67526934308238,-0.69139498199888,14.9896494997864,1.50071743687016e-33,2.11185297140283e-32,2.81573799518622e-33,65.6436344310246
"DDX25",-2.14913639761845,-0.428258533948568,-14.9880497584338,1.51693098156608e-33,2.13344513278973e-32,2.84452686924069e-33,65.6288440916052
"IL24",2.43251781980699,-0.982484372558244,14.9849874436098,1.54845864541884e-33,2.17653831832855e-32,2.90198310388314e-33,65.6044343249599
"AR",-1.3894474954099,4.66070330288052,-14.976810050281,1.6359002585972e-33,2.29813067255855e-32,3.06410244474905e-33,65.1585837258798
"ADGRL3",-1.58661896322381,3.82109340764492,-14.9692599543974,1.72101736175631e-33,2.41632019743324e-32,3.22168478610003e-33,65.169184797339
"RP11-589N15.2",2.20422790896983,-1.85236787998031,14.9658742566423,1.76061298167541e-33,2.47049858206719e-32,3.29392093994093e-33,65.4229502851364
"RHBDF2",1.06858290387781,4.93071634200783,14.9623421776476,1.80289289115049e-33,2.52693467623653e-32,3.36916730263963e-33,65.047079157805
"CCL3",3.2640278582904,-1.04888619710688,14.9590357647526,1.8433922133077e-33,2.58222297018911e-32,3.44288330090248e-33,65.4186065500717
"RSAD2",2.85117663439422,3.26702360200437,14.9563037700559,1.87754196643113e-33,2.62855875300358e-32,3.50466289729206e-33,65.1728419577801
"SLAMF1",1.46616538757647,1.16942141805253,14.9527095824111,1.92343569675884e-33,2.69127386024534e-32,3.5882810812869e-33,65.3028511833335
"C12orf75",1.15307133832186,3.9797932576628,14.9525336683909,1.92571052940336e-33,2.69292063085551e-32,3.5904767239946e-33,65.049531594516
"PGLYRP3",1.1387276661387,4.94318567419203,14.9520002399544,1.93262504096429e-33,2.70104997178189e-32,3.60131559129843e-33,64.9779495771175
"MSRB3",-1.04098818693157,4.88518668414108,-14.9517013204997,1.93651061492053e-33,2.70493920061337e-32,3.6065011082549e-33,64.9733672844769
"LINC01137",1.13907343782845,2.81148769071473,14.9502069282904,1.95605341827463e-33,2.73068174407741e-32,3.64082369543589e-33,65.1360891436705
"KIAA2022",-1.18142881957299,0.981879802826398,-14.9381910728914,2.12053928652068e-33,2.95694074018074e-32,3.94249528939049e-33,65.2065373554633
"AC069363.1",3.00343906416463,-1.25513438119233,14.9261118706409,2.29985263458441e-33,3.2015201714578e-32,4.26859355797895e-33,65.1923807261325
"ADAMTS9-AS2",-1.36410782555893,-0.191049709510532,-14.9191984468907,2.40923177789525e-33,3.34429185332285e-32,4.45895134079231e-33,65.1587210649167
"GREB1L",-2.2163028583346,0.702743408853686,-14.9174753354212,2.43729491152282e-33,3.37942168399275e-32,4.5057900176894e-33,65.1024690107605
"LLNLR-285B5.1",-1.54959267968997,-0.543752012234669,-14.9165504920094,2.45249191883952e-33,3.3985718522766e-32,4.53132297721888e-33,65.1529501050889
"CACNA2D3",1.11362936446913,0.717582064673993,14.9164049078674,2.45489278094275e-33,3.39997798593811e-32,4.53319777817834e-33,65.0899639595421
"MAMDC2-AS1",-1.46523556777003,0.569298972120257,-14.9101018443068,2.56112577133706e-33,3.54510682389138e-32,4.72669836214693e-33,65.0536735084568
"GLRX3P2",1.1242270493973,2.10863247531218,14.9038047314624,2.67185433020072e-33,3.69420761055036e-32,4.92549475365375e-33,64.8881697153726
"PDZD4",-1.13189419639545,2.44974292036173,-14.9012803615469,2.71757722183901e-33,3.75319448745874e-32,5.00414208032724e-33,64.8295010616494
"BIRC3",1.37329649972581,3.99635550140938,14.8961960391798,2.81205893651594e-33,3.8814958691538e-32,5.17520658158071e-33,64.6736550818115
"UBD",1.58507186363471,1.93205393393031,14.8938100986253,2.85752358048311e-33,3.93760327989268e-32,5.25001470997236e-33,64.84473449701
"RP4-568C11.4",-1.11566505707535,1.75104048475707,-14.8929874501333,2.8733693394613e-33,3.95721522505933e-32,5.27616335758799e-33,64.8370153553622
"RP11-401P9.5",1.10998085014127,0.317421990211426,14.8905504440191,2.92082882525428e-33,4.02031927193249e-32,5.36030011560894e-33,64.9451820728399
"PHACTR3",-1.6195661409614,-0.00346002430666596,-14.8839465822982,3.05341768520307e-33,4.19575512507905e-32,5.59420910648654e-33,64.9159113234386
"KRT17",2.12677411572308,10.2711911020242,14.8830134883833,3.07263150433081e-33,4.21979314323775e-32,5.62625904650365e-33,64.5064346093221
"PCP4",-2.29708472143637,2.05255866013528,-14.877761995529,3.18304731312514e-33,4.36898626168626e-32,5.82517854417907e-33,64.7206777566582
"ACSS3",-1.41270663707568,2.50814681920397,-14.8719035358453,3.31091892656347e-33,4.53941975577131e-32,6.05241787923034e-33,64.6288776578128
"MAPT",-1.19583052368012,4.14284314104961,-14.8648962820027,3.4706370090877e-33,4.75574215412867e-32,6.34084098657384e-33,64.4396926099552
"RP11-688G15.3",1.03525258261475,3.99086574229329,14.860813534764,3.5672289627818e-33,4.87992147234311e-32,6.5064095319449e-33,64.4311795615321
"LUCAT1",2.87837671396129,-2.04776732125265,14.8601858255392,3.58231650378667e-33,4.89782938711703e-32,6.53028619226468e-33,64.6832258045979
"AGAP2",1.10171449645204,3.74333348135828,14.8575707151864,3.64586350522851e-33,4.98193537917799e-32,6.64242488784421e-33,64.4311134139157
"DKK4",3.17867179546398,-2.60580709800013,14.8504491637534,3.8246963848203e-33,5.22048708552434e-32,6.96048637814282e-33,64.5813438040543
"AF001548.5",-1.69992097855996,4.29742663431787,-14.8410968903484,4.07295270466757e-33,5.54391697780722e-32,7.39171613173449e-33,64.274851720539
"CXCL1",6.20752866049348,0.141707963738238,14.8377063950372,4.16688419926023e-33,5.66548423722034e-32,7.55380201362844e-33,64.6139592192498
"SYNM",-1.72662463953646,5.95902571032182,-14.8345939031544,4.25502178820555e-33,5.78211492637706e-32,7.70930595604787e-33,64.1541647022204
"RP11-832A4.7",1.68109357150335,0.302598666495888,14.8239221694437,4.57163168514253e-33,6.19861702449839e-32,8.26462907685016e-33,64.5082036810008
"DUSP14",1.03474393327407,5.95325219351713,14.811694258958,4.96350871090481e-33,6.71881576495989e-32,8.95821114832954e-33,63.9947765286979
"CACNB2",-1.1739077638764,1.18585963826663,-14.8104167872388,5.00634118494237e-33,6.77305772665562e-32,9.03053206960023e-33,64.3336831187113
"SYT17",-1.62497854440181,1.33078074623386,-14.8097956930324,5.02729939629512e-33,6.79391733291057e-32,9.05834422636116e-33,64.3209878902286
"CMBL",-1.21160574366103,2.70319854972192,-14.8088272646718,5.06015343358334e-33,6.83455084906013e-32,9.11252097864915e-33,64.1864455843554
"CLDN16",-1.70048822347303,-0.393955871640989,-14.8084530185881,5.07290727467584e-33,6.84423925375407e-32,9.12543854894351e-33,64.4280187994117
"CES1",-1.64312474328706,3.77468369116821,-14.7994497505689,5.3896171599933e-33,7.26354558792943e-32,9.68450056355693e-33,64.0332952599291
"RP11-96C23.14",1.33313770374187,5.80641413073361,14.7905374837694,5.72261735014557e-33,7.70386160067895e-32,1.02715748266692e-32,63.8591261845679
"RCAN2",-1.11180723063378,4.69579514088523,-14.790256263405,5.73345365589124e-33,7.71421564847506e-32,1.02853799003075e-32,63.9002569402971
"CHDH",-1.16446452518093,2.49532008134974,-14.7760070339175,6.31027431298742e-33,8.47636409359011e-32,1.13015540203538e-32,63.9848685569195
"UBA6",1.05905560898798,4.84012563101565,14.7757474479057,6.32130446665345e-33,8.48653289316233e-32,1.13151121021468e-32,63.7988138226074
"KANK4",-2.0441652012268,-0.221661063428411,-14.770752955205,6.53732541053037e-33,8.7621594354912e-32,1.16826055490043e-32,64.1719284844808
"HS6ST2",-2.41803399554904,-1.22236224625731,-14.7564067350499,7.19981071217296e-33,9.62905982269239e-32,1.2838445653092e-32,64.0848811940174
"CH25H",1.41046004465984,1.22491628815659,14.7533574190296,7.34906337074595e-33,9.8233147878832e-32,1.30974462055206e-32,63.9619598290322
"CYP27A1",-1.08019132925062,4.22357355460791,-14.741582667102,7.95504596485625e-33,1.06275254589321e-31,1.41697019796063e-32,63.6041639679012
"DLG2",-1.2879671534021,3.59210089244143,-14.7385542026213,8.11883220828925e-33,1.08404309420206e-31,1.44535693066567e-32,63.6359003834415
"HSPD1P3",5.722925370323,-0.364478088088283,14.7331600022141,8.41896871817101e-33,1.12167552807875e-31,1.49553233366617e-32,63.9029963537447
"PSAPL1",-2.06383112010548,6.75458317169599,-14.7262710635212,8.8184782663829e-33,1.17426511898936e-31,1.56565014550414e-32,63.4187088020538
"SPATA22",1.3494912551985,0.965994845684232,14.7213255484139,9.11693389152592e-33,1.21334864075609e-31,1.61776028703127e-32,63.7677321083999
"SFRP5",-2.2481119367053,0.330503685334767,-14.7205001635343,9.16772030178033e-33,1.21878505995701e-31,1.62500867615166e-32,63.8100475501092
"NAP1L2",-1.09377423322625,1.95831301672125,-14.7149190011906,9.5186443229132e-33,1.26406772037041e-31,1.68538414223557e-32,63.6236565475203
"PDCD1",2.30252207173722,-0.824793183349026,14.7147292779085,9.53080691390152e-33,1.26499800857238e-31,1.68662449744601e-32,63.8103088189093
"PGBD5",1.85701270955314,3.10352665157766,14.7137907034019,9.59120533703066e-33,1.27232603843531e-31,1.69639497502863e-32,63.5352075689278
"LRP4-AS1",-1.20580382000124,1.4585057070048,-14.7111918525786,9.76045127332783e-33,1.29407756125505e-31,1.7253963260157e-32,63.6447099720933
"AF001548.6",-1.93358025880784,3.48554648245775,-14.7108992297588,9.77969414351837e-33,1.29592835198389e-31,1.72786398917544e-32,63.4657763475227
"SYNPO2",-1.56958099569873,6.5139151357873,-14.705899492841,1.01144068061399e-32,1.33955815410906e-31,1.78603569583772e-32,63.2792804835292
"MGAT3",-1.13696988071111,3.18913174794691,-14.7006457375875,1.04784881511797e-32,1.38702837221876e-31,1.84932783718526e-32,63.4153052165236
"CALML3",1.74233132447024,9.26571996223335,14.6978670149661,1.06763261669977e-32,1.41245376604164e-31,1.88322756808466e-32,63.2439861234154
"LARP6",-1.06389329137114,2.83074178659484,-14.6949238191193,1.08899532896225e-32,1.43993948403159e-31,1.91987433351637e-32,63.4090603144477
"SPOCK2",1.31993611024471,4.21575836250628,14.6915367712881,1.11410974004049e-32,1.47235364782938e-31,1.9630922060783e-32,63.2801075177105
"HIF1A",1.0122506334205,6.91455536895801,14.690023487678,1.12551708337218e-32,1.48662805713262e-31,1.98212430593481e-32,63.1666364622319
"PLEK",1.150128811676,3.88085099715648,14.6878583839439,1.14204153576899e-32,1.50764234603562e-31,2.01014270139473e-32,63.2798539559885
"FBXO6",1.11555108464797,3.3796612215876,14.6847997770085,1.1658000513117e-32,1.53652572050368e-31,2.0486529651395e-32,63.3024876501257
"VWA2",-1.19824385459788,2.98076146088855,-14.6817583216005,1.18991591785797e-32,1.5674681865317e-31,2.08990861997895e-32,63.3075374457529
"FLNC",-1.58636888348667,5.79459672336634,-14.6809243342368,1.19661545270148e-32,1.57544733354063e-31,2.1005472334177e-32,63.12325890479
"SERTM1",-3.57002905456246,-0.277844631333279,-14.6799863196679,1.2041957780153e-32,1.58457693364588e-31,2.1127197483822e-32,63.5765873357966
"KCTD17",-1.15838727340327,3.37733118295865,-14.6778748874887,1.22143511484097e-32,1.6064000266391e-31,2.14181652403163e-32,63.2456898548697
"ELMOD1",-1.53264349643442,4.44047223093203,-14.671891732763,1.27163980929497e-32,1.66974203653035e-31,2.2262705586436e-32,63.1254640773575
"SASH3",1.19073157450196,3.08189199887964,14.6707639707449,1.28133170826437e-32,1.68156790477841e-31,2.24203801357679e-32,63.2360976030724
"AC005162.5",3.26598554595791,-2.73736184432115,14.6691607080654,1.29523743376599e-32,1.69800020178579e-31,2.26394722963416e-32,63.3793172027026
"DEPDC1",1.28489274239649,1.69313976884158,14.666365491743,1.31984367930974e-32,1.72933364135199e-31,2.30572417031191e-32,63.3353291407465
"HR",1.24084315817162,7.68291941304242,14.6623810944357,1.35572930450649e-32,1.77540461190257e-31,2.36715069195474e-32,62.984437441263
"SCNN1D",2.31079832409511,1.95199204300994,14.6614343036718,1.36439924300754e-32,1.7858049430357e-31,2.38101747526335e-32,63.3011048328597
"CTB-147C22.8",1.74302043102705,5.22726995394381,14.6562959716763,1.41242900556621e-32,1.84669822220299e-31,2.46220661206625e-32,62.9859733402677
"ZNF528",-1.10816364687902,2.71938104402689,-14.6495238210166,1.47832542097354e-32,1.93182556876073e-31,2.57570708173805e-32,63.1144573778881
"BRIP1",1.19991857432451,2.09217620804314,14.6472388912966,1.50124623073748e-32,1.96073309624754e-31,2.61424954875337e-32,63.1692206794364
"KIAA1549",-1.09705373524263,2.5554859409197,-14.6454071168328,1.51987793731776e-32,1.98401096575465e-31,2.64528598097934e-32,63.1018735764626
"RAET1E",1.09121356689647,4.09829659331665,14.6420898693575,1.5542100734358e-32,2.0277481213422e-31,2.70360082223812e-32,62.9532877734463
"VIT",-1.40069055134141,3.52843120172328,-14.6310417428014,1.67425076530114e-32,2.1797252001755e-31,2.90623218013235e-32,62.9195641030135
"ZNF559-ZNF177",-1.08212616314691,1.00383140321102,-14.6275934297601,1.71358530894555e-32,2.22975174842527e-31,2.97293268181611e-32,63.1227100645349
"RP4-681L3.2",2.81617740274248,-2.45425059816053,14.6273259520861,1.71667478002066e-32,2.23194769279495e-31,2.97586053904894e-32,63.106448085449
"ZFP28",-1.23651592625616,1.89148390094514,-14.6272897954142,1.71709283117419e-32,2.23194769279495e-31,2.97586053904894e-32,63.0423475189771
"CTD-2132N18.2",-1.09035374152851,0.235579119436593,-14.6271991391576,1.71814146626215e-32,2.23212785405074e-31,2.97610074842909e-32,63.1807665302055
"DUSP9",2.75018003023004,-1.44382465953088,14.6231149833706,1.76605447788854e-32,2.29073422705712e-31,3.05424074845214e-32,63.172264777595
"F10",-1.41641775447525,4.63569610611518,-14.6198281547845,1.80558320095079e-32,2.34076875015439e-31,3.12095188301679e-32,62.7613042705913
"CPNE9",-2.34682869279541,-2.61734444163409,-14.6112451388839,1.91303223913305e-32,2.47352950772037e-31,3.29796207946996e-32,63.0201985321695
"BCL3",1.29987325456059,4.74385286949663,14.6107082465229,1.91996234101918e-32,2.48118210224017e-31,3.30816529979019e-32,62.6986567365196
"AC008079.10",-1.06628589226302,1.38545816313896,-14.6104768209868,1.92295728150938e-32,2.48374387576947e-31,3.31158091780867e-32,62.9744741223403
"CBS",-1.19429904389925,0.644545363050006,-14.609286711339,1.93843282696133e-32,2.50241475682671e-31,3.33647484267388e-32,63.0307465646953
"KB-1732A1.1",1.52832191423894,0.196665470867433,14.608777129428,1.94509721361282e-32,2.5096972359545e-31,3.34618458736585e-32,63.0727335144574
"SHISA9",-2.48148031837901,-1.07552324518937,-14.6048206358629,1.99762718632019e-32,2.57476613904686e-31,3.43294109230404e-32,63.0773111874205
"KRT8P11",2.21129621881077,1.95902662160709,14.6033100952027,2.01805497663473e-32,2.59972964637062e-31,3.46622498896562e-32,62.9073702077683
"PNPLA7",-1.40981900737018,3.45359591967665,-14.6020108845191,2.03579202486381e-32,2.62120245595063e-31,3.49485473100569e-32,62.7307727612692
"HBEGF",1.61321819750433,3.46630429452898,14.5924136224121,2.17174087377716e-32,2.7933120163611e-31,3.72432876880324e-32,62.6819690073032
"ALDH1A3",1.8316223190392,4.30557828253513,14.5878521871663,2.23950494264306e-32,2.87360235721052e-31,3.83138004862126e-32,62.586320059228
"LINGO4",-2.63425019045049,-1.75643533166933,-14.582677246475,2.31894926748518e-32,2.97019256568546e-31,3.96016397612412e-32,62.9043615746549
"NACAD",-1.30384185267053,1.78311365312614,-14.580510958557,2.35303744131346e-32,3.00913985195707e-31,4.01209247457992e-32,62.7386346749455
"SGCA",-1.92001696615477,2.99269821842518,-14.5790014358613,2.37708699534768e-32,3.0383110902495e-31,4.05098654776536e-32,62.6221337478881
"CYP3A4",-2.08295777849733,-0.280965387881043,-14.5753708543149,2.43594131557785e-32,3.1119150306507e-31,4.14912283584484e-32,62.8681610005524
"CD300E",1.89561826889852,1.20624036195209,14.5640390192949,2.62918479136076e-32,3.35703511517422e-31,4.47594195854051e-32,62.7036435778588
"NDNF",-1.51399412310858,1.54804097242494,-14.5582918425537,2.73298263760965e-32,3.48775224429185e-31,4.65022738089815e-32,62.6131703055268
"RP11-444D3.1",-1.96377917137469,-1.56006904920838,-14.5537273245083,2.81833548278311e-32,3.59107182969892e-31,4.78798360077567e-32,62.7259132987328
"ST6GAL2",-2.29167336193632,-0.309353113944034,-14.5500846894389,2.88836005636135e-32,3.67647615269492e-31,4.90185336371341e-32,62.7014799611053
"CCL4",2.50326213344575,-0.544077318526464,14.5464117280322,2.96073096298102e-32,3.7627362207253e-31,5.01686409329993e-32,62.6882886512031
"MAPK6PS3",1.34988972424803,-0.389507001015975,14.5431945499559,3.0256108357965e-32,3.84121027848947e-31,5.12149371907176e-32,62.6588415555584
"GLB1L3",1.0789970266531,3.08939924199288,14.5403609873112,3.08393205209018e-32,3.91120400070672e-31,5.21481649567619e-32,62.3571814543824
"CTD-2510F5.4",1.395205123259,-0.74757891369297,14.5285775909758,3.33877805600539e-32,4.22131691534537e-31,5.62829069505e-32,62.5688366000667
"FBN2",2.17610225460091,0.363320397749205,14.5253527257312,3.41212683032528e-32,4.30961106561372e-31,5.74601347074973e-32,62.513810901497
"ATP2B2",-1.93840034920724,-0.126640633238683,-14.5205010422992,3.52552684558289e-32,4.44368563558362e-31,5.92477537603602e-32,62.4933987972772
"MIR3945HG",3.96439928791388,-3.24955735754212,14.5169267855558,3.61147529576121e-32,4.54501108539922e-31,6.05987281074788e-32,62.3648768548609
"ISM1",-1.166600780144,4.40562416629322,-14.5154719130212,3.64705761002676e-32,4.58743738762751e-31,6.11643988847398e-32,62.0711091149199
"KCNH2",-1.81972172980488,-0.170073841994526,-14.5142556847262,3.67707244698895e-32,4.62282075754716e-31,6.16361660978441e-32,62.4529008744484
"RP11-638I2.8",1.03232338295642,2.13940055583819,14.5113635502919,3.74944306893425e-32,4.71139034809525e-31,6.28170663058671e-32,62.2495698933098
"PIF1",2.06555564380161,-0.221617891381413,14.5063933530582,3.87715944123725e-32,4.86439727747659e-31,6.48571109037618e-32,62.4125741099132
"ZNF423",-1.20365117419047,3.99504295004294,-14.4915867077412,4.28403100577174e-32,5.36389548287745e-31,7.15169309505157e-32,61.9410265688252
"RP11-303G3.6",-2.39685449326021,-2.43849363706252,-14.4914385522844,4.28831100014306e-32,5.36651490875045e-31,7.1551855810608e-32,62.2426332446176
"TRANK1",1.00652575663926,4.46075705958654,14.4817414432956,4.57795657724529e-32,5.7242244259537e-31,7.63212043044088e-32,61.8451814501359
"SLC8A1-AS1",-1.40513696035117,0.487419649443336,-14.4817134825367,4.57881944052558e-32,5.7242244259537e-31,7.63212043044088e-32,62.1898491755791
"ODF3L1",-2.60587834339278,-1.42392882648163,-14.4783771836705,4.68295412737767e-32,5.8454706786931e-31,7.79377831346364e-32,62.2262545778515
"PLPP3",-1.1500899264242,7.71127552896182,-14.474976845509,4.79152703662117e-32,5.97795397529217e-31,7.97041857062782e-32,61.7250668533705
"CYP4F33P",-2.86214534279572,-3.08754259479181,-14.4746190566429,4.80309673775715e-32,5.98934198188649e-31,7.98560222369991e-32,62.1038145773184
"MIR4697HG",-1.04403634673367,2.23708101205327,-14.4688661820924,4.9930116966194e-32,6.21983701852111e-31,8.29292173937757e-32,61.9445294566671
"TMEM79",1.00289275726147,6.97291355428629,14.4683231626942,5.01132159169167e-32,6.23947695436616e-31,8.3191077070234e-32,61.6742642678337
"MMP1",4.71594695027685,-0.4734113887062,14.4680327524,5.02114140661222e-32,6.24853152822854e-31,8.33118018934096e-32,62.1555102198893
"PNMAL2",-1.10486468614541,3.0273041448094,-14.4640258992514,5.15860994977999e-32,6.41309603893581e-31,8.55059439654776e-32,61.8387111256081
"AC006262.10",3.5248932786288,-0.713941813334768,14.4634261422639,5.17950825145264e-32,6.43581450818796e-31,8.58088497924076e-32,62.1303696217882
"TWF1",1.01867146767807,5.73566303231592,14.4612513724655,5.25600047889019e-32,6.52424998715681e-31,8.69879618879324e-32,61.6422364801793
"PKIB",-1.17063368524588,2.05354579806285,-14.454670119972,5.49443673631471e-32,6.8133237749407e-31,9.08421887621395e-32,61.8668875222053
"PCP4L1",1.85742815497374,3.23801211229501,14.4471100699412,5.78172507004482e-32,7.15510355792428e-31,9.53991457755537e-32,61.7298625478216
"CYSRT1",1.78057201866846,4.53312634740713,14.4464735355674,5.80658943655933e-32,7.18225041351121e-31,9.57610953703456e-32,61.6167623075331
"AMPH",-1.45174250936281,0.937546706851953,-14.4448283736548,5.87134977186302e-32,7.25869290344033e-31,9.67803046915186e-32,61.9050957307313
"TTYH1",-1.56848388736936,1.38511295757645,-14.4266852733582,6.63531651921743e-32,8.18667221244291e-31,1.09153072277557e-31,61.7444042203695
"CLSTN2",-1.38258891734748,3.32414717012121,-14.4252155627085,6.70139543452934e-32,8.25989081498169e-31,1.10129297440552e-31,61.552433756124
"RP11-392E22.10",-2.82504254797966,-2.4507042928593,-14.4246595623275,6.72656483553971e-32,8.28674948699739e-31,1.10487404677746e-31,61.8001970292302
"RP11-360L9.7",1.25705787471363,0.561698073341797,14.4232989579696,6.78855735886724e-32,8.35622414545382e-31,1.11413711755783e-31,61.8004423125751
"RP11-283G6.5",-1.3411247088393,1.58128186712364,-14.4229631780536,6.8039440932064e-32,8.36946543220494e-31,1.11590258109696e-31,61.6992341902644
"TREML1",2.63688737537826,-1.78719797693491,14.4127816119958,7.28745138877899e-32,8.95075651797551e-31,1.19340624345562e-31,61.7508663235389
"KLRF2",-2.70075330834282,-2.6246291581119,-14.410278886015,7.41147619369945e-32,9.09398139465033e-31,1.21250244629597e-31,61.6944792596939
"RP11-680F20.6",-2.05950202068844,1.18688169122599,-14.4097087746023,7.44002270241858e-32,9.12444384224615e-31,1.21656401082169e-31,61.6549394406745
"CACNA1H",-1.82481387041596,2.62259705527352,-14.401162353014,7.88138683606459e-32,9.65125593185184e-31,1.2868039771978e-31,61.4589140851924
"TMEM61",-1.42343329785281,-0.124470273122242,-14.3959110104662,8.16548312617118e-32,9.9941601855652e-31,1.33252347325014e-31,61.6553736530593
"MYLK-AS1",-1.25384001822853,1.74054926869712,-14.3896492371331,8.51767115493351e-32,1.04096381708126e-30,1.38791924014614e-31,61.4596036918176
"SLC27A4",1.160312046971,6.33465472968858,14.3846169778033,8.81169369252929e-32,1.07636067176473e-30,1.43511394072045e-31,61.1147672132391
"AC144831.1",-1.03448874855593,3.48333757338632,-14.3736837656322,9.48597607390945e-32,1.15584709955713e-30,1.5410933615738e-31,61.1891880553056
"RP11-284E5.1",-1.11226344559803,0.799423143201616,-14.3727098567036,9.54848844859378e-32,1.16288641840669e-30,1.5504789001569e-31,61.4296885874059
"SLC17A7",-1.32809116637159,2.24930488671176,-14.3689780999477,9.79185930939839e-32,1.19193411980607e-30,1.58920826134379e-31,61.273283995666
"RP11-1143G9.4",1.49207330184167,4.88500616936014,14.3575405190268,1.0577130064629e-31,1.28497199715315e-30,1.71325585830486e-31,60.9889073348627
"DDX60L",1.70036528831624,3.95618736452025,14.3402887114711,1.18824270701435e-31,1.43998108288775e-30,1.91992979735852e-31,60.9447224283347
"PPP1R3G",-1.12591193653851,1.36999270814547,-14.3349611732755,1.23172145978587e-31,1.49119762910305e-30,1.98821692582506e-31,61.125497399252
"KIAA1683",-1.59594637941736,2.54304332410008,-14.3331634160721,1.24674961717807e-31,1.50864699606037e-30,2.01148220337941e-31,61.0066171439234
"RP11-6O2.4",-1.77574982908007,4.26932514336574,-14.3257587735874,1.31060703874234e-31,1.58279514752694e-30,2.11034408921352e-31,60.810947570682
"TGFBR3",-1.12089412817468,6.36896143833535,-14.3116068715226,1.44190059944617e-31,1.73878750753273e-30,2.31832902991482e-31,60.6223197930568
"TMEM63C",-1.42885052034694,2.33476939555073,-14.311372571999,1.44418159995869e-31,1.74068237266765e-30,2.32085545757261e-31,60.8782806610447
"LINC01336",2.29008238869836,-1.45805973951313,14.3102885987463,1.4547816063581e-31,1.75259740868132e-30,2.33674180007467e-31,61.0958822143219
"WFS1",-1.00465261710702,4.96293936715749,-14.3051814256135,1.50578103745836e-31,1.81225698168689e-30,2.41628603386514e-31,60.6193222125241
"PPARGC1A",-1.74736179772797,3.21685774517712,-14.296638142669,1.59512416587419e-31,1.9179022323805e-30,2.55714306814598e-31,60.6997917163406
"WI2-1896O14.1",-1.52655526696403,0.0687983378115832,-14.2963303221404,1.59844044189757e-31,1.92094792547102e-30,2.56120389713018e-31,60.9772071408302
"LAMTOR4",-1.11869662900724,5.68864140829908,-14.2900379500828,1.66776338726966e-31,2.00033742606113e-30,2.66705408474147e-31,60.4892419689706
"AC006483.5",1.24070976851591,1.4958389681766,14.2854809624504,1.71983872270018e-31,2.06178906111388e-30,2.74898767861728e-31,60.7939848549554
"UNC93A",1.61791118897545,4.39637981383349,14.2842469425397,1.7342184727471e-31,2.07699759275102e-30,2.76926524574035e-31,60.530533947456
"PRX",-1.16267362590789,3.00128239129357,-14.2819854751866,1.76088384331422e-31,2.10790429032753e-30,2.8104732104284e-31,60.6160145399264
"SFN",1.42136300351614,10.1686933098305,14.2768111258109,1.8234491569175e-31,2.18067093714639e-30,2.90749313321878e-31,60.4249014613918
"MIR193BHG",-1.22641402757776,0.311738564782284,-14.2707643254747,1.89938814574106e-31,2.26927386452687e-30,3.02562760208961e-31,60.7862721606519
"TNS1",-1.00901046719214,7.8802005034998,-14.2697018458452,1.91305456853438e-31,2.28226665646942e-30,3.04295091883163e-31,60.3431973343562
"CD3D",1.32602034304993,2.23497240525635,14.2694218110877,1.91667294585671e-31,2.28547175575952e-30,3.047224284436e-31,60.6180018746259
"TMEM178B",-1.44115760813119,0.416275311226056,-14.2650628321749,1.97388724419991e-31,2.35026729736579e-30,3.13361631593157e-31,60.7419131872586
"Z83851.4",1.43381776194015,-1.29527367883555,14.262039433104,2.01457204496303e-31,2.39754600285556e-30,3.19665311310137e-31,60.7856852776012
"NRXN1",-1.59033617111066,1.73270739174321,-14.2556280777757,2.10364538146131e-31,2.50233821127464e-30,3.3363727843288e-31,60.5622565302915
"NPY4R",-2.10500975978373,-1.17231881755068,-14.2533044006632,2.13689243221172e-31,2.54065426937901e-30,3.38745966494558e-31,60.7305958910039
"CYP4F22",1.15375827038369,6.57605274332353,14.2453791139256,2.25429267373509e-31,2.67505034839741e-30,3.56665023892042e-31,60.1738773625996
"AC124789.1",1.78185683759914,1.23494618681648,14.2392797903859,2.34902123964303e-31,2.78611184554953e-30,3.7147287659619e-31,60.5175366923068
"AP000322.53",2.25919402421466,-0.666817896564287,14.2281052076122,2.53302858741581e-31,2.997111683171e-30,3.99605529191519e-31,60.5616324684899
"LINC00950",-1.64676207786566,1.01883151999797,-14.2198358762796,2.67842145570549e-31,3.16303906911624e-30,4.21728662353464e-31,60.3887678763955
"ELFN2",-1.74771991364826,-0.83622902669676,-14.2149784906017,2.76768824897772e-31,3.26688437781162e-30,4.35574379137487e-31,60.4717627292417
"MYOM2",-1.67402075430921,1.85701650656505,-14.2112184765311,2.83882721323879e-31,3.34763239838082e-30,4.46340529652301e-31,60.2524275438414
"IFI30",1.05680386897574,5.81308670561411,14.2076168456765,2.90868475102856e-31,3.42770579321525e-30,4.57016732176432e-31,59.9311092787575
"NEIL3",1.25699184058486,0.692536837602211,14.201576432035,3.02972837949091e-31,3.56076558179938e-30,4.74757621690103e-31,60.301288357355
"MYOC",-2.54372488869637,1.56591514715173,-14.199870871466,3.06480968029218e-31,3.60027068190644e-30,4.80024844971334e-31,60.2177432696585
"PRR15L",-1.79655257044387,1.43503783789777,-14.1936226777994,3.19683548308895e-31,3.74997516638956e-30,4.999849752795e-31,60.175646108562
"ESYT3",1.03158835956016,4.84505718704257,14.187182693914,3.33887249272248e-31,3.90911047739842e-30,5.21202519665926e-31,59.8353962484123
"TMEM47",-1.27081660571198,4.13578812279177,-14.1853420187805,3.38061786372631e-31,3.95609708785682e-30,5.27467254291122e-31,59.8678296801227
"KIAA1524",1.15734720825617,1.3962417866316,14.1812343677535,3.47566977618342e-31,4.06151635398889e-30,5.41522827150228e-31,60.1006867484396
"PTP4A1",1.01007975412636,6.27311705903775,14.1650204832316,3.8777067219809e-31,4.52055087817241e-30,6.02725996516095e-31,59.6342714819412
"AGBL4",-2.47150399394586,-2.99097701535135,-14.163425567178,3.91968504909529e-31,4.56514885490073e-30,6.0867225410518e-31,60.0357113969014
"ELL2P1",1.15605105726415,2.29218238419556,14.1440845844368,4.46642957173715e-31,5.19206561779947e-30,6.92259197562733e-31,59.7661092806411
"BRCA2",1.26333046789541,2.24444630499739,14.143418480735,4.48656168147592e-31,5.21299786467274e-30,6.95050098427698e-31,59.7678241864575
"KRT17P6",2.0174339379221,1.35846794045267,14.142121589247,4.52601938977025e-31,5.25635433675591e-30,7.0083082594211e-31,59.8585662548056
"HMGCS2",-2.56169292199615,2.39014937037309,-14.139715178257,4.60015626228028e-31,5.33992583062994e-30,7.1197343074472e-31,59.732450269712
"ZDHHC15",-1.14366970967929,1.14780085276982,-14.1381579641717,4.64877736292422e-31,5.39381320519419e-30,7.19158245695194e-31,59.8226962134304
"CES1P1",-1.56500526386701,2.42816351799053,-14.1328946448898,4.81695302159073e-31,5.58629899354976e-30,7.44822416219628e-31,59.6688978390851
"HSPA2",-1.0202647679037,5.81911638080832,-14.1292282490522,4.93768755717293e-31,5.72090696279346e-30,7.62769724985284e-31,59.4008106149754
"CNTNAP3",-1.41521248292391,2.92008863299377,-14.1215620028729,5.20001182588084e-31,6.01347902240477e-30,8.0177841904367e-31,59.5445666368745
"APOE",-1.49168135590124,7.11681412196199,-14.1181995488142,5.31942529801809e-31,6.14779126479498e-30,8.19686298485937e-31,59.3180488456889
"SLC16A10",1.1381463266247,5.38771359895175,14.1015329512108,5.95307617267425e-31,6.86815862480499e-30,9.15733029652303e-31,59.2311587940816
"SGO1-AS1",1.31586766771569,-0.772510937521995,14.1003608284615,6.0003826838225e-31,6.91623056714277e-30,9.22142471804565e-31,59.7057047656451
"FZD8",-1.22888667432665,2.61671519117677,-14.0991404791599,6.05003532985613e-31,6.96691392350756e-30,9.28900094336644e-31,59.4209792038905
"CNTN4",-1.77330779757416,0.841027677775972,-14.0968420563651,6.14467085342231e-31,7.07257093818594e-30,9.42987366259284e-31,59.5799691965363
"CTD-2269F5.1",-1.33758901397908,-0.51801361938117,-14.0882554942796,6.51150627598318e-31,7.49128639480842e-30,9.98814785892597e-31,59.6122567600291
"DBIL5P",-1.08856464519916,-0.146752808955186,-14.0839829459244,6.70212304947525e-31,7.70697019022639e-30,1.02757195156313e-30,59.5634488872725
"AC005281.2",-2.45735541970458,-2.5107176794177,-14.0801005860917,6.88016940706503e-31,7.90800352467156e-30,1.05437576820005e-30,59.5061811630076
"RP11-79H23.3",2.02608289867872,-1.08363262824625,14.0736854917936,7.18479875247016e-31,8.25427371431326e-30,1.10054404519553e-30,59.5294130702644
"HPDL",1.61398728188885,0.24732811723446,14.0726382739673,7.23579315174291e-31,8.30896696750703e-30,1.10783630811266e-30,59.4761073122105
"LAG3",1.66800132002863,0.292072061080653,14.0706654726556,7.33284472844589e-31,8.41647241456812e-30,1.1221700319125e-30,59.4606831015871
"FOLH1",1.35912996457406,1.02792738741663,14.0648588260358,7.62612626333725e-31,8.74491000407368e-30,1.16596068459244e-30,59.3549575329308
"SEMA3G",-1.11160387671653,4.65600663377944,-14.0632549241635,7.70918505427239e-31,8.83189589029393e-30,1.17755853104255e-30,59.0068194447063
"ETV4",1.22167730330985,2.99358009362118,14.0603517466784,7.86183617130813e-31,9.0025731843999e-30,1.20031497045559e-30,59.1363302603804
"FBXO46",1.01578695672928,3.85812450406493,14.0584582412317,7.96302387055033e-31,9.10993701011467e-30,1.21462981185162e-30,59.041570591766
"CH17-296N19.1",-1.38274627396368,0.971974529555049,-14.0476299118981,8.56723006356915e-31,9.79659762234145e-30,1.30618241526796e-30,59.2319619336872
"FOXI2",-1.68146470976694,-0.776228952621747,-14.0435439827186,8.80695748928819e-31,1.00613438890201e-29,1.34148109051975e-30,59.322623389554
"SIRPG",1.6368326478988,0.191440298696309,14.0394124930767,9.05618325445138e-31,1.03364384767419e-29,1.3781595095862e-30,59.2572725333956
"SLC26A4",2.16236066944019,0.52725604554036,14.0370825100868,9.19983526907318e-31,1.04955143944106e-29,1.39936913504612e-30,59.227787895716
"CXCR2P1",2.97740081187968,-2.59253818281125,14.0333982482912,9.43165066816911e-31,1.0744985025028e-29,1.43263110653867e-30,59.1688605853085
"RP1-92O14.3",-1.07162539214108,-0.827865235447053,-14.0332240091793,9.44275746335605e-31,1.07526441532589e-29,1.43365229971177e-30,59.2538511771948
"AGTR1",-1.69634069199845,3.06074000375344,-14.0263774344146,9.88970714412682e-31,1.12511473483832e-29,1.50011783525049e-30,58.8926122629316
"SAA2",3.13978836810933,1.40737514088692,14.020009642626,1.03243794740001e-30,1.17402123198088e-29,1.56532497044432e-30,59.0663268679408
"PALM",-1.41784393221399,4.88629426188172,-14.0105218040859,1.10077420398193e-30,1.24825657305912e-29,1.6643031063705e-30,58.6412399106611
"CTD-2196E14.5",1.96617517340157,-0.581815444867012,14.0043480966553,1.14765258043542e-30,1.29961322681994e-29,1.73277704052128e-30,59.0615449677568
"PRR33",-1.38823141880817,3.71716950392751,-14.0038524611331,1.15150156339961e-30,1.30337011292412e-29,1.73778610464192e-30,58.6791119058614
"UNC5A",2.14215897123274,-0.755496778195251,13.9948360694618,1.22381916168909e-30,1.38267325646752e-29,1.84352115222174e-30,59.0017532563222
"MAPK6PS4",1.6438838412544,-0.48213233920973,13.9887826610288,1.27490403736169e-30,1.43840139045113e-29,1.91782359012027e-30,58.952225882517
"TPM2",-1.46923936249204,6.16293813614259,-13.9862871688703,1.29657962664412e-30,1.46218414171618e-29,1.9495331822528e-30,58.4333979169446
"GFRA3",-1.409200969729,1.76813699007792,-13.9476256100232,1.68360029143518e-30,1.88994727452275e-29,2.51987066421456e-30,58.4835779369756
"RP11-694I15.7",-1.33565263868447,0.0818024843112457,-13.9446136673906,1.71821369915175e-30,1.92792065932269e-29,2.57050065779598e-30,58.6141731937865
"FAM149A",-1.00098968213957,2.12468042449513,-13.9390066304143,1.78455767362246e-30,2.00144630171978e-29,2.66853255098239e-30,58.3881421637555
"IRX1",-1.44973701658651,2.86711947165963,-13.9213462258081,2.01073857822094e-30,2.24997243825745e-29,2.99989296997078e-30,58.2003589587738
"CA9",-2.21900663551427,0.0497272462547488,-13.9192528112238,2.03938394540866e-30,2.27890703476007e-29,3.03847152816165e-30,58.4545090033601
"GK-AS1",1.55320564827028,-0.860187640913018,13.91417666201,2.11055053849055e-30,2.35735808780038e-29,3.14307048168692e-30,58.4616188454987
"SOX8",-1.47397518526206,1.33668182157561,-13.9094698319996,2.17875753580049e-30,2.43022122956409e-29,3.24021906138963e-30,58.2689842686508
"IRX6",-1.48931758264567,2.84538225137694,-13.9050822806604,2.24432239188592e-30,2.4999427624059e-29,3.33317892732901e-30,58.0931071379271
"ACP5",1.0773457531112,5.43894573123653,13.8977947455798,2.35761386908625e-30,2.62494566413742e-29,3.4998455583304e-30,57.8535626966208
"RAB9B",-1.4131452530563,0.41349951610291,-13.8967733746941,2.37394269849337e-30,2.64192679258826e-29,3.5224865325022e-30,58.2678390319265
"LUZP2",2.41205701494584,0.432424440708104,13.8959024142193,2.38795623936244e-30,2.65511290295022e-29,3.5400676010982e-30,58.2915792147792
"INHBB",-1.07453389643447,4.24797471221001,-13.8932856585713,2.43055901659329e-30,2.70125743357499e-29,3.6015922005422e-30,57.8877432809235
"SLC38A5",1.05187434375196,4.47250233779073,13.8907626497052,2.47235540634525e-30,2.74646437530962e-29,3.66186671075292e-30,57.8611795828104
"RP11-276H7.3",1.98573470020309,-1.85327664403172,13.8877088728723,2.52390758553941e-30,2.80246289081533e-29,3.73652964890184e-30,58.2618049176754
"MYZAP",1.05362675604159,4.82568758831272,13.8721265653556,2.80418927576151e-30,3.09964644235594e-29,4.13276510134502e-30,57.7116110670937
"CRIP1P4",-1.44088940037611,2.17289485136662,-13.87193298594,2.80786026105747e-30,3.10230614789268e-29,4.13631129231438e-30,57.9343015326811
"PWAR6",-1.44548276257082,0.382902110243072,-13.8642179657368,2.95814709160554e-30,3.26100817361351e-29,4.34790903599553e-30,58.0518223374291
"GABBR2",-2.02325495524509,0.525134837356799,-13.8605555463421,3.03228118280627e-30,3.33973025827895e-29,4.45286935655492e-30,58.022514031595
"SYT5",2.4537177338581,-1.64310141716599,13.8584468340997,3.07580559959074e-30,3.38614720586902e-29,4.51475717011e-30,58.072751771833
"SH3BGR",-1.17684229215399,0.625221098602874,-13.8570432824727,3.10512119440274e-30,3.41270644609438e-29,4.55016866079542e-30,57.9797591995543
"CLCN1",2.38698136245866,-2.73401652130639,13.8528949925121,3.19340952815116e-30,3.50460621505555e-29,4.67269881545905e-30,57.9553020116735
"DYNAP",3.94827134446363,-3.06010441196108,13.8517329236312,3.2185891815071e-30,3.5306599035781e-29,4.707436252999e-30,57.9629260219372
"KRT3",3.21401880188044,1.89918902349263,13.8514884438194,3.2239117951467e-30,3.53491768043622e-29,4.71311315581221e-30,57.8867607061599
"UGT1A6",1.31754097572459,3.84336403653626,13.8508799048671,3.23719867493887e-30,3.54790031719842e-29,4.73042293263097e-30,57.6475747795135
"FOXD1",-1.2969528354154,0.338775645876188,-13.8453593458797,3.3602656543165e-30,3.67456959291463e-29,4.89931134356042e-30,57.9272203244245
"WISP2",-1.5959223212057,6.94272869066727,-13.8419064594354,3.43960719841304e-30,3.75965621045789e-29,5.01275750915182e-30,57.4540589986462
"CATSPERB",1.15549982229987,0.326712507393121,13.8414842509028,3.44943655900037e-30,3.76704273905437e-29,5.02260598321855e-30,57.910276607724
"CEACAM7",-1.9849640353487,0.135283482603457,-13.8290820595232,3.75105193690836e-30,4.08551518243731e-29,5.4472259597965e-30,57.8406441433132
"RPL22L1",1.080285292812,4.13065367936147,13.8267249856869,3.81129074960656e-30,4.14928271222147e-29,5.53224734097398e-30,57.4562475279236
"ADH1A",-1.91928221953529,1.54497189826406,-13.8243125551377,3.87394655667107e-30,4.21562383061348e-29,5.62070009323895e-30,57.681105340367
"BIK",1.44413872521024,0.618249190270794,13.8148556349361,4.12965988728742e-30,4.48791748849737e-29,5.98374979827718e-30,57.7119615891264
"NTF3",-1.29046220054748,-0.121308325312792,-13.8079457418552,4.32711683887551e-30,4.69418495461913e-29,6.25876664338644e-30,57.7098477079902
"CYP4B1",-1.76169460289345,2.95616435002891,-13.8070044962708,4.35473491984779e-30,4.72205738788801e-29,6.29592901711046e-30,57.4238450985558
"MPZ",-1.60745222851377,3.38684650314354,-13.8000485023381,4.56438018667612e-30,4.94283078228662e-29,6.59028664680922e-30,57.3355290364691
"EDAR",-1.50669550451228,1.28805549652443,-13.797896107835,4.63127401442288e-30,5.01084645018811e-29,6.6809720794466e-30,57.5228698058957
"RPS6KA4",1.14579348496225,5.71407979253108,13.7927914324013,4.79386864912198e-30,5.1799123447429e-29,6.9063879911764e-30,57.1357994790964
"FAM25A",1.3524904760238,6.18665068947886,13.7910157273416,4.85175725114945e-30,5.24015419886366e-29,6.98670858159876e-30,57.1143139807119
"RP11-309L24.6",-1.64507126983408,0.21935434682482,-13.7904291189697,4.87103414176865e-30,5.25865868966996e-29,7.01138065799348e-30,57.5708935488837
"NRBF2P3",1.02591006173274,0.48971225914396,13.7900935144827,4.88209707962571e-30,5.26828320145444e-29,7.02421303973769e-30,57.5490718357913
"LINC01229",-2.64264230261653,-1.06308020298581,-13.7891346588939,4.91384369103288e-30,5.30020923718797e-29,7.06678009012797e-30,57.626420454895
"RSPH14",-1.28789429001177,-0.868730217606757,-13.7879095285415,4.95470703764574e-30,5.34193644920329e-29,7.12241506940717e-30,57.6118077523513
"TNNC2",-1.30824522495231,0.203036614443633,-13.7861975948501,5.01237738497846e-30,5.39226282889262e-29,7.18951533697802e-30,57.5404086873838
"CYCSP55",1.43521564704907,-0.521214535601282,13.7787774862227,5.27020455735346e-30,5.66218034966122e-29,7.54939693341783e-30,57.5443912781653
"ACTA1",-2.38757845100737,2.68784517404312,-13.7767589858907,5.34260896054061e-30,5.73494584613305e-29,7.64641532244811e-30,57.2543659770355
"FAM153A",-2.05484291530272,-0.375060913397299,-13.7753679871648,5.39308296364507e-30,5.78659400403702e-29,7.71527791968422e-30,57.5113299369103
"STEAP4",1.20871931503815,6.42590179759347,13.773370666084,5.46639345903009e-30,5.8626890582899e-29,7.81673561508585e-30,56.9906584631929
"NCBP2L",-1.61550155031749,-0.443662587400019,-13.7716397507319,5.53073152334015e-30,5.92909889879752e-29,7.90527999469165e-30,57.486699284333
"SNCG",-1.26995544104536,3.19037224521932,-13.7683025547056,5.6569209284884e-30,6.05908107135211e-29,8.07858549792264e-30,57.1364014689162
"ARL5B",1.17855220745053,4.70032359334871,13.765190041369,5.77720893534467e-30,6.18252097583482e-29,8.24316818141469e-30,56.9998610782108
"FAM26F",1.39248429458495,0.80488679093349,13.7643273059732,5.81100131963398e-30,6.21326243975511e-29,8.28415583972241e-30,57.3542510402878
"FA2H",-2.55271545190613,2.65423346987364,-13.7606037416884,5.95913226024531e-30,6.36887128885825e-29,8.491629444533e-30,57.1517768505295
"PTN",-1.43051181003259,3.25252229484984,-13.7601955350467,5.97559958525342e-30,6.38368931302683e-29,8.51138634722937e-30,57.0772977994404
"GJC3",-1.47589729380402,0.143715442202422,-13.7600938262185,5.97970966559549e-30,6.38529902819879e-29,8.51353258384361e-30,57.371032959844
"LYPD1",1.88362930389567,0.996318552518431,13.7540423720004,6.2294090824824e-30,6.64037140265659e-29,8.85362111557796e-30,57.27832491172
"CHL1",-1.27000128880359,4.72710826805119,-13.751132720132,6.35315611923509e-30,6.76346411860236e-29,9.01774089186566e-30,56.8980619194863
"FREM2",-1.85381084306409,0.993463821677513,-13.7502499620721,6.39118366136271e-30,6.80099578507178e-29,9.06778194147074e-30,57.2355049011466
"CCDC114",-1.65767466946027,-1.38121733789989,-13.7440823472091,6.66330222040909e-30,7.08134648449715e-29,9.44157411689131e-30,57.3254741475287
"LINC01515",-1.27964601497461,0.448778902668641,-13.7277863647217,7.43936717525208e-30,7.88219430127788e-29,1.05093461903295e-29,57.1271129728229
"BICDL2",1.12788674458506,4.91129834306975,13.7187758255472,7.90664971307384e-30,8.35563568126994e-29,1.11405865750479e-29,56.6723981687118
"ZFP92",1.71128352519019,0.738239511404189,13.7144030839753,8.14388837970282e-30,8.59893646910679e-29,1.14649800256563e-29,57.0313034982477
"SLC9A4",-1.77121925068001,-1.17101208211212,-13.700732833877,8.93246638434391e-30,9.40727932482556e-29,1.25427452502272e-29,57.0346581305116
"GAL3ST1",-2.26092615715846,-2.39944780454788,-13.6928782349873,9.41965831690216e-30,9.90335958838303e-29,1.32041701058756e-29,56.9404569369978
"BEX5",-1.3816398614954,0.223863754560744,-13.690830613426,9.55097526067466e-30,1.00371174461794e-28,1.33825097381569e-29,56.8985116697397
"GREM1",-1.62839587355428,4.81423096919045,-13.6906089157128,9.56530247099491e-30,1.00478689082896e-28,1.33968446851335e-29,56.4893738922561
"OVOL1",1.20025237251536,5.75039437649518,13.689207604904,9.65636088357207e-30,1.01391789277507e-28,1.35185885255519e-29,56.435895710254
"PSCA",-2.09707285158469,0.377339795133534,-13.6849565079145,9.93794052627545e-30,1.04303724958701e-28,1.3906837520539e-29,56.8550166917457
"GEN1",1.09361893976818,3.20906590610099,13.6804236843646,1.02472345285403e-29,1.07412037827366e-28,1.43212695271105e-29,56.5520073077372
"ACOT2",-1.35123976725782,3.25135865192501,-13.6754855520533,1.05951534634426e-29,1.10964100833185e-28,1.47948668325204e-29,56.505158289286
"CPEB1",-1.12186532449293,1.33823111928739,-13.6700552184438,1.0991407568748e-29,1.14917836677856e-28,1.53220192617625e-29,56.6535322443226
"CNTNAP3B",-1.33222883577053,2.537822645109,-13.6698360910063,1.10077049113884e-29,1.15039193040705e-28,1.53381997310686e-29,56.5353282691307
"PTPN22",1.3686725052585,1.17417931458938,13.6560341262953,1.20844452116508e-29,1.26130754106966e-28,1.68170398938596e-29,56.5905425745916
"APOBEC3B-AS1",1.84292661960282,-0.782108034619151,13.6518742591053,1.24291810100553e-29,1.29673735352887e-28,1.72894263263178e-29,56.704531354728
"C6orf223",2.60376176178311,-2.03344218811589,13.6472091231707,1.28275047041258e-29,1.3371569714526e-28,1.78283419396673e-29,56.6383586321102
"SRGN",1.04833686741325,4.63613517329377,13.6463727715387,1.29002530861179e-29,1.3441691066113e-28,1.79218348847781e-29,56.1999838779974
"LINC01094",1.10164736358273,1.79715199772017,13.6421813095924,1.32711030923808e-29,1.38105055854865e-28,1.84135760568381e-29,56.4316580262598
"PRUNE2",-1.45111225173687,4.21017272316867,-13.6339515921288,1.40305585840562e-29,1.45822686843106e-28,1.94425694148361e-29,56.1443252755676
"DKK2",-1.39463507628928,3.99326612224041,-13.6320637353157,1.42108160224154e-29,1.47633585513683e-28,1.96840169143175e-29,56.1478027540659
"LSP1",-1.16569953842235,6.58752533686537,-13.6318355645108,1.42327586770467e-29,1.47798943620068e-28,1.97060641453163e-29,56.033952201371
"GRXCR2",-2.28188151413382,-2.70503001841503,-13.6275811334926,1.46481612970823e-29,1.52048286201792e-28,2.02726298827964e-29,56.4857078111577
"FAM227A",-1.99735606931239,0.16989506880239,-13.6274512808747,1.4661029052657e-29,1.52117479104726e-28,2.02818553870539e-29,56.4834562747375
"IL23A",2.13426261064063,-1.3032492953069,13.6216652359831,1.52460217726844e-29,1.58120263019198e-28,2.10822078251142e-29,56.5051070762453
"PACRG",-1.51850629106601,-0.67189933891089,-13.6164398096685,1.57943722648053e-29,1.63599815418557e-28,2.18127976955463e-29,56.4556546835164
"ESPN",-1.39265946998937,4.11256099650626,-13.6163556175876,1.58033669012604e-29,1.63623884910981e-28,2.18160068860185e-29,56.0321550662945
"UBE2SP1",1.17264112136543,1.45594802324079,13.61597073536,1.58445509743061e-29,1.63981074387249e-28,2.18636310337895e-29,56.289914395459
"CRIP1",-1.43267575749891,6.55943913798931,-13.6137065206396,1.60890144706842e-29,1.66370719619284e-28,2.21822429336694e-29,55.9134150230621
"CKM",-2.87465956223663,-1.1960633432196,-13.6104708662183,1.64449250411634e-29,1.69979402195388e-28,2.2663389338258e-29,56.431642896653
"RP11-365O16.6",-1.05978583920387,3.2990591206073,-13.6080918768643,1.67116193748566e-29,1.7266326875589e-28,2.30212298295586e-29,56.0441821786734
"RP11-132A1.4",1.91852704391173,-0.920438009047832,13.6076991022701,1.67560652191215e-29,1.73049586397731e-28,2.30727376417535e-29,56.4115203622475
"SMC5-AS1",-1.33424232344337,0.467200487338595,-13.6068940117638,1.68475380789038e-29,1.7384788136279e-28,2.31791744768419e-29,56.3129382845424
"MAPK8IP1",-1.17122961830462,2.28772678679411,-13.6056346550238,1.69916265618735e-29,1.75260982468307e-28,2.33675835435584e-29,56.1259085017482
"SLITRK5",-1.76751744835624,-0.426613472243543,-13.6014913138309,1.74744400076328e-29,1.80089522902192e-28,2.4011373852121e-29,56.3450685976119
"TBX18",-1.22767647168387,3.7256077234686,-13.5976350682043,1.79361198787684e-29,1.84769906924163e-28,2.46354104352157e-29,55.9363473297881
"TRBC1",1.38575553496107,3.16625527040767,13.5871506811549,1.92539549833294e-29,1.98179189186364e-28,2.6423272851072e-29,55.9314851666954
"RP11-572N21.1",-2.81612226516051,-1.38403803065465,-13.58424001647,1.96366920714171e-29,2.02033885540151e-28,2.69372203242265e-29,56.2556186684562
"AL928654.7",-1.42628356966277,6.55448476884667,-13.5833456486013,1.97558181836045e-29,2.03174301219057e-28,2.70892721858327e-29,55.7083646093567
"RP5-1142J19.1",2.57080084285539,-2.45921707904512,13.576381791145,2.07084436380796e-29,2.12792922310355e-28,2.83717249528961e-29,56.1343216830793
"RP11-548H18.2",1.64340901264568,0.0558515562266671,13.5736608734171,2.10930164561319e-29,2.16653897670018e-28,2.88865096072208e-29,56.1385723102801
"FUT6",2.37835953245428,-2.07691808043057,13.5723628473258,2.1278987296888e-29,2.18381171723041e-28,2.91168074189082e-29,56.1408187907677
"RP11-73G16.2",-2.13360168234205,-2.33475593387039,-13.5710123846457,2.14742117512811e-29,2.20292541127321e-28,2.93716507023822e-29,56.1347089086095
"GALNT16",-1.35522058567413,4.95760964106577,-13.5687329785853,2.1807797627617e-29,2.23621095405598e-28,2.98154475422805e-29,55.6545680319729
"CD3E",1.24660096523448,3.31189623686112,13.5645852645603,2.24281591330426e-29,2.29694316165039e-28,3.06251913396508e-29,55.7630528804958
"PRDM6",-1.60708021723794,0.39122231868529,-13.5635190614552,2.25904600142091e-29,2.312599345695e-28,3.08339355698172e-29,56.031079136294
"CCR5",1.24221807742856,2.34595436746937,13.5631330235941,2.26495131645805e-29,2.31767734209775e-28,3.09016406023373e-29,55.8471157379879
"PDLIM4",-1.2505994631573,4.4876353272118,-13.558483124915,2.33730676462147e-29,2.38773262484945e-28,3.18356891562783e-29,55.6124450420744
"CTD-2245F17.6",-1.46634639706723,-1.19975169493828,-13.5580938486772,2.34346802313486e-29,2.3930301278706e-28,3.19063208751444e-29,56.0797431606294
"CD36",1.39154906802648,6.55256999961022,13.5518733180072,2.44415641861264e-29,2.49480934813695e-28,3.3263345353198e-29,55.4949494454426
"AFF2",-1.60637930978139,2.30558762837016,-13.5481359989823,2.50671946388182e-29,2.55760461772435e-28,3.41005959993816e-29,55.7400201794559
"ETHE1",1.1124597403908,4.32417558492398,13.5433872690196,2.58852952551381e-29,2.63887997513727e-28,3.51842420440582e-29,55.5287119417581
"DIRAS1",-1.31385787292184,1.79596520428957,-13.5397425945891,2.6531259816e-29,2.70136463581091e-28,3.60173513350815e-29,55.7316052301836
"WNT5A-AS1",1.98812930547008,-1.71052224436654,13.5366671644385,2.70888604741459e-29,2.75690624441649e-28,3.67578887672902e-29,55.9278029309816
"ISG15",2.58421493744757,3.43987184062312,13.5366105327274,2.70992374237124e-29,2.75690624441649e-28,3.67578887672902e-29,55.5922149833665
"SLPI",1.16076992103776,6.59239784882318,13.5313137632468,2.80875800396503e-29,2.85508563287419e-28,3.8066916612353e-29,55.3542944733737
"RELT",1.14037426359897,2.29792811102008,13.5298194086834,2.83728813041243e-29,2.88289160160547e-28,3.84376541765197e-29,55.6255943985122
"RP11-410L14.2",-1.09708575420084,-0.633787595499601,-13.5158432661661,3.1185564025466e-29,3.16474768066459e-28,4.2195647188949e-29,55.7777923311953
"PLCH2",-1.1429179945974,4.63828850297418,-13.511197673773,3.21809302374264e-29,3.26305852361966e-28,4.35064277195817e-29,55.2821103828767
"TSPAN2",-1.10320568578646,1.99757279333187,-13.5110433783845,3.22145292982286e-29,3.26511559763203e-28,4.35338547305241e-29,55.5164926030961
"DMRT2",-1.89824441160373,-0.984721011270815,-13.5100674118185,3.24278682076571e-29,3.28538104666424e-28,4.38040543874235e-29,55.7544198701229
"RP11-116G8.5",1.7189494912658,8.23194931541228,13.5095744591965,3.25361604451346e-29,3.29363987403143e-28,4.39141695058924e-29,55.2157388473053
"RP11-539E17.5",2.77971974889505,-1.1129720752647,13.50733880185,3.30318493626642e-29,3.34243069788543e-28,4.45646985834488e-29,55.7411815489352
"ZNF626",-1.06162883697547,2.10481734344892,-13.5038167270497,3.38281294482265e-29,3.42159323342722e-28,4.5620174329813e-29,55.4568826093523
"MIAT",1.58760104482629,2.03352688608135,13.4971091539561,3.53980778944579e-29,3.57449178507725e-28,4.76587739251435e-29,55.4396128119819
"C8orf34",-2.21255213480258,-2.27921813249599,-13.4939223971269,3.61692889841675e-29,3.6508655152414e-28,4.86770664709284e-29,55.624328870179
"ZNF471",-1.29309602208299,1.74098435033151,-13.4826238820762,3.90415215282072e-29,3.92946425951525e-28,5.23916293703614e-29,55.3520277675105
"PHLDA2",1.6182321425589,2.56928918642476,13.4746860109848,4.1194819055814e-29,4.1427901672858e-28,5.52359081719681e-29,55.2355712313424
"MAMDC2",-1.41226692073842,4.30341288979166,-13.4697504860648,4.25931514159277e-29,4.28165908987653e-28,5.70874504288591e-29,55.0284350738038
"SCARA5",-1.65223542772197,7.11422308123626,-13.4630356262657,4.45721424448144e-29,4.47143357826752e-28,5.96177176620205e-29,54.8960550855256
"KRT16P2",1.64249979318143,4.37647366933196,13.4553271236324,4.69576154928608e-29,4.70304774523842e-28,6.27058342070382e-29,54.9403253375134
"FAM221A",-1.09035676257072,1.16128677410041,-13.452163676655,4.79731469853723e-29,4.80279734390699e-28,6.40357976977688e-29,55.202876687037
"ADRB1",-1.70866281296358,-0.963160042888919,-13.4345732180121,5.40341184884127e-29,5.38759698489344e-28,7.18329435738995e-29,55.2474682498856
"XKR4",-1.43193289595174,1.34828131223272,-13.4307296996347,5.54572117918383e-29,5.52499793188549e-28,7.36649132813508e-29,55.0430824489445
"RP11-66B24.4",1.52459262244678,3.62549908859939,13.4232706998696,5.83268061651859e-29,5.80145945506764e-28,7.7350980567152e-29,54.7853226557937
"GPR183",1.0274490423546,2.71848383750323,13.4186300914437,6.01865754451786e-29,5.98401427855428e-28,7.97849878567523e-29,54.8324386172416
"TMEM139",-1.44032701640378,0.461024403364259,-13.4174424867874,6.06719758288613e-29,6.02738851004581e-28,8.03632973947577e-29,55.0400688142858
"ADH1C",-1.89748395035783,2.13171612261557,-13.4117804315746,6.30405597632334e-29,6.26015728693356e-28,8.34668083780079e-29,54.8415908070115
"LMX1B",-1.35376023778363,1.91193532939193,-13.4100064301384,6.38015290113539e-29,6.33316027353495e-28,8.44401587291883e-29,54.8457252067661
"GSDMA",1.10863783550946,6.912661137398,13.400660399032,6.79648858186912e-29,6.73824866354429e-28,8.98412107276161e-29,54.4703247674472
"C16orf59",1.41579531061308,-0.0956511886598864,13.3965359558109,6.9887576666032e-29,6.91768555473944e-28,9.2233646560593e-29,54.9556705287777
"SLC30A10",-3.15874619549164,-2.41022086484676,-13.3962618247692,7.00172793942064e-29,6.92772823308226e-28,9.23675458015261e-29,54.9672371500848
"CFAP45",1.32074327779586,1.68110110078784,13.3939244687844,7.11330015638447e-29,7.0352833159596e-28,9.3801579976888e-29,54.7743010967089
"ADGRV1",-1.10197608974182,0.671985842038257,-13.3935658239778,7.13057647924126e-29,7.04952760511204e-28,9.39914993828507e-29,54.8559818885596
"ERBB4",-2.22855123567918,-0.346670238531968,-13.3910655984507,7.25218674181698e-29,7.16398052369258e-28,9.55175025462865e-29,54.9319290020972
"TMPRSS11E",-2.26019221136298,1.74096699915086,-13.3889029896169,7.35904710297472e-29,7.26661462728518e-28,9.68859252016552e-29,54.7333909488831
"GRIK3",-1.35641122144148,1.0377766511097,-13.3845416743109,7.57936540437357e-29,7.47513770158725e-28,9.96661677239145e-29,54.761962431196
"RP11-328D5.4",-1.33409226592427,0.57909253865153,-13.3774135884269,7.95374166382848e-29,7.83491467993514e-28,1.0446308172051e-28,54.7584881299196
"EXOSC7",-1.20665549144792,6.92223955271279,-13.3761275585055,8.02322883488011e-29,7.90019096194056e-28,1.05333411757289e-28,54.3064279644799
"SUSD2",-1.36217950815236,4.7301604304304,-13.3728279068108,8.20430649034851e-29,8.06877424199151e-28,1.07581136165287e-28,54.3447096658824
"F12",1.62321274084862,2.91822850517862,13.3723393411327,8.23146307331759e-29,8.09223752554445e-28,1.07893972616908e-28,54.5108941468531
"ATP1B2",-1.06718172824329,2.08284267911434,-13.3667815623565,8.54678908640639e-29,8.39550030882563e-28,1.11937381665614e-28,54.5351038382321
"ZSWIM4",1.10941815604482,3.78433012380471,13.3589052642171,9.01445820117063e-29,8.84780435207336e-28,1.1796796095875e-28,54.3291133325149
"KRT8P9",2.92439538217763,-1.10665828438546,13.3580092900288,9.06925386392407e-29,8.89802635097318e-28,1.18637571923203e-28,54.7423604937794
"EFHD1",-1.05135508052013,3.3724829099608,-13.3577624981184,9.08440549893128e-29,8.90932819183473e-28,1.18788259604402e-28,54.3479895293402
"ST14",1.02350243333809,7.18566038577272,13.3550493016445,9.25265877600415e-29,9.06346703106349e-28,1.20843395980028e-28,54.1623097049663
"CXCL8",8.05314824439352,-0.049689846269124,13.3537829438106,9.33225256338825e-29,9.13413770450068e-28,1.21785649550883e-28,54.7023525327977
"SHF",-1.04064084835138,2.47151220590902,-13.3520691906422,9.44105767921996e-29,9.23326406522756e-28,1.23107303397068e-28,54.3969890349214
"DCC",-2.72466580012439,-2.37444633133542,-13.3505983323379,9.53545264235096e-29,9.31815069368862e-28,1.24239098594355e-28,54.661319902911
"UBE2S",1.23003171981485,1.51744168059927,13.3483990438591,9.67835951944713e-29,9.45027079191876e-28,1.26000658634528e-28,54.4821573044878
"WDR66",1.82019347214367,2.55455534308829,13.3411339372504,1.01658363075307e-28,9.91441880521327e-28,1.32189153828658e-28,54.3409366016994
"ADRA2C",-1.40696258874111,1.68052975874025,-13.3408344586052,1.01864494898151e-28,9.93057365207409e-28,1.3240454674061e-28,54.4034670082255
"CTD-2368P22.1",-1.28506147233526,1.16718948672557,-13.3390705496722,1.03087106582455e-28,1.0041781375117e-27,1.33887281643893e-28,54.4421663832535
"CTD-2515H24.4",-1.54655279480843,-0.406851141348452,-13.3360564017102,1.05210350466121e-28,1.02404741120358e-27,1.36536456071685e-28,54.5606302277638
"LIMS2",-1.08743731727784,4.826536840233,-13.3312957985594,1.08653279149307e-28,1.05588257962528e-27,1.40781045752973e-28,54.0553602877261
"AC005083.1",-1.31549078103524,-0.639366574289274,-13.3304664814776,1.09264472862161e-28,1.06140158034182e-27,1.41516895275807e-28,54.5348376919317
"GPR84",2.4932058810494,-1.57343175798777,13.3280955127921,1.11030871439478e-28,1.07770685186685e-27,1.43690880547345e-28,54.5361478868572
"PLD6",-1.00422913834828,1.68347628899838,-13.3256520272127,1.12881180831148e-28,1.09523322920348e-27,1.46027676112803e-28,54.2977112521448
"HSH2D",1.13396062313203,0.672842458529281,13.3232013707682,1.14767892178265e-28,1.11265883768714e-27,1.48351036145964e-28,54.3932569068621
"LINC00473",2.91398487513232,-2.7403183324561,13.3210478927499,1.16451825137923e-28,1.12853827221769e-27,1.50468244481733e-28,54.43202612748
"CCT5P1",1.0036657514736,1.21935896650863,13.3188407890617,1.18203332658495e-28,1.14505977229366e-27,1.52671059551311e-28,54.3087700127786
"RP11-757F18.5",-1.60402502679248,0.191748448641517,-13.3180315955961,1.18852069270096e-28,1.15088967826961e-27,1.53448362137576e-28,54.3968422728012
"MMP9",1.94336619281535,3.9648967611871,13.3160011568128,1.20495606657926e-28,1.16588411838486e-27,1.55447573982376e-28,54.0399297780989
"FFAR4",-1.11474181856409,0.131198101847824,-13.3148099561929,1.2147038127728e-28,1.17438924397679e-27,1.56581564161017e-28,54.3757810550339
"PCDHB4",-1.01454166050421,1.50632032650556,-13.3120888799745,1.23726755845998e-28,1.19568898647703e-27,1.59421463294988e-28,54.2242919412973
"ANGPTL4",1.71499323441678,4.10918918833509,13.304333719984,1.30390096831755e-28,1.25814645754889e-27,1.67748931009914e-28,53.9439855704281
"PHEX",1.46785736969883,-0.132039770215443,13.3040514124467,1.3063931467948e-28,1.26005548975946e-27,1.6800346267486e-28,54.3375878454577
"CTD-3035K23.7",-1.31371165550704,0.247748807572144,-13.2995235686888,1.34702156756616e-28,1.29771190138503e-27,1.73024199933196e-28,54.2646126910422
"SERTAD1",1.13521187058803,3.92453750840854,13.2980419782731,1.36058838206435e-28,1.31026744543677e-27,1.74698233254428e-28,53.9062449653806
"SDCBP2",1.0721054502929,5.31876889851693,13.2906679187987,1.4301718820962e-28,1.3767368886992e-27,1.83560618062807e-28,53.7592256720828
"SORBS2",-1.12166582313219,4.09188480832456,-13.2830434534079,1.50586232863108e-28,1.44789459806598e-27,1.93048090373976e-28,53.7810641053416
"ADH1B",-1.86613970384151,6.34974399714881,-13.2760825334485,1.57845826033967e-28,1.51650701956958e-27,2.0219619892062e-28,53.6392046073002
"ASIP",-1.67587314189252,-0.392910767974929,-13.2748086229487,1.59211793854591e-28,1.5290316678408e-27,2.03866112900957e-28,54.1495460436855
"MYL9",-1.23679724842153,7.3486320021688,-13.2694661152007,1.65070296503726e-28,1.58343536669667e-27,2.11119769477502e-28,53.5875110608525
"IGLON5",1.69558269040799,-0.743969900072266,13.2687450603129,1.65877331229217e-28,1.58931217983994e-27,2.11903326206223e-28,54.1350606532732
"LINC01224",-2.33634448378508,-2.89390078207766,-13.2652068367874,1.69895005523303e-28,1.62717090803419e-27,2.16951038375085e-28,54.0701068867027
"CDRT1",1.72107565472375,-0.197487093779726,13.265007109208,1.70124677027056e-28,1.62873461284919e-27,2.17159527465967e-28,54.0834858413482
"ZNF571-AS1",-1.40155729456687,-0.534813444205295,-13.2597414076976,1.76293116477388e-28,1.68647330770568e-27,2.24857839758603e-28,54.0549343494619
"DGAT2",-1.13799868698693,7.48243267417856,-13.259295991707,1.76825040963563e-28,1.69090238002116e-27,2.25448368899172e-28,53.5193430373078
"RP11-535A19.1",-1.23490161526374,5.0911538619166,-13.2558847360304,1.80952399335962e-28,1.72969620066738e-27,2.30620757140738e-28,53.5335426152001
"LINC00885",-1.38007416089923,0.450745751730481,-13.2544849024047,1.82673841007404e-28,1.74547096697687e-27,2.32724010040645e-28,53.9441384829459
"PYCARD",1.2050347405434,5.7002969296047,13.2519006295265,1.85894980721636e-28,1.77413147200752e-27,2.36545321186299e-28,53.4843012530842
"LINC00518",2.1796679635639,-1.33166351721483,13.2518468165794,1.85962655517423e-28,1.77413147200752e-27,2.36545321186299e-28,54.0323148724207
"CXCL11",2.77660801859791,-0.888735650483803,13.2510475927079,1.86970658898906e-28,1.78305455733762e-27,2.37735038024473e-28,54.0260293716869
"MYCBPAP",1.5095330391647,-0.621579632584263,13.2509182479942,1.87134304931647e-28,1.78392158234102e-27,2.37850638649985e-28,54.0092140639593
"BAK1P1",1.16701209793354,1.8327006469641,13.247058915561,1.92083554810825e-28,1.82967977957278e-27,2.43951588682085e-28,53.7663254592531
"HSPH1",1.08852268266941,5.51953230988458,13.2393878960271,2.02312973359121e-28,1.92413051979547e-27,2.56544725681667e-28,53.4048744572114
"KCNB1",-1.55764684287849,1.52300371389448,-13.238030874131,2.04178479494603e-28,1.94112005621846e-27,2.58809944135536e-28,53.7286366648826
"NPTX2",-1.38588626926312,2.03855605429565,-13.23058253109,2.14728320658317e-28,2.03825706234798e-27,2.71761241531768e-28,53.6235804008857
"FMO5",-1.07680526857513,2.8983404958982,-13.2291956962555,2.16752003367446e-28,2.05667045980531e-27,2.74216303675919e-28,53.5260473648672
"RP11-809N8.2",1.1396441378812,0.525931036404786,13.2268703512067,2.20188056133845e-28,2.0884658317289e-27,2.7845558728177e-28,53.7593613841725
"IL2RG",1.10518863303747,3.7293812368767,13.2258151574089,2.21765180275821e-28,2.10203536332478e-27,2.80264815774888e-28,53.4357488294884
"CMAHP",-1.23613077352046,2.81215469769754,-13.2230265607015,2.25987683536297e-28,2.14099107832302e-27,2.85458789424357e-28,53.4938016127189
"FFAR2",1.4688613959563,0.449696505551931,13.2189290780856,2.3233838873363e-28,2.19860956746084e-27,2.93141074663315e-28,53.7195209453051
"HTR7",1.89686495018578,0.559829878567423,13.2178431228568,2.34051226969558e-28,2.21396393949453e-27,2.95188276306277e-28,53.7120423217512
"TRG-AS1",1.67734047689626,0.617895741600357,13.2133907051579,2.41206883856936e-28,2.27901481018603e-27,3.03861522536308e-28,53.6715352304064
"AC004870.5",2.39944921796878,-2.23177121112296,13.2050269741934,2.55245265394609e-28,2.40609372390429e-27,3.20804980749965e-28,53.6839197287844
"TNS2",-1.02204038130623,5.7497003548654,-13.1931668509291,2.76564188719237e-28,2.60405620764125e-27,3.47199360218026e-28,53.0829287622875
"TRBC2",1.23482442934013,3.73790828307691,13.1921098208824,2.78548536178874e-28,2.61972334946143e-27,3.49288263522206e-28,53.2096255428675
"RP11-255M2.3",-1.0087314665522,3.26553942706647,-13.1818304075112,2.98604035303197e-28,2.80619148579188e-27,3.74150099240269e-28,53.1706520794197
"FASTKD1",1.05525234691233,2.99220855077347,13.1735532728726,3.15797583753965e-28,2.9587024959195e-27,3.94484424201126e-28,53.1526735139678
"RP11-379K17.4",-1.53484424399943,-0.686276035387435,-13.1693301355623,3.24947892304804e-28,3.0409469295888e-27,4.05450091788362e-28,53.4570437527976
"SH2D5",3.24550326493061,-2.29953331638596,13.167080711527,3.29929463567197e-28,3.08403577834459e-27,4.11195137028417e-28,53.4240005547072
"SBSPON",-1.04058374668099,2.02559696399049,-13.1603873869373,3.45208721236604e-28,3.22317453920495e-27,4.29746537190399e-28,53.1492665256093
"RP11-102L12.2",1.33265037115278,-0.206500714731662,13.1572228208673,3.52677025536559e-28,3.28876871576041e-27,4.38492222505199e-28,53.354887177086
"CH17-472G23.1",-1.51874145975565,-0.876632347647094,-13.1528787681895,3.63192685315757e-28,3.38336125538355e-27,4.51104265648578e-28,53.3555627130122
"RND2",-1.06141346913232,2.11151455278929,-13.1501069800771,3.70065610883738e-28,3.44346331705475e-27,4.591176861342e-28,53.0713061456464
"LINC00663",-1.23322599592115,0.0655155971392046,-13.1478117671312,3.75855141018339e-28,3.49468343400221e-27,4.65946875067321e-28,53.259575153038
"CD3G",1.30119991329143,1.63126096872221,13.1307467707791,4.21837640296964e-28,3.91480652334617e-27,5.21961974666561e-28,53.0055397475144
"PLAC9",-1.25196102258127,4.3552892208518,-13.1279686056073,4.29838711007557e-28,3.98755064432426e-27,5.31660963570528e-28,52.7153094056733
"SLC6A15",1.18546053498478,1.91023701568806,13.120056934853,4.53465278931582e-28,4.20514040137385e-27,5.60672251505069e-28,52.9028544070589
"PCDHB11",-1.28975395669477,1.3506070219276,-13.1197027453397,4.54552840785798e-28,4.21363268283978e-27,5.61804529173697e-28,52.9461086041477
"RP11-379K17.5",-1.71136266612107,-0.882660305202525,-13.1137218421824,4.73316470261727e-28,4.37929324125977e-27,5.83892086165748e-28,53.0939681530584
"CD207",-1.39355359046348,4.83328492901659,-13.1083933257768,4.90684744434571e-28,4.53485885888891e-27,6.04633682585314e-28,52.5536643180118
"FSCN1P1",1.1313222435417,2.47072681811286,13.1073175963806,4.94267643482447e-28,4.56625113346044e-27,6.08819221136686e-28,52.7592014174653
"CD247",1.33418907806655,1.65113564845731,13.1042631267105,5.0458429302597e-28,4.65805176490064e-27,6.21059018576588e-28,52.8257183221648
"KRT127P",2.01510800074672,-2.35333941491358,13.0981494017074,5.25884997254726e-28,4.84375036149603e-27,6.45818251400409e-28,52.9695749222647
"RP11-1149O23.3",1.00743310696403,0.611491528966373,13.0846980561813,5.75969137235797e-28,5.29511656601185e-27,7.05999002096986e-28,52.7923760256937
"RP4-620F22.2",2.25690447630349,-1.93084789727347,13.0761584757557,6.10212043224732e-28,5.60362448379492e-27,7.47132427467055e-28,52.8443923630786
"MYO1G",1.04248190864478,3.37271291826005,13.0731301619574,6.22838074956586e-28,5.71742975394279e-27,7.62306108000077e-28,52.4379611919681
"BCL2L14",2.27166272665113,-2.33952414180523,13.0677266974807,6.4601921283194e-28,5.92800570607626e-27,7.90382243854404e-28,52.7645151326284
"MAGI1-IT1",-1.82718315387481,-2.41202467818799,-13.0663479370907,6.52071040228147e-28,5.98045436816754e-27,7.9737523496917e-28,52.7699835052341
"CRAT",-2.3290707141473,5.68529318966987,-13.0594660821535,6.8313588697005e-28,6.25922937452424e-27,8.34544365023968e-28,52.1993502768647
"FAM171A2",-1.59347619516461,-0.184416506230221,-13.0559338669416,6.99650635352365e-28,6.40575990441314e-27,8.54081311300531e-28,52.6650894454739
"MARC1",-1.4116684116686,1.53994399820651,-13.0531199269572,7.13092304741454e-28,6.52395675147273e-27,8.69840521704075e-28,52.4792177039181
"COCH",-2.12274747504844,3.2426673748756,-13.0494093563486,7.31212507289394e-28,6.68225796527357e-27,8.9094685573485e-28,52.2908396833733
"SLC2A4",-1.54324435438243,2.106375445669,-13.0468567670892,7.43944390375057e-28,6.79354728485458e-27,9.05785084051214e-28,52.3796245067194
"RP11-482G13.1",2.31408930495127,-1.88614829506148,13.046779433096,7.44333559071197e-28,6.79457146888661e-27,9.05921638722969e-28,52.6499324410049
"DDX60",1.38276623685832,5.25295966572675,13.0433751975926,7.61667931077632e-28,6.94505242136511e-27,9.2598529567178e-28,52.0975330255995
"RP11-303E16.3",1.23843981349902,-0.509135306505341,13.041894503205,7.69333033497403e-28,7.01233766095292e-27,9.34956450775288e-28,52.5989705220115
"CTC-591M7.1",-1.95978334250335,-1.66655686039767,-13.0402059127061,7.78168517926994e-28,7.08497305408808e-27,9.44640942973157e-28,52.6173387379226
"SOWAHA",-1.62010024997685,-1.83189210670209,-13.0392825386749,7.83042868255829e-28,7.12670703991799e-27,9.50205344055197e-28,52.6098994125474
"LINC00908",-1.15093964446566,-0.347159285147915,-13.0321622914625,8.2166928304551e-28,7.46994224408461e-27,9.95968965800865e-28,52.514052761181
"TM4SF19",1.71555506052924,-1.01572492958673,13.0295745845426,8.36174370624938e-28,7.59617961581054e-27,1.01280022104422e-27,52.5412504273471
"CHST1",1.61645450321675,0.782734922611917,13.0236709182833,8.70232160267342e-28,7.90264880675207e-27,1.053661822537e-27,52.3773469953547
"CSMD1",-2.35317282141049,0.0855211731678655,-13.0212121756807,8.84822337273301e-28,8.03216961089546e-27,1.07093085851309e-27,52.4207781620697
"RNF150",-1.16566464935159,3.01925055697658,-13.0180457777854,9.03972582323965e-28,8.19994064321088e-27,1.09329980543217e-27,52.0903852256754
"FAM26E",-1.36820506946341,3.3820968137927,-13.0179811674778,9.04367626504007e-28,8.20049136520897e-27,1.09337323331166e-27,52.0565947225552
"CPNE6",-2.35008706629064,-0.958722757417436,-13.0056529216031,9.8299323207301e-28,8.90685555828843e-27,1.1875529192948e-27,52.3757179793568
"MIR4720",-1.86319806744351,-1.8298220203039,-13.0041590807186,9.92973318406611e-28,8.99064213875133e-27,1.1987242016374e-27,52.3751423793933
"RP11-829H16.3",-2.34613447798665,2.27176505286655,-13.0036571152247,9.96349548443926e-28,9.01788255506738e-27,1.20235617205696e-27,52.0830480133229
"SCUBE3",-1.76947014571551,1.74503848304034,-13.0014471854389,1.01135059371775e-27,9.14690536973047e-27,1.21955881099121e-27,52.1142034607132
"SEMA7A",1.16700482242973,3.87685838398424,12.9971071820476,1.04147093350455e-27,9.41237990309496e-27,1.25495458619294e-27,51.880117881758
"MRVI1",-1.01578114586358,4.62385872683249,-12.9918566187351,1.07911197182242e-27,9.74538234346847e-27,1.29935387139633e-27,51.7757155945646
"LINGO2",-2.5799041367259,-2.50612881466862,-12.988426726617,1.10443208230817e-27,9.96670717985832e-27,1.32886315824253e-27,52.2443802710417
"FCRLB",1.09364737099165,-0.854469156837443,12.9864912690863,1.11898125048464e-27,1.00942891180166e-26,1.34587368481026e-27,52.2437764243964
"CES1P2",-1.68184788614032,0.129657295239954,-12.984232538013,1.13620298702082e-27,1.02458775241348e-26,1.36608499878507e-27,52.1592517203479
"RP11-344B5.2",-1.31570094479813,-0.188654395147224,-12.9836809539491,1.14044864969515e-27,1.02803838587735e-26,1.3706857356182e-27,52.1778955914708
"DPYSL3",-1.07912931162721,6.80635240070738,-12.9829141848135,1.14637700014494e-27,1.03262339550331e-26,1.37679893856694e-27,51.650714945612
"LINC02005",2.58516021911456,-2.74280288155256,12.982169157922,1.15216675741733e-27,1.0374576441238e-26,1.38324445238975e-27,52.1760698124927
"TAC1",-2.38943924687313,-2.43080414938609,-12.9781141598825,1.18419537490473e-27,1.06464316057818e-26,1.41949095848458e-27,52.1790297303571
"FSCN1",1.19262168576598,7.02416351481497,12.978072579342,1.18452836970721e-27,1.06464316057818e-26,1.41949095848458e-27,51.6171122880367
"SCN7A",-1.65163473504226,2.11438248883808,-12.9773147098714,1.19061414230443e-27,1.0697210140089e-26,1.42626127111169e-27,51.9114696110626
"FBXL19",1.0444770248851,4.41259774316718,12.976731476603,1.19531884299351e-27,1.07355476312504e-26,1.43137281684734e-27,51.6955733641953
"FRG2HP",-1.87270853555279,0.79540923551762,-12.9737656684927,1.21953188442819e-27,1.09490036827433e-26,1.45983295695321e-27,52.028777714344
"ADCY5",-1.1478672914315,2.81205592691635,-12.959962389757,1.33883548412065e-27,1.19850207133253e-26,1.59796532488657e-27,51.7190957409825
"MIR3614",1.19999635887037,-0.430286246970443,12.9569641083638,1.36625473114143e-27,1.22126443314275e-26,1.62831442961929e-27,52.024014074086
"ACOT1",-1.74975423820444,3.40488592238247,-12.9497026966666,1.43500898264496e-27,1.2803892443185e-26,1.7071456643407e-27,51.5977948418491
"GATA2",-1.01446194951343,3.98198370462225,-12.9420478899987,1.51123640796274e-27,1.34644411966982e-26,1.79521676815928e-27,51.4880135925228
"KRTDAP",1.03832357572916,10.1506893415727,12.9351297649082,1.58360429700545e-27,1.40734225351267e-26,1.87641237771128e-27,51.3689246954446
"LTBP4",-1.32184166392383,7.33451169126958,-12.9336503700007,1.59952378424845e-27,1.42046051339775e-26,1.89390298112418e-27,51.3205191531766
"DNA2",1.25953748194101,0.917935296350115,12.9300729213707,1.6386843610155e-27,1.45313268282676e-26,1.93746485313523e-27,51.7262913231206
"CRCT1",1.38833521985362,6.53637367164512,12.9210046151797,1.74229854126059e-27,1.5433405063214e-26,2.05773913336043e-27,51.2351331634208
"AC003991.3",1.16976592323964,3.9187494593417,12.9194892660298,1.76024062448029e-27,1.55867083166977e-26,2.07817908829408e-27,51.3529218512003
"HID1",-1.17906941985036,2.82076507377838,-12.9102641896781,1.8735227908871e-27,1.65838206477368e-26,2.21112428447932e-27,51.3833257543467
"SLC16A11",-1.42954322227075,0.696986246274734,-12.9086941955616,1.8935151601269e-27,1.67547402047592e-26,2.23391302485781e-27,51.5942948128959
"YBX2",-1.3023051098156,0.645557201574778,-12.8987887274749,2.02466309208796e-27,1.79022841826725e-26,2.3869153040653e-27,51.5312738166812
"TRAPPC6A",-1.07759330241517,3.48683310754022,-12.8968704469932,2.05109159309713e-27,1.81229015113423e-26,2.41633025875884e-27,51.2278903823368
"RP11-507K2.3",-1.47671878424343,-1.40464166591376,-12.8953844527558,2.07180121784168e-27,1.82992943000435e-26,2.43984874626476e-27,51.6471279685213
"MINCR",-1.09849339549227,0.296019189455363,-12.8914391612375,2.1278047976412e-27,1.8780423201347e-26,2.50399776356508e-27,51.5145543835757
"LAMC3",-1.31559227917042,4.7776470377917,-12.8910439624456,2.13349737968341e-27,1.88238934276527e-26,2.50979365795384e-27,51.0891275355975
"RP11-797H7.1",-1.58816703891067,-0.351057511265583,-12.8879372745897,2.17878069208103e-27,1.92096092075354e-26,2.56122122376762e-27,51.5491798284127
"GS1-259H13.2",-1.26631026221844,0.155941740398981,-12.8841367869734,2.23548552426421e-27,1.97024753644098e-26,2.62693517181443e-27,51.4799788933089
"S100A11P1",1.22393863702069,0.766837929724793,12.8790636805956,2.3134839427136e-27,2.03825912883905e-26,2.71761517057455e-27,51.3976668223396
"AC025165.8",-1.0071576711169,1.9071698792419,-12.8761312383263,2.35980461949437e-27,2.07661312575223e-26,2.76875263508467e-27,51.2456661169645
"PTPRT",-1.22158463171427,1.1179822965677,-12.8690133461905,2.47613140307281e-27,2.17686562919605e-26,2.90241950814912e-27,51.2815489390034
"TNNI2",-2.37739826874873,0.551828873365597,-12.8684557800068,2.48548214718967e-27,2.18430333594655e-26,2.91233621815594e-27,51.3535557315917
"CLEC3B",-1.52433287747968,7.05284551277816,-12.8667921113112,2.51359326060058e-27,2.20821688739294e-26,2.94422020644454e-27,50.8694704474787
"ACE2",1.41542101965444,0.322322413174742,12.8625880375291,2.5860542187467e-27,2.27024831343662e-26,3.02692683686433e-27,51.334642862412
"FBLN5",-1.03631422546751,6.26143773065197,-12.8581138972229,2.66546498481613e-27,2.33828773775287e-26,3.11764394397932e-27,50.8115719028631
"CTD-2515H24.2",-2.02283581126044,-2.61581391199156,-12.8529031919803,2.76102652901436e-27,2.42125343953036e-26,3.2282622881328e-27,51.3369990713165
"CXCR1",1.77739215350238,0.33667342031711,12.8520201547475,2.77755700525832e-27,2.43487913598914e-26,3.24642945779346e-27,51.270046266461
"FCGR1CP",2.48933942485879,-2.19212853983452,12.8513658526642,2.78986933158816e-27,2.44479867685582e-26,3.25965520243162e-27,51.3316465973565
"UGT2A1",-3.42960044674224,-1.01394717721857,-12.8502229591353,2.81150674538072e-27,2.46200062301672e-26,3.28259059331929e-27,51.3429125773771
"POSTN",-1.66156225531591,7.27844755687991,-12.8419343198229,2.97352997393718e-27,2.60202437391121e-26,3.46928455400738e-27,50.7030547028976
"PLCB4",-1.29129238318573,2.95172932322744,-12.8397823650924,3.01710055894203e-27,2.63732867105239e-26,3.51635584741646e-27,50.8959029027134
"KCNMB1",-1.02198609926235,2.81059183872588,-12.8312326359805,3.19660328909486e-27,2.79025926957006e-26,3.72025853510535e-27,50.8508832444362
"RP11-862L9.3",-1.1178295228524,0.58721406989447,-12.8295933053179,3.23222187015558e-27,2.82034642586895e-26,3.76037380368941e-27,51.0701627640062
"TGM6",3.49203051405008,-1.00516089915631,12.8252473403166,3.32858063033754e-27,2.90236138289795e-26,3.86972451787607e-27,51.181152797051
"NTN1",-1.22118055884992,5.14913030335539,-12.8177235422447,3.50223596504165e-27,3.04944422259643e-26,4.06583037646896e-27,50.5732143576926
"AC009299.5",-1.15792378665187,3.1617061831869,-12.8079326327027,3.74184833876936e-27,3.25000198489147e-26,4.33323446149318e-27,50.6596922309837
"RP11-231D20.2",1.53078335176247,-1.67809015362743,12.8052030101431,3.81152453863091e-27,3.30934774808987e-26,4.41236029200972e-27,51.0468770492094
"RP11-392E22.11",-2.49877701715633,-2.93590055626091,-12.801507509294,3.90792659392224e-27,3.38982970028466e-26,4.51966704763631e-27,50.988766193264
"PCDHA2",-1.0913318210228,0.173719001548293,-12.795520496147,4.06930523988733e-27,3.52443216539394e-26,4.69913279661892e-27,50.8815954992821
"HOXB5",-1.82060197097962,-0.164730966573679,-12.7941954396237,4.10591264814081e-27,3.55362827923774e-26,4.73806003642916e-27,50.9087846727979
"RP11-568N6.1",1.15280995542629,0.722889466503372,12.7921188335797,4.16394644881273e-27,3.60258477941723e-26,4.80333384077699e-27,50.8160446187458
"JUNB",1.40623135563706,6.44164828470325,12.7891550479448,4.2481967636298e-27,3.67418089627334e-26,4.89879309351352e-27,50.3466454012024
"FBXW10",1.96923934588654,-1.41044060735376,12.7873873935037,4.29925411728355e-27,3.71571899185098e-26,4.95417592344981e-27,50.928271927327
"WBSCR17",-1.49735945468132,1.48085773952421,-12.7872796645578,4.30238554130509e-27,3.71711562371015e-26,4.95603805563628e-27,50.6963542844005
"CH17-360D5.1",-2.00679666239974,-1.43176425091042,-12.7785639608341,4.56343215269284e-27,3.939875531195e-26,5.2530443073985e-27,50.8671870211949
"H19",-2.11425852610118,3.63884607143812,-12.7765285553211,4.62664104826813e-27,3.99304192934274e-26,5.32393117753527e-27,50.4141868853328
"TNNT1",-1.64883433555711,2.96674735719936,-12.7762199662889,4.63630028453881e-27,3.99997092434639e-26,5.33316962110328e-27,50.4690453757971
"ACOX2",-1.71804034938342,2.44243089238073,-12.7753918640347,4.66232069571268e-27,4.02100569706191e-26,5.36121532767339e-27,50.5175221058025
"USP18",1.39017216991887,2.41310799907219,12.7641282002743,5.03108681237483e-27,4.33295285582619e-26,5.77713512858619e-27,50.4568999082525
"POU3F3",-1.31318744678672,-0.147356408855227,-12.7591839044842,5.20203539272026e-27,4.47546559497168e-26,5.96714766252858e-27,50.6674003127809
"CMYA5",-1.4237571606977,2.39418191918446,-12.7555584771195,5.33106248175812e-27,4.58486327323152e-26,6.11300781635207e-27,50.3860218857616
"THRSP",-4.39335525360597,3.18593090298983,-12.7532030695324,5.41659947387173e-27,4.65353246567866e-26,6.20456459463655e-27,50.3604048600158
"ZBTB16",-2.31066298939319,2.94979168526237,-12.7463785847051,5.67225557403816e-27,4.86465331188839e-26,6.48605246159432e-27,50.2789061434092
"AC008440.10",-2.07289121164346,-0.307382834900616,-12.7381629152672,5.99607728717929e-27,5.13518797834964e-26,6.84675689968025e-27,50.5459545256844
"GNG7",-1.07081055199727,2.47906233163664,-12.7327561100918,6.21920406677182e-27,5.3188506746785e-26,7.09163475782394e-27,50.2212834112209
"SPEG",-1.32491533474022,2.75835382960301,-12.7313580185766,6.27823835371397e-27,5.36746707354118e-26,7.1564551043729e-27,50.1848732972025
"UGT2A2",-3.52157454881407,-2.14952580456539,-12.7255284464148,6.53048880685866e-27,5.57729211192998e-26,7.4362152680458e-27,50.5063615756458
"IPO5P1",-1.19604102097194,1.98327173712341,-12.7212500535041,6.72204099590354e-27,5.73888693169238e-26,7.65166998008857e-27,50.1958916756922
"CARD17",1.60822105187835,0.255922856752661,12.71908159008,6.82126162546696e-27,5.81954452693751e-26,7.7592109209625e-27,50.3807667462021
"PAK3",-1.43072356703723,1.146782389565,-12.7146562635636,7.0283126871067e-27,5.98993931860157e-26,7.9863986539947e-27,50.2422384669615
"VGLL2",-2.64316301197542,-2.09228215835829,-12.7106276710623,7.22225851146366e-27,6.14455625283318e-26,8.1925497366271e-27,50.4100879048856
"RP11-130L8.1",-1.48185810142384,-1.24773925794017,-12.6990394048416,7.81048490834699e-27,6.63120712467757e-26,8.84140236453165e-27,50.330005693223
"OR7E47P",-1.73657529465126,-1.29639358726006,-12.698183509581,7.85578352015362e-27,6.66735841461342e-26,8.88960295520996e-27,50.3262698253078
"EREG",1.40477950111661,4.90322430887948,12.6953479347749,8.00774186438486e-27,6.78928076217185e-26,9.05216227687265e-27,49.7697540178853
"CCNB2P1",1.68688787107801,-2.29992245009842,12.6936628519372,8.09943343430355e-27,6.8646476598686e-26,9.15264911961108e-27,50.2854799707607
"LRFN5",-1.74412978017524,1.07692580864662,-12.6832414006714,8.690281743144e-27,7.35271578460973e-26,9.80339137377473e-27,50.0427445078048
"CLMP",-1.3307768363921,4.92139188473347,-12.6708129759368,9.45149486929464e-27,7.9857480590444e-26,1.06474146327049e-26,49.595870969722
"RP11-141M3.6",1.06235310776685,-0.246599125998081,12.6684532907672,9.60337614001044e-27,8.10848915532448e-26,1.08110655937551e-26,50.0743184466809
"SPRR4",-2.63127205760999,4.81737064511021,-12.6656481366256,9.78710671613304e-27,8.25509468821565e-26,1.10065350581809e-26,49.5913129898712
"KCNK2",-1.6408397310289,3.07295428090205,-12.6621728326534,1.00196100638041e-26,8.44829823461629e-26,1.12641337517318e-26,49.6903407612438
"NPIPB6",-1.33829349571594,-0.552388338645801,-12.6585753279185,1.02661051666765e-26,8.65018988417179e-26,1.15333163114375e-26,50.0231747937696
"DCLK1",-1.34019857420585,5.33514489243065,-12.6564524837776,1.04143927663973e-26,8.77212313785006e-26,1.16958901742526e-26,49.4788254258394
"ACTC1",-2.70093211371911,2.47335865148306,-12.65591714778,1.04521245109724e-26,8.79484425403535e-26,1.17261842861071e-26,49.725992600819
"HSPB2",-1.15701784678981,3.01831420607758,-12.6514111416184,1.07751820083431e-26,9.0542536588092e-26,1.20720553894563e-26,49.6191464523251
"CH17-140K24.7",-1.41772784495331,-0.132702918967728,-12.6493592788504,1.09255784067948e-26,9.17369548642002e-26,1.22313074286714e-26,49.9302060786849
"SMIM10L2B",-1.00088841303378,0.959284499926049,-12.6493190732675,1.09285462374916e-26,9.17369548642002e-26,1.22313074286714e-26,49.8184256032132
"SAA2-SAA4",2.74063017796953,0.965583282510965,12.6473865630318,1.10721512999404e-26,9.29106148083952e-26,1.23877917551396e-26,49.8630466225844
"COL28A1",-1.24992973331348,2.02130594163214,-12.6449959872975,1.12524073795001e-26,9.43586489587615e-26,1.2580858452051e-26,49.6790249049656
"RP11-439E19.10",-1.3964995536564,-1.04798160808008,-12.6281204832495,1.26110906735301e-26,1.05571615030835e-25,1.40758855697247e-26,49.8477248020411
"OTOP2",2.7128568664022,-1.60769297297695,12.6269436827064,1.2711736158905e-26,1.06377845276568e-25,1.41833804174494e-26,49.8558745212009
"OTOP3",2.98825376909009,0.0110962527335119,12.6265395062007,1.27464880984418e-26,1.06632285156405e-25,1.42173049399825e-26,49.8094036532695
"PRDM8",-1.02362656748848,1.54066591733983,-12.6261244578587,1.27822736380378e-26,1.06895195292803e-25,1.42523588035989e-26,49.6013538313777
"RP1-261D10.2",-1.13842297653707,-1.37593620550631,-12.6230325424202,1.30520382874424e-26,1.0903964411253e-25,1.45382786144097e-26,49.8252032770704
"REN",3.53635238575173,-1.69015824179483,12.622288749625,1.31177775205593e-26,1.09506790496256e-25,1.46005633397094e-26,49.8177293075153
"RNASE7",1.34502480238263,6.15614705294963,12.6157554673659,1.37096196995331e-26,1.14221994561871e-25,1.52292424865246e-26,49.181310155741
"GATA3-AS1",-1.6492007524307,-1.28034578124149,-12.6142151020472,1.38530033215705e-26,1.15338243540897e-25,1.53780721969681e-26,49.764244919302
"SYDE2",-1.36326213221984,0.899184130278368,-12.612244299124,1.40386413439287e-26,1.16844178786523e-25,1.55788588590521e-26,49.5791982910272
"PGM5-AS1",-1.61520415678819,-1.3376441472508,-12.6118843735746,1.40728117136283e-26,1.17088848613254e-25,1.56114807383558e-26,49.7502967627469
"LAIR2",2.69065219657479,-2.63900324652854,12.6016751817851,1.50774413298136e-26,1.25277601943655e-25,1.6703288937025e-26,49.6535215709482
"RP11-195F19.5",-1.01084325276443,0.731562292343742,-12.6015329151455,1.5091935863509e-26,1.2535557157472e-25,1.67136846442846e-26,49.5212118646584
"SLC35F1",-1.18670870940366,0.427657946658424,-12.5992147712383,1.53300867527369e-26,1.27290578155427e-25,1.69716794774483e-26,49.5391430590075
"C8orf46",-1.25273388933631,-0.547795001926211,-12.5948497276189,1.57887639165085e-26,1.30921839534861e-25,1.74558363186196e-26,49.5953521004696
"FADS2",-3.44838641959164,6.80147210320685,-12.5899644067889,1.63183949467436e-26,1.35176491473735e-25,1.80231099538017e-26,49.0235503475379
"CAMP",2.62466335037344,-2.19005913721965,12.5892137275603,1.64013371949865e-26,1.3581769031689e-25,1.81086011300148e-26,49.5866591397437
"SYCP3",-1.03060451935527,0.964897662586659,-12.5877669057254,1.6562386331138e-26,1.37105032713518e-25,1.82802427617042e-26,49.4043319727072
"PMCH",1.42494684454217,-0.878162652932729,12.5871428467278,1.66323387407723e-26,1.37637653385177e-25,1.83512571875435e-26,49.5732642844176
"FAM198A",-1.00831942740074,2.21712165467055,-12.5851411461418,1.68587131977735e-26,1.39416897274102e-25,1.85884841483495e-26,49.2542156975091
"FRZB",-1.10512220973655,3.91070317201949,-12.5846106177895,1.69192256883132e-26,1.39870160998633e-25,1.86489178957876e-26,49.0850660011982
"HOXC-AS2",-1.29171110175302,0.0658001670217062,-12.5830572907195,1.70976504564042e-26,1.41297564149152e-25,1.88392338571632e-26,49.466855514599
"CDH10",-2.43666889619097,-1.76275852477525,-12.580803613751,1.73598702653309e-26,1.43416267385664e-25,1.91217210039653e-26,49.5497291864027
"CES3",1.38177811098476,1.1690156260564,12.5727730362563,1.83273491041769e-26,1.5120525355777e-25,2.01602281635906e-26,49.3001880997459
"TMEM35A",-1.64398284092253,-0.490685823499715,-12.5680799054111,1.89175078644075e-26,1.55916879334068e-25,2.07884302163409e-26,49.4146407679799
"RP11-613C6.2",-1.24445231978581,-0.572723005503234,-12.5663973835586,1.91336773150556e-26,1.57645561700935e-25,2.10189157988085e-26,49.4064998801415
"IGFBP5",-1.45041741963384,9.38435263442854,-12.5651293620358,1.92982216937378e-26,1.58947878342512e-25,2.1192553949717e-26,48.8630424728884
"FAM96AP2",1.82112067575194,-1.33330276947784,12.5603342062425,1.99333505344585e-26,1.6395882693132e-25,2.18606647758253e-26,49.4108817488836
"PTH1R",-1.05628155411459,2.37856789155265,-12.5591650099439,2.00913548143337e-26,1.65147704720501e-25,2.20191781007566e-26,49.0628411185811
"CCL18",3.14703135425084,3.00813233294407,12.5509727321237,2.12341230626598e-26,1.74424169618526e-25,2.32560111108231e-26,49.007717423421
"MIR3142HG",1.93372979127291,-0.142609421018186,12.5389316045975,2.30327156138641e-26,1.88945300527378e-25,2.51921165398845e-26,49.2120293082773
"RP11-12C17.2",-1.40832109214354,-0.89536591692252,-12.5363466939408,2.3438250139193e-26,1.92143515846967e-25,2.56185352590898e-26,49.2260123532935
"MYOCD",-1.60360273202115,2.57775955062612,-12.5321725751333,2.41082260447976e-26,1.97437919341168e-25,2.63244391871726e-26,48.8646956000291
"MATN4",-2.25770506691519,3.00234928144983,-12.5245863877289,2.53752404848225e-26,2.07675641845755e-25,2.76894368754914e-26,48.7794204806443
"SEZ6L",-2.0242370673826,0.468191835674028,-12.520298923719,2.61205253857877e-26,2.13632626429677e-25,2.84836828792056e-26,49.0173209012754
"RP11-1069G10.1",-1.2281666530629,0.595477050006026,-12.5158577000224,2.69156104654634e-26,2.20062031165628e-25,2.93409167608534e-26,48.9623471893299
"DTNA",-1.08899222308985,2.34706201536019,-12.5071884465966,2.85379630543334e-26,2.3301569833445e-25,3.106803192077e-26,48.7165945429408
"DIO3",-1.86011808558545,0.604484062956934,-12.4943603321428,3.11195823412497e-26,2.5350418985924e-25,3.37997667920702e-26,48.82639454879
"NECAB1",-1.19787188325461,1.37130325221291,-12.4938847192451,3.1219659716881e-26,2.54234997853804e-25,3.3897205575231e-26,48.7315477053111
"FRMD8P1",1.06074606862927,0.482052192396725,12.4877286654151,3.25443973480921e-26,2.64496016618292e-25,3.52653093587673e-26,48.7944710785982
"HOXB-AS3",-1.30352456885785,0.267244499867841,-12.4864850474614,3.28187590532792e-26,2.66637470042674e-25,3.55508297928887e-26,48.7999410541509
"TOX3",-1.91825750383854,-1.14183091930683,-12.4806899297398,3.41280469721129e-26,2.7709127313207e-25,3.69446375508907e-26,48.8675971055115
"GATM-AS1",-1.8258943634853,-2.56886613462821,-12.474038825373,3.56951789552452e-26,2.89240617579866e-25,3.85645121937519e-26,48.8216657257126
"RP3-439F8.1",-1.13521876780965,-0.246721775256993,-12.4738786414696,3.57337952513894e-26,2.89457902881796e-25,3.85934828886214e-26,48.7609218579714
"C15orf48",1.34084656242275,4.16086518679136,12.4683918047845,3.70820420272132e-26,2.99884051052913e-25,3.99836034105702e-26,48.2946273105174
"LYPD5",1.16684350193676,6.70518515971365,12.4647728470407,3.79990082205031e-26,3.07198310360086e-25,4.09588151377469e-26,48.1563595630201
"PCED1B-AS1",1.00649056433646,1.40474499245844,12.4637791115086,3.82547409600818e-26,3.09163850500457e-25,4.12208810168232e-26,48.5353492617446
"AOC3",-1.05130479132807,5.45080611208901,-12.4536380638924,4.09648669422425e-26,3.30195943594915e-25,4.4025094399397e-26,48.1044507224
"MMP28",-1.0345572934522,3.87487104789923,-12.4533563848153,4.10428213701237e-26,3.30715611881207e-25,4.40943818809793e-26,48.2038603233552
"DIO2",1.18731198204388,5.9563052934996,12.4488546754104,4.23089719097146e-26,3.4080606338308e-25,4.54397438956244e-26,48.0597443417992
"CENPK",1.18719503167823,1.01018093460574,12.4482870608209,4.24713654524885e-26,3.42001855488719e-25,4.55991791078188e-26,48.4766355007678
"PIEZO2",-1.33897699651745,2.86681849423108,-12.4403099662223,4.48205922486617e-26,3.6032759314165e-25,4.80425535518691e-26,48.2146276589911
"NPR1",-1.06830447175505,4.11838329724986,-12.4382689061458,4.54422585719379e-26,3.65205674394657e-25,4.86929491482336e-26,48.0817405599541
"FRMD3",-1.09242430728396,2.30668887152073,-12.432252767131,4.73252315926375e-26,3.79965067268155e-25,5.06608220950034e-26,48.2168227781267
"ALPL",1.25163842715575,2.655792301795,12.4282722531487,4.86137379976415e-26,3.9005487916459e-25,5.20060988309213e-26,48.1686656455797
"ADGRB1",-1.5405323191367,1.65814254761018,-12.4217900020046,5.07875137480617e-26,4.06830874334571e-25,5.42428457847492e-26,48.2196850079685
"UPK3B",-1.81446913697819,-0.909453865318833,-12.4190163660927,5.17470524316098e-26,4.14246639047821e-25,5.52315912490032e-26,48.4438222948834
"DIO2-AS1",1.95928709952436,-1.3005630614315,12.4183971153161,5.19637436510443e-26,4.15845580513153e-25,5.54447784498633e-26,48.4634191391062
"EPCAM",-1.31031835830177,2.56493239851099,-12.4176964514197,5.22100168389232e-26,4.17680134711386e-25,5.56893799458074e-26,48.0932892709819
"RP11-797H7.5",-1.43144272616095,-0.0388302898864404,-12.4172982239335,5.23505074445411e-26,4.18667507857745e-25,5.58210266144571e-26,48.366107346461
"GPT",-1.66691971965847,3.10716276042795,-12.4030036648201,5.76516120843775e-26,4.60312090236201e-25,6.13735075155678e-26,47.9424051171112
"EMILIN3",-1.1721068635014,3.2424709328943,-12.3950600524601,6.08259609237049e-26,4.85025737820752e-25,6.4668583330303e-26,47.8714896231208
"ZNF503-AS2",1.01059191328817,1.24844461851002,12.3917246603935,6.22103320668332e-26,4.9590348551683e-25,6.61189157116122e-26,48.0679940934063
"RP11-33E12.2",-1.55029709360821,-1.08709457972911,-12.3873137291472,6.40895733641619e-26,5.1005485252309e-25,6.80057204420041e-26,48.2398690588733
"MX2",1.49295639028304,4.54192481317379,12.3870101251042,6.4220988479752e-26,5.10934935268036e-25,6.81230620589353e-26,47.7194074174962
"MISP3",-1.00674625678039,2.06867783768592,-12.3853234126016,6.49560007836577e-26,5.16615041252126e-25,6.88803917808743e-26,47.9258811149858
"SPIB",2.76921638948798,-0.85734339203835,12.3820039241831,6.64271598360697e-26,5.27802195160064e-25,7.03719773572913e-26,48.2134378997245
"IFIT1",1.83611148518995,4.36458552388398,12.3784002173811,6.8061993954048e-26,5.40441757107442e-25,7.2057212802167e-26,47.6829663180744
"AC098617.1",-1.15115691554721,0.458472735466598,-12.3760008508001,6.91727073341825e-26,5.48905909250349e-25,7.3185739982257e-26,48.0374577584106
"GRIN3A",-1.51702732927634,1.1431139058427,-12.3681279487771,7.29460149238948e-26,5.77353938061727e-25,7.697872162904e-26,47.9149848871167
"TBX15",-1.04056666128754,3.58666691944328,-12.3586633325145,7.77553962803899e-26,6.15022366967237e-25,8.200106115383e-26,47.5929689086342
"CLEC4E",2.13858739427178,-1.48162290090441,12.3511375612265,8.18046670014991e-26,6.46009295625489e-25,8.61325548495869e-26,48.0183928755625
"TCL1A",3.62588262138125,-2.9977515980386,12.3480260594437,8.35397688268231e-26,6.59074766736673e-25,8.78745768525832e-26,47.9723771919041
"PCAT1",1.50912223352469,-2.13382770764021,12.3467061401485,8.42868727153959e-26,6.64541438110971e-25,8.86034492932429e-26,47.9852902641832
"RP3-426I6.2",1.34142631666031,-0.588173295313754,12.3434228152408,8.61743923497472e-26,6.78986667380212e-25,9.0529434740779e-26,47.925791440602
"RSPH1",-1.15931268683222,0.156722940130614,-12.3396912391112,8.83709276717953e-26,6.95623271480679e-25,9.27475966540792e-26,47.8250483980329
"ZC3H12D",1.073902782047,1.5327123844844,12.3344490789922,9.15514554851478e-26,7.20428007744532e-25,9.60548173415264e-26,47.6540484549193
"SNX10",1.0945555964761,2.32475910894723,12.3191885258262,1.01476427413058e-25,7.95466222942632e-25,1.06059678308902e-25,47.4672097702339
"FUT7",1.63207919089443,0.447572960993677,12.3184212121181,1.02002921256754e-25,7.99337908174333e-25,1.06575890912712e-25,47.6751377270176
"FGFBP2",-1.79735934199645,2.44422014224453,-12.3150337113818,1.04360074298811e-25,8.17026461028165e-25,1.08934309373885e-25,47.4206623623918
"ITGAL",1.14443554555615,3.35932750285426,12.3111431518811,1.07134493672852e-25,8.38479534399395e-25,1.11794652145037e-25,47.3076509685653
"ZBP1",2.0824046403334,-0.149627208739584,12.3071129211656,1.10086243840111e-25,8.61306344149999e-25,1.14838155475715e-25,47.6631437052279
"RP11-632P5.1",-1.69618912692106,-1.92862052673237,-12.3025152382204,1.13552939028599e-25,8.87863082082715e-25,1.18378970913055e-25,47.6954634837887
"CD226",1.0998625153848,1.29439042139353,12.3019301413781,1.14001859824912e-25,8.91089107006192e-25,1.18809097492578e-25,47.4619576309688
"ZNF577",-1.0558354427924,2.43348514620781,-12.2954525555678,1.19091906314029e-25,9.3057861677939e-25,1.24074242111325e-25,47.2837488676608
"CH17-140K24.5",-1.24849103615367,-0.898397002280779,-12.2947328307832,1.19671295219884e-25,9.34808130303604e-25,1.24638164036409e-25,47.6101741247524
"NOS2",5.09914266598466,1.41060306328499,12.292252397718,1.21689742268276e-25,9.50272524150356e-25,1.26700034910777e-25,47.5253962291083
"SAMD15",1.41157935545987,-1.16124826620197,12.2897904152187,1.23726807258944e-25,9.65565106092068e-25,1.28738998067818e-25,47.5983551670299
"SH2D1A",1.51088097752157,0.168342900900877,12.2882555130576,1.2501400254045e-25,9.75300080888094e-25,1.30036964298731e-25,47.4977469115795
"PCDHB3",-1.01655877864102,0.506383694355874,-12.2839259309489,1.28717413377079e-25,1.00387304143498e-24,1.33846603120006e-25,47.4137091892968
"RP11-640I15.1",1.20706181648915,-0.101992270824809,12.2726899182927,1.38847780243847e-25,1.08219204125233e-24,1.44288891788626e-25,47.4125136052452
"RP11-380F14.2",1.46587820400043,-0.907358657252858,12.2682195188563,1.43096378387515e-25,1.11353679222366e-24,1.48468094008419e-25,47.4435071076039
"PSME2P6",1.27378837166634,-0.497065760554882,12.2649651006454,1.46270791606113e-25,1.13679657050531e-24,1.51569325124131e-25,47.3941165611873
"CCER2",-2.38415109893773,0.894901054865171,-12.2621436763402,1.49079733555352e-25,1.15789351002079e-24,1.54382184493618e-25,47.2481490844103
"RP11-74C13.3",-1.67693676138316,-2.52134920460273,-12.2600653120617,1.51183314564683e-25,1.17386018982037e-24,1.56511025259402e-25,47.4032242590657
"PGM5P4",-1.69670959093714,-1.89608849035734,-12.2598276289368,1.514257631862e-25,1.17537060741491e-24,1.56712409554007e-25,47.4112527129625
"LTB",1.4361238222194,2.32100317640701,12.2467297483523,1.65404441368939e-25,1.28022724452425e-24,1.70692966967532e-25,46.9871680865947
"RP11-465L10.10",1.91688819265366,1.52666374707124,12.2447838418446,1.67588426610444e-25,1.29672205927475e-24,1.7289222407707e-25,47.0719831012887
"ITK",1.18711162421877,2.15205486153133,12.2411999224766,1.71686501950285e-25,1.3271750771625e-24,1.76952531337837e-25,46.9633597319426
"PCDHA8",-1.09236199357974,0.141274545202303,-12.2391018935915,1.7413181847441e-25,1.34522025274719e-24,1.79358498382498e-25,47.1521221359687
"MAP1B",-1.01499022587778,6.40653184831166,-12.2390562509479,1.74185401285269e-25,1.34522025274719e-24,1.79358498382498e-25,46.6391310593157
"DCN",-1.2021005560471,10.6799892862322,-12.236054344565,1.77745939191029e-25,1.37185412098098e-24,1.82909597619053e-25,46.6737802922105
"CD1A",-1.09624055375197,4.0477308355998,-12.2327113124996,1.81796719786328e-25,1.40267692447909e-24,1.87019208472793e-25,46.7051136158822
"CTB-129P6.7",-1.95264278926124,1.2706061791844,-12.2305962280286,1.84407085719564e-25,1.42237012532373e-24,1.89644907070941e-25,46.9847157979944
"RNF223",1.57190579107204,2.49554238726847,12.2296444702114,1.85593896663045e-25,1.43017502273049e-24,1.9068553567882e-25,46.8568123751405
"RP11-276H7.2",1.69402930187052,-0.962053990949506,12.228044250915,1.8760654273341e-25,1.44523030155938e-24,1.92692859162067e-25,47.1800886483001
"SGO2",1.24271310194788,1.6383692128859,12.2279686168138,1.877022079037e-25,1.44551326702102e-24,1.92730587006403e-25,46.9310840675326
"LY6D",1.24531104934594,8.72808458405447,12.2193050209197,1.98989087317624e-25,1.53003270649739e-24,2.03999581594951e-25,46.5201930429704
"RP5-1028K7.2",2.11769286448945,-2.41767684859591,12.2128291419367,2.07866416270903e-25,1.59529019345829e-24,2.12700376015507e-25,47.0828655645978
"CILP",-1.89314947500618,6.12834181621823,-12.1926008871258,2.382251028711e-25,1.81860732126435e-24,2.42475295494001e-25,46.3384707152017
"IL1B",2.79683037736451,0.64589010873945,12.1887071046208,2.4455847865542e-25,1.86579482564857e-24,2.48766815348454e-25,46.8199872619005
"CACNG4",-1.84163258372953,-0.962598873051459,-12.1873583635398,2.46791250374457e-25,1.8822437155425e-24,2.50959949287235e-25,46.8993822414739
"CTD-2616J11.16",1.10444259438865,0.966025511703731,12.1848599410785,2.50981198087993e-25,1.91301020096404e-24,2.55062051240015e-25,46.7123659963767
"PCDHB7",-1.07389130942923,0.997853359405657,-12.1845940057701,2.51431344986939e-25,1.91584592415025e-24,2.55440138807064e-25,46.6946857229858
"RP11-650L12.2",1.74170961081057,-0.44087403458216,12.1838522017838,2.52691258660228e-25,1.92425060304814e-24,2.56560736406926e-25,46.8543238134984
"ZNF737",-1.10420245439252,1.63663113756635,-12.1817187145453,2.56350134073527e-25,1.9496918104048e-24,2.5995281791864e-25,46.6058624978746
"CACNA2D1",-1.09498270035615,3.39898332607845,-12.1750242351472,2.68178110219371e-25,2.03775485980816e-24,2.71694282761824e-25,46.3767720841707
"PITPNM1",1.05909649456764,4.14202805463035,12.1715592916436,2.74512598167825e-25,2.08395079166215e-24,2.77853596042896e-25,46.2948845374991
"FAM153B",-1.95331020359821,0.838838109501403,-12.1668340991161,2.83392603535024e-25,2.14936727875915e-24,2.86575589984939e-25,46.6061782455715
"CD5",1.24050341828042,2.45472842586676,12.1641307923369,2.88601349622957e-25,2.18751974769836e-24,2.91662466668922e-25,46.4147354344057
"RP11-150O12.6",1.3343686332835,-1.58623935329759,12.1516392250001,3.13939921495401e-25,2.37590817477297e-24,3.16780335154577e-25,46.6892511936172
"RP11-736K20.4",-1.33248657532972,1.2095640470602,-12.1467321028134,3.24491285071335e-25,2.45273412641902e-24,3.27023555397434e-25,46.4201477257711
"NPY5R",-1.69174545089227,-1.14609957827867,-12.1434552445065,3.31733759746487e-25,2.50593337205477e-24,3.34116621973576e-25,46.6153762441551
"SERPINA5",-1.61080275249019,3.37181433286998,-12.1389251009952,3.42012895131908e-25,2.57906120742465e-24,3.43866771597862e-25,46.141237049367
"SEC14L6",-4.15650547735141,2.85572254630135,-12.1389110537804,3.42045258796167e-25,2.57906120742465e-24,3.43866771597862e-25,46.2536101204349
"PLPP7",-1.09129879576643,0.593700712876659,-12.1353800102693,3.50278303279622e-25,2.63789567787613e-24,3.51711183880354e-25,46.4095278717526
"LOR",-2.04213451713289,9.05251014676713,-12.1312747787311,3.60099303692703e-25,2.71019199784432e-24,3.61350467381768e-25,45.93975316811
"CYBRD1",-1.10438341663373,8.04316657417772,-12.124773717178,3.76217595699177e-25,2.82716457944529e-24,3.76946446214996e-25,45.8776884581319
"RUFY4",2.65682587428389,-2.3413326648039,12.1219101439945,3.83544092894113e-25,2.87869324066915e-24,3.8381677342119e-25,46.4794433848933
"IGFL2-AS1",-1.53040859748787,0.0796133236737062,-12.1138228456491,4.05014302813624e-25,3.03690304629641e-24,4.04910919981013e-25,46.3239433053241
"CBSL",-1.1876371761372,-0.368598635195979,-12.1126479656018,4.08231697609209e-25,3.05930555421896e-24,4.07897851059984e-25,46.3540138908992
"RP11-473M20.5",1.12902626421977,1.93303092643017,12.1125267537284,4.08565084244522e-25,3.06086878019231e-24,4.08106276306809e-25,46.1224507827177
"GAS1RR",-1.03596466099937,0.209443707261162,-12.1102780079765,4.14799696876168e-25,3.10662808090951e-24,4.14207373466853e-25,46.2823634023662
"TSPAN1",-1.3346256328465,0.530380968700753,-12.1005902640175,4.42763765375294e-25,3.31404017001075e-24,4.41861670799652e-25,46.1863377430068
"IGFBP6",-1.49547419268575,5.01364524547526,-12.0996880543719,4.45461985559985e-25,3.33321890842444e-24,4.44418776014003e-25,45.749467747514
"CTD-2525P14.5",-1.45717793965652,-0.0435233766140824,-12.0988830428033,4.47883379802417e-25,3.34929376213222e-24,4.46562039629651e-25,46.2352267481834
"HOXA11",-1.30888359354802,0.532640886710043,-12.0850573283933,4.91582816642726e-25,3.6671360482399e-24,4.88940018285795e-25,46.0816814753981
"ZNF385D",-1.06090828980463,2.81213047705455,-12.0790612342876,5.1183531895596e-25,3.81589565451422e-24,5.08774167784248e-25,45.7913978097022
"RP4-791K14.2",-1.7274821887555,-1.51576618917171,-12.0788318392492,5.12626464617727e-25,3.82063261140796e-24,5.09405747240199e-25,46.1998120250091
"LEFTY2",-2.0202259596719,-2.5443461181495,-12.0689317943537,5.47959573652499e-25,4.08025270872754e-24,5.44020949256421e-25,46.1342783941606
"PLAC8",2.02427494090034,-0.80863355703882,12.0614008679253,5.7645745231728e-25,4.28594980007221e-24,5.71446585578714e-25,46.0641475808891
"NUDT11",-1.14084199846633,0.48824104408825,-12.0503302388066,6.21059061064106e-25,4.60639148768685e-24,6.14171142982858e-25,45.8523866965829
"CD164L2",1.16389020341608,2.10089957676239,12.0470195104967,6.35055172305967e-25,4.70451019822433e-24,6.2725333123366e-25,45.6658431886147
"AC008746.3",-1.76756716273293,-2.44446020679635,-12.0456408205553,6.40976093838993e-25,4.74550607596825e-24,6.32719320209819e-25,45.9831452749142
"LYNX1",1.36595966490103,7.3004497978603,12.0448123307205,6.44560615292165e-25,4.77060433671884e-24,6.36065676578632e-25,45.3326834413023
"SLC16A9",1.64715796040273,0.708143004974454,12.0422192831815,6.55909534305176e-25,4.85167341901006e-24,6.46874634320166e-25,45.7986952247628
"SCN5A",-1.32021597516437,-0.351380705409335,-12.0397982964969,6.66685483577038e-25,4.9284091444176e-24,6.57105824679723e-25,45.8668559706471
"RP11-706C16.7",1.70628813969097,-0.955558079820584,12.0375107742578,6.77029795160045e-25,4.99584440905102e-24,6.66096982654022e-25,45.9095744452635
"TDO2",2.48467517982093,-1.60828072294003,12.0338779936907,6.93787880213545e-25,5.11642487248281e-24,6.82174001128303e-25,45.9092321802379
"MIR3658",1.4139032991069,-0.976167681134654,12.0283288255596,7.20189514346927e-25,5.30315473068191e-24,7.07070732277994e-25,45.8466270541694
"SSTR1",-1.08971380585861,-0.0967650062964803,-12.0247550036689,7.37721770899009e-25,5.42573900947853e-24,7.23414919875053e-25,45.7414559287353
"CA6",-1.944937845998,4.23301190296801,-12.0245460309887,7.38760029554495e-25,5.43174640435031e-24,7.24215887093019e-25,45.3037377270855
"PRRG3",-1.25588530998965,2.84384013426385,-12.0229751214249,7.46611792314857e-25,5.48783159781205e-24,7.31693737697964e-25,45.4130277985799
"BHMT2",-1.13099336693504,1.30706095524495,-12.010340335082,8.12871022295105e-25,5.96591874172781e-24,7.95437196847937e-25,45.4937056822854
"GRIN2A",-1.78000111155186,1.48769237189843,-12.0052573034032,8.41155653748128e-25,6.16612847433774e-24,8.22131202479464e-25,45.447351153174
"RP11-848P1.2",1.24814948194098,-0.0335022200316291,11.996458691441,8.92458582580019e-25,6.53829871969017e-24,8.71752739333922e-25,45.5603118201572
"TMEM56",-2.41843496530024,2.25522147099603,-11.9928125856425,9.14623443803243e-25,6.69668174018088e-24,8.92869980667811e-25,45.2893692340721
"CKMT2",-1.20001912545611,0.617119297534608,-11.9925259501718,9.16389048892653e-25,6.70760686100835e-24,8.94326629318663e-25,45.4518201690134
"FOXCUT",-1.68784297646868,-1.53752620221119,-11.9921881281166,9.18474321633346e-25,6.72086460651035e-24,8.96094287306506e-25,45.6239039446984
"WTAPP1",2.92112577713764,-2.5610724500286,11.986470854099,9.54492838918255e-25,6.97818192339403e-24,9.30402459124331e-25,45.5797805395039
"ADD2",-1.05495301643585,0.673692246194116,-11.9856478676143,9.59792479749537e-25,7.01483609752582e-24,9.35289567847458e-25,45.3980704326656
"CBLN1",-2.19038011770409,-0.0120544836278513,-11.9823893236698,9.81066066527162e-25,7.16818244854878e-24,9.55735268985056e-25,45.4638344229771
"RP11-309L24.2",-1.51443083839195,-1.06585881761839,-11.9661627396208,1.09422246896246e-24,7.97595504270761e-24,1.06343575834878e-24,45.4288123642849
"FNDC5",-1.7181281853522,0.545151642364513,-11.9637104888342,1.11242186524005e-24,8.10379670644727e-24,1.08048091418273e-24,45.2748396987825
"ANKRD2",-1.97406362610775,-1.6841516200976,-11.9597831105403,1.1422007865017e-24,8.31579130047895e-24,1.10874619785883e-24,45.4131596446097
"CADM2",-1.42456422143045,0.324994351502875,-11.9470503566024,1.2443300511836e-24,9.0378819945014e-24,1.20502270151044e-24,45.1828763041472
"GPM6A",-1.44808876689969,-0.482082496301651,-11.9371368337074,1.33011964258501e-24,9.63531441031456e-24,1.28467849078841e-24,45.1935674897853
"PLAT",1.87513609013587,4.91436406268513,11.9225961733366,1.46674975950731e-24,1.06125186139219e-23,1.41496933216857e-24,44.5821326726699
"CADPS",-1.62201693132554,0.703371466441993,-11.9216600788243,1.47601121423966e-24,1.06763795526011e-23,1.42348392451389e-24,44.9746270237525
"DSG2-AS1",-1.17303654370617,-0.116122799998936,-11.9215944158316,1.47666305304248e-24,1.06779455675195e-23,1.42369272161134e-24,45.0549776586486
"NUDT10",-1.32354357316339,-0.977822292859427,-11.9201415031109,1.49115995214088e-24,1.07764205380411e-23,1.43682241008053e-24,45.1162770673548
"RP11-446N19.1",-1.57519604988295,-1.81883804019712,-11.9164665750643,1.52846527761828e-24,1.10395159980628e-23,1.47190098293458e-24,45.1275888607677
"ACACB",-1.0293964815786,4.55096630148143,-11.9156050548474,1.53734484266833e-24,1.11003810129434e-23,1.48001612813161e-24,44.5368766540119
"LINC01127",1.43726150398941,-0.55315132523834,11.9143340578865,1.55053897476379e-24,1.11923543181302e-23,1.49227894819834e-24,45.0595880075288
"KRT76",1.44804164014575,0.770102967196903,11.9126370925557,1.56833150821874e-24,1.13074765530833e-23,1.50762821992501e-24,44.9197749704162
"RP11-715J22.6",-1.39521058412923,-1.86693248577458,-11.907008955059,1.62881448496817e-24,1.17366514945062e-23,1.56485020486005e-24,45.0654823090834
"KIF26A",-1.11032903426957,2.93494754484823,-11.9009104734243,1.69698420952341e-24,1.22099233473717e-23,1.62795164024456e-24,44.5846005037572
"CRACR2B",-1.50714582621534,2.16881500828223,-11.8944407108838,1.77242126683834e-24,1.27340213336294e-23,1.69782973465215e-24,44.6257305545385
"GRIK5",-1.1793960018489,0.311297271432903,-11.883018061324,1.91387618124394e-24,1.37221733333971e-23,1.82958024799005e-24,44.7536151188117
"NOVA1",-1.14419702086377,3.12997101537386,-11.8774383336216,1.98701808711486e-24,1.42424253771927e-23,1.89894556208271e-24,44.4076048517921
"PCDHA3",-1.18703561523098,0.341159246713982,-11.876892027088,1.99432768421159e-24,1.42906425469885e-23,1.90537436744241e-24,44.70961285953
"LTBP3",-1.00116421523914,6.27947996179995,-11.8760417407982,2.00575799667611e-24,1.43641553700647e-23,1.9151758475583e-24,44.2029473402235
"ADAMTSL5",-1.16067806691077,1.16126471046637,-11.8758334308328,2.00856824899805e-24,1.43800823150684e-23,1.91729939047541e-24,44.6099832388421
"ZDHHC8P1",-1.38851516219825,-0.948170391348286,-11.8727114129698,2.05116067917509e-24,1.46807321677288e-23,1.95738509837489e-24,44.7987444592472
"PCDHB6",-1.03162018580782,0.453972700554106,-11.8716619295783,2.0656799668433e-24,1.47803378724424e-23,1.97066554787101e-24,44.6604911639457
"HPGDS",-1.25244206446771,2.20003070219631,-11.8628792833905,2.19127899470559e-24,1.56516281834999e-23,2.08683486774808e-24,44.408865302631
"SEMA3E",-1.58532204527996,1.89722406639174,-11.8590577249376,2.2482847502567e-24,1.60494552835554e-23,2.13987723842017e-24,44.4199720329565
"CCDC8",-1.2105078192537,2.6623067781559,-11.8508781206423,2.3753249837151e-24,1.69415444026066e-23,2.2588196677284e-24,44.2786779689973
"HPSE2",-1.20363726194581,1.72137153678441,-11.8337018117208,2.66590758409591e-24,1.89809524594207e-23,2.5307343715937e-24,44.2660243938659
"KCTD16",-2.51827782401569,-2.28741013409867,-11.8322881271669,2.69134878816721e-24,1.914541852557e-23,2.55266266668081e-24,44.5715227569006
"IYD",-3.08747767053825,-2.09428019846879,-11.8270863176971,2.78706762199356e-24,1.98205841206895e-23,2.64268263705582e-24,44.5380132825003
"KCNMA1-AS1",-1.07931324653185,-0.50687964228805,-11.8228899012695,2.86675775790898e-24,2.03577979982604e-23,2.71430947600251e-24,44.4318348868152
"PWAR5",-1.52577601202508,0.588517550067952,-11.8161498716416,2.99954031255081e-24,2.12699406725199e-23,2.83592565003177e-24,44.2810468117447
"PDZRN4",-2.21504866792558,0.861837785907551,-11.8113561223297,3.09770063474026e-24,2.1946967408697e-23,2.92619376673425e-24,44.2315785205099
"ATP6V1B1",-1.63988393272588,3.59075302896988,-11.8112300574356,3.10032486451478e-24,2.19528776780654e-23,2.92698178418849e-24,43.9236781778707
"CAMK2N1",-1.15128340249369,3.47007254001194,-11.8056319352544,3.21912380108442e-24,2.2780919963358e-23,3.03738483572149e-24,43.8932028314722
"C9orf152",-1.96679241968379,0.91999983846083,-11.8047725964943,3.23775815792482e-24,2.2899576729406e-23,3.0532053672202e-24,44.1749229921438
"PCDHA12",-1.19655723279111,0.21686509365318,-11.8010249041869,3.32029241724686e-24,2.34765443673194e-23,3.13013258336946e-24,44.2167431011981
"RP11-615I2.2",1.39301906006464,2.02992000178296,11.7962303546508,3.42895138174137e-24,2.42308612766789e-23,3.23070581506959e-24,43.998919144336
"TAGLN",-1.18123663659396,7.27959823645642,-11.7960754661364,3.43252021253346e-24,2.42490944046719e-23,3.23313684184826e-24,43.6659291348464
"TUBBP5",2.41091900080809,0.536521110250401,11.7935013701108,3.49237665027069e-24,2.46577474029475e-23,3.28762263180015e-24,44.1779992095746
"CHL1-AS1",-1.47540305178446,-0.520527873881974,-11.7929489287987,3.50535800459514e-24,2.47422794638014e-23,3.29889330919961e-24,44.2359817141625
"RP4-647J21.1",1.19139755393432,-0.200554058043905,11.7876081206413,3.63336841849228e-24,2.56310786795452e-23,3.41739709501e-24,44.1814528293989
"NRG3",-1.96813635961209,-1.09985164309454,-11.7840897861716,3.72023688870135e-24,2.62363342168104e-23,3.49809594271162e-24,44.2213871519255
"DCST1",-1.02343249201748,0.775178232843042,-11.7836304665335,3.73172958303494e-24,2.63022595438738e-23,3.50688578039309e-24,44.0360135970148
"SLC25A21-AS1",-1.15609120120862,-0.316076525020264,-11.7820893642715,3.77054933260794e-24,2.65682372968134e-23,3.54234864996629e-24,44.1432790623037
"RP11-288L9.4",2.84737457298015,-2.65192627206771,11.7814381565601,3.7870739438272e-24,2.66770102510607e-23,3.55685137076504e-24,44.2235445236887
"LGI3",-1.56212266587156,3.05838303295096,-11.773885470371,3.98409096730323e-24,2.80165662975956e-23,3.73545465934551e-24,43.724992648028
"MIR6510",-1.59627966938638,-1.48218967928088,-11.7720603209575,4.03321684041871e-24,2.83538958617914e-23,3.78043088087549e-24,44.1588913193846
"FRMD7",-2.3197213828931,-1.27674840885566,-11.7687194303632,4.12471268836888e-24,2.89805078259272e-23,3.86397718545007e-24,44.1305938423358
"FASLG",1.22212294860787,-0.594093797590376,11.7681760981016,4.1397874500773e-24,2.90780946665224e-23,3.87698845936993e-24,44.0865463178659
"ID2-AS1",-1.07574338260445,-0.992019106579776,-11.7678796500444,4.14803558847246e-24,2.91276887815782e-23,3.88360085312987e-24,44.1032824196929
"HHATL",-2.64659408240059,-0.498228410560912,-11.7626077323047,4.2974885837513e-24,3.0151258576159e-23,4.0200736284771e-24,44.0460794357954
"MYH3",-2.10673567651466,1.87253947913065,-11.7619315982698,4.31704121565157e-24,3.02797789355166e-23,4.03720927494011e-24,43.7811898872093
"KRT15",-1.61906453720478,8.25588220544224,-11.758798832372,4.40880101478067e-24,3.09145429647057e-23,4.12184249605767e-24,43.4275677401726
"ANKK1",1.23634442832276,2.00854969624113,11.7562532588964,4.48479390965563e-24,3.14204584450252e-23,4.18929631313577e-24,43.7310121843357
"SLC26A3",-4.01554499383316,-3.20017420259342,-11.7551193591082,4.5190638706036e-24,3.16424774816343e-23,4.21889815784278e-24,44.0584646397101
"LINC01671",1.84940460455649,-1.77273900345181,11.7435077846127,4.88540840847053e-24,3.41588647214838e-23,4.55440859620153e-24,43.983453133449
"CTD-2292M16.8",-1.01214004467741,0.000352619542641226,-11.7428020854842,4.90860562798354e-24,3.4311279237156e-23,4.5747300555364e-24,43.8495666266876
"BMPR1B",-1.22943251718524,0.463318508547059,-11.7423325694366,4.92410010517803e-24,3.44097798802868e-23,4.58786316693997e-24,43.7983888730703
"LINC01534",-1.08386069330969,-1.04504658066507,-11.7379684133924,5.07047838550869e-24,3.54024178308446e-23,4.7202117930374e-24,43.9079424507608
"P2RY4",-2.1877772015431,-1.15214571604365,-11.7363498601169,5.12586395318296e-24,3.57789388285918e-23,4.77041341662098e-24,43.9085788991368
"CASC1",-1.50972397858995,-1.36013742740233,-11.729929247078,5.35158718585788e-24,3.73014295239335e-23,4.97340742028703e-24,43.8734958617358
"P2RY10",1.21939071920232,0.306040100599572,11.7242927883939,5.55790807855342e-24,3.86735799576619e-23,5.15635652534683e-24,43.7085430072161
"UBASH3A",1.4777298438272,-0.0807396187851874,11.7124754798945,6.01661839638324e-24,4.18061235202516e-23,5.5740192154204e-24,43.6750763776164
"NBEA",-1.1220494721194,2.57389093179218,-11.7121021060039,6.03171179003353e-24,4.18991296476755e-23,5.5864197418926e-24,43.3593465729868
"EXTL1",-1.91519110038354,0.618993867807186,-11.706664340283,6.25586318764949e-24,4.340701902876e-23,5.78746694926695e-24,43.5537525509289
"KRT79",-2.92382542285027,5.91312675286674,-11.7042590672303,6.35764631395901e-24,4.40758475943433e-23,5.87664200216505e-24,43.0865495512058
"SLAMF6",1.44103535694595,0.62760814004657,11.7036503523569,6.38366620104514e-24,4.42437311611289e-23,5.89902595332864e-24,43.5405496743535
"NKG7",1.29305260825279,1.1386878623227,11.7034651298768,6.39160472671851e-24,4.4286237496314e-23,5.90469333191217e-24,43.4773896606246
"UBE2NP1",1.07864848039237,0.207679398267937,11.6999723571988,6.5431619473687e-24,4.53235459601975e-23,6.04299788691842e-24,43.554295548557
"NALCN",-1.28036055419453,0.085411154040313,-11.6977267634003,6.64249160556208e-24,4.59985979958291e-23,6.13300271638308e-24,43.5426879452901
"BMP3",-2.25466080679384,-0.895520820587844,-11.6916910252001,6.91699605631488e-24,4.78589786373178e-23,6.38104765742218e-24,43.5972976000173
"CYP2E1",1.39618962301577,3.33522663708092,11.6852144113298,7.22416018290646e-24,4.99328817529895e-23,6.65756159471834e-24,43.1177699494521
"PTPRQ",-2.6891612161974,-2.91042490058747,-11.6851996089534,7.22487758241029e-24,4.99328817529895e-23,6.65756159471834e-24,43.5932007872597
"AC144831.3",-1.22757460049478,0.564528709525407,-11.6819862863211,7.38230746874007e-24,5.09491383211189e-23,6.79305929604926e-24,43.3843660031688
"DNAJC27-AS1",-1.2812385893573,-0.827566581864644,-11.6792151343946,7.52082169488344e-24,5.18759039741566e-23,6.91662515490536e-24,43.5026156511043
"RP4-694A7.2",1.66266590954832,-2.36900667240581,11.6752552314606,7.72326983784967e-24,5.32274129201396e-23,7.09682212607568e-24,43.5304245605177
"GJC2",-1.1600866894076,1.22712037205237,-11.6708706221645,7.95378399338586e-24,5.47545365674343e-23,7.30043384219712e-24,43.2334966065362
"TREML2",1.80641486414269,-1.41003191025723,11.6697380514999,8.01443530692012e-24,5.51565850752347e-23,7.35403905404905e-24,43.4857287327193
"CD6",1.14705071095779,2.58111147187183,11.6654004553914,8.25102309323927e-24,5.67529709565263e-23,7.56688551835312e-24,43.0599194719565
"LINC01018",-2.41665200255605,-0.605448237943164,-11.6539989040448,8.9066878253293e-24,6.11256964128923e-23,8.14990192038176e-24,43.3284169440114
"GPC2",-1.25136537020177,0.112061681085786,-11.6494894296814,9.18014374192227e-24,6.29143799111119e-23,8.38838746627438e-24,43.2183367328624
"TMEM252",-1.62234614578052,-1.20816472655035,-11.6405956879309,9.74427226559764e-24,6.67059754760198e-23,8.89392169801585e-24,43.2730077629495
"FADS1",-2.42317090181694,5.46780934100165,-11.6328296768293,1.02650984127923e-23,7.01734486814293e-23,9.35624062759911e-24,42.6159386486699
"IL31RA",-1.47361408674304,-0.116001306473142,-11.6301750741247,1.04494289238098e-23,7.13738770936247e-23,9.51629399951894e-24,43.115669146502
"ANKRD18A",-1.48318385803188,-0.54465806381386,-11.6184407643871,1.13046396530347e-23,7.71508629409113e-23,1.02865407339331e-23,43.0768735486552
"RIMS4",-2.12465169770755,0.583419449565204,-11.6059797839724,1.2289426216645e-23,8.37785009010198e-23,1.11702050929258e-23,42.8916807900534
"RN7SL138P",1.46831117245188,-0.483367789838356,11.6041370886254,1.24421490315268e-23,8.47725087348024e-23,1.13027363658409e-23,42.9904258142704
"ADM2",1.24895697373535,0.246956956540707,11.6016783026357,1.26488882920739e-23,8.61093344512877e-23,1.14809756189433e-23,42.8994042732585
"FAM169A",1.0995808910777,1.12158765246945,11.5950483154094,1.32236002887367e-23,8.99219484009245e-23,1.19893122363281e-23,42.7522720676682
"LINC01527",1.37726648180556,4.57234893234195,11.5940336555459,1.3313825797996e-23,9.04602546186277e-23,1.20610847172137e-23,42.3962993736173
"CPNE7",1.97115819270893,-0.000864133966205617,11.5869768221508,1.39585643874346e-23,9.48146406244798e-23,1.26416559164596e-23,42.8435260101068
"BCAS1",-1.42614626065783,0.6923356594554,-11.5811547375681,1.45138897451956e-23,9.85048942086768e-23,1.31336782006622e-23,42.700405252146
"ADH6",-1.51988429826046,-1.37414021350851,-11.5780288590664,1.4821087888671e-23,1.00534193510322e-22,1.3404245102081e-23,42.8667266557083
"RP11-298A10.2",1.23550928998179,0.358687381718009,11.5765811676963,1.49655517234225e-23,1.0148605271554e-22,1.35311566895113e-23,42.7194070793062
"SUB1P3",1.22318335837712,1.63328734256889,11.5653770715308,1.61321859446983e-23,1.09216190132918e-22,1.45618175323285e-23,42.4987719770917
"OSM",3.35603590202362,-2.32453599338085,11.5544228775763,1.73605076064169e-23,1.1733770475894e-22,1.56446607804436e-23,42.7314294207003
"PKP2",-1.01934165804158,2.52492905428078,-11.552477211023,1.75882465539582e-23,1.18811487599969e-22,1.58411605556803e-23,42.2983076443082
"RP11-1090M7.1",-1.81611999993668,-0.848899361387397,-11.5515878928797,1.7693331357911e-23,1.19488444809152e-22,1.59314194023341e-23,42.659888562274
"OR2I1P",2.36770737342189,-1.84611768879204,11.5477629004558,1.81524969602628e-23,1.22454467943159e-22,1.63268798887466e-23,42.6907536372767
"LILRB4",1.3963892090449,2.19064419826368,11.5408199742126,1.9016552859199e-23,1.28177523641229e-22,1.70899361050568e-23,42.2760028358022
"SLC27A2",-1.98910063257022,0.933845305151817,-11.5364810581613,1.95772588421121e-23,1.31848161691193e-22,1.75793430459669e-23,42.3845182168179
"ATP6V0A4",-1.6543016117532,3.14599800739332,-11.5311303574459,2.02914893615326e-23,1.36583329050404e-22,1.82106839029034e-23,42.0954529029008
"NR1D1",-1.61419096551232,5.51028675124988,-11.5245339022676,2.12079043008296e-23,1.42478081810668e-22,1.89966325245198e-23,41.8762929848375
"ALDH1L1",-2.2684495651948,1.3170076394912,-11.5238116727701,2.13107165293729e-23,1.43129587905931e-22,1.90834979688176e-23,42.2605642746682
"LINC02169",-3.91911852922732,-3.05800034738596,-11.5225599607243,2.14900824009768e-23,1.44215797847102e-22,1.92283225680451e-23,42.5240075457796
"IL4I1",1.10118814926796,3.12434037129055,11.5210731603606,2.1705094640953e-23,1.45499470170346e-22,1.93994748680806e-23,42.0382858267865
"ATP1B1",1.08084587719977,7.05337387195185,11.5142079179721,2.27260909779031e-23,1.5217732992247e-22,2.0289835309134e-23,41.778539625913
"GXYLT2",-1.10149313411328,2.69091004403193,-11.5134760198454,2.283772760488e-23,1.52841414104365e-22,2.037837779236e-23,42.0208325200245
"ITGA8",-1.10646935729765,3.97371510781091,-11.5108642198556,2.32405869287949e-23,1.55410337020033e-22,2.07208928233921e-23,41.8763135154967
"AP000438.2",-1.61757828729374,-1.59316520793251,-11.5099003481579,2.33910454750881e-23,1.56373824860442e-22,2.08493548591907e-23,42.4260159566659
"RP11-419L20.2",1.34794115942489,-1.41218358327857,11.5003919510805,2.49283975795837e-23,1.66469843678744e-22,2.21954591653029e-23,42.361330658828
"RP11-545A16.3",-1.63253123522193,-1.6368031629532,-11.4997272523873,2.50395654812013e-23,1.67166701720987e-22,2.22883713942016e-23,42.3605513161137
"CTD-2527I21.5",-1.24269666687259,0.611520185373508,-11.4992551093823,2.51188297491575e-23,1.67650246554377e-22,2.23528425282335e-23,42.162226842175
"SLC14A1",-2.41089435546779,1.11936448052276,-11.4980506783687,2.53221681456205e-23,1.68961409215392e-22,2.25276601207688e-23,42.1160035433841
"GNLY",1.76570230025302,0.798858801235251,11.4969454384089,2.55102058626866e-23,1.70169793146581e-22,2.26887742037042e-23,42.1535377614437
"MEGF6",-1.0325452709,5.42737172512938,-11.4964116544902,2.56015185569167e-23,1.70732476118557e-22,2.27637968423487e-23,41.6850822630518
"OLFML1",-1.02557788633457,4.84780033289536,-11.4897261967683,2.67731920142925e-23,1.78497649830543e-22,2.37991290816729e-23,41.6692631357642
"NFE2L3P1",1.26962997248953,-0.777450248464492,11.4818655143656,2.82194708911347e-23,1.87884685672571e-22,2.50507045388893e-23,42.1997290738188
"AC091729.7",-1.75823786900601,-1.00194552129249,-11.4817718662334,2.82371630101773e-23,1.87951461143454e-22,2.50596077264245e-23,42.207467276403
"EBI3",1.62977126969671,-0.725923068809325,11.4799093558588,2.85913395358583e-23,1.90205689214953e-22,2.53601644278941e-23,42.187558770222
"FBP1",-1.56441673594186,2.04836018198149,-11.4797589521079,2.86201331912673e-23,1.90345614673374e-22,2.53788207186068e-23,41.8703957117857
"DBN1",-1.10571897305651,5.76681251190381,-11.4786679474727,2.88298660041658e-23,1.91584652763527e-22,2.55440219269849e-23,41.5561438727145
"SLC6A16",-1.03755521783088,-0.0330864370720302,-11.4740273066273,2.97392512510971e-23,1.97520810908992e-22,2.63354911372926e-23,42.0648282760669
"GLI1",-1.12807408352403,1.4395176788086,-11.4678069446385,3.10032668696404e-23,2.05693299913048e-22,2.74251308099197e-23,41.8557533129409
"COX7A1",-1.04342947810855,3.46248284657198,-11.4583553883151,3.30272629625623e-23,2.18884816521407e-22,2.91839584854853e-23,41.573477454388
"LGI1",-1.67649668730258,-1.67187031447336,-11.4581447668446,3.30738375243451e-23,2.1913427520182e-22,2.92172188636545e-23,42.0870450337347
"ADAM12",1.15167224093933,2.15308111670803,11.4531522302456,3.41972324362531e-23,2.26393985748021e-22,3.01851575930924e-23,41.6912607202149
"PLCXD2",1.11068148406052,2.07162239805238,11.4528259209382,3.42719690075015e-23,2.26827537996761e-22,3.024296320533e-23,41.6974252862635
"FALEC",-1.9031455056831,-2.6435086610315,-11.4500132494018,3.49229682744064e-23,2.30949195425894e-22,3.07925046546403e-23,42.0441097324014
"FAM3B",-1.35365786111567,0.604103569372926,-11.4481622789654,3.53580986484745e-23,2.3376373144199e-22,3.11677673318558e-23,41.82479825737
"CSPG4",-1.03425347771366,4.75887649976981,-11.4470776083384,3.56155957863254e-23,2.35402676757475e-22,3.13862882544454e-23,41.3903640618158
"SOST",4.49483242404631,-1.17885170938165,11.4441298380837,3.63248807392006e-23,2.39896789114462e-22,3.19854891973878e-23,42.0066710710423
"CCR4",1.51360005878904,1.9267549063364,11.4420593740155,3.6831482687931e-23,2.43177014096789e-22,3.24228422821227e-23,41.6503192638915
"GALNT8",-1.38792248653087,2.51996873999978,-11.4400775534972,3.73229992170157e-23,2.46289621951832e-22,3.28378469401288e-23,41.5521110915085
"MT-TK",1.80808607681294,-0.758245857849765,11.4380007407879,3.78451012980122e-23,2.49533506623022e-22,3.32703547635595e-23,41.9150459768488
"PCDHAC2",-1.11171854687928,0.396651875352773,-11.4322860432429,3.93196847877544e-23,2.5897777348927e-22,3.45295608452361e-23,41.7405850153194
"NAALADL2",-1.1022698957965,2.39212294836453,-11.4318016488108,3.94472803114454e-23,2.5974842724272e-22,3.46323122717846e-23,41.5089545550559
"B3GALT5",-1.61911189548606,1.78730661580176,-11.4314121799932,3.95501709000466e-23,2.60356036456345e-22,3.47133249356488e-23,41.5788342487921
"IGDCC4",-1.00107098760038,2.75498202638137,-11.4166004874284,4.36684708617674e-23,2.86927472086105e-22,3.82561000200175e-23,41.36799221046
"RADIL",-1.00169850116214,1.21339956062943,-11.4136461086451,4.45397529254234e-23,2.92417307214879e-22,3.89880608889187e-23,41.5204295203355
"CDHR2",1.18052021203973,-0.444399324648014,11.4131989286782,4.46731350599195e-23,2.93136077247112e-22,3.90838946480377e-23,41.7156259158173
"NT5DC4",1.48218228275502,-1.84299655333091,11.4101278889866,4.55999791871003e-23,2.98897992918545e-22,3.98521320727451e-23,41.7797652764963
"IFI44L",2.16864827095993,3.75516983712111,11.4072054155421,4.64998009651359e-23,3.04714698924086e-22,4.06276747041883e-23,41.239244144817
"MYADM",-1.04999941077091,6.67633268548464,-11.4049601893645,4.72031187021265e-23,3.09158369966825e-22,4.12201502961248e-23,41.0514388545388
"FCGBP",-1.34589465477424,6.90830911584108,-11.3991000694098,4.90892251202595e-23,3.21168448586216e-22,4.28214565968817e-23,41.0136518808716
"PLEKHB1",-1.19728592813355,1.47973682604059,-11.3930855261245,5.11032692338268e-23,3.34167152164038e-22,4.45545764706541e-23,41.3545216043581
"EGR2",-1.05021399410345,3.50653430461628,-11.3908431593157,5.18750793916815e-23,3.39123653336664e-22,4.52154278113456e-23,41.1195267170663
"FCGR1B",2.08133509026918,-1.63380824102782,11.3906578836668,5.19393681704934e-23,3.39453456564312e-22,4.52594005448454e-23,41.6489501736113
"SNX18P3",-2.00566620250371,-1.93642617785535,-11.3891032694297,5.24819459351272e-23,3.42908143286308e-22,4.57200146499139e-23,41.6402066934154
"ADAM8",1.01704292607002,2.90073967597496,11.3840654570764,5.42793679008264e-23,3.54274703531525e-22,4.72355205109005e-23,41.1477010864437
"RP1-56K13.5",-2.35503060738479,-2.70508751888333,-11.3825476947592,5.48328323049841e-23,3.57791889006823e-22,4.77044675878525e-23,41.6001014141073
"CPNE4",-2.08140945534574,-2.06567175052984,-11.3797308428149,5.5874989792579e-23,3.64398231755485e-22,4.85852926518375e-23,41.5812180047055
"PCDHA11",-1.15110449636485,0.202711510387387,-11.3768224836609,5.69717475271087e-23,3.71452159315503e-22,4.95257942925763e-23,41.3948382918721
"IL21R-AS1",1.71026748244372,-0.374718192189354,11.3748111845742,5.7742760319029e-23,3.75979406717585e-22,5.01294131380294e-23,41.4638429001671
"RP11-849N15.3",-1.0417269870501,2.94176308346646,-11.3738611237614,5.81105698853328e-23,3.7827390078223e-22,5.04353385128087e-23,41.0638164516928
"LRRN1",-1.32340786573808,1.5719542743668,-11.3709307202945,5.92598489725641e-23,3.85550550556778e-22,5.14055357531141e-23,41.1979717378505
"RP11-367G18.1",-1.25029881984,-0.00677610111240881,-11.3582443579197,6.4502785140066e-23,4.18551405797762e-22,5.58055467024537e-23,41.295539982443
"C12orf60",-1.10499398989909,4.59312013661968,-11.3448689328109,7.05325127037497e-23,4.56711053748039e-22,6.08933805654878e-23,40.7211957377297
"PTCHD1",-2.28007612214137,-1.19735367112995,-11.334979403447,7.53495811338919e-23,4.87259300303744e-22,6.49663846845234e-23,41.2525946840358
"MIR155HG",1.82665268756756,-1.67658410671007,11.3337268474455,7.59826576319101e-23,4.91094236204346e-22,6.54776974923112e-23,41.2732477319633
"HSD11B2",-1.01079782918362,4.01019391372267,-11.3325455295719,7.65845914235714e-23,4.94854283044615e-22,6.5979025325981e-23,40.6841317267753
"MGP",-1.03641367338118,7.09886710076792,-11.3313964614276,7.7174657794751e-23,4.984044250631e-22,6.64523665057467e-23,40.561417432103
"SLC25A10",1.0244675285052,4.3496643473708,11.3307374002951,7.75151422283412e-23,5.00471547401093e-22,6.67279763605331e-23,40.6518349973932
"RP3-414A15.12",-1.69743150907149,-0.8596344813222,-11.3296750977617,7.80671076922673e-23,5.03505132126199e-22,6.71324448480539e-23,41.1895349687389
"SCGB2A1",-2.68186109157725,-0.906720530084475,-11.3246494191888,8.07320602216036e-23,5.20146039694114e-22,6.93511805435714e-23,41.169466001504
"IGFALS",-1.96067478029243,-1.84883643000688,-11.3233512627658,8.14350606029343e-23,5.24399886182403e-22,6.99183467878582e-23,41.2041869670934
"ERC2",1.97228325793411,-2.14406562415604,11.3181993294541,8.4285774659425e-23,5.42045485276973e-22,7.22710382153017e-23,41.1788529392048
"CAMSAP3",-1.02183267375715,5.20105533858433,-11.3169647704807,8.49835532943194e-23,5.46246487212543e-22,7.28311586842933e-23,40.4989184771198
"FABP7",-2.69871466019705,3.2530973261397,-11.3157923303105,8.56515582215299e-23,5.50107729787296e-22,7.3345978966462e-23,40.6682374730621
"FAT3",-1.50380070289041,-0.414637914048783,-11.3097797766185,8.91604756725337e-23,5.72194701019337e-22,7.62908394723205e-23,41.0179067066155
"RASGEF1C",-1.5477547646363,-1.1306725665091,-11.3097239698148,8.91937074344833e-23,5.72258241159562e-22,7.62993112925407e-23,41.0767616571744
"AZGP1P1",1.26097868817427,2.09431136410152,11.3054271997553,9.17898057188315e-23,5.88299021340867e-22,7.84380318777586e-23,40.7173093536931
"SHC2",-1.10434643010352,2.52327251377994,-11.2936204650318,9.93182463542769e-23,6.35553860312471e-22,8.47385294668672e-23,40.5753792544558
"CXCR3",1.42264754949101,0.76986043063487,11.2888318214942,1.02544528586849e-22,6.55344501609754e-22,8.73772198209994e-23,40.7644037044411
"TRBV20-1",1.40783621093177,-0.01326315955555,11.2843221417506,1.05678418189695e-22,6.74845155260829e-22,8.99772460614542e-23,40.8233564733229
"ACTA2",-1.04492232332687,7.84787742527299,-11.2822061256181,1.07181656676576e-22,6.84088387968531e-22,9.12096482166164e-23,40.2398700762719
"SLC4A8",1.1918273859974,-0.103142744083063,11.2797856769121,1.0892734742775e-22,6.95049421880292e-22,9.26710851665271e-23,40.7985185816851
"ELOVL3",-3.73530429150644,3.01747654120416,-11.279497653301,1.09136957543516e-22,6.96205798342614e-22,9.2825265082733e-23,40.4802258318581
"DACT1",-1.11245533597954,2.0006509995723,-11.2770921408458,1.10903369459032e-22,7.06738853232302e-22,9.42296394998865e-23,40.5235439510173
"OGN",-1.83243974757314,2.88867433231509,-11.2711560279442,1.15385392524613e-22,7.34537479326162e-22,9.79360361461672e-23,40.3937485750646
"RBPJP7",-1.54108751157581,-2.42070348900806,-11.2707092574023,1.15729947916443e-22,7.36539741176573e-22,9.82029981385435e-23,40.8666679612419
"MIR147B",1.27148534514983,1.63248275292119,11.2673779529581,1.18331670809366e-22,7.52707267015593e-22,1.00358617748882e-22,40.5177275845997
"CTA-109P11.4",-1.41271257883722,-0.782519490954387,-11.264182128067,1.20882418331106e-22,7.68135740110197e-22,1.02415699301834e-22,40.7485068365995
"CTD-2331H12.5",-1.46802980733794,-1.01192627701617,-11.2636121699548,1.21343061651182e-22,7.70863148453821e-22,1.02779345228209e-22,40.7632156306969
"UBE2SP2",1.12227814337488,1.04367820854827,11.263257300524,1.21630753481286e-22,7.72490709836611e-22,1.02996348328665e-22,40.5556188291195
"PAX5",2.03453793891178,-2.44455205443376,11.2595709933297,1.24659789859131e-22,7.9152351169163e-22,1.05533995791046e-22,40.791778069311
"SLC1A6",-1.67118521765855,2.07161333232141,-11.2574711450085,1.26418764528594e-22,8.01861767871048e-22,1.06912397655311e-22,40.3905320674118
"P3H3",-1.06812586787252,4.13316329229755,-11.2543621622513,1.29068638141421e-22,8.18035027476172e-22,1.09068781749887e-22,40.1540583399045
"CYP21A2",-1.0915958007684,3.89017095585597,-11.2542219306882,1.29189459160289e-22,8.18589267446026e-22,1.09142678681288e-22,40.1746418744379
"RP11-756G12.1",-1.52628126444259,-0.70852421768574,-11.2513671330096,1.31673784983005e-22,8.33899973680129e-22,1.11184058354034e-22,40.6580640416969
"AC073342.12",-1.60716316913646,-1.45238018736076,-11.250396071704,1.32529649652966e-22,8.39103574261214e-22,1.1187785551067e-22,40.7050586388382
"ZIM2",-1.41134103391477,-1.12087850041959,-11.2447458429448,1.37620861815832e-22,8.70664044007924e-22,1.16085819560019e-22,40.646312815442
"DMGDH",-1.03557619624208,0.157799561641643,-11.2443081384567,1.38023311161292e-22,8.72984986117632e-22,1.16395271258193e-22,40.5203163281766
"FOLR1",-1.70582799462046,-0.596200703040512,-11.2427631843956,1.39453236971566e-22,8.81347332243901e-22,1.17510224620736e-22,40.5928997817453
"DIO3OS",-1.31807876957243,1.7714892475003,-11.2322755031476,1.49558690438652e-22,9.43997827863939e-22,1.25863428339147e-22,40.2538169512965
"TYMSOS",1.14467620129184,-0.121817224650809,11.2305056652861,1.51334678444561e-22,9.54961922533623e-22,1.27325273380554e-22,40.4731252172133
"CILP2",-3.12051730125855,0.700804712778278,-11.2202437832879,1.62054878812895e-22,1.02208332926785e-21,1.3627458461534e-22,40.341133785901
"CTNND2",-1.65546302831755,0.532360597620518,-11.2200299634274,1.62286126498236e-22,1.0230157056666e-21,1.36398898556097e-22,40.3244180878408
"FAM153C",-2.00928203879865,-1.9721029199271,-11.2153676949691,1.674110759624e-22,1.05351312248541e-21,1.40465125535655e-22,40.4967078071918
"TESC",-1.13216209414306,1.7793538055134,-11.2105877975541,1.72833010684411e-22,1.08726547475436e-21,1.44965333741316e-22,40.1073562795109
"RP11-321G12.1",-1.7288560835854,-0.373748341184336,-11.2062688819965,1.77882558719938e-22,1.11845767759104e-21,1.49124196686328e-22,40.3316473269054
"KLHDC9",-1.09976024737912,-0.645917264212189,-11.2061401822628,1.78035268151335e-22,1.11913097314606e-21,1.49213967323865e-22,40.3512095692202
"TJP3",-1.04600046710665,2.0815265165138,-11.2049995467882,1.79394425796973e-22,1.12709694568344e-21,1.50276072112685e-22,40.0354148093691
"PLN",-1.41693206909867,2.71053466778674,-11.1933813994949,1.93842078394994e-22,1.21568869825426e-21,1.62088029060052e-22,39.8915760926691
"ST6GALNAC5",-1.36000519915432,-0.578214006154208,-11.192524402734,1.94952662548651e-22,1.22202885433e-21,1.62933363399119e-22,40.2564361027403
"TRPM6",1.16240385345116,1.38426231988994,11.1919701276277,1.95674327563579e-22,1.22623911764933e-21,1.63494718690349e-22,40.0440294738602
"KRT37",2.29061771701311,-0.964005711721351,11.1860171930801,2.03595101576694e-22,1.27522488546301e-21,1.70026001384936e-22,40.2709922792011
"KRT8P47",1.6100760256655,2.38843945325479,11.1841513769541,2.0614293828512e-22,1.29085371209023e-21,1.72109796116404e-22,39.8868393304165
"XRCC2",1.01493280765709,0.880798090730074,11.183360908241,2.07231921447708e-22,1.29734164606161e-21,1.72974833713285e-22,40.0428368630105
"AC072062.1",-1.41917508712666,-0.382848823857599,-11.1824154803365,2.08541923333372e-22,1.30487660600024e-21,1.73979471501933e-22,40.1715763536143
"CD177",3.50070910734977,-0.058037831999546,11.179794704405,2.12216675138706e-22,1.32753139704213e-21,1.77000039542106e-22,40.1918766284188
"FSIP2",-1.95440074456345,-1.18731451420713,-11.1748718883062,2.19294805697076e-22,1.37041095392048e-21,1.82717179852254e-22,40.1927546015357
"EFCAB1",-1.14296496436798,0.599008565663971,-11.1699795689373,2.26562415464603e-22,1.41438608463115e-21,1.88580393251199e-22,39.9771488029653
"RP11-34A14.3",-1.41728394346686,-1.23239619154982,-11.1683216846719,2.29079346479906e-22,1.42937120591685e-21,1.90578362614501e-22,40.1498752887947
"GZMH",1.39566667818508,-0.0856495412590332,11.1613856984667,2.39915336652508e-22,1.49622257244157e-21,1.99491669331529e-22,40.017343074713
"PCDHAC1",-1.13550960913662,0.249440090614858,-11.1528544505244,2.53947371591147e-22,1.58212373136593e-21,2.10944888863813e-22,39.9053885697317
"SULT2B1",1.08142051476408,6.89122106389291,11.151393424334,2.56431263969832e-22,1.59719300219706e-21,2.12954077903654e-22,39.3633439928541
"STXBP5L",-2.41429910212256,-2.46294289368804,-11.1493252293537,2.59988902481127e-22,1.61894079717113e-21,2.15853715967914e-22,40.0699506669782
"SUB1P1",1.02535563421173,1.92110026212835,11.1430334774908,2.71117378625043e-22,1.68738063002158e-21,2.24978813233241e-22,39.6550081087152
"SEMA3D",-1.33664748150167,3.22306675312407,-11.1401602114253,2.76356296165348e-22,1.71955028725106e-21,2.29268000377409e-22,39.4838254632418
"KBTBD12",-1.56547773375733,-1.55826241873606,-11.136839036406,2.82537864694852e-22,1.75712189280815e-21,2.34277430424851e-22,39.9624155168138
"ISLR2",-1.36710490143551,0.391302183906387,-11.1366823959446,2.82832795831971e-22,1.7585102195606e-21,2.34462536321879e-22,39.7845057800465
"NTRK3",-1.14826644653055,2.50528772607433,-11.1330233778909,2.898102619382e-22,1.80006738536849e-21,2.40003361953305e-22,39.51166961542
"CHGA",-2.38270793452126,-1.89761430282269,-11.1314936359292,2.92778026686764e-22,1.81712030328263e-21,2.42277031074681e-22,39.9443345412887
"BATF",1.08412414190754,1.21640169668456,11.126754242213,3.02166510850506e-22,1.87160105508617e-21,2.49540961136896e-22,39.6299964677674
"RP11-263K19.6",1.28660145922581,-1.11589078197514,11.1194505331642,3.17226188998772e-22,1.96289706452116e-21,2.61713477219029e-22,39.8295083365701
"MCOLN3",-1.014227741465,2.74467040901362,-11.1155084997139,3.25663137098071e-22,2.0135783783064e-21,2.68470827413547e-22,39.3687718946314
"CXCL3",1.96146153974514,-2.20743496315488,11.1134973965181,3.30053268971968e-22,2.04020831183075e-21,2.72021402034469e-22,39.8349236150955
"RP11-517C16.4",1.06852974521723,-0.981917059990489,11.1076907062999,3.43063106259704e-22,2.11849241448591e-21,2.82459037857135e-22,39.7400786046106
"PCDHA13",-1.13190089762396,0.16533939006998,-11.1059303505543,3.47107312023793e-22,2.1418485910238e-21,2.85573121772566e-22,39.6048557387259
"CDH19",-1.11281679757739,2.21841253903382,-11.1039702833902,3.5166631700997e-22,2.16943446268123e-21,2.89251151825225e-22,39.350772913224
"FAM157B",1.96605908784479,-1.6054759037587,11.093104497352,3.78044674748914e-22,2.32923380613951e-21,3.10557231797374e-22,39.6882064463801
"C21orf62-AS1",-1.4648632602675,-1.39117270261858,-11.0845651519806,4.00153014525417e-22,2.46173893661385e-21,3.2822416862896e-22,39.6086506068058
"FAM157A",1.26987235488509,1.19661447356631,11.0789417917407,4.15411566221547e-22,2.55240854115283e-21,3.40313166014954e-22,39.3201490767305
"LILRB1",1.12146365827615,1.30438828515261,11.0787472298229,4.15949758222667e-22,2.55507529919499e-21,3.40668725423915e-22,39.3028176531761
"H19_2",-2.31457140317936,-1.11677726662482,-11.070661103741,4.38943444014995e-22,2.68958401069193e-21,3.58602800133383e-22,39.5043255752367
"RP5-1198O20.4",1.54407773633525,2.44840207411656,11.0600343278795,4.71100708521691e-22,2.88230435984536e-21,3.84298244698181e-22,39.0561900940472
"CAMK2N2",1.73196354709102,-2.36003128969305,11.0467342173341,5.14678383634542e-22,3.14108768195771e-21,4.18801879300558e-22,39.397905141231
"MYOSLID",1.46126289495106,-1.47537836276571,11.0462991843658,5.1616973737192e-22,3.14940580056181e-21,4.19910935798296e-22,39.3710168603824
"ESRRG",-1.51225457651527,0.852094407549068,-11.0450106794754,5.2061225239168e-22,3.17572179225644e-21,4.23419652489229e-22,39.1249848582999
"UBE2QL1",-1.28227865850562,1.51721171289695,-11.0434200705196,5.26149002409707e-22,3.20790025630258e-21,4.27710013848111e-22,39.0320400001962
"PI15",1.68364184299675,2.24122640774031,11.0403220519034,5.37102072233185e-22,3.27224034469338e-21,4.36288491324944e-22,38.9523373151657
"CCL4L2",2.80401207057387,-1.97728520624338,11.0393433045006,5.40609498955691e-22,3.29279110761986e-21,4.39028528855289e-22,39.348805612562
"APOC1",-2.04613088160174,2.24726379407567,-11.0347796291662,5.57267873121944e-22,3.39257046213329e-21,4.5233213111563e-22,38.9001684342819
"LRRC7",-1.26355831943852,-0.921771875801045,-11.0295599744765,5.76949323793125e-22,3.50668671772278e-21,4.67547275402794e-22,39.2116500024325
"CHRNA3",1.47320581010908,-0.137172087562579,11.0294163332691,5.77500636226334e-22,3.50877770754509e-21,4.67826067514268e-22,39.1533905514266
"GABRD",-1.50338264424001,-1.01842047376689,-11.0234313879918,6.00944770672903e-22,3.64850825125371e-21,4.86456370207502e-22,39.1802609229314
"INPP5J",-1.05575147979485,1.70113905846772,-11.0219654680208,6.06830336312719e-22,3.68332949494639e-21,4.9109909393083e-22,38.8665657218407
"RGS6",-1.16772320327042,0.446849600092261,-11.0193567194863,6.17446848266672e-22,3.74498919245423e-21,4.99320194329178e-22,39.0001597812621
"PCDHA6",-1.1082462520454,0.209923148922211,-11.0154698630906,6.33609354206607e-22,3.84111968363313e-21,5.12137292875983e-22,39.002100455211
"FCGR3B",1.85127015053003,1.70135192678521,11.0113194318332,6.51334035251243e-22,3.94340593319292e-21,5.25775139978534e-22,38.8279935134058
"RP11-670E13.6",1.69308623333151,-0.341645671050888,11.0097131179255,6.58325898661186e-22,3.98308279288643e-21,5.31065264001442e-22,39.0483707981595
"RP11-1149O23.4",1.03392013342483,-0.725101043999347,11.0090427847633,6.61265777795016e-22,3.99988335333074e-21,5.33305286248448e-22,39.068965612845
"UCHL1",-1.1092146025053,1.83114581105786,-11.0055247669375,6.76910812628276e-22,4.09149049091827e-21,5.45519285112399e-22,38.7432900563784
"FAM151A",1.22749629022041,0.291207539339104,10.9955658972385,7.23229844847516e-22,4.36822990259046e-21,5.82417008901061e-22,38.8768699489051
"SOX2-OT",-1.40422120076299,-1.89761034507399,-10.9886075432422,7.57456725647328e-22,4.56708421009775e-21,6.0893029541943e-22,39.0035866495574
"APOC4-APOC2",-1.45249512160798,-1.32501293531658,-10.9878643104706,7.61206737001749e-22,4.58743951969997e-21,6.11644273117067e-22,38.9685654038565
"KPNA2P2",1.92407099121812,-2.44924938073456,10.9855390554183,7.73058922214081e-22,4.65772273251461e-21,6.21015148619564e-22,38.9974590671652
"PCDHB5",-1.15540217805225,0.564957604396568,-10.9851704815556,7.74954428026595e-22,4.66799661361403e-21,6.22384967340913e-22,38.7600190041876
"PCDHA7",-1.09621257770361,0.211392950955057,-10.981710730733,7.92974823205809e-22,4.77419893558962e-21,6.36544945199837e-22,38.7791164857259
"CAPN6",-1.18895722936982,1.70805812418887,-10.9774125649296,8.15945405404255e-22,4.90888126165209e-21,6.54502167975732e-22,38.5725119276844
"GS1-358P8.4",-1.05761894434116,5.07884264123938,-10.9582175944543,9.26902975905732e-22,5.55598147434404e-21,7.40780175026547e-22,38.1250133803305
"TRDN",-2.73962914851697,-3.06617573769746,-10.9536939431231,9.55171524074173e-22,5.72262998106774e-21,7.62999455373099e-22,38.7891827522286
"RP11-350F16.1",-4.50419184751118,-2.98851764544164,-10.9500750591835,9.78403970965479e-22,5.85895815425812e-21,7.81176119291681e-22,38.7642924634613
"HOXB8",-1.64271067155298,-1.5565036360201,-10.9475398276521,9.95014512177269e-22,5.95406585866896e-21,7.9385684946423e-22,38.7187561129369
"STK32A",-1.22076603631289,2.08032930112713,-10.9455649386199,1.00814839685671e-21,6.03118631173204e-21,8.04139335642774e-22,38.3192784274643
"C1QTNF2",-1.04640377800704,2.0634400404618,-10.9438665453947,1.01958166976954e-21,6.09512532198569e-21,8.12664337287478e-22,38.308749994606
"PCDHA10",-1.14072919216157,0.55717319845703,-10.9403884721057,1.04340060920122e-21,6.23447750121501e-21,8.31244192565346e-22,38.4653782955533
"SIM2",-1.74329557582101,-0.383777430865288,-10.9357836413525,1.07579184868276e-21,6.42020011301478e-21,8.56006627341403e-22,38.5487810539527
"LINC00886",-1.1877689165034,0.147100053794957,-10.9333666660563,1.09319269641328e-21,6.51928773586796e-21,8.6921800087443e-22,38.4688330890161
"RP11-307P22.1",1.24465662328237,-0.822149244263755,10.9331380445237,1.09485310359776e-21,6.52760255834853e-21,8.70326617899328e-22,38.5806834205089
"HOXD11",2.35793449610062,-1.84445913804747,10.9288253976911,1.12665004047619e-21,6.71391452691933e-21,8.95167631737249e-22,38.6213390904667
"KB-1991G8.1",-1.8121655564815,-2.47728099859273,-10.9260731249164,1.14742218039493e-21,6.82940335858453e-21,9.10565781880407e-22,38.6085473612246
"RP11-108K14.12",1.73020016719411,-1.0639619503912,10.9243258268829,1.16080728502105e-21,6.90571940019316e-21,9.20741015711051e-22,38.5482041255862
"HSPB6",-1.28714920087165,4.48090330766887,-10.9183651567597,1.20765149366341e-21,7.17569666583726e-21,9.56737141151811e-22,37.9018532269804
"NCMAP",-1.62282384866507,-0.193146357561869,-10.9183077222447,1.20811191588145e-21,7.17669389022527e-21,9.56870101288577e-22,38.4128592524754
"FOXD1-AS1",-1.25692548070896,-1.17641218584123,-10.9174813863399,1.21475562775127e-21,7.21441308413638e-21,9.61899209322207e-22,38.4951138002832
"TPSG1",-1.49235843540577,-2.02457050192987,-10.9150768682346,1.23429587812463e-21,7.32514137397556e-21,9.7666263542545e-22,38.5266258532068
"KLHL6",1.00438360354162,1.48339035014729,10.9134198371895,1.247943846079e-21,7.39897671177806e-21,9.86507116497434e-22,38.1870845447416
"CTD-2012M11.3",-1.56564461412352,-0.412122140906739,-10.9113126699665,1.2655169219306e-21,7.5013530838844e-21,1.00015697965802e-21,38.3885074446828
"GPR17",-1.33124478517564,0.215752579237746,-10.9079002117501,1.29450067026726e-21,7.66574419128809e-21,1.02207528047987e-21,38.2949117956442
"AMD1P3",1.02578462156739,-0.116042416971936,10.9003230900882,1.36124593709927e-21,8.04545550486048e-21,1.0727022695414e-21,38.2916974865275
"FAM180B",-1.4038830756192,3.33547418712585,-10.8990144427299,1.37311627655706e-21,8.10584742031085e-21,1.08075433629218e-21,37.8768782624564
"SLCO5A1",1.62365070645134,-1.02960289515483,10.8964618057216,1.39656836127616e-21,8.24230721014959e-21,1.09894854868609e-21,38.3611791012744
"RP11-256I23.2",-1.12971553231768,0.0573918404241342,-10.894198480327,1.41769633389176e-21,8.36498813512076e-21,1.11530562213787e-21,38.2206273933143
"CTC-321K16.1",-1.18094951817054,-0.292685541020804,-10.8929606107529,1.42938629782992e-21,8.42990793776683e-21,1.12396139303792e-21,38.2518068620152
"LIFR",-1.10339548174802,5.35477839957075,-10.8917948235197,1.44048343008492e-21,8.49331191661611e-21,1.13241505883328e-21,37.6733381325766
"PRPH",-1.27526242889849,-0.505716549166884,-10.8916739870514,1.44163857609338e-21,8.49808002749783e-21,1.13305079205699e-21,38.2659447340863
"DACH1",-1.34856732900925,2.0120636346697,-10.8808787877296,1.54865325362142e-21,9.11138570516341e-21,1.21482296666625e-21,37.9013817269748
"PYHIN1",1.34948665502329,-0.587501905509477,10.8804418443975,1.55314774087635e-21,9.13563735928418e-21,1.21805644479558e-21,38.2151766198341
"PITX2",-1.24329474403568,-0.528776998420381,-10.8782570537267,1.57581683583899e-21,9.26675505860916e-21,1.23553839514109e-21,38.1798808621896
"LILRA5",2.0834726560082,-1.5249101919389,10.876083793246,1.59869364839971e-21,9.39903111408149e-21,1.25317478935462e-21,38.2627544542042
"RP11-298A10.1",1.00384593709378,1.09055823793172,10.8731092549076,1.63054295244577e-21,9.58168604158839e-21,1.27752820914063e-21,37.9678797185855
"CTA-373H7.7",1.72335301996735,-0.662799185623893,10.8722592644591,1.63975976274639e-21,9.63353951153135e-21,1.28444184316146e-21,38.1745464384672
"PCDHA5",-1.1120713506688,0.153859963545401,-10.8567361366989,1.81752527242983e-21,1.06447611944028e-20,1.41926824218514e-21,37.962869839527
"RP11-44F14.8",1.78414403158233,-1.96207573334784,10.8547987240002,1.84102013331417e-21,1.07739516571543e-20,1.43649323367418e-21,38.1373286580992
"PEG10",-1.0209152641863,1.95798734588869,-10.8546372673231,1.84299172531072e-21,1.07810400759412e-20,1.43743833403743e-21,37.7318961153745
"SH3GL3",1.30739764560029,-0.454387302719597,10.8512893997883,1.88435130736785e-21,1.1017727977859e-20,1.46899598163201e-21,38.0101487463515
"ZDHHC11",-1.63438885948335,0.882030877228224,-10.8354177270493,2.09338148744403e-21,1.22137157764099e-20,1.62845728560347e-21,37.7408944177597
"LILRA4",1.64727137063808,-0.379558991246533,10.8304699918615,2.16315536403695e-21,1.26118076465648e-20,1.68153495812843e-21,37.8722620593595
"MIR4683",-1.45374882796478,-2.11612445296691,-10.8244789500862,2.25075338265512e-21,1.31100638731334e-20,1.74796756529783e-21,37.9372009140212
"RP11-706C16.8",1.17020800597714,7.21479894506147,10.8243611185292,2.25251126760636e-21,1.31171881224712e-20,1.74891744295595e-21,37.1993387674442
"SLC16A6P1",1.03392647310255,-0.538187690634978,10.8179865907976,2.34967935433942e-21,1.36765389661218e-20,1.82349580823202e-21,37.7955501671615
"TNN",-1.72151232724955,2.30031076555907,-10.8172878115258,2.36058199434409e-21,1.37334808247798e-20,1.83108787818722e-21,37.453218928721
"LINC01002",1.32061410653464,0.153409319077818,10.8166154607357,2.37111990575076e-21,1.37915174408951e-20,1.83882591238376e-21,37.7171980825699
"FLRT1",-1.10408364747998,-0.355841723256136,-10.8110280823201,2.46052672894318e-21,1.43047640690966e-20,1.90725719294626e-21,37.7194465300046
"FAM47E",-1.20591632288506,-0.364723898255411,-10.8093676406015,2.48773871753997e-21,1.44543740097788e-20,1.92720471770963e-21,37.7102995726045
"LINC01348",1.10167396559195,-0.283724273618315,10.8093500461252,2.48802866394677e-21,1.44543740097788e-20,1.92720471770963e-21,37.7136146308981
"C7",-1.44427884949778,3.90059311715783,-10.8092130473143,2.49028747519429e-21,1.44640708481093e-20,1.92849759919759e-21,37.2307088027307
"TNXA",-1.22610821446624,6.1293534661228,-10.8067501113972,2.53124655426007e-21,1.46950095817493e-20,1.95928870898013e-21,37.0903907411853
"RP11-501J20.5",-1.31290397901501,-1.68085420609529,-10.805955048588,2.54461149832359e-21,1.4765609375652e-20,1.96870179430548e-21,37.797147996216
"RIMKLA",-1.2134990835114,-0.175278700370497,-10.8044249202164,2.57053118954029e-21,1.49124855764059e-20,1.98828482895096e-21,37.6574603630476
"FGF22",-1.53659848783199,1.19669283278012,-10.8007653262409,2.63359593283309e-21,1.5260297907047e-20,2.03465871992926e-21,37.4723444612291
"CARD11",1.02202270248506,1.90082216563721,10.7875559827023,2.87433820803435e-21,1.66121035736726e-20,2.21489525292508e-21,37.3089130799599
"ZP1",-3.23439905602528,-2.78546941054949,-10.7870846172589,2.88332298754288e-21,1.66561814033094e-20,2.22077215919339e-21,37.7021679874882
"SIT1",1.23356394880295,0.822951973797598,10.7853191298624,2.91722485037517e-21,1.68440892490589e-20,2.24582595167019e-21,37.4273657602856
"GPR158",2.59096535757265,-1.62242578035421,10.7850068061665,2.92326350789519e-21,1.68749840719354e-20,2.24994516488275e-21,37.6760328092454
"PCDHA1",-1.09834651032056,0.148820307196476,-10.7810118346964,3.00161308646253e-21,1.73191168630329e-20,2.30916148305147e-21,37.4655032551435
"SYPL2",-2.49457769417104,0.0340334359735888,-10.7776180221264,3.06981545582374e-21,1.7704310721948e-20,2.3605194610332e-21,37.4790813532694
"ANGPTL5",-1.46349218278718,2.15724116984489,-10.7766060304587,3.0904500445145e-21,1.78191252214038e-20,2.37582770232148e-21,37.1987208161621
"RP11-627G18.1",-1.74729061316698,-2.11996900160675,-10.7754788332292,3.11359654370447e-21,1.79467223845799e-20,2.39284025884402e-21,37.618015997403
"DLK1",-3.24539384642313,-2.87044270028312,-10.7754571663149,3.11404315348875e-21,1.79467223845799e-20,2.39284025884402e-21,37.6266745621255
"RP11-290H9.2",-1.03187816352874,2.58773582631665,-10.7667733045951,3.29828194044549e-21,1.89906712289312e-20,2.53203017717049e-21,37.0819925151182
"RP1-20N18.10",1.3368989774535,5.62642313894956,10.7655846221077,3.32433297512304e-21,1.91297647747724e-20,2.55057554880449e-21,36.8352250771531
"PEX5L",-1.94623790971992,-2.25749723895798,-10.7579331321546,3.49700354694324e-21,2.0087705620474e-20,2.67829800263568e-21,37.507810652614
"LRRC4C",-1.32983974591337,-1.13636806750706,-10.7535527917248,3.5998500464379e-21,2.06688019520199e-20,2.75577569837272e-21,37.4177231392977
"AC005618.6",-1.47545682121108,-2.14497509399176,-10.7526576952183,3.62123436965139e-21,2.07867158012659e-20,2.77149717661844e-21,37.4693774650754
"NNAT",-1.08078795799155,1.55108703985975,-10.7516219864009,3.64613611651644e-21,2.09198658867638e-20,2.78925010543856e-21,37.1014976455513
"PCDH11X",-1.45670389375364,-1.41411533476362,-10.7442791697038,3.8276457410375e-21,2.19356296112541e-20,2.92468209582373e-21,37.3780477147336
"RP4-539M6.14",-3.24400074486731,-2.85341539443069,-10.7400523863761,3.93618626857544e-21,2.25313364750568e-20,3.0041078168903e-21,37.3961167810221
"RBPJL",-2.05325116718065,-1.8890558412945,-10.7364206939372,4.03189319158618e-21,2.30737928612286e-20,3.07643364060807e-21,37.3555519832766
"RPRML",-2.30274451226207,-2.91542469403653,-10.734163247931,4.09255005811688e-21,2.3415457855258e-20,3.12198790590688e-21,37.3587434893376
"RP11-96H19.1",-1.24590972200935,-0.94090391973485,-10.7330314156478,4.12330364034124e-21,2.35749164779231e-20,3.14324855750422e-21,37.2665016376981
"JAKMIP1",1.98522749046836,-2.15460394152882,10.7069380415975,4.89983970439888e-21,2.78588938964988e-20,3.71443216504442e-21,37.1784239128814
"LYPD6",-1.07897620314827,-0.0558967485856126,-10.7064228534387,4.91655657459171e-21,2.79474622622446e-20,3.7262410038215e-21,36.9998104614284
"RECK",-1.03181721684154,4.88363139468214,-10.7060372745808,4.92910506605557e-21,2.80123005236819e-20,3.73488590281509e-21,36.4716413667387
"HS6ST3",-1.71186932254426,-0.301228387203733,-10.6969182943573,5.2353670555374e-21,2.97114954044936e-20,3.96143991258354e-21,36.9715706097086
"FPR2",2.92679760710365,-2.59234668595326,10.6947928424594,5.3094346811036e-21,3.0117903297435e-20,4.01562636217045e-21,37.1028376094524
"TUBB8P7",1.84506867141354,-2.34617100904189,10.6943413541017,5.32530215947478e-21,3.02009274838376e-20,4.02669599435312e-21,37.0989073124675
"CCL8",1.56336722303039,-0.2571166196582,10.6938478300837,5.34270106657156e-21,3.02925963386193e-20,4.03891822198352e-21,36.9624556409975
"GREB1",-1.01996325658024,2.38771074961483,-10.6895223533888,5.49763899982909e-21,3.1156674997183e-20,4.15412601072134e-21,36.5960368196238
"AC002398.12",-1.28232035829924,3.80989911088119,-10.6821377446461,5.77257660357716e-21,3.26846165587582e-20,4.35784677952532e-21,36.4003041153663
"NAP1L3",-1.20569101126037,1.26564966161725,-10.6797436460594,5.86462162080881e-21,3.31828002572546e-20,4.42426971651164e-21,36.6645824309878
"CTD-2154I11.2",-1.25175135532552,-0.940906583418614,-10.679306578259,5.88158267483551e-21,3.32710931384607e-20,4.43604182487727e-21,36.9150562389865
"CDH2",-1.5704313102509,-1.07411564107113,-10.6785005099871,5.91299170554065e-21,3.34256419805257e-20,4.45664785439767e-21,36.9229016869527
"CFTR",-1.35367439771856,2.068660940175,-10.6756677699389,6.02470386094872e-21,3.40336103872294e-20,4.53770840955039e-21,36.5436901829174
"PCDHA9",-1.0919038140956,0.143308295631449,-10.6706109303702,6.22938215122638e-21,3.51736384450462e-20,4.68970858955538e-21,36.7416998803058
"SLITRK4",-1.22804793916354,3.20919249801356,-10.6687316572301,6.30720118184578e-21,3.560484018143e-20,4.74720080748756e-21,36.3710814389111
"ABO",-1.28728896206767,2.25868461780774,-10.6615473838278,6.61373517136642e-21,3.72666428401736e-20,4.96876930444678e-21,36.4285276620341
"AC006262.6",-1.20294877163618,0.610345404000199,-10.652359861775,7.02747831058658e-21,3.9543470521236e-20,5.27233921659841e-21,36.5654557702929
"DOK7",-2.32669187804575,-1.61859221756882,-10.6483345914024,7.21678452619307e-21,4.05900689884117e-20,5.41188240969167e-21,36.7688594267414
"SLC45A1",-1.1637416831162,-0.078432569448059,-10.6405729290719,7.59628197434989e-21,4.2646281590033e-20,5.6860376670399e-21,36.5716124719588
"OR13E1P",-1.68065733858397,-1.54001045824409,-10.6339867723182,7.93386519872253e-21,4.45007650570012e-20,5.93329633656359e-21,36.667069809956
"ZBED3-AS1",-1.08170205237652,-0.631090746781453,-10.6324448468699,8.01503537540233e-21,4.49252257056372e-20,5.98988976385279e-21,36.5780510411658
"RP11-247A12.1",-2.18086482825169,-0.667101366994006,-10.6275085375532,8.28050227341887e-21,4.63919962910959e-20,6.18545459358401e-21,36.5597965339695
"SHANK1",-1.14688272492513,-0.265345784812318,-10.6254484148024,8.39386829509743e-21,4.70056624525456e-20,6.2672748315718e-21,36.4936023362515
"RP11-96C23.12",1.40202877367572,0.206617215103086,10.6228887549899,8.5368810776986e-21,4.77847145307602e-20,6.37114600852217e-21,36.442340469106
"RP11-94C24.8",1.45747623983224,1.61502899365314,10.6144512804483,9.02572194594879e-21,5.04289084032419e-20,6.72369693200998e-21,36.2147146534881
"RP13-554M15.7",1.16201718984981,0.237653657948372,10.6123564073253,9.15135581755095e-21,5.10959379678784e-20,6.81263212373461e-21,36.3637299857514
"RP11-350N15.4",-1.01403320987861,0.584846132383635,-10.6103712719824,9.27201680594777e-21,5.17460815054123e-20,6.89931589792476e-21,36.291465686038
"RP11-618K13.2",-1.12053072620414,-0.0101057922961639,-10.6064745002758,9.51350285400982e-21,5.30575711694299e-20,7.07417708983888e-21,36.3400123668032
"AF064858.11",-1.34393879006332,-1.93858870427865,-10.6059950767405,9.54364299250487e-21,5.32135656558671e-20,7.09497586742655e-21,36.5055482582495
"RP11-64D22.1",-1.13158137182437,1.99976407616305,-10.5983802322699,1.00353338847648e-20,5.58662436508194e-20,7.44865798074242e-21,36.0425506993109
"ADGRD1",-1.10780080924423,3.48015550373179,-10.5960120509456,1.01933354861425e-20,5.66943611800688e-20,7.55907106456796e-21,35.8649554348271
"MUC1",-2.08030314732585,2.86850097247234,-10.5957064673668,1.02139034004413e-20,5.67958790764053e-20,7.57260646697414e-21,35.9374958322194
"LINC00632",-1.56669357684966,-1.03587440033734,-10.5886957621702,1.06973037071746e-20,5.94030938033909e-20,7.92022695323866e-21,36.3331017795563
"PDK4",-1.51626149076488,3.71049569107258,-10.5849375188509,1.09657626893166e-20,6.0880087651326e-20,8.1171548526996e-21,35.7735900313989
"SAA1",2.41098780230625,2.79857381732249,10.5764952834673,1.15935489241307e-20,6.42491116156979e-20,8.56634752433117e-21,35.8534193921783
"RP4-753P9.3",1.08445804332761,-0.101048781005467,10.5756265879023,1.16601463099471e-20,6.46035845245951e-20,8.61360947160503e-21,36.1616530113337
"CCL3L3",3.26374505853621,-2.83364374677648,10.5742498839974,1.17664714180945e-20,6.51779609175748e-20,8.69019119652392e-21,36.3208618379405
"RP11-57H12.3",-1.73820509843493,-2.52074062601326,-10.5730491354062,1.18599959791575e-20,6.56811879378582e-20,8.75728656066166e-21,36.3105151379704
"TUBB8P12",2.05439650450105,-2.55654471396382,10.567671353878,1.22880384363113e-20,6.79137013893296e-20,9.05494804728951e-21,36.278242012344
"MASP2",-1.02082397473576,1.07300815553834,-10.5651674023998,1.24925602518557e-20,6.899741451419e-20,9.19943974547456e-21,35.9348948105874
"BRINP1",2.09780779802995,-0.985890980106353,10.5638867335708,1.25984728152014e-20,6.95667134649392e-20,9.27534449395615e-21,36.1904746982078
"ANGPT4",-1.22612952992002,0.178526794135786,-10.5601125180338,1.29158384732636e-20,7.12798894487055e-20,9.50376260711329e-21,36.0155101034485
"RP11-386B13.4",-1.1933563091153,0.733426092307076,-10.5571560628897,1.31699963353514e-20,7.26571457745164e-20,9.68739248183512e-21,35.9261348424744
"RP11-797D24.4",-1.31211871415734,-1.34618070029194,-10.5526966551252,1.35628205148717e-20,7.47402519857947e-20,9.96513346979834e-21,36.1223347281547
"RP11-90C4.1",-1.41072697400665,-0.911918634847655,-10.546230046689,1.41532948414044e-20,7.79416290682457e-20,1.0391973747509e-20,36.0441663729533
"RP11-367J11.3",-1.37331860821266,-2.35317984858598,-10.5413293939451,1.46177869113958e-20,8.04273390225924e-20,1.07233939769588e-20,36.1006531483535
"SLCO4C1",-2.67747273962048,-0.0232058488989335,-10.5343392657105,1.53067359545545e-20,8.41047534707241e-20,1.12137044164575e-20,35.8970193391653
"VPS37D",-1.12397855708183,-0.301246251538668,-10.5273173601838,1.60314019179405e-20,8.80273620423649e-20,1.17367066398592e-20,35.8560453920431
"DCST2",-1.42952804452451,0.440066533805433,-10.5268708705474,1.60786195721453e-20,8.82668712769875e-20,1.17686404563349e-20,35.7684322670969
"PODN",-1.12001460737007,6.2007240013168,-10.5258781145283,1.6184103942457e-20,8.88260688074707e-20,1.18431983803342e-20,35.2410590083987
"CARMIL3",1.08996503720002,2.31820510870284,10.5167979773012,1.71814856666001e-20,9.41737386436574e-20,1.25562043209637e-20,35.484497714465
"CMTM5",-1.45588400171189,-1.57069128351449,-10.5149958573573,1.73866034056353e-20,9.52341688998261e-20,1.26975917093838e-20,35.893270330967
"RP11-252C15.1",-2.43613428183436,-2.26053595937056,-10.5138258663981,1.75210769414658e-20,9.59493135120057e-20,1.27929420904868e-20,35.9219556075078
"RP11-214O1.2",1.34096447033007,-0.197910309552583,10.5131698120197,1.75969340143012e-20,9.63217133458555e-20,1.28425942384237e-20,35.7699925172328
"RGS9BP",-2.14637604338675,-1.35769455965526,-10.5101174256365,1.79541970670096e-20,9.82334476153495e-20,1.30974861694533e-20,35.8507332374936
"SMCO2",1.57165453913925,-2.34206313075447,10.503296114811,1.87789364126355e-20,1.02654279547387e-19,1.36869166179708e-20,35.8582505471038
"SRMS",1.53518495538738,-0.607882338527551,10.4940174936602,1.99617170279655e-20,1.08853044744762e-19,1.45133992815765e-20,35.6922614656551
"LOX",-1.09942259445814,6.36639946716225,-10.493625213692,2.00133263818022e-20,1.09110217713458e-19,1.45476882074202e-20,35.0274914838709
"TSPAN10",1.07913503026278,0.514639671687162,10.4869942536054,2.09061133215561e-20,1.1387633745306e-19,1.51831559517249e-20,35.5074057446801
"RP11-18H21.1",1.99353931236607,-1.82643974869884,10.4850557436118,2.1174533395691e-20,1.15287226443842e-19,1.53712700767199e-20,35.7268046953116
"S100P",1.74130201191537,3.70124237615649,10.4779458748718,2.21887539749019e-20,1.20568399977048e-19,1.60754100513291e-20,35.0937373588855
"RP11-118B18.3",-3.11080439937252,-2.8274049719678,-10.4776384568667,2.22336827332439e-20,1.2078577410432e-19,1.61043925893002e-20,35.6929967052928
"LINC00861",2.14929415770653,-1.35631443763102,10.475838519164,2.24985669481215e-20,1.22170655325111e-19,1.62890390928685e-20,35.6438033626943
"ASPHD1",1.07723730704261,-0.982657792006214,10.4720244247299,2.30702999976991e-20,1.25164414586057e-19,1.66881976429019e-20,35.5769700658139
"RP11-299G20.5",1.0433559138264,-0.802993138838165,10.4708942687144,2.32424750548232e-20,1.26070638687462e-19,1.68090246923713e-20,35.5527294015083
"PHF2P2",-2.65192255947251,-2.15124981537539,-10.4624429058826,2.45712615488567e-20,1.33219253596454e-19,1.77621510172041e-20,35.5863203735193
"USP41",1.33889176659522,-0.168215664661021,10.4605734469556,2.48752694663481e-20,1.34718615471536e-19,1.7962061250415e-20,35.4237853132587
"GGNBP1",1.16074641228389,0.721570953159283,10.4579299227453,2.53115635048974e-20,1.36960518342846e-19,1.82609746303589e-20,35.2932821851251
"ANKDD1B",-1.73219588881849,-1.99764239763515,-10.4546048250054,2.58711915499068e-20,1.39896072825422e-19,1.86523727250869e-20,35.5258496261801
"HOXA11-AS",-1.11062460484563,-0.272588372886642,-10.4532523697067,2.61023280741454e-20,1.41083715954746e-19,1.88107214325605e-20,35.3695574798486
"MT-TR",1.45002013490605,1.36210979276373,10.4518892506241,2.63373695457407e-20,1.42291409739632e-19,1.89717434981446e-20,35.1818109222855
"SLC47A2",1.32964435164134,1.95517723702166,10.4489712671903,2.68476296658093e-20,1.44984293360407e-19,1.93307862359824e-20,35.0878305249326
"LINC01270",1.32805741323294,-1.69716721148152,10.4456581889073,2.74389325896837e-20,1.48079678450993e-19,1.97434945791918e-20,35.4593476455078
"SP5",-1.21225872868492,1.76200910216035,-10.4366090592037,2.91209525143649e-20,1.57053369233145e-19,2.09399586528992e-20,35.0123365597365
"TCEAL7",-1.39069791718007,-0.32889058015598,-10.4330851578809,2.98034212030393e-20,1.60522247533629e-19,2.14024649241034e-20,35.2471654103418
"RP11-543B16.2",1.03315026283469,0.425808339590508,10.4288622027198,3.06423020141832e-20,1.64931837569429e-19,2.19903964882382e-20,35.1383655925539
"RP11-481F24.3",-1.53680703735116,-0.591690566468577,-10.4236987523903,3.17000501548403e-20,1.70438147785603e-19,2.27245539839973e-20,35.2154391486325
"CDT1",1.04566966533314,3.2055444030955,10.4186769539342,3.27636706327746e-20,1.76079604136874e-19,2.3476730542288e-20,34.7431488639169
"NPIPB7",-1.09410440605718,-0.288876810514754,-10.4167999107662,3.31702974017717e-20,1.78155763401969e-19,2.37535452924598e-20,35.1338358951855
"TCEAL5",-1.59577484895888,-2.2378241614467,-10.416793117989,3.31717780274296e-20,1.78155763401969e-19,2.37535452924598e-20,35.2903818388939
"CCBE1",-1.04449056766043,3.50883817173796,-10.4156456546988,3.34228389458075e-20,1.79347056150245e-19,2.39123806043935e-20,34.6802302617775
"MYO3B",-1.19949149732438,-0.558257615406952,-10.4052187117996,3.57927838090097e-20,1.91812410152368e-19,2.55743888673983e-20,35.0890175828417
"CA4",-1.64677162122056,-0.677245852981311,-10.4045883351217,3.59413151749742e-20,1.92524258268567e-19,2.56692997260009e-20,35.1008081965453
"APOC2",-1.48548508112696,-1.35366077838896,-10.4022035710017,3.65087995446319e-20,1.9552136140409e-19,2.60689041155327e-20,35.1450268328114
"CLDN17",5.16299202409818,-0.847904138521088,10.3986471862895,3.73717147423702e-20,2.00011655946074e-19,2.66675960284002e-20,35.1670380193636
"NCALD",-1.21215209296768,4.80781247067228,-10.397114803864,3.77497670981691e-20,2.01924937348453e-19,2.69226942389817e-20,34.4518289121761
"FCRL3",2.37861653795139,-2.46048296211833,10.3911124786026,3.92676546979302e-20,2.09701074337216e-19,2.79594882142976e-20,35.1364857906367
"IGFL3",-1.13971153188457,2.31735122454874,-10.3855661805979,4.07242258067132e-20,2.17290365583437e-19,2.897137000758e-20,34.6133731148183
"APCDD1L",-1.42235744088628,0.509954943893266,-10.3853996888426,4.07687724974502e-20,2.17480742022066e-19,2.8996752938063e-20,34.8362573993112
"GPD1",-2.50385036172389,3.49635142469708,-10.3840322705657,4.11364822330876e-20,2.19346877437646e-19,2.92455651643385e-20,34.4951186180102
"NLRP7",2.41784034227132,-2.2445634595964,10.3690013241016,4.54028832779203e-20,2.41466158074768e-19,3.21947334899516e-20,34.9910300455952
"PRKAA2",-1.22687188026446,0.989027123446953,-10.3592245486001,4.84117862634204e-20,2.57133887715283e-19,3.42837151683398e-20,34.601992944277
"CTA-989H11.1",1.40890318634675,-1.89167248281372,10.3564798881958,4.92916493281126e-20,2.6169384734198e-19,3.48916955415604e-20,34.8921178126136
"FAR2",-1.80092806012356,4.26412236694769,-10.3406476658437,5.46871510561371e-20,2.89649415051809e-19,3.86190172464082e-20,34.1309192125209
"ADGRG5",1.22485455190085,-0.415862509827736,10.3398323582564,5.49804094605741e-20,2.91106093988562e-19,3.88132365545012e-20,34.6633262332118
"OSER1-AS1",-1.04943421845859,1.50144168808445,-10.3398170922399,5.49859154211108e-20,2.91106093988562e-19,3.88132365545012e-20,34.4108084306118
"GRIK2",-1.08285427229371,0.206704465976861,-10.3368658430726,5.606072232355e-20,2.96540305618295e-19,3.95377811306115e-20,34.5543572315214
"TBX21",1.42525586476899,-1.34042485373692,10.3343577824249,5.69905638820149e-20,3.01198998254269e-19,4.01589255966626e-20,34.7160621824477
"LINC01091",-1.10787904441747,-0.23196771737749,-10.3277440799054,5.95168901449434e-20,3.14279931426302e-19,4.19030091594742e-20,34.5481618984699
"HMCN2",-1.44283456760174,3.35704669879987,-10.3266456356909,5.99471526327978e-20,3.16347624736933e-19,4.21786951421622e-20,34.1174589159739
"NOTUM",-1.42390309114063,0.242725317056627,-10.3198599123563,6.26747017334646e-20,3.30102015056564e-19,4.40125708876825e-20,34.4434846003217
"RP1-80N2.2",-1.54761894492955,-1.63511880841331,-10.3177253325775,6.35580096542215e-20,3.34471007583225e-19,4.45950895774108e-20,34.6179382963443
"CTB-176F20.3",-1.28693897416066,-0.52579542426163,-10.31545600217,6.45106856584651e-20,3.39407571392285e-19,4.52532826652372e-20,34.5027869839708
"PGM5P3-AS1",-1.30703401285023,-1.74673488538867,-10.3141483167688,6.50661064790931e-20,3.42182988790565e-19,4.56233296489365e-20,34.601275213853
"ADGRG2",-1.66104830256705,-0.265014889119968,-10.3127702572645,6.56565747999467e-20,3.4521424795136e-19,4.602748806848e-20,34.4607934513649
"RP11-834C11.7",-1.44560011897998,-1.8949036297179,-10.3123731656472,6.58277086460495e-20,3.4596572480615e-19,4.61276826351089e-20,34.5988220974167
"CTD-2026K11.6",-1.07236648034955,0.037480496963025,-10.3061563940636,6.85656264263409e-20,3.59815508126934e-19,4.79742771494762e-20,34.3754668564851
"TMEM130",-1.87597302170377,-1.94623588783785,-10.3024203279703,7.02653021778279e-20,3.68577273699265e-19,4.91424851905189e-20,34.5387739577594
"TNMD",-1.4908430609499,0.501479056259047,-10.2990263617183,7.18457051101226e-20,3.76464741495639e-19,5.01941229257589e-20,34.2764275176109
"GPIHBP1",-1.21315766571128,2.32101939119332,-10.2931824801291,7.46503466613237e-20,3.90993743948099e-19,5.21312778693802e-20,34.0110803093676
"LINC02009",1.87227240096475,-1.7803015493169,10.2911978657086,7.56274210598533e-20,3.96026768521794e-19,5.28023320911827e-20,34.4686800780398
"CYCSP27",1.27929792348384,-2.09315017878786,10.2905975420994,7.59254776209052e-20,3.97502692654336e-19,5.29991173652659e-20,34.4742117940179
"CLEC3A",6.29941085882155,-2.74481732719965,10.2842356111061,7.9156964696648e-20,4.13802649207029e-19,5.51723939904287e-20,34.4406339567146
"RP11-195F19.9",-1.02121954740812,-0.117183661616473,-10.2840551819332,7.92505833822083e-20,4.14115532424117e-19,5.52141107753725e-20,34.2501281756506
"VN1R1",-1.4384073948359,-1.19693680963923,-10.2809900114167,8.08579603873175e-20,4.2215497070671e-19,5.62860107674072e-20,34.3461852187846
"B3GALT5-AS1",-1.95745431219003,-2.06690387588127,-10.2755524681577,8.37897426506391e-20,4.37182473459876e-19,5.8289630860654e-20,34.3714133419611
"IL18RAP",1.8685019532732,-1.18885315932152,10.2730081124608,8.5197734572314e-20,4.44339790259349e-19,5.92439174103693e-20,34.3136409494859
"RP1-93H18.6",1.33040327291029,-1.79119587623804,10.271823040676,8.5861550468716e-20,4.47611500509387e-19,5.96801352240627e-20,34.3392298343712
"ZNF812P",2.36140713524574,0.100144851782307,10.2665537855994,8.88760660098784e-20,4.63129837920182e-19,6.17491984051359e-20,34.1595704102106
"CTD-2006M22.2",-1.12146246564158,-0.116650144944519,-10.2561210259646,9.5159174835869e-20,4.95239601182727e-19,6.60303998741342e-20,34.0697358506733
"FAM19A5",-1.10514252067411,2.90672670626017,-10.2537743416741,9.66323418523318e-20,5.02373480490461e-19,6.69815614981612e-20,33.6879498342321
"HOXA13",-1.41208160770233,0.2977231605868,-10.2457982760727,1.01811388942291e-19,5.28850010160213e-19,7.05116827509809e-20,33.9555136293653
"STEAP1B",1.11024697901343,0.416695594480083,10.2428336114095,1.03806132319236e-19,5.38983237410294e-19,7.18627480651043e-20,33.9311031939164
"PRELID3BP10",1.00071698737663,-0.307109517878136,10.2414777082514,1.04731367684415e-19,5.43672166468427e-19,7.24879239596625e-20,34.0088205677529
"KCNA6",-1.4125073570781,1.57268199972104,-10.2383051812098,1.06928451128196e-19,5.54490708091417e-19,7.39303623828317e-20,33.745080501976
"HOXB3",-1.00244759069147,2.84579889773329,-10.2380548703005,1.07103741937734e-19,5.55282304427974e-19,7.40359060883773e-20,33.5918613104067
"GABRA2",-1.64257361550937,-1.46433052218584,-10.2377511437507,1.0731682380566e-19,5.56269453572532e-19,7.41675228908198e-20,34.0891391508433
"LRRC10B",-1.55562153909908,-1.10907168539425,-10.2306149265495,1.12446652457251e-19,5.81875842082587e-19,7.75816280403544e-20,34.0130450326666
"RP11-435D7.3",1.74951114911387,-1.94012116712859,10.2280056009997,1.1438273428042e-19,5.915200730403e-19,7.88674953762772e-20,34.0673342722203
"BEAN1",-1.14740142974164,1.31085221539168,-10.2270681585204,1.15086382193979e-19,5.94908067956567e-19,7.93192174489029e-20,33.7013090819055
"ZNF273",-1.16235106047284,3.47195755212099,-10.2166241842447,1.23223420373989e-19,6.35497067900169e-19,8.4730957322626e-20,33.3868457859467
"CLEC4C",1.95493331791524,-2.00483945823176,10.2149771009445,1.24557996471336e-19,6.42109822919069e-19,8.56126373359465e-20,33.9876786112358
"AC106786.1",-1.47508120338061,-2.23993942984821,-10.2143684599549,1.25054793158229e-19,6.44535399576601e-19,8.59360399803225e-20,33.9831473695825
"C16orf96",-1.44952803269714,-1.87868602141574,-10.2047326970005,1.33188104908464e-19,6.84871663982137e-19,9.13140825717583e-20,33.902943327052
"BCO1",-1.42374400173794,-2.13311833316376,-10.1890708232557,1.47547047959132e-19,7.56328943018097e-19,1.00841496569738e-19,33.8153831936797
"PPP1R14A",-1.11208587274559,1.66601806314612,-10.1832463808772,1.53271743307956e-19,7.84853720220781e-19,1.04644711095627e-19,33.372896179548
"WFDC2",-1.47377278815541,0.61273179171302,-10.1806238960645,1.55921046127021e-19,7.9808669019273e-19,1.06409065756852e-19,33.493223844196
"CEL",-1.42155186817509,-0.341115769924275,-10.1800157891817,1.56541858318719e-19,8.0093005858188e-19,1.06788172660413e-19,33.6056098285964
"AQP7",-1.75622461191504,1.18665420594156,-10.1742135291494,1.62590583444555e-19,8.31184208155076e-19,1.10821964767101e-19,33.3819291957529
"C10orf82",-1.44779047142365,-1.80535124535313,-10.172987065546,1.63898652983192e-19,8.37173294538056e-19,1.11620490910415e-19,33.693869150173
"CLVS2",-1.92830223924153,-2.28018290665882,-10.1708694199907,1.66181925712575e-19,8.48659228373525e-19,1.13151912877222e-19,33.705908396511
"NRAP",1.79376745084154,-1.90840200729577,10.1638642127142,1.73963211487908e-19,8.87472889221176e-19,1.18326946417005e-19,33.6532687815733
"MYH7B",-1.09125047338095,-0.589951220493881,-10.1620111741096,1.76081555118289e-19,8.9809282261206e-19,1.19742904362941e-19,33.5142869137931
"LINC01871",1.33923809342885,-0.838422392787806,10.1572129203836,1.81686962250617e-19,9.25912696879937e-19,1.23452134032719e-19,33.5263619611555
"PCSK1N",-2.0207737886381,1.19393352773609,-10.1528569338603,1.86929472499932e-19,9.51640950908745e-19,1.26882487537423e-19,33.2481125843986
"EZH2P1",1.31002046710739,-1.75070780753692,10.139573083817,2.03865496707692e-19,1.03635500585415e-18,1.38177430247266e-19,33.4840887055688
"SFTPC",-1.74610045530892,-1.69498219316943,-10.1338242798098,2.11660763151001e-19,1.07442367520028e-18,1.43253133913932e-19,33.4356376602334
"OGFRP1",1.31689576423182,-1.76094764425297,10.1300428455678,2.16949480973711e-19,1.10058673615785e-18,1.46741460317623e-19,33.423318757092
"AGMAT",1.24228115701387,-1.49944364118646,10.1280354779433,2.19810262154693e-19,1.1146384350073e-18,1.48614976271768e-19,33.3926771992063
"CCDC110",-1.33766408493937,-1.5599853234897,-10.1207343314395,2.30535951501418e-19,1.16806152002206e-18,1.55737887399251e-19,33.3400003795078
"HOXB-AS2",-1.81694082489436,-2.40818032742123,-10.1199773634143,2.31677368076414e-19,1.17360233047879e-18,1.56476644819317e-19,33.3832804399034
"RP11-327F22.6",1.63365001881655,-2.15132279117124,10.1197015035873,2.32094729483542e-19,1.17547378169984e-18,1.56726165803051e-19,33.378507331911
"CDO1",-1.299688359292,1.01359707400577,-10.1191943645183,2.32863959141094e-19,1.17912617461039e-18,1.57213140115698e-19,33.040476616376
"CDR1-AS",-1.44824754496527,3.44405396827131,-10.118305385207,2.34218497203892e-19,1.18549552195977e-18,1.580623665334e-19,32.753476824247
"CDR1",-1.4478459697657,3.46184554321742,-10.1181856252855,2.34401574285588e-19,1.18617739097935e-18,1.58153280272764e-19,32.7508994613878
"PALM3",-1.40078195892836,-1.94410953237417,-10.1155836575877,2.38414584462534e-19,1.20499339124192e-18,1.60662021533362e-19,33.3324702701336
"B4GALNT2",1.60865282851812,1.71495793011731,10.1090246104242,2.48836873626535e-19,1.25585819677194e-18,1.67443836720691e-19,32.9112100536056
"SLC30A2",-1.52869966828081,-0.28776460161422,-10.108868266356,2.49090763641209e-19,1.25688094025747e-18,1.67580199324079e-19,33.1407041894705
"MAATS1",-1.13708267228464,-0.283863169802061,-10.1063951582341,2.53141383902068e-19,1.27653204447983e-18,1.70200285170752e-19,33.1200558212331
"MIR675",-2.04782696107072,-0.87559905403564,-10.1059438844955,2.53887556843527e-19,1.280031653496e-18,1.70666888774722e-19,33.1903928587224
"FN1",-1.04803223946334,8.63605290653452,-10.1025243565536,2.59613337643825e-19,1.30836160791612e-18,1.74444127538159e-19,32.4917572596805
"TNFSF9",1.02798820615723,0.407829950403709,10.0951313113988,2.72435932095825e-19,1.37157400296519e-18,1.82872249425269e-19,32.9731075103951
"CTD-2017D11.1",-1.74923051843719,1.04999252561119,-10.0946814359067,2.732362538928e-19,1.37475668420156e-18,1.83296596981901e-19,32.8844986928883
"SERHL2",-1.19687236152566,2.1525006122606,-10.0896742465599,2.82303612886151e-19,1.41863204607079e-18,1.89146508180296e-19,32.7085720738033
"TRHDE-AS1",-1.71200097040512,-0.192568677146359,-10.0794034753354,3.01851188404436e-19,1.51438043550501e-18,2.0191266102136e-19,32.9421896408846
"TNNI3K",-1.29064730584799,0.0292182147003825,-10.0788843639184,3.02874202284376e-19,1.51920213366691e-18,2.02555539048363e-19,32.9062806412551
"FAM218A",-1.45952832792818,-1.65241872670233,-10.0769712132878,3.06674356716813e-19,1.53794901278879e-18,2.0505506437278e-19,33.065541176893
"CTD-3203P2.3",1.38834615848818,-0.91986260317304,10.0715607792379,3.17680277573011e-19,1.5902167037369e-18,2.12023926567077e-19,32.9823554264712
"RP11-44F14.2",1.8329345172299,-2.47696168137898,10.0680188406592,3.25097473267867e-19,1.62634934209958e-18,2.16841498816747e-19,33.0581122880732
"MIR7847",-1.14869500097512,3.00523728325968,-10.066249270965,3.28867499135955e-19,1.64487398425911e-18,2.19311393240371e-19,32.4598190253407
"TNFRSF4",1.55575591759459,-0.226323883640383,10.0514079045124,3.62250094320242e-19,1.80594925070872e-18,2.40787592292506e-19,32.7823647276334
"CPB1",-1.74613348539578,-0.209935850757615,-10.0419481461937,3.85267563678429e-19,1.91602652106742e-18,2.55464217831901e-19,32.7031130982609
"RP11-101E5.7",-1.3048598254327,-0.64680499334528,-10.0335394010778,4.06947426218779e-19,2.02097721609521e-18,2.69457316007416e-19,32.6926420696405
"CDKN2A",1.22862483966614,-0.57017243601455,10.0305671260133,4.14897857053371e-19,2.05879316969555e-18,2.74499325030703e-19,32.6798273997888
"LINC01579",-1.54637555587995,-1.72438418135088,-10.0205899889015,4.42733702970402e-19,2.19514296876046e-18,2.92678872331672e-19,32.7085756037482
"ASIC2",-1.83213406712434,-1.28342494355873,-10.0153665378008,4.58040842361884e-19,2.26828705460373e-18,3.02431188634982e-19,32.642317630617
"RP11-368L12.1",-1.5968765803058,-2.65529272334684,-10.0104599875131,4.72898977875411e-19,2.33997702830908e-18,3.11989627862024e-19,32.6885542037581
"CASQ1",-1.38937203348484,-0.983095028510862,-10.006237722087,4.86068569453067e-19,2.40271863594213e-18,3.20354979564236e-19,32.5528231486396
"C1orf147",1.05008640833469,-0.0944677797985615,10.0045991767857,4.91277139837587e-19,2.42748704390337e-18,3.23657356591478e-19,32.4532922897297
"RP11-343H19.2",-1.16642832786958,4.99951242961794,-10.0004410767343,5.04745659637125e-19,2.49102646671617e-18,3.32129081158903e-19,31.8599927878915
"CHL1-AS2",-1.385156953428,-2.35954243254751,-9.99994311445699,5.06383069571992e-19,2.49860469331358e-18,3.33139487700239e-19,32.6109999226804
"SNORA10",1.29690120937845,-2.41823712364256,9.99404013299997,5.2620112258961e-19,2.59169902306786e-18,3.45551774207637e-19,32.5807326754038
"CTD-2026K11.1",-1.08818244862561,0.864932641626224,-9.99293484963169,5.29996836223557e-19,2.60986998572403e-18,3.47974512468914e-19,32.2407772031332
"SLC25A18",-2.05839572542379,-0.863277997299127,-9.9925736728358,5.3124307414381e-19,2.61548175885174e-18,3.48722731356782e-19,32.4592657223298
"GPR39",1.14656002560252,1.13864889113506,9.98453203503787,5.59759138672862e-19,2.75200885014391e-18,3.66925917067587e-19,32.1671527581229
"JAZF1-AS1",-1.0077465209595,-1.06039947786538,-9.97744268157275,5.86159684612564e-19,2.87776716256544e-18,3.8369329923343e-19,32.3738565603177
"OTOF",-1.69780718335579,-1.76962082066646,-9.96539142448374,6.33914000530026e-19,3.10476090355441e-18,4.13958422318562e-19,32.3582582003413
"OPCML",-1.17623693186267,-1.09554310546538,-9.96102750062107,6.52145735330437e-19,3.19214340374874e-18,4.25609149393e-19,32.2723452830039
"KIAA0408",-1.1223667559855,1.03391772924008,-9.95073242678854,6.97252243083545e-19,3.40681335026956e-18,4.54231138377477e-19,31.9474462151553
"AMY1A",-1.68421840118237,-1.62258794143696,-9.94767396689145,7.11241519757966e-19,3.47309018447609e-18,4.63067842580043e-19,32.2342326804314
"ADRA1B",-2.00715178801016,-1.61500280372599,-9.94756772408613,7.11732460834277e-19,3.47479574031512e-18,4.63295244697705e-19,32.2350522634706
"USP17L1",1.9648668730737,-2.39627241144538,9.94685666703371,7.15026907025339e-19,3.49018506975473e-18,4.65347107218928e-19,32.2819765275301
"KCNG3",1.80458648469196,-1.93552925591182,9.94559951598914,7.20888696188122e-19,3.51739764076035e-18,4.68975365017402e-19,32.2543625643395
"LINC01181",2.40342125905008,-2.14858214790942,9.94229588924692,7.36521796859926e-19,3.59081825350433e-18,4.78764550710369e-19,32.2477640119542
"TGFBR3L",-1.70286160068113,-2.03457421254815,-9.93950292305646,7.50001422764719e-19,3.65508342888397e-18,4.87333040019715e-19,32.209079110213
"KCNH8",-1.3754931258267,-1.15349720152323,-9.9319258833216,7.87820249061891e-19,3.83481942230404e-18,5.11297277711853e-19,32.0919582797339
"CPAMD8",-1.17959513959136,1.15505386057708,-9.92597458896607,8.18851057771004e-19,3.98349439607441e-18,5.31120143140807e-19,31.7730689334612
"S1PR4",1.27159501143155,0.331723523614686,9.92414863329294,8.28613600870403e-19,4.02858957426149e-18,5.37132692704648e-19,31.8862609658265
"OMD",-1.17544080881499,3.47573816982065,-9.92138377002529,8.43617086451659e-19,4.0990966514434e-18,5.46533416090176e-19,31.4740373181452
"PDZK1",-2.29449149208494,0.73995400382805,-9.91949278927066,8.54033923927073e-19,4.14642598695235e-18,5.52843846318229e-19,31.8080832259399
"KCNJ18",1.48618345945505,2.24587270090922,9.9131404041672,8.8997405691527e-19,4.31664695827917e-18,5.75539444119437e-19,31.5783395866771
"CHD5",-1.6361790150698,-1.49605321546143,-9.91088730404364,9.03080046935506e-19,4.37848337442856e-18,5.8378410645132e-19,31.9885744136782
"SPIN4-AS1",1.18476097881493,-2.24236774585693,9.90862333108493,9.16442838330002e-19,4.44063807557453e-18,5.92071205788538e-19,32.0277411069494
"TNFSF15",1.12458700756948,0.554157355514105,9.90507073247007,9.37809497191978e-19,4.54237585843697e-18,6.05635925711322e-19,31.7307137684239
"HGD",-3.65324134956671,-1.74226679903102,-9.901361865854,9.60645347002223e-19,4.64931118217651e-18,6.19893634849138e-19,31.9639773919637
"TIFAB",1.10533119860352,2.51807784269544,9.89336766137163,1.01176651863576e-18,4.88612112012164e-18,6.51467553532827e-19,31.4111203581471
"ADRA2B",-1.2698057659593,-0.653697212032683,-9.89293939441899,1.01458037419317e-18,4.89778142456409e-18,6.53022224369227e-19,31.7891517472112
"RP11-283G6.3",-1.3448983557583,-1.76861564188775,-9.89231457185073,1.01869964725691e-18,4.91669912395071e-18,6.5554452519536e-19,31.8890438656165
"RRM2P3",1.105739296251,-0.319525758993102,9.8843724466481,1.0725338217837e-18,5.17042248048558e-18,6.8937351352625e-19,31.7087009907298
"RP11-517M22.1",-4.47747019544902,-2.07954436172375,-9.88327857517021,1.08016703644758e-18,5.20619710551901e-18,6.94143351783657e-19,31.8557463410675
"RP11-452L6.6",-1.05393231110042,-1.49556101298543,-9.86639772135056,1.20506043778891e-18,5.79108981545581e-18,7.72127219447631e-19,31.7015582330309
"TRAV13-1",1.4916272415878,-1.95849151101676,9.86601431563867,1.20805807451205e-18,5.8043581687819e-18,7.73896291778884e-19,31.7440893770863
"PPARG",-1.04327410220676,2.31109693864072,-9.84404000589905,1.3928628151757e-18,6.66487302587389e-18,8.88628918119185e-19,31.103443809359
"AOC4P",-1.02329707875774,1.04373942119796,-9.83993538812203,1.43038050909029e-18,6.83639382832553e-18,9.1149782267683e-19,31.2322482565365
"XXbac-B444P24.10",-1.24612137215816,-1.27198521260796,-9.83785600530766,1.4497690404614e-18,6.92501168927697e-18,9.2331326066006e-19,31.4998714858131
"ZNF831",1.01962265517511,0.885363525937898,9.83676709028263,1.46002642884191e-18,6.97264958073101e-18,9.29664830716976e-19,31.2452112629332
"LINC01451",-1.20258718571746,-0.25769685758434,-9.83469779876947,1.47971830774212e-18,7.06394134922122e-18,9.4183678135305e-19,31.3688553509467
"GPC3",-1.23853211197224,3.67848313251074,-9.83373355952765,1.48898433180541e-18,7.10679270101638e-18,9.47550161073541e-19,30.8895569026404
"RP11-640L9.2",1.55676359474977,-2.05302175722263,9.82968108275363,1.52856303603358e-18,7.29286017269628e-18,9.7235857608973e-19,31.5179179499705
"CRIP1P2",-1.41706434525034,-0.767271138508782,-9.82788818919238,1.54640593832483e-18,7.3751205240582e-18,9.83326365986263e-19,31.3858572866906
"PPP1R1B",-1.76029196614653,3.92644934813656,-9.82502711234415,1.57530983022248e-18,7.51004849673413e-18,1.00131634087664e-18,30.8164212130493
"CTB-92J24.3",-1.58255295196751,-1.28795275941849,-9.81472581647324,1.68390408120976e-18,8.01218221220427e-18,1.06826593445436e-18,31.355208501781
"KRT31",-1.82702923834648,4.51380337733311,-9.80833133512269,1.75502945437302e-18,8.34251210404292e-18,1.11230888820119e-18,30.6628488036277
"ROPN1B",-1.28019772099932,0.863274374289836,-9.80636711414378,1.77747195641807e-18,8.44428280980486e-18,1.12587799774106e-18,31.0427759327558
"PCDHB8",-1.00202093768985,-0.165273690584861,-9.80567020347283,1.78550308733311e-18,8.48079390513296e-18,1.13074602973729e-18,31.1698503264453
"LYVE1",-1.28570033431456,4.67990042050957,-9.80541152923463,1.78849320760332e-18,8.4933516739776e-18,1.13242035969063e-18,30.6236586887223
"FOLH1B",1.29718066954909,-1.30251100688221,9.80298381815512,1.81680015977704e-18,8.6227697985703e-18,1.14967570538069e-18,31.2931815435782
"WFIKKN1",-1.22062642622076,-0.570460930048085,-9.80125523451423,1.83722673865282e-18,8.7163437999374e-18,1.16215194660481e-18,31.1918982561487
"TRHDE",-1.27692329673826,-0.163789815995281,-9.79482624161325,1.91522439541677e-18,9.07410159760142e-18,1.20985186878678e-18,31.1029312833073
"PCSK1",2.33425717883167,-0.945796019511032,9.79289769362375,1.93925827017097e-18,9.18619676530584e-18,1.22479754100242e-18,31.2147809198525
"NAT8L",-1.07093852779632,1.96927154268198,-9.78754927640923,2.00749343313165e-18,9.49109462757386e-18,1.26544963691366e-18,30.7810292311575
"DBF4P1",1.02276980224686,0.225928584803961,9.78281708707599,2.06985660811291e-18,9.78216625891973e-18,1.30425827855679e-18,30.9867679066596
"LINC01132",1.35857654378566,-1.80165710974269,9.7809292615592,2.09527009535099e-18,9.89083620068689e-18,1.31874726467996e-18,31.1910131441763
"ABCA4",-1.24554625075073,1.07376235826708,-9.77969907913944,2.11199743793284e-18,9.96404561600628e-18,1.32850829137602e-18,30.844151636376
"TMEM132E",-1.66006950415553,-1.3738430293653,-9.77737397060928,2.14397687684735e-18,1.01090858968304e-17,1.34784654243228e-18,31.124770478716
"CTD-3193O13.1",-1.68965703700165,-2.4871984684075,-9.77661213477983,2.15455961630471e-18,1.01570321485147e-17,1.35423922622336e-18,31.192259811209
"TRIM55",-3.77158097869297,-2.11734005372557,-9.77404976273557,2.19053681092596e-18,1.03206851514391e-17,1.37605911542022e-18,31.1647424660614
"IL36B",1.14467491675192,1.76664598386662,9.77302292771502,2.20512144514033e-18,1.0387405186557e-17,1.38495491169322e-18,30.7278107827472
"GLIS1",-1.11017539715496,0.607134050353288,-9.76765808325101,2.28290730936605e-18,1.07476296514646e-17,1.43298371513602e-18,30.826359045143
"RP6-74O6.2",-1.68885037793247,-0.0575025691419373,-9.75645840316639,2.454206199636e-18,1.15363682760966e-17,1.53814640135144e-18,30.8500095594426
"RP1-257C22.2",1.98909740290416,-0.751323804113168,9.75526202188143,2.47324476150778e-18,1.16214075690159e-17,1.54948470810854e-18,30.9487615442429
"AC004076.9",-1.14084666150411,-0.890472184404001,-9.74876575632371,2.57921837137121e-18,1.2100816414115e-17,1.61340438995444e-18,30.8920099232356
"CHRDL1",-1.14093564034667,5.57000794716649,-9.74770782100149,2.59689938031177e-18,1.21814396634704e-17,1.62415390469716e-18,30.2047960856489
"SSC5D",-1.23983493883091,4.8973478593343,-9.74631896709073,2.62029422542766e-18,1.22864799773064e-17,1.63815895176716e-18,30.2293637490535
"ZNF582-AS1",-1.01185356019301,-0.575146883076799,-9.74222154639817,2.69054354779264e-18,1.26027905619538e-17,1.68033270834642e-18,30.8138550758986
"RP11-395I6.3",-1.33543393732748,-0.86500579845403,-9.73641451254564,2.7933262384512e-18,1.30678439780147e-17,1.74233837782842e-18,30.8113654023119
"MT2P1",1.1244658366335,2.48782413130966,9.73473516184859,2.8237721992488e-18,1.32077582957999e-17,1.76099318315782e-18,30.3955833845351
"CTB-186H2.3",-1.0152870843191,3.53482566340285,-9.73378185482871,2.84120200964951e-18,1.32867498365459e-17,1.77152514184948e-18,30.2601719380271
"ACSM6",-3.77773962162585,-1.67269683935914,-9.73067050720573,2.89883690512715e-18,1.35511095119037e-17,1.8067722727994e-18,30.8734561822112
"AC012613.2",-1.03700285270991,-1.25191691944686,-9.72872827544238,2.93540340113315e-18,1.37194311400522e-17,1.82921463077636e-18,30.8006727229476
"LMO3",-1.49185904331881,0.0240299204714175,-9.72573126003923,2.99273113871396e-18,1.39767154170556e-17,1.86351839738002e-18,30.6403987413523
"SEC14L4",-3.06646884069784,-0.746255485082373,-9.72510448837202,3.00486036806132e-18,1.40306901023811e-17,1.87071485349261e-18,30.7525607251123
"CLDN3",-1.80302072945429,-0.103032954945223,-9.71761752819149,3.15358624921474e-18,1.47139363744986e-17,1.96181222222622e-18,30.6091697859497
"RAMP2-AS1",-1.06841548887876,0.274422804424094,-9.71158170490453,3.2788020852911e-18,1.52778224825266e-17,2.03699527525274e-18,30.5117364038739
"RP11-531A24.5",-1.02256171735753,-0.710452646973757,-9.70904292422595,3.33293732183385e-18,1.55241714071289e-17,2.06984102902769e-18,30.6179104057917
"VSTM2L",-1.34187936057731,-0.75814069532905,-9.70558784659852,3.40804289218773e-18,1.58595087246487e-17,2.11455162389061e-18,30.6029469443483
"PIWIL2",-1.36112808985376,-0.593356691709144,-9.70404982252936,3.44201559574585e-18,1.60109536378635e-17,2.13474380592653e-18,30.5745542247248
"ZNF418",-1.03357262257131,1.21377580841551,-9.70401908149482,3.44269804480955e-18,1.60110917032781e-17,2.13476221421721e-18,30.3393120566924
"CFD",-1.15048605731124,7.51421362159138,-9.69864494439624,3.56409695738915e-18,1.65631243218721e-17,2.2083648390119e-18,29.8725817541705
"HMGCLL1",-1.41974908031934,-1.91560999297221,-9.6904444431173,3.75760150452275e-18,1.74326555140787e-17,2.3242996152037e-18,30.6127666749886
"FILIP1",-1.23589112576369,1.82047076983833,-9.68517338449902,3.8874652323484e-18,1.80180928229481e-17,2.40235609435756e-18,30.1445357249879
"KRT17P2",1.34172314431811,1.10852584838302,9.68416725263125,3.91275640842164e-18,1.81318891339063e-17,2.41752858035994e-18,30.2469240175653
"C9orf24",-1.20139189590177,-2.04826407470012,-9.67686371821719,4.10132079908604e-18,1.89877683201175e-17,2.53164313172963e-18,30.534667883712
"ZNF204P",-1.03778577976405,1.399603524434,-9.66980067169907,4.29227190927183e-18,1.98605631749895e-17,2.64801305274898e-18,30.0969302826235
"SCN8A",-1.00192094331843,-0.679092483409293,-9.66976794275106,4.29317702618017e-18,1.98610045451051e-17,2.64807190071905e-18,30.3638281632058
"MPPED2",-1.05314112215667,0.0520782002920875,-9.66759064687604,4.35381858634222e-18,2.0133948394759e-17,2.68446356142791e-18,30.2598727652885
"CASP1P2",1.1396986300903,0.61030867513567,9.65512593179615,4.71775734881418e-18,2.17390855254019e-17,2.89847683164307e-18,30.1218767933837
"CREB3L1",-1.08259861433975,4.36802552026082,-9.65494647900787,4.723212138031e-18,2.17601328553013e-17,2.90128307655205e-18,29.6789347417847
"RP11-54H7.4",1.70483795223637,-1.4712349423846,9.65250099661874,4.79817554509014e-18,2.21013426798068e-17,2.94677665400278e-18,30.3547918817124
"KRT16P6",1.06547510392127,5.69299052144056,9.65088290012769,4.84842610388576e-18,2.23286134953267e-17,2.97707871949323e-18,29.5810547908726
"MOGAT2",-3.08174258511959,0.480402089438919,-9.64843844079735,4.92533457167841e-18,2.26615281136988e-17,3.02146629537075e-18,30.1280141273259
"IRS4",-1.92482602085649,-2.66759695293701,-9.64474788721012,5.0437541885394e-18,2.31976753678032e-17,3.092950921187e-18,30.3633010633607
"MPP2",-1.03265410729653,1.45130218346568,-9.63931918238304,5.22311408422417e-18,2.40001015844606e-17,3.19993857691735e-18,29.8956206565488
"FCN1",1.32573169250114,2.28899300525683,9.60953176702347,6.32633761153017e-18,2.89554784354566e-17,3.86064001157013e-18,29.6218914981737
"FRMPD3",-1.34409385852618,-2.19267954446594,-9.60788693781148,6.39360152282046e-18,2.92469709346774e-17,3.89950476761527e-18,30.106663462823
"CAPN13",-2.58948170545213,-1.73293946411434,-9.60690841413107,6.43395454988652e-18,2.94260744358785e-17,3.92338467498723e-18,30.0775710752
"SCEL-AS1",-1.37938392410302,-0.304746782313647,-9.605766429419,6.4813690676537e-18,2.9637401284752e-17,3.95156092806136e-18,29.9143890127822
"U73166.2",-1.19163402923907,-1.48803395323699,-9.60153593953616,6.66006613147675e-18,3.04318371968818e-17,4.05748323481354e-18,30.0140206729236
"SCRG1",-1.42004829206473,-1.07309018291326,-9.58794128634061,7.26816714107025e-18,3.31055902759835e-17,4.41397529351835e-18,29.8889119391729
"MYO1A",-1.27979095660344,-1.79243596118728,-9.58709830953321,7.3076433225277e-18,3.32668662611283e-17,4.43547825443621e-18,29.9478101271924
"KRT42P",1.04337434805459,0.899243976543731,9.58644219598328,7.33851637695387e-18,3.34012116707969e-17,4.45339055607866e-18,29.6430335818457
"MOGAT1",-3.24723528530121,-3.36653244730605,-9.5748436998711,7.90620839652226e-18,3.58984597463713e-17,4.78634916565126e-18,29.9241463691415
"NOXO1",1.18959464385904,-0.549668862348976,9.56720528243519,8.30372569205383e-18,3.76059423513103e-17,5.01400817941548e-18,29.7125098431325
"NPY1R",-1.08978655046605,2.9785543849811,-9.56651941416658,8.34037795492366e-18,3.77649603984433e-17,5.03521008898475e-18,29.2500070244058
"HRASLS5",-1.30309390967073,0.715606564766405,-9.55444812384443,9.01245310932483e-18,4.06954068235492e-17,5.42592712533919e-18,29.453373881584
"RP6-24A23.7",-1.79875542306347,-2.53223646767094,-9.54315407899321,9.68994450298349e-18,4.36822199539017e-17,5.82415954632388e-18,29.71635167768
"CRLF2",1.39281575016489,-1.2729506782854,9.5386537395695,9.97381312088533e-18,4.49453772237875e-17,5.99257656999341e-18,29.6111757692318
"INSIG1",-1.05388836106171,5.46485209920576,-9.53532526383025,1.01890724850047e-17,4.58901156651113e-17,6.11853874448046e-18,28.8490845071797
"RP11-999E24.3",-1.17334425992132,-0.539485278375806,-9.52111549692485,1.11612538146475e-17,5.01581593194711e-17,6.68759789989655e-18,29.4031516324653
"LLNLF-173C4.2",1.29321668954772,1.60111374585104,9.51964206976816,1.12671961523926e-17,5.06249839212101e-17,6.7498397219364e-18,29.1333264491331
"AC005754.7",-1.10106545574888,-1.3717415387576,-9.51708763819133,1.14532409059199e-17,5.14326424277558e-17,6.85752499997475e-18,29.468103556525
"CTD-2017C7.2",-1.27742339279551,-2.1876977279117,-9.51607154607813,1.15280918877222e-17,5.17403545877492e-17,6.89855232679186e-18,29.5259771598163
"LINC00887",-1.50543087553793,-2.31625685184503,-9.51556258904256,1.15657672228768e-17,5.18904588334959e-17,6.91856575735312e-18,29.5307981096061
"NELL1",-2.63422645658178,-2.14265401327792,-9.51359665837197,1.17124483929015e-17,5.2529335194933e-17,7.00374727659164e-18,29.5142066000688
"RP11-429P3.5",1.07398112707683,-2.02755274673124,9.51309076051203,1.17504926850967e-17,5.26806954085271e-17,7.02392816560937e-18,29.5045756740952
"HS3ST2",-1.19268447219677,0.588701229279996,-9.51244060043486,1.17995662961172e-17,5.28813744036473e-17,7.05068473810979e-18,29.201950611906
"TMPRSS5",-1.28715543755242,-0.665971896045984,-9.51239544946412,1.18029818203073e-17,5.28870182843436e-17,7.05143723790652e-18,29.3636506189856
"TM4SF19-AS1",1.2474307043576,-1.57176235181359,9.51099875896056,1.1909124121172e-17,5.33528760628508e-17,7.11355015320215e-18,29.4601865173132
"ITGA11",-1.15304346138224,4.61991722726344,-9.50848681845789,1.21024157980838e-17,5.41792397691913e-17,7.22372939945148e-18,28.7258099445122
"MT2A",1.00505353699431,5.91151847917834,9.50750511447739,1.21788025064236e-17,5.44990709204509e-17,7.26637255391538e-18,28.6585456245581
"MAGEL2",-1.40167549605265,-1.49997071474679,-9.50156582524222,1.26512775208009e-17,5.65331636054298e-17,7.53757855813929e-18,29.3828414512053
"FAM83E",-1.15810535435729,0.0683575175990217,-9.50060324643612,1.27295501521105e-17,5.68725694227625e-17,7.5828316069354e-18,29.1962497226304
"RP11-66D17.5",1.31327855320504,-1.96707576960772,9.4954782850322,1.31544718427634e-17,5.87282281323808e-17,7.83024697180806e-18,29.3917047480327
"RP4-784A16.2",1.7788757366995,-2.62228717098031,9.4915823431216,1.3486907337964e-17,6.01904772899529e-17,8.02520895861103e-18,29.4028253096137
"PTGIS",-1.06869052193322,5.73091484646173,-9.48886292765696,1.37238913395614e-17,6.12369668504208e-17,8.1647376311501e-18,28.5441791997535
"EBF2",-1.06348919667147,1.39849107702087,-9.47992263805826,1.45325773991806e-17,6.47629103283254e-17,8.63485241442595e-18,28.8873929189824
"IL6",2.02015449723229,-2.33204411359828,9.46734149186458,1.57514918012771e-17,7.01057141901151e-17,9.34720957366871e-18,29.2412781909508
"CNDP1",-2.54136468813182,-2.50957910058049,-9.46094191883454,1.64100015210411e-17,7.29439139739209e-17,9.7256273459951e-18,29.1988074987161
"GPAT2P2",-1.04125994162481,-1.06413200117705,-9.46056346119325,1.64497909995541e-17,7.3107532820631e-17,9.74744268113674e-18,29.0793909222645
"GDF15",-1.24686689155484,-1.26927862421155,-9.45986994353494,1.65229538249894e-17,7.3406087922358e-17,9.78724909545502e-18,29.0969245484469
"CRISPLD1",-1.03311404159677,2.09588941177515,-9.45892807029101,1.66228355775697e-17,7.38097232162615e-17,9.8410658738308e-18,28.6672495010361
"CTB-36H16.2",-1.14726743092894,-0.325470045303091,-9.45337204845073,1.72243697295829e-17,7.63562878596076e-17,1.01805998717258e-17,28.9473879658043
"CXXC4",-1.46258935726853,-1.10041607807705,-9.44638715066395,1.80114144401409e-17,7.97300078303153e-17,1.06304186628668e-17,28.9956165718153
"MAFTRR",-1.54767699615238,-0.576630739750705,-9.43496822320865,1.9375836495372e-17,8.55998770818596e-17,1.14130495610476e-17,28.8655217745093
"RCOR2",-1.23269747987413,-0.536840891618424,-9.43224476229972,1.97161560210323e-17,8.70406542267604e-17,1.16051486798986e-17,28.8404679865311
"PP14571",-1.21739763771197,-1.70636510358015,-9.43046427115031,1.99418509185152e-17,8.80053471265456e-17,1.17337713865166e-17,28.9511480471149
"VIPR2",-1.25488390842931,-0.129777235940199,-9.42986155925355,2.00188313407861e-17,8.8329177033064e-17,1.17769476958577e-17,28.7750999269751
"SYNE4",-1.35460266489966,-1.33137909683068,-9.42921015555027,2.01023632438744e-17,8.86817923823293e-17,1.18239619743163e-17,28.9098980072119
"CFAP70",-1.10582263801484,0.84492293537026,-9.42692678174862,2.03979157214056e-17,8.99047757079313e-17,1.19870225975703e-17,28.6234234247451
"SCGB2B2",-1.40321371504691,-0.823519055351464,-9.42007002806829,2.13116599241614e-17,9.37636582277725e-17,1.25015282131226e-17,28.7985768768732
"TREM2",1.31053625331551,-1.07493686974118,9.41802692405809,2.15917191028738e-17,9.49617511485188e-17,1.26612701934778e-17,28.8286046931
"DOK6",-1.04198305874526,1.13055072437648,-9.41718222018873,2.1708573993409e-17,9.54585699014586e-17,1.27275111419869e-17,28.5237006833509
"GPR18",1.29571145135093,-1.67580501476619,9.41588723514591,2.18889425398133e-17,9.62344475025169e-17,1.28309590652323e-17,28.8688585486571
"ABCC8",-2.0107239076797,-2.45411303879663,-9.41508393128554,2.20015768889593e-17,9.67123078731887e-17,1.28946722886581e-17,28.9074463096869
"RNF225",1.6457616151436,2.06381452065308,9.41378879774475,2.21843877909093e-17,9.7480950149664e-17,1.29971555245597e-17,28.4116216821851
"MSLN",-1.85942448927602,-1.40534670489259,-9.41324496355316,2.22616008366671e-17,9.7785197944443e-17,1.30377209468364e-17,28.8194474251002
"TEKT3",-1.3694936829857,-1.43699286564474,-9.40726118666032,2.31290265491259e-17,1.01468210194412e-16,1.35287777424279e-17,28.7816452054964
"DDO",-1.45095221429243,-0.795911577695209,-9.40101688061215,2.40700773193501e-17,1.05483447648565e-16,1.40641301941586e-17,28.6755677190064
"TTC23L",-1.10900360363483,-1.63361248987633,-9.39826633591516,2.44965895746435e-17,1.07314225591509e-16,1.43082282011932e-17,28.741883963404
"AGR2",-1.36390401035085,1.13353032175148,-9.37828181670991,2.78296282438782e-17,1.21633129288283e-16,1.62173706336627e-17,28.2806388607954
"ABCA9",-1.04117756103245,3.5508809240073,-9.37536730359291,2.83520146338138e-17,1.2382802972546e-16,1.65100171692076e-17,27.973618263209
"TNXB",-1.28515414363307,7.95910796890756,-9.37278552102217,2.8822902988304e-17,1.25862233309083e-16,1.67812379595709e-17,27.8004741233985
"MND1",1.00436010073837,-0.290084207396759,9.37239998103353,2.88938855353947e-17,1.26127286779171e-16,1.68165775943176e-17,28.4438359012031
"ATP2A3",-1.04084052921472,5.47565920163966,-9.36934155874009,2.94631726012402e-17,1.28543702874995e-16,1.71387588590801e-17,27.7935520867371
"HIST1H2BH",1.20171091612158,-1.49230066668865,9.36546599882474,3.02006098383122e-17,1.3166735835658e-16,1.75552364994497e-17,28.5355259124795
"AC016995.3",-1.45652970991979,-1.57314187806784,-9.36162854858043,3.09488785442859e-17,1.34821311463731e-16,1.79757537285891e-17,28.5072375758089
"RP11-519G16.5",1.2775214208123,1.03743813077237,9.36161518218959,3.09515168318767e-17,1.34821311463731e-16,1.79757537285891e-17,28.2038329341357
"C20orf203",-1.91901618203663,-2.7523462806645,-9.36003276839876,3.1265443087934e-17,1.36164557539212e-16,1.81548490095027e-17,28.5741723828928
"DNAH8",-2.53838843276951,-1.05089691758076,-9.35581316019141,3.21181132687539e-17,1.39803563843123e-16,1.86400384830784e-17,28.4314105446794
"IGFL1P1",-1.28383802152917,-2.05047218295961,-9.35531223922035,3.22208594608016e-17,1.40225912145944e-16,1.86963502708572e-17,28.5051044160532
"CYP4F11",2.79272880078019,0.158803794300269,9.34788691040016,3.37828026708761e-17,1.46945306598909e-16,1.95922485422832e-17,28.2879780488782
"LLNLF-176F2.1",1.31061329560112,-1.35553450008524,9.34779303035546,3.3803025149483e-17,1.47007198735198e-16,1.9600500633793e-17,28.4133498076643
"METTL7B",-2.61864292568023,-1.34962440764889,-9.34396891269502,3.46370828402979e-17,1.50581064854099e-16,2.0077004952842e-17,28.3867892076023
"RP11-736K20.5",-1.22630707475357,-0.961401719964998,-9.34332968477539,3.47784842335919e-17,1.51142214968381e-16,2.01518232152486e-17,28.329339953535
"RP11-494M8.4",-1.14594258600023,-0.743605477571526,-9.32292618701843,3.96063958796791e-17,1.71515833004373e-16,2.28682419801992e-17,28.1752501635707
"TNFRSF6B",1.25890040584869,1.92958326594637,9.3222358976759,3.97808980698762e-17,1.72210707352263e-16,2.2960889722714e-17,27.8400220369203
"KB-1125A3.12",-1.07615111525792,-1.63686595996357,-9.32120253032787,4.00435589028774e-17,1.73261149672193e-16,2.3100945417501e-17,28.257586982339
"ZFP2",-1.04442261844903,-0.454497152443457,-9.31164050769624,4.25573259535738e-17,1.84002483869074e-16,2.45330897583572e-17,28.0681256152351
"RP11-363J20.2",-1.39418602888367,0.0509113091287418,-9.31133406933255,4.26404295531995e-17,1.84329301388946e-16,2.45766644068131e-17,28.0051304401593
"RP5-1068E13.7",-1.00400765087913,-0.161936208925287,-9.30875470494511,4.33463586687629e-17,1.87281924507207e-16,2.49703382663163e-17,28.0120122284739
"RP11-996F15.2",-1.37117336529626,0.781314412984659,-9.30819993719174,4.34997013726848e-17,1.87911355278128e-16,2.50542604029907e-17,27.8853389731251
"RP11-513G19.1",-1.36869872414674,-2.46058540235957,-9.30172517371894,4.53297703451305e-17,1.9561024050411e-16,2.60807543845757e-17,28.1952296016646
"WFDC3",-2.54769952407732,0.930995464747772,-9.30036565365161,4.57236526960271e-17,1.97240547542764e-16,2.62981235639039e-17,27.8435927210785
"RP4-669P10.16",-1.04837411546946,-0.838097513465445,-9.29017906706421,4.87852439730841e-17,2.10041155726138e-16,2.80048313371953e-17,27.9801137425125
"SLC8A3",-1.06895898020967,-0.0204903136693627,-9.28730542323657,4.96852038631773e-17,2.13765774487987e-16,2.85014355377404e-17,27.859055632911
"RP11-713M15.2",-1.26801926412624,-2.43907477534605,-9.2799039959924,5.20799008557471e-17,2.23754739567308e-16,2.98332663463857e-17,28.0573819427898
"EDN3",-1.55282546750284,0.734325157904597,-9.27496552551601,5.37412051987083e-17,2.30528905406421e-16,3.0736467298212e-17,27.6858936629861
"COL25A1",-1.14093103587838,-0.0656956740990307,-9.27286784526655,5.44627129057816e-17,2.33501384749696e-16,3.11327885923599e-17,27.7749988158292
"RP11-34P13.15",1.60364856263591,-1.47261261822341,9.26984784822965,5.55184028575028e-17,2.37902757737391e-16,3.17196245757479e-17,27.9391427803007
"MUC4",4.48660253432765,-0.105144534286792,9.26962462282558,5.5597237741301e-17,2.38198960230329e-16,3.17591173162429e-17,27.8897889232692
"RP11-834C11.8",-1.48552828018247,-2.50050057283305,-9.26489351677583,5.7294515955602e-17,2.45170950341766e-16,3.26886942197807e-17,27.9673862187648
"MIR9-3HG",1.15991392189429,-0.775097920694269,9.25704621846574,6.02240515361096e-17,2.57347654368937e-16,3.4312216721097e-17,27.7803812704786
"RP5-1057J7.7",-1.13362313523288,-1.77067978501231,-9.24929303995714,6.32646461756116e-17,2.69964377417432e-16,3.59944070507955e-17,27.8184719696048
"AC034220.3",-1.03055916624702,-0.487582111717539,-9.22922746651171,7.18611591523331e-17,3.05266801470112e-16,4.07012866524222e-17,27.5541940677299
"LBP",2.69827268012874,-2.80167779522675,9.2275061580849,7.26505716102002e-17,3.08459965458714e-16,4.11270318766077e-17,27.7525793303893
"GPC6",-1.34284770802572,2.44361026312287,-9.22068699462129,7.5863563342198e-17,3.2193451239748e-16,4.29235960454759e-17,27.1217246175243
"RP1-153G14.4",-1.19290752603948,-1.50669003104867,-9.21849378352736,7.69266670420993e-17,3.26276550096596e-16,4.35025208423954e-17,27.6022774830144
"PRKG2",-1.19110765971242,2.07281905197667,-9.21817504622004,7.70823946420789e-17,3.26880528316202e-16,4.35830493850657e-17,27.1492179447194
"TRBV5-1",1.46106318612681,-1.77620068412132,9.21291288951802,7.96991330172033e-17,3.37685322965272e-16,4.50236549213197e-17,27.6060546588918
"SHISA3",-1.35228633245316,-1.54871321714071,-9.21185694793187,8.02347696111109e-17,3.398961017308e-16,4.53184185177129e-17,27.565288684778
"MEGF11",-1.01048294275148,-0.627595382585688,-9.20607308440027,8.3232810974771e-17,3.5229238784973e-16,4.69712179453684e-17,27.4265845446768
"PKHD1L1",-1.11717615314669,1.18716496920318,-9.20548449462861,8.35440783721799e-17,3.53548853401109e-16,4.71387427608063e-17,27.1811156869441
"HK3",1.20269170048669,0.486037094938737,9.19909157962054,8.70003388779026e-17,3.6766786905534e-16,4.90212340786484e-17,27.2538281704879
"GLDCP1",-3.16711987548008,-0.939201814455902,-9.18702287392514,9.39172244550697e-17,3.95807849043634e-16,5.27731435112536e-17,27.3741226497228
"MUC7",-3.12052805657365,0.206999128312443,-9.18684861446107,9.40209996541696e-17,3.9617713099424e-16,5.28223799511639e-17,27.2422407351139
"OTOGL",-1.91425195466387,-1.57840527525132,-9.18404642722019,9.57055027318105e-17,4.02998209614738e-16,5.37318357939696e-17,27.3976212554152
"AP000662.4",-1.00607387125594,-1.37054332926463,-9.17731412051559,9.98761854609541e-17,4.19839430503219e-16,5.59772793065225e-17,27.3309437627106
"PDE6A",-2.38167679970359,1.17925320783662,-9.17653629287757,1.00369547603122e-16,4.21841032146914e-16,5.62441532733988e-17,27.0247588918256
"TRBV18",1.82798078078439,-2.65251249905355,9.16695248475973,1.0665091182091e-16,4.47627235650802e-16,5.9682233193767e-17,27.375068585886
"MAT1A",-1.52465333916155,0.687366520871864,-9.16273278893024,1.09539026433793e-16,4.59355999379052e-16,6.12460317210982e-17,26.9857851031585
"OR7E106P",1.42033434707533,-2.45954426267037,9.15983584612806,1.115666779641e-16,4.67299774095533e-16,6.23051768698032e-17,27.3191605695434
"UCA1",1.60769715172349,0.241737709705296,9.15630629178964,1.1408759491747e-16,4.77695549357411e-16,6.3691247765394e-17,27.0311520193904
"MGST1",-1.366160549471,4.93769052684982,-9.15215197564685,1.1712736562839e-16,4.90172329659298e-16,6.53547794993424e-17,26.4537099602373
"CTD-2210P15.3",1.04717388043767,-0.483016056505295,9.1520053219171,1.17236132902274e-16,4.90543819144826e-16,6.54043102703466e-17,27.0846514400586
"RP1-80N2.3",-1.28064130551707,-1.0921210501896,-9.14635276237456,1.21505812209115e-16,5.07543351816276e-16,6.76708615261197e-17,27.1089039721893
"RP4-541C22.5",-1.27674034595446,-1.52678810541732,-9.14135747401353,1.25407470468235e-16,5.23484417230234e-16,6.97962871204978e-17,27.1225744217766
"TMPRSS2",-1.50871226212544,1.73420930964903,-9.1367920645998,1.29082166732059e-16,5.38273951989788e-16,7.1768178891256e-17,26.6835294182881
"LINC00519",1.30786061252412,-1.77130172402156,9.13643703411368,1.29372375783886e-16,5.39392424481924e-16,7.19173050631686e-17,27.1268439601406
"LINC02185",-1.23590533225471,-1.52253067887677,-9.13323260548799,1.32021258627359e-16,5.50062414066903e-16,7.33399370119596e-17,27.0714242881675
"CTD-2245F17.3",-1.02965390559915,1.40421180875888,-9.13014970801387,1.34620542705934e-16,5.60701761163379e-16,7.47584833913328e-17,26.6791833357041
"EIF4A1P6",1.12687683728178,-0.728126548600265,9.12549657144617,1.38640378739417e-16,5.76954735276623e-16,7.69254958379919e-17,26.9508625402622
"SATB2-AS1",-1.16344345456991,-2.08079873534843,-9.123147295371,1.40715013298704e-16,5.8519122519339e-16,7.80236687657314e-17,27.0561185595521
"TCEAL6",-1.0701073691571,-1.03879691583885,-9.12231756966672,1.41455089995359e-16,5.88169257061563e-16,7.84207303791884e-17,26.9520744573951
"BEAN1-AS1",-1.33353591285558,-2.2169243729871,-9.12036290952928,1.43213884116609e-16,5.95078798850109e-16,7.934198103474e-17,27.049012132504
"MYH13",2.3278014582327,-2.71115495903651,9.1199129053243,1.43621864032561e-16,5.96571901945921e-16,7.95410567835984e-17,27.0850688876558
"UPB1",-2.35141032411291,-0.207467756419889,-9.11841182640322,1.449911344372e-16,6.0185184387809e-16,8.02450325485832e-17,26.8451397464701
"CTD-2396E7.10",-1.1881822766153,0.565740344864062,-9.11471162244978,1.4842209327383e-16,6.15885146983674e-16,8.21160957943407e-17,26.6967554542009
"LRRC18",-1.41008212221393,-1.55419382038249,-9.10844334515789,1.54419368129584e-16,6.40337829498298e-16,8.53763770815799e-17,26.9207568896527
"KRT126P",1.0854482360425,-1.42909663099793,9.10783973729562,1.55009440376911e-16,6.42676057059649e-16,8.56881334526456e-17,26.9157402692424
"TMEM92",1.18212170160533,-1.55461539136365,9.10134682292181,1.61500218329039e-16,6.68908705703256e-16,8.91857379971091e-17,26.8882336444837
"PMEL",1.02813108611621,6.57198559277691,9.09898582784812,1.63926816478023e-16,6.78615519759147e-16,9.04799495506353e-17,26.065806297817
"KRT24",1.91607845021374,-1.09388565938248,9.09662648284208,1.6638791592128e-16,6.88455263447562e-16,9.17918846399402e-17,26.8269726158366
"LINC00958",1.03348512349192,2.64820145332426,9.09585505862929,1.67200550104096e-16,6.91700977054017e-16,9.22246363156933e-17,26.324689833643
"HHIP-AS1",-1.42661118292715,-2.25255289193245,-9.09382455735312,1.69358427329837e-16,7.00037665242034e-16,9.33361686999496e-17,26.8868123944937
"PDZK1P1",-2.29664986965506,-1.04902731603638,-9.08760931280536,1.76137092017114e-16,7.26832199359987e-16,9.69086895525314e-17,26.7479203804887
"CD300LF",1.77627037002493,-2.03386369509537,9.08598649831383,1.77950977901374e-16,7.34193706638336e-16,9.78902008616127e-17,26.8383810526299
"AMY1C",-1.29997484192656,-1.30582547922623,-9.08122363177309,1.83382530006164e-16,7.55967511931291e-16,1.00793306887144e-16,26.7258511308823
"CLGN",-1.83088387553709,-2.30131245309228,-9.07810182648095,1.87031692501067e-16,7.70233941179679e-16,1.02695452890407e-16,26.794023122573
"RP11-15A1.3",-1.1808596460693,-1.13426777251863,-9.07590429297859,1.8964364201779e-16,7.80597290050738e-16,1.0407720036851e-16,26.6737998890182
"CTD-2396E7.9",-1.20052155403416,-0.12396289964104,-9.068759828558,1.98388529788647e-16,8.15732780584638e-16,1.08761822689073e-16,26.5044661670791
"TRBV7-9",1.39318809880502,-1.49169525085295,9.06104521522925,2.08281707556614e-16,8.54732093516585e-16,1.13961609260185e-16,26.6346677102053
"SYNE1-AS1",-1.0255985885732,-1.38771817274713,-9.05682688478144,2.13897038487263e-16,8.771888580531e-16,1.16955774384873e-16,26.5816457628221
"LTA",1.27192099672785,-1.20079965732044,9.04770443679311,2.26560324762511e-16,9.26951066851521e-16,1.23590580118769e-16,26.5213146769037
"RP11-161M6.2",-1.0576968790149,1.01759554414657,-9.03912156833266,2.39153820041852e-16,9.77009476679972e-16,1.30264878398111e-16,26.1606367760534
"RP11-481H12.1",-1.22456334039489,-1.15817592644817,-9.0322110782399,2.49797053870852e-16,1.01947123749489e-15,1.35926313871512e-16,26.404824580748
"RP11-462G2.1",-1.07850175608206,0.586567812400802,-9.03039047015231,2.5267856435904e-16,1.03105969499227e-15,1.3747140533966e-16,26.1653752355133
"LINC01214",1.30738020277123,-1.01676214385201,9.02775521588788,2.5690803403561e-16,1.04762099066092e-15,1.39679526363955e-16,26.378631360661
"KB-1107E3.1",-1.13404291797549,0.917935174740065,-9.02742970566593,2.57435321712356e-16,1.0495966707049e-15,1.39942944198505e-16,26.1018357018253
"ABC13-47488600E17.1",-1.46032115123089,-1.85807565381652,-9.02229627430048,2.65894508867367e-16,1.08336553380378e-15,1.44445353796585e-16,26.4128579773066
"AC131097.4",-1.14844590187666,-2.09401406950807,-9.02039509858623,2.69096991655266e-16,1.09550390229384e-15,1.46063765012698e-16,26.4191607429147
"AC008984.2",1.68430224844573,-2.14226491684888,9.01304021898019,2.81851155497448e-16,1.14571513789218e-15,1.52758439583987e-16,26.3925641815825
"RP11-66B24.8",1.5116270856139,-1.71596929952974,9.01270520976322,2.8244618941335e-16,1.14794368416415e-15,1.5305557212574e-16,26.3562680515308
"RP11-297C4.1",1.13485795126873,-1.12163182703536,9.00407347489013,2.98215558319833e-16,1.21063078690315e-15,1.61413656678999e-16,26.2397274135648
"CH17-140K24.2",-1.2141254040939,-1.31987289419248,-9.00350706878976,2.99280394587804e-16,1.21475252663407e-15,1.61963209101622e-16,26.243964036687
"LINC01358",-1.47306461013259,-1.53269568783758,-9.00161562225979,3.02863739068184e-16,1.22889028814961e-15,1.63848199809085e-16,26.25501250029
"SOAT1",-1.50925935077896,5.00714311742208,-8.99830615085037,3.09236381914117e-16,1.2541253266517e-15,1.67212792784187e-16,25.4882795821148
"AP000473.8",-1.33419745543471,-1.80558142564986,-8.99362030883234,3.18487836283948e-16,1.28972587887942e-15,1.71959421877908e-16,26.2300962718169
"LINC00598",-1.07368492095303,-1.5583162026925,-8.98740951536346,3.31175171342185e-16,1.34043970341272e-15,1.78721106737284e-16,26.1678941443277
"THEMIS",1.07400917654751,0.1589813055447,8.98630804787243,3.33477097114485e-16,1.34953410955685e-15,1.79933665815517e-16,25.9656611176101
"RP11-543D5.2",-1.2032264687669,-2.44241554215002,-8.98073894192899,3.45361474984174e-16,1.39601619288263e-15,1.86131131732326e-16,26.1983623989211
"NETO1",-1.77695263240034,-2.3564146137369,-8.97622818206335,3.55295078159929e-16,1.43522359636145e-15,1.91358663059688e-16,26.1667458807256
"PM20D1",-4.94226905827201,2.70507005306142,-8.97420000794048,3.59853553640674e-16,1.45291982941538e-15,1.9371810552355e-16,25.6555884218864
"CDKL2",-2.16476585965264,-1.9793890917696,-8.96722927654717,3.75968429612343e-16,1.51648637420351e-15,2.02193446269632e-16,26.0863042205372
"LGR5",-1.40579198915865,3.05247354611947,-8.96282491860251,3.86517949996243e-16,1.55826960511306e-15,2.07764413208467e-16,25.4369930446331
"CFAP43",-1.19592052561037,-1.7296404695549,-8.95973174476728,3.94102160589455e-16,1.58780187170469e-15,2.11701956505848e-16,26.0130251940156
"RP11-433O3.1",-1.35048057825156,-1.40828144307299,-8.95646392028015,4.0227525552931e-16,1.620010542032e-15,2.15996345274532e-16,25.9621243797418
"CNTNAP2",1.43433749122297,0.162216377913768,8.9537837939167,4.09103998502454e-16,1.64607986799019e-15,2.19472173971101e-16,25.773337266095
"CTD-2325P2.4",-1.31374106702616,-2.41751065319007,-8.94988519008195,4.19243436926312e-16,1.68577098703747e-15,2.24764199196638e-16,26.006487401971
"SHISA2",-1.25185265612249,0.703931319952989,-8.94910512568931,4.21301996902243e-16,1.69377075561682e-15,2.2583081001882e-16,25.6455194830872
"RORB",-1.01064446272784,-0.08543349610334,-8.94669514724857,4.27725489748223e-16,1.71875013311671e-15,2.2916131565889e-16,25.737703700962
"FNDC1",-1.6144496948142,3.1739399344818,-8.94661508918224,4.27940536080151e-16,1.71933259115052e-15,2.29238974910676e-16,25.3247897105131
"RP11-3L21.2",-1.60065043335639,-2.5362139457352,-8.94337592724267,4.36732031349306e-16,1.75350519969484e-15,2.33795215973658e-16,25.9744790701978
"ARHGEF26-AS1",-1.08436972978728,-1.76576393305045,-8.94091990479544,4.43517385990292e-16,1.77987474534847e-15,2.37311073025175e-16,25.8996860559547
"KRT16P5",1.12320190206393,4.89523350140003,8.94053934813104,4.4457809630607e-16,1.78383961167926e-15,2.37839709484464e-16,25.134637683493
"MYOT",-1.0878988447118,-1.07947161598611,-8.92358108517277,4.94493546758794e-16,1.97894235844342e-15,2.63852799622274e-16,25.7216197242216
"ASTN1",-1.95429858132858,-0.457946745069711,-8.92288960488894,4.96642961935276e-16,1.98689586859378e-15,2.64913242798419e-16,25.6511380472727
"GLDC",-2.85153497388323,1.22694918977257,-8.92187274506662,4.99820666981537e-16,1.99863079878108e-15,2.66477863501029e-16,25.4437587430291
"KRT8P13",1.25170926698123,-0.581153532459845,8.91889108702498,5.09255320795385e-16,2.03569336839459e-15,2.71419423679372e-16,25.6501858485674
"LINC01160",-1.69419009946378,-2.14561467142821,-8.91476088283802,5.22617178061875e-16,2.08780970190831e-15,2.78368105355203e-16,25.7721351128064
"OXGR1",-1.53059505405085,0.728425772679407,-8.90291068505186,5.62918651749061e-16,2.24544945358611e-15,2.99386246502409e-16,25.3597981402896
"RP11-669B18.1",1.06931846486184,-2.00254996107939,8.89610816331208,5.87432897261599e-16,2.34171202730904e-15,3.12220955642507e-16,25.6535233971045
"ACVR2B-AS1",-1.07357565178397,-0.863706906042126,-8.89133031841371,6.05281985030127e-16,2.41090557467018e-15,3.21446545821593e-16,25.4963845675483
"ZYG11A",1.21328149280483,-1.46108985258847,8.8897962733992,6.11126347404674e-16,2.43339400148407e-15,3.24444932484362e-16,25.5687922535569
"SOX9-AS1",-1.31716160940212,0.790054112878017,-8.88715642031019,6.21315112942253e-16,2.47155645317022e-15,3.29533140170089e-16,25.2496053894533
"LINC01136",-1.74187048686181,-2.17115865812829,-8.88062975304229,6.47235506005293e-16,2.57216339781235e-15,3.42947085195829e-16,25.5639508851267
"RP1-28H20.3",1.29008310966307,-2.08968471891171,8.87889691282255,6.54296033543296e-16,2.59895920821862e-15,3.46519776216199e-16,25.5564698695845
"FLJ12825",-1.4087149821836,-0.995565467034982,-8.87870283250584,6.55091570658446e-16,2.60169786999844e-15,3.46884922565582e-16,25.4358614213719
"RP11-856M7.2",-1.61366341695188,-1.99620335312836,-8.86226926126799,7.26057531893356e-16,2.87655292235184e-15,3.83531404331132e-16,25.4366087304339
"CLDN19",-1.50994558979583,-1.45743822271225,-8.85559439188417,7.57016963320766e-16,2.99630661228526e-15,3.99498188921505e-16,25.344925065595
"ZNF887P",1.06603974566062,-1.0141251588683,8.85448879031972,7.62270069950783e-16,3.01635740896334e-15,4.02171565847112e-16,25.301036498936
"EN2",1.62969171299548,-2.0500849256484,8.85447648295542,7.62328749925137e-16,3.01635740896334e-15,4.02171565847112e-16,25.4074843087339
"HAO2",-3.68375121250077,0.0423033251220527,-8.84321207019398,8.17961727305476e-16,3.22971108296019e-15,4.30618055939955e-16,25.1439318782526
"RP13-228J13.6",1.06365486570657,-0.95307689873996,8.84194667085289,8.24457955154396e-16,3.25431360219296e-15,4.33898314988243e-16,25.216521213144
"AARD",-1.34504264498643,0.300999060912381,-8.84098084280657,8.29450722799497e-16,3.27349434092133e-15,4.3645568690497e-16,25.0332092344261
"AC007405.6",-1.13535469365724,-2.05086369593014,-8.83654794721996,8.52754186263188e-16,3.3641881080942e-15,4.48547905900007e-16,25.2811105752594
"WDR17",-1.13952679682176,-0.784976404231692,-8.82470290833018,9.18262016678035e-16,3.61759247431398e-15,4.82334363185296e-16,25.0755198436387
"RP11-266K4.14",-1.05914874192323,-0.78129303080708,-8.82165809091118,9.35893532126633e-16,3.68468644558621e-15,4.9128001644418e-16,25.0558969555352
"OBP2A",-1.60394778415568,-1.8480448855167,-8.82146681652428,9.37012295345258e-16,3.6884990499484e-15,4.91788351783269e-16,25.1726767266097
"SVEP1",-1.01760049217328,6.3929535757325,-8.81812873971612,9.56751943625548e-16,3.76499465317623e-15,5.01987526602253e-16,24.3170019973777
"PDZRN3-AS1",-1.2942478075716,-2.14686462976578,-8.81194895152514,9.94392328878798e-16,3.90872676966974e-15,5.21151359833999e-16,25.1381400362822
"ALX4",-1.1949334404015,1.50690292302677,-8.81120320078007,9.9903292503433e-16,3.92633866131102e-15,5.23499557039627e-16,24.6814953464155
"CPB2-AS1",-1.70233815221147,-1.56785151156877,-8.80410910717225,1.04426706721637e-15,4.10148640907655e-15,5.46852042976519e-16,25.0404773906974
"ARHGAP20",-1.06249012951033,1.37277836176854,-8.80294703065136,1.05186829666371e-15,4.12869668436028e-15,5.50479994685913e-16,24.6467918175507
"FAM131C",-1.11028051287854,-0.475152572606778,-8.79670440179262,1.09365211758676e-15,4.28927072916021e-15,5.71889365750393e-16,24.8626428716674
"PYCARD-AS1",1.15253077007554,4.04260438465253,8.7950882702236,1.10473536637796e-15,4.3285861128624e-15,5.7713129410358e-16,24.3026719104366
"PNPLA5",-4.06485906170846,-0.390199716589197,-8.79221872604196,1.12468993186061e-15,4.40395827724727e-15,5.87180680586056e-16,24.8918008754102
"FGF9",-1.65915965553081,-2.04723489993093,-8.78850884334614,1.15101953521645e-15,4.50202633707369e-15,6.0025611556693e-16,24.9877489713729
"RNF224",1.28275661488728,-1.798734219511,8.78492957724661,1.17700207714208e-15,4.60071823874756e-15,6.1341472751214e-16,24.9556649658947
"PLD5",-1.58073157350373,-2.17812156052709,-8.77124481739146,1.28182569496016e-15,5.00009870324153e-15,6.66664208590541e-16,24.8921181423627
"GALR1",-1.4348494169852,-2.38498879192849,-8.76441131657835,1.33758874254451e-15,5.21264325979216e-15,6.95002818884612e-16,24.8649485915356
"EPHX4",-1.23937797534889,-1.65196732537066,-8.76288703585241,1.35035217389085e-15,5.26071126448457e-15,7.01411736029791e-16,24.7929994972288
"TMEM91",-1.08411047621807,3.5469242029254,-8.75922852233529,1.38148205205942e-15,5.37942399950999e-15,7.17239729883999e-16,24.1182224140853
"RANP6",1.08238872987997,-0.617316188878172,8.75485854514403,1.41960090584189e-15,5.52259651363836e-15,7.36328951215055e-16,24.6392297568132
"FER1L4",-1.65731910488839,-0.968225920556227,-8.75261083668295,1.43961235127192e-15,5.5968951897286e-15,7.46235209278105e-16,24.6578520570448
"CHRNB4",1.24851269203363,-1.75362555111187,8.74664946862266,1.49405360744347e-15,5.80119469421773e-15,7.73474505051883e-16,24.7163530320875
"TIMP4",-1.3824305942341,1.19865063650842,-8.74349202280329,1.52371164698271e-15,5.91260865008574e-15,7.88329351150529e-16,24.3064103164888
"AC007563.5",-1.45890167378853,2.79010196880443,-8.74187559554471,1.53912032850972e-15,5.96767995853406e-15,7.9567202025403e-16,24.0974657276461
"ABCA9-AS1",-1.2895159822462,-0.617162689372256,-8.74167517201516,1.54104162669788e-15,5.9741850829217e-15,7.96539349852714e-16,24.5440604595025
"SLC22A31",-2.44156837861198,-1.17595257936942,-8.74016974775837,1.55554923911213e-15,6.02566515112796e-15,8.03403198141682e-16,24.615389312148
"CYP4Z2P",2.30071740827719,-0.57118012200921,8.73920927938832,1.56487595025417e-15,6.06083646105072e-15,8.08092596268873e-16,24.5675181304087
"LINC01698",-3.0890892387276,-1.95153107019227,-8.73439959391533,1.61242265772617e-15,6.23809194774567e-15,8.31726107479204e-16,24.661905360994
"KLRD1",1.23707063422235,-0.729592956100488,8.73354239989042,1.62104590877138e-15,6.2694755676986e-15,8.35910492108464e-16,24.5257210418863
"CYP1A1",-3.60692830487186,0.327663664653757,-8.73241125641439,1.63249517248137e-15,6.31176569839582e-15,8.41549044102282e-16,24.4212686400281
"TRAJ39",-1.35364601624563,-2.13793530014472,-8.72716325305628,1.68667399073653e-15,6.50995116361694e-15,8.67973153738385e-16,24.6181285300799
"MFAP5",-1.22758983134982,6.20011688260591,-8.72598262602733,1.69910633084296e-15,6.5558722798358e-15,8.74095825793196e-16,23.75120442963
"SIGLEC7",1.42246070750706,-1.68158195243095,8.72332201303704,1.727457916924e-15,6.66316838910393e-15,8.88401638541195e-16,24.5696137479152
"SLC6A2",-1.04536945435281,1.30121761117955,-8.72059539284889,1.75700024626888e-15,6.77498853018129e-15,9.03310641398978e-16,24.1479507342529
"CTD-2523D13.2",1.17427893160561,-2.1788042156222,8.71602002633795,1.80770464215747e-15,6.96502976167743e-15,9.28648878644737e-16,24.5631735111445
"TMEM240",-1.06510245941728,-1.06786015533334,-8.71231777836179,1.84979443164107e-15,7.1216069407145e-15,9.49525346758938e-16,24.4188100550064
"DGAT2L6",-5.47224467431252,0.755275044838187,-8.70779847632745,1.90249391940928e-15,7.31875327090195e-15,9.75810908303103e-16,24.2944953447227
"UG0898H09",-1.11896588328726,-1.20277963695366,-8.70666430992336,1.91595173943845e-15,7.36821327452905e-15,9.82405420958136e-16,24.4000949422025
"RHPN2",-1.47270595296502,2.8874325239999,-8.70394175916372,1.94864406199608e-15,7.48924186033215e-15,9.9854218768215e-16,23.8523613440281
"TRBV7-2",1.62752350606331,-1.4537491886204,8.70283172630296,1.96213171121343e-15,7.53989763632193e-15,1.00529613291705e-15,24.4256440232193
"LINC00891",-1.11973826158828,-0.730630706779715,-8.70136256434085,1.9801256424912e-15,7.604277713954e-15,1.0138799421678e-15,24.3099740422141
"LINC00989",-1.4875848203138,-1.9046603875737,-8.7003201136998,1.9929925959829e-15,7.65249254763126e-15,1.02030843605232e-15,24.43465396218
"SLC7A5P2",1.02623672860132,0.229942839172981,8.69913993057667,2.00765979332852e-15,7.705191583596e-15,1.02733480956814e-15,24.1797041698748
"RP11-34P13.16",1.76085178505629,-2.24311201291358,8.69762799934643,2.02660661450841e-15,7.77547427509185e-15,1.03670561556309e-15,24.4624077331185
"ANGPTL7",-1.61806416530618,1.73417090764567,-8.69718696104632,2.03216687286472e-15,7.79558790391396e-15,1.03938736991164e-15,23.9541428769482
"MYRFL",-1.11632314596289,-1.29211567142598,-8.69198717616226,2.09887472042982e-15,8.04519442767663e-15,1.07266746006574e-15,24.3202929075752
"RP11-397A15.4",-1.09664005793262,-0.877164445904801,-8.68828513198692,2.1476886633737e-15,8.22716032097923e-15,1.09692901077681e-15,24.2483471512364
"RP1-302G2.5",-1.37658877615041,-1.90653768001653,-8.68786371133828,2.1533163444507e-15,8.24743024620342e-15,1.09963160415742e-15,24.3581695973414
"GALNT15",-1.38146473894295,3.82765035288799,-8.67360275065601,2.35263769855662e-15,8.98279848539801e-15,1.19767840569104e-15,23.564945686704
"KRT17P1",1.45180953129208,2.3137733532653,8.67286526518294,2.36342937652264e-15,9.02259855989842e-15,1.20298495796999e-15,23.7480080663018
"RP11-247C2.2",-1.37750547738244,-2.35720149733078,-8.6719674985252,2.37663280712481e-15,9.07018040970241e-15,1.20932905598196e-15,24.2981942934113
"F7",-1.03844622127525,-0.10174418149856,-8.67156405256022,2.38259009991955e-15,9.09008710076632e-15,1.21198321927581e-15,24.0423260115206
"ZNF177",-1.05868409583657,-0.322155357769178,-8.67153410805593,2.38303285172607e-15,9.09036233081445e-15,1.21201991575584e-15,24.0724236159566
"KCNH1",1.42456136753319,-1.52900275841097,8.66676660255847,2.45457585053853e-15,9.35308939910036e-15,1.24704937086251e-15,24.2094732366356
"EIF4EP5",1.03173269073959,-1.33610540723694,8.66368148729655,2.50200449263071e-15,9.53085357901011e-15,1.27075070624584e-15,24.1646043555128
"RP11-286B14.1",-1.54702654259246,-2.26587077120638,-8.66355163028364,2.50402066417202e-15,9.53705261658562e-15,1.27157722522568e-15,24.2406097064961
"SCG3",-1.29788268268661,-1.71304171817325,-8.66328396395811,2.50818156547216e-15,9.55141708397783e-15,1.27349244267522e-15,24.1896205197054
"SELE",1.41088203165855,3.03063698928321,8.66311429294112,2.51082267317815e-15,9.5599904575774e-15,1.27463553237503e-15,23.6015954330148
"GAP43",-1.57456728322253,-0.289206511189599,-8.64786027712909,2.75990410353374e-15,1.04872080327615e-14,1.39826164610567e-15,23.9289880285381
"VTCN1",-1.37645890549001,1.41713532821091,-8.64382197755132,2.82985451790792e-15,1.07380370691902e-14,1.43170473412988e-15,23.6644161200591
"RPS3AP34",-1.37644429185247,-1.22106989211138,-8.6427922436855,2.84797113953255e-15,1.08017683795352e-14,1.44020204310221e-15,24.0126775610358
"RP4-669L17.8",1.1241772619996,-0.235115209024012,8.63954951353266,2.90577765137958e-15,1.10108009011337e-14,1.46807239303966e-15,23.8816872424274
"IL10",1.42448629961309,-1.83652057300627,8.62667874730364,3.14693215224608e-15,1.18951998505612e-14,1.5859894904194e-15,23.9934967844944
"CTD-3094K11.1",1.19838744334877,-1.96326413218618,8.61513851357217,3.37999259682801e-15,1.27466879481853e-14,1.69951857702699e-15,23.9314084968161
"KCND2",-1.40406509032222,-0.101080859499265,-8.61040600313456,3.48044989290135e-15,1.31194828604709e-14,1.74922340085464e-15,23.6723576427867
"WBSCR27",-1.54384801456962,-1.13959443169957,-8.60924441833978,3.50555651783913e-15,1.32120913136998e-14,1.76157090534302e-15,23.799515083128
"RP11-660L16.2",-1.20489989732455,0.903569152542919,-8.59085076372408,3.92794188639522e-15,1.47586639996173e-14,1.96777576586238e-15,23.4071293920322
"GPR15",2.52636598929451,-1.37323876707712,8.58450996075347,4.08495904186176e-15,1.53321921008088e-14,2.04424438785925e-15,23.7147500532675
"GAL",-4.04957339277136,1.81526327568664,-8.58369205778855,4.10566115259736e-15,1.54051792490298e-14,2.05397577963648e-15,23.323012268332
"HSD3B1",-3.84269123650917,-0.78935553473318,-8.57817224027654,4.24812323885794e-15,1.59226721886778e-14,2.12297322179457e-15,23.616052795122
"RP5-1024N4.4",-1.08018629322803,-1.64128135485688,-8.5691561535554,4.49144629631904e-15,1.68115664208933e-14,2.24148967617104e-15,23.6082560437971
"THSD7B",-1.39651032279461,-1.57408717935353,-8.56209232868397,4.69170351785618e-15,1.75423938850574e-14,2.33893105521769e-15,23.5596378967486
"CECR2",-1.02298969904169,0.851481010895315,-8.560318265935,4.74337446075794e-15,1.77328896164412e-14,2.36432989102878e-15,23.2258756014663
"TSPEAR-AS1",-1.48663199107175,-2.43174760342435,-8.55841730831134,4.79936824122031e-15,1.79312877716149e-14,2.39078235866086e-15,23.6138780542959
"ZCWPW2",-1.02124019905895,-1.0733873394655,-8.55837418112747,4.80064615765322e-15,1.79333306358389e-14,2.39105473417622e-15,23.4789648710085
"LINC01354",-1.59128776880598,-2.32928041447302,-8.55814241008525,4.80751963144357e-15,1.79562725019108e-14,2.39411357799034e-15,23.6049717643066
"SCN2A",1.90412364779821,-0.65388937810943,8.54666781078572,5.16030844445532e-15,1.92387970095151e-14,2.56511283952606e-15,23.3898813626355
"CNTN6",-2.01226517416991,-2.65615381371003,-8.53651037649221,5.49396878172478e-15,2.0451671919585e-14,2.72682570561745e-15,23.4979988846811
"TMEM27",-1.14243844404414,-1.74949531567269,-8.51152741911054,6.40851266397397e-15,2.37767355350104e-14,3.17015713470579e-15,23.2695115238412
"RP11-737O24.3",1.02792079844683,0.0393348677064785,8.50846441306962,6.5305606836889e-15,2.42149043763449e-14,3.228578278202e-15,23.0412957889321
"GPR65",1.11012303205047,0.659478110382179,8.50477238253759,6.68074179735723e-15,2.47605371419731e-14,3.30132760925876e-15,22.9308374304844
"PYDC1",1.19438696159477,2.45445554219626,8.5011982290782,6.82939134073123e-15,2.52961810337444e-14,3.37274512166959e-15,22.6741668776611
"LINC00173",-1.14008809930071,-0.385962461345107,-8.50005126032845,6.87778599917652e-15,2.54715891571496e-14,3.39613232354511e-15,23.0351809751153
"RP1-80N2.4",-1.29944388889464,-1.78247744232321,-8.49763199580591,6.98098197942107e-15,2.58420654982252e-14,3.44552801178713e-15,23.1891665572474
"KCNK5",-1.01428944408183,4.25486945084076,-8.49385481635521,7.14518121351721e-15,2.64419138209339e-14,3.52550591443809e-15,22.4210884739914
"NWD1",-1.42345320850487,-0.40741750134832,-8.47719462482103,7.91636313575555e-15,2.92032719196589e-14,3.89367836877946e-15,22.902304035287
"SVOPL",-1.11725995775605,-1.78696171458885,-8.47706580756501,7.92263670742271e-15,2.92176263959802e-14,3.89559225411741e-15,23.0645763513486
"LHCGR",-1.76768190333748,-2.34777602393126,-8.47667121890092,7.94188441469876e-15,2.92842063926234e-14,3.90446937903124e-15,23.114369614335
"RP11-6L6.2",-1.52070503522319,-1.87627038279725,-8.47248903761202,8.14876152577171e-15,3.00334819991177e-14,4.00437045276322e-15,23.0471309678979
"AC100830.3",-1.49295203430044,-2.63607283999093,-8.45471714486773,9.08917459257608e-15,3.34291909441755e-14,4.45712103846528e-15,23.0017187283513
"ZNF578",-1.33097016122546,-1.4402496186523,-8.4525081759946,9.21334438855864e-15,3.38807962762468e-14,4.51733367208898e-15,22.8804979300236
"C19orf18",-1.10701760636066,-1.83753719344846,-8.44199256237957,9.82790956996999e-15,3.60866715467401e-14,4.81144348446118e-15,22.8575382046173
"LINC00689",-1.17517017538129,-0.908619263119933,-8.43580840503757,1.02081459462786e-14,3.74212231012288e-14,4.98937952306773e-15,22.715321964073
"BHMT",-1.28251761482106,-2.47032193501816,-8.43130596067887,1.04941282705024e-14,3.84408569621989e-14,5.12532751956129e-15,22.8483325866347
"WNT6",-1.14875402860747,-0.698584525618862,-8.43101480504144,1.05128928733734e-14,3.85038429741828e-14,5.13372545774684e-15,22.6587294554544
"C2orf72",-1.85889829320771,0.152397145967343,-8.42602176343741,1.08399173467568e-14,3.96660439625914e-14,5.28868195923716e-15,22.5231369462161
"PCDH10",-1.4676442000976,-2.20273040895453,-8.42440402846148,1.09480219174973e-14,4.00496765984151e-14,5.33983177901674e-15,22.7861099275376
"ADAMTS16",-2.41506454229883,-1.57595557104097,-8.40767988155699,1.21302365879749e-14,4.42490248408461e-14,5.89973176075538e-15,22.6342454574363
"AC006538.1",-1.14800494746796,-2.28692993237164,-8.39653498859265,1.29875135060694e-14,4.72567469628943e-14,6.30075198198733e-15,22.6243242713164
"TPH1",-1.04709672903423,-0.904554736154686,-8.39235403991302,1.33243917810317e-14,4.8453770438124e-14,6.46035137294756e-15,22.4515335867374
"AC003090.1",-2.2398725262252,-1.75897158071085,-8.38856352884646,1.36372947239532e-14,4.95842817950079e-14,6.61108268922157e-15,22.5353554259825
"PCDH9",-1.10070482127858,0.455854897852165,-8.38800158457626,1.36842989127036e-14,4.97478114318652e-14,6.63288612999483e-15,22.2360721550877
"TRBV6-5",1.73201219771089,-2.49240745317346,8.38563284870349,1.38842061653923e-14,5.04521198258878e-14,6.72679171585863e-15,22.5909359355192
"LINC00472",-1.1498416224643,-1.40123189198701,-8.38147250045325,1.42423513180672e-14,5.17075774318461e-14,6.89418214172214e-15,22.4465193770556
"RP11-54O7.3",-1.36085865167044,-1.45519838575169,-8.37432541697356,1.48791290980332e-14,5.39475651909177e-14,7.19284017934965e-15,22.4103611435717
"C16orf89",-2.0834546728526,-0.656677883330463,-8.36983921387849,1.52931762556238e-14,5.54160182003163e-14,7.38862932701757e-15,22.2955763802106
"TRAV8-4",1.44254546497826,-2.46795691608346,8.36486459198771,1.57656738428495e-14,5.7102842294361e-14,7.6135339371923e-15,22.4613332064019
"B3GNT3",1.30703885321781,1.7911324685055,8.36206721592448,1.6037704132071e-14,5.80452717945163e-14,7.7391882600692e-15,21.9153040626298
"DKK1",-1.36208237536431,-0.514665109506937,-8.35933982702945,1.63074095817165e-14,5.89823872617606e-14,7.86413406182375e-15,22.2028836553567
"RP1-27K12.4",-1.39143476831803,-2.0423158936831,-8.35932739384065,1.6308649315446e-14,5.89823872617606e-14,7.86413406182375e-15,22.3800914186903
"KIF12",-1.3235063015915,-0.816039833746501,-8.35923607129051,1.63177581026808e-14,5.90066299192917e-14,7.86736634043589e-15,22.2417202003819
"TRAV17",1.34168152269707,-2.25056248466954,8.35890965197625,1.63503574234123e-14,5.91157970049317e-14,7.88192161085587e-15,22.408337872029
"LINC02175",-1.35996631774414,-1.98836034706504,-8.35652178500621,1.65908051789803e-14,5.99498039820314e-14,7.99311993599828e-15,22.3580574041802
"AADACL3",-5.95060602957072,1.40306341028144,-8.34846977812971,1.74277535573476e-14,6.28999322034463e-14,8.38646115038173e-15,22.0480616075049
"OVOS2",1.20938788104372,-0.748075874060305,8.3440056108702,1.79096779842082e-14,6.45537959730579e-14,8.60697115358826e-15,22.1583461311398
"TMEM163",1.20795639871149,-1.34188343806455,8.33455801874699,1.89735985457642e-14,6.8268215509829e-14,9.10221548931496e-15,22.1732495922165
"RIMS1",-1.69670090557583,-1.56282529434176,-8.33293109905365,1.91630348711851e-14,6.8939706559171e-14,9.19174553173092e-15,22.1753704423503
"PLCH1",-1.11470923889132,-0.870880917197695,-8.32906431567656,1.96208385099884e-14,7.05452839303718e-14,9.40581749931198e-15,22.0659471790316
"ANKRD24",-1.05240880759308,-1.23877382723205,-8.32398951724278,2.02381595850014e-14,7.26902296530845e-14,9.69180356230207e-15,22.0812658789734
"KRT8P41",1.37094184039975,-1.65122351602446,8.32286660559019,2.03773369123834e-14,7.31686897653257e-14,9.7555967493971e-15,22.1386206633092
"SIGLEC9",1.0190218161993,-0.202628879386667,8.32214931294281,2.0466736892693e-14,7.34789406475371e-14,9.79696256457988e-15,21.9476199041059
"ART3",-1.25137777053525,-1.51126198072848,-8.31703948169716,2.11149568128097e-14,7.57396403487272e-14,1.00983821297932e-14,22.0716333332064
"RP11-583F24.7",-1.1239871042502,-0.727330993542541,-8.31105325047807,2.19002913890457e-14,7.84763107655971e-14,1.0463262970336e-14,21.9386765767769
"RP4-737E23.2",-1.05490348161531,2.23750183776124,-8.31069107978799,2.19487231502835e-14,7.86383700599115e-14,1.04848703700297e-14,21.5284173056273
"NKAIN2",-1.18235392877117,-2.106995900324,-8.30933992231831,2.21303476364132e-14,7.92775181577249e-14,1.05700881199362e-14,22.0853985153119
"PGR",-1.08507442711903,1.59062681308589,-8.30005496334855,2.34194023661976e-14,8.37485203729544e-14,1.11662077828321e-14,21.5471320274454
"CHRM3",-1.4920697749854,1.40687539275175,-8.2990354252515,2.35654072118876e-14,8.42460731807578e-14,1.12325466030301e-14,21.5702067373897
"DYNLRB2",-1.0077186780882,-1.29725253006417,-8.29763851447533,2.37669210956587e-14,8.49293474117593e-14,1.13236476995276e-14,21.9298354766828
"FAM3D",1.37621780401584,1.65849900162815,8.28561847711341,2.55730266365677e-14,9.11840670652321e-14,1.21575907824981e-14,21.4730892395693
"FBN3",-1.66813813719001,-1.99818993155378,-8.27872227525034,2.66700037307621e-14,9.50264165467943e-14,1.26698920445898e-14,21.8941287097314
"TRPC2",-1.37920219329248,-2.47662903584251,-8.27162741190163,2.78472797313978e-14,9.91059311160367e-14,1.32138145775539e-14,21.8916822809083
"DDN",1.43736010146181,-1.9889460021613,8.27129565671376,2.79035726777617e-14,9.92774631041686e-14,1.32366849735006e-14,21.8629552352727
"FOXD3",-1.1187748499034,-1.08915707024228,-8.26694662027273,2.86520457209201e-14,1.01881324651019e-13,1.35838583795546e-14,21.7208169963799
"DDIT4L",-1.01385060615175,1.01627397816169,-8.26134048914323,2.96463035571064e-14,1.05294603771895e-13,1.40389516004828e-14,21.3907180988705
"FAM189A1",-1.20457750218204,-1.44069767194834,-8.25536434078186,3.07438729516601e-14,1.09098049154849e-13,1.45460657709493e-14,21.6937655824867
"OLIG1",-1.91430443558266,-2.69072014783421,-8.25507570298595,3.079789176606e-14,1.09257936473195e-13,1.45673835806316e-14,21.8100974039535
"RP11-244F12.3",-1.00353650726891,0.9425304621868,-8.23982698119154,3.37895958010088e-14,1.19577435551456e-13,1.59432845566663e-14,21.2715220308047
"CDHR4",-1.30456564946067,-2.11812722552984,-8.23946145920002,3.38647375179742e-14,1.19826064893374e-13,1.59764343589602e-14,21.6689157018351
"XXyac-YRM2039.3",-1.11691127761488,-2.28386450259405,-8.23923659349753,3.39110462847967e-14,1.1997261550173e-13,1.59959739823029e-14,21.6818895504604
"KCNJ13",-1.10445770057036,-0.386025932523793,-8.23653473427864,3.44723998581834e-14,1.21905856937936e-13,1.625373346838e-14,21.4444261521325
"RP11-394O4.6",-1.29202222389702,-1.62036915890101,-8.23135173668025,3.55751618740749e-14,1.25660652426168e-13,1.67543611381816e-14,21.5705885762242
"PPP1R1C",-1.09660115572286,-1.7778288944135,-8.2296014520855,3.59554052398615e-14,1.26930653385625e-13,1.69236906324168e-14,21.5761873745512
"PRR36",-1.03376642816652,-0.226548680055044,-8.22933167997364,3.6014369612032e-14,1.27120514871769e-13,1.6949004904177e-14,21.3780408827281
"ECT2L",-1.05946582132766,-1.36767089932576,-8.22063354027255,3.79677802006712e-14,1.33899886809786e-13,1.7852899986262e-14,21.4771427466131
"LINC01956",-1.37948210274741,-2.22115243419172,-8.21542199491737,3.91881265221964e-14,1.38084523392678e-13,1.84108384593493e-14,21.5351601994529
"LINC00982",-1.02624758006049,-0.806931763355975,-8.21511176873677,3.92619837236377e-14,1.3832489755435e-13,1.84428875967299e-14,21.3734730835794
"COMP",1.5300395061256,5.9942071709871,8.21474979925924,3.93483341865056e-14,1.38609211679823e-13,1.8480795258698e-14,20.6450858340366
"RP11-255G12.2",-1.27121586350866,-1.93390564283436,-8.21362483063214,3.96179073468641e-14,1.39538775330827e-13,1.86047341752097e-14,21.4971652769649
"MSTN",-1.57144863415114,-1.99266041118428,-8.21082315342546,4.0297249629592e-14,1.41850019936084e-13,1.89128929030811e-14,21.4876307280837
"C10orf67",-1.07597680009295,-1.25291002106297,-8.21043899356602,4.03912954108489e-14,1.42160667791261e-13,1.89543116467527e-14,21.4025792379276
"PLPP4",-1.16142936189921,-0.844687978954792,-8.20048044281175,4.29066326556436e-14,1.50797232522944e-13,2.0105826633458e-14,21.291694672917
"RBFADN",-1.07936399695764,-1.07584042074669,-8.19879107308354,4.33484786642855e-14,1.52328292933753e-13,2.03099632390843e-14,21.3111425794119
"UPK1A",-2.70217524130284,0.419944411674726,-8.18765405947738,4.63763332746695e-14,1.62525889778696e-13,2.16696109647886e-14,21.0736552516586
"PLEKHD1",-1.17624154480294,0.458344079495064,-8.18675964829156,4.66284038786281e-14,1.63385927190713e-13,2.17842799332769e-14,21.0253083291781
"UPK1A-AS1",-2.58992650560204,-1.49814276447467,-8.17729541262374,4.93803476519471e-14,1.72880554839703e-13,2.30502006286768e-14,21.2478053559724
"RP11-632L2.2",-1.40491788192485,-2.27702437476112,-8.16865382689918,5.20333963442855e-14,1.81883304194475e-13,2.42505390879651e-14,21.2619744598208
"PARP15",1.11063695379968,0.344376992267775,8.14622030936966,5.95984991260751e-14,2.07676088445002e-13,2.76894964206627e-14,20.8154180311904
"TPPP3",-1.09173190275441,6.41085848072608,-8.14549708326721,5.98597251685592e-14,2.08556724280458e-13,2.78069117812674e-14,20.2176979182467
"APOBEC2",-1.36720784279203,-2.40541889982487,-8.13879032051032,6.23368805044321e-14,2.16971619840033e-13,2.8928871570773e-14,21.0956007008721
"RP11-14N7.2",-1.04241277419173,-0.612976278574972,-8.13222988848935,6.48582247985259e-14,2.25491500759496e-13,3.00648290803273e-14,20.8522893665769
"ZBED9",-1.30388599675358,-2.21230247979558,-8.12925020785607,6.60365228380432e-14,2.29457973108305e-13,3.05936796703368e-14,21.0219393791323
"MISP",-1.25024018053288,-1.03017001023913,-8.12871285582623,6.62512624401744e-14,2.30138927224557e-13,3.06844714254482e-14,20.88839464992
"PCOLCE2",-1.2239795096911,3.70525906443177,-8.11422301916955,7.23100622564312e-14,2.50617663844248e-13,3.34149056732061e-14,20.1826042771504
"LHX2",-1.44002412813669,1.1440673075081,-8.11293253035296,7.28755834647214e-14,2.52506330162832e-13,3.36667219495036e-14,20.4895830879021
"C8orf74",1.03154142810964,-0.644477023362457,8.11122535587205,7.36304454138833e-14,2.55049790299637e-13,3.40058420228905e-14,20.7474217385505
"RP11-76C10.5",-1.10859446733234,-2.16127062176743,-8.0999791736539,7.88005266023655e-14,2.72688955488547e-13,3.63576756163431e-14,20.8432862346693
"CTXN1",-1.16740848546667,0.597449507988252,-8.09777824260855,7.9853648901974e-14,2.76294301067516e-13,3.68383770984039e-14,20.4732751271273
"SLC4A4",-1.1722109342219,-0.900718098060525,-8.09632853980316,8.05549232581626e-14,2.78524268068257e-13,3.71356990662219e-14,20.6785198080062
"LINC01589",-1.20891500223985,-2.22263203198838,-8.09552891067237,8.09443411803018e-14,2.79752402489847e-13,3.72994464861841e-14,20.8228358383164
"RP11-428K3.1",1.04015784049541,-0.0971880574461429,8.08976605719663,8.38065528546894e-14,2.89481358740997e-13,3.85966102632473e-14,20.5418801320787
"ZNF727",-1.37440468449097,-1.75289277315501,-8.08357225570851,8.69946862507651e-14,3.00239997799179e-13,4.00310618648895e-14,20.7061787768177
"LINC01088",-1.04922028759068,-1.89757238651343,-8.07637322025811,9.08515177410412e-14,3.13062501754546e-13,4.17406890060522e-14,20.6775553859425
"CACNG8",-1.20878959077838,-1.62700987315154,-8.05830496094195,1.01293847117878e-13,3.48120426244545e-13,4.64149694297166e-14,20.5421362249842
"PER1",-1.17067068753484,5.95757052503153,-8.05811714350945,1.01408413159585e-13,3.48465334544454e-13,4.64609561256685e-14,19.7035865101969
"RP3-333H23.9",-1.34346526957444,-2.52334855017798,-8.05697318723238,1.02108988428431e-13,3.50771432951506e-13,4.67684287098542e-14,20.6213938270398
"RP11-1149O23.2",1.04340820283385,-0.544580472558397,8.04579915878282,1.09209368048564e-13,3.74589201439684e-13,4.99440567768101e-14,20.3454065672168
"RPL22P13",1.04281060712806,-0.389022845775695,8.04293471703834,1.11106972596018e-13,3.80884950920352e-13,5.07834703752442e-14,20.3065236505054
"KLF14",-1.32012933451172,-2.04175014943296,-8.03633162728197,1.15606675083138e-13,3.96033593078103e-13,5.28032420107065e-14,20.456288727123
"RP11-85O21.5",-1.61031315923336,-2.62732462715448,-8.02820748908116,1.21391287877918e-13,4.15559736087867e-13,5.54066667527002e-14,20.4611258478003
"KCNJ1",-1.5285179141356,-2.2687795873437,-8.0171331425087,1.29740918232254e-13,4.43215214819042e-13,5.90939775310972e-14,20.3654460446723
"TMC4",-1.01652979965371,2.09352920373769,-8.0070627101414,1.37826279806125e-13,4.70181222682147e-13,6.2689361014077e-14,19.72897346245
"NHLH1",-1.25913708215748,-1.90853837064471,-8.00352330239322,1.40784961892447e-13,4.80074175628797e-13,6.40083905049401e-14,20.2490829963584
"CSPG4P13",-1.00269778210845,-0.691239082106671,-8.0021901169811,1.41915645502783e-13,4.83728036811044e-13,6.44955605825593e-14,20.0914068191792
"PCP2",-1.37494486171548,-1.98135770637613,-8.00053699563073,1.43330169172666e-13,4.88278109648216e-13,6.51022227480595e-14,20.2394215371525
"AWAT2",-5.04992053826616,1.41932664712149,-7.99933208296241,1.44369966508448e-13,4.91683773746072e-13,6.55563006563717e-14,19.9122277788801
"DNAJC22",-1.07708698432215,-1.37797406960722,-7.99267757498442,1.50248616100635e-13,5.10995293360564e-13,6.81311096160687e-14,20.1251245093722
"TSLP",1.02998409275138,-0.358197407484185,7.98750409804531,1.5498220796478e-13,5.26729055973415e-13,7.02288954845052e-14,19.9738230799505
"PPP1R1A",-1.24533175676478,1.74122624038749,-7.98090659234682,1.61233611029756e-13,5.47368582884132e-13,7.29807679354822e-14,19.6211230614894
"SORCS3",-1.19912182373512,-1.76161005965838,-7.98071965014978,1.61414338355156e-13,5.4790629548509e-13,7.30524612693227e-14,20.0990572839972
"STRCP1",-1.05955185783593,-1.07995711560396,-7.97706371715948,1.649893412319e-13,5.59808903269613e-13,7.46394384611307e-14,19.9956552335238
"HEPACAM",-1.72302624110803,-1.59829092028408,-7.97691379590348,1.6513760599753e-13,5.60234467483737e-13,7.46961790270378e-14,20.0615048291887
"FAM129C",1.52429120525552,-1.57757335743688,7.97366577170523,1.68382342590544e-13,5.70926472084721e-13,7.6121746242529e-14,20.057768968637
"CTC-455F18.1",-1.25060711426912,-1.22079463983216,-7.97114388014725,1.70945164368848e-13,5.79295798789597e-13,7.72376303270821e-14,19.9795100390074
"CHRNA2",-2.13575430439352,-2.04709332043681,-7.96873301784564,1.73431265631578e-13,5.87271821733765e-13,7.83010751387469e-14,20.0641883149216
"ZNF385B",-1.3756693973805,-0.786679202981499,-7.95505396425728,1.88230468650634e-13,6.3646497588403e-13,8.4860008697078e-14,19.8286893333779
"TREM1",1.79617300688963,-1.04751561216295,7.94192786464034,2.03605202616536e-13,6.86747581102638e-13,9.1564198994802e-14,19.8154506971196
"TRIM58",1.37069001488247,-0.556939641815365,7.94140549609797,2.04242139007563e-13,6.88801207971608e-13,9.18380094958735e-14,19.7378645324445
"SLC16A12",-1.02337506894785,-0.815396897090935,-7.93832450604846,2.08039210014818e-13,7.0122107231599e-13,9.34939526132727e-14,19.7320091549826
"SCN4A",-1.28703986057892,-0.160345652943638,-7.93589965782483,2.11076734103077e-13,7.11263928297881e-13,9.48329687072582e-14,19.6274087488772
"SPSB4",-1.26388313557726,-1.78752838367073,-7.93195887093968,2.1610718803777e-13,7.27615251639042e-13,9.70130940770986e-14,19.8154705428998
"LONRF3",-1.00535019187498,-0.0760675059971762,-7.92573146430582,2.24299640120364e-13,7.5437015945047e-13,1.00580331545922e-13,19.5520235512714
"ANKRD20A19P",-1.82651512672734,-2.00655820205929,-7.92219475364645,2.29088526042966e-13,7.69842905436617e-13,1.02643316012787e-13,19.784363726474
"CYP2B7P",-1.65580180541942,-2.3881000480426,-7.92204391597799,2.29295003985886e-13,7.70325689325547e-13,1.02707685689934e-13,19.8183391813182
"RP3-512E2.2",-1.00585831515704,-1.74007564490724,-7.9210568665077,2.30650708048252e-13,7.74668022320626e-13,1.03286649858726e-13,19.7454849311976
"AGT",-1.75080315775579,0.982433764765833,-7.92030530276347,2.3168829513344e-13,7.7793983614415e-13,1.03722881481894e-13,19.3761301963913
"LVRN",-1.04452382079636,1.68388099162204,-7.92014882118777,2.31904909782313e-13,7.78560584059757e-13,1.03805645931649e-13,19.2679459166889
"ZIC2",1.06379897462367,-1.61004956796799,7.91996495085437,2.32159694510072e-13,7.79309290672375e-13,1.03905471141308e-13,19.7383315479882
"FLG",-1.30028692867647,11.2106309261838,-7.91942879683769,2.32904214144836e-13,7.81594549807709e-13,1.04210165221026e-13,18.9452234507855
"MAPT-AS1",-1.14733007201801,-1.5718525764561,-7.91578840516362,2.38022284186877e-13,7.98224034254269e-13,1.06427377869378e-13,19.6959280589381
"FOXA1",-1.6680597045957,0.673694478977662,-7.90970887156966,2.46819041305341e-13,8.2693313005565e-13,1.10255167632682e-13,19.3574655146558
"SCGB1D2",-1.92610994680197,4.20410018317625,-7.90281724238188,2.57180685066422e-13,8.6023835310367e-13,1.14695760005557e-13,18.8911305323585
"MB",-1.31739529752557,0.0150659720178044,-7.90259105670836,2.57527961029337e-13,8.6116507540935e-13,1.14819320084901e-13,19.4063363667597
"ROS1",-3.9522771429607,-1.12334738779024,-7.88228588664028,2.90671980814172e-13,9.69486312946698e-13,1.29261813399997e-13,19.4964432746139
"AC087491.2",-1.33596612456435,-2.44938771113994,-7.86935460274892,3.13946331843427e-13,1.04498244367697e-12,1.39327728341299e-13,19.5144271622072
"KRT18P34",1.12248321757856,-1.31291216847731,7.86917756566096,3.1427744887527e-13,1.04594264125002e-12,1.3945575168506e-13,19.407370198126
"CD1B",1.05159357585909,1.14160249315763,7.86140836828068,3.29154022627705e-13,1.09367242847634e-12,1.45819574224564e-13,19.0105276511525
"RP11-429A20.3",-1.50087229277065,-2.50830594467895,-7.84282195596386,3.67632603339056e-13,1.21658020705618e-12,1.62206894115555e-13,19.3654847716111
"MALRD1",-1.40484315412154,-2.66412819407988,-7.83868092073179,3.7679447132434e-13,1.24555455426461e-12,1.66070049904583e-13,19.3540705028447
"APELA",1.18450597064524,0.295097524186032,7.82562997736558,4.07173708253358e-13,1.34326250383838e-12,1.79097471309959e-13,18.9290290604231
"CTD-2619J13.23",-1.15501115590172,-1.74928504307843,-7.82319684679728,4.1309983967193e-13,1.36262948728794e-12,1.81679675274416e-13,19.1745572990129
"AC006129.2",1.25946051188165,-2.09363041842093,7.82101581753671,4.18484482734308e-13,1.38001981614777e-12,1.83998331467933e-13,19.2131191391959
"FAM41C",-1.16246225139076,-1.95454029502179,-7.82080343674134,4.19012517803186e-13,1.38157535107898e-12,1.84205731266497e-13,19.1829210262972
"TRBV2",1.41268183566213,-2.4221651683727,7.81988924703718,4.21292976664795e-13,1.38872115732215e-12,1.85158483111326e-13,19.23832144082
"RP11-893F2.18",-1.16898558452497,-2.48153821637118,-7.81177750913142,4.42073592412708e-13,1.45487469135904e-12,1.93978747676419e-13,19.1815124612127
"MMP16",-1.10597294563777,1.72385833739337,-7.80979723550576,4.47298835214609e-13,1.47147878623175e-12,1.96192575127566e-13,18.6143355290042
"CHST8",-1.2363687322329,-2.34133572907156,-7.79902231116182,4.76819860538367e-13,1.56649310732455e-12,2.08860854482738e-13,19.0948593480457
"KRT18",-1.10625491540667,3.75811213434546,-7.79726353412294,4.81818318742217e-13,1.58185513614096e-12,2.10909077006145e-13,18.3004316861781
"GDNF-AS1",-1.35247631023485,-1.82755976590676,-7.7937215682711,4.92042554991771e-13,1.6145578312827e-12,2.1526933420693e-13,19.0123318554781
"HRCT1",-1.44156305789506,1.21289285813689,-7.78800570209199,5.08996728786761e-13,1.66862760808362e-12,2.22478468885869e-13,18.5600691045254
"MROH2A",-1.5163245917311,-2.20066365061134,-7.7866848297432,5.12996174069083e-13,1.68128943847761e-12,2.24166673387401e-13,19.0109302246463
"MDGA2",-1.02031809071497,-1.40284230529527,-7.76951165341328,5.67914575489843e-13,1.85458776562573e-12,2.47272575685563e-13,18.8207846477833
"RP11-301L8.2",-1.12823532913262,-2.28889935545807,-7.76763571964756,5.74255400560625e-13,1.87404689528353e-12,2.49867065523287e-13,18.9073758547547
"UNC5C",-1.11272581822015,-0.417308751461539,-7.76480329957937,5.83962239978484e-13,1.90445762826649e-12,2.53921734928833e-13,18.6596268995862
"GALR2",1.48760778252021,-2.32414564123095,7.76452070067503,5.84939584456237e-13,1.90713786089892e-12,2.54279090907742e-13,18.9094985386489
"RP4-736L20.3",1.2566365254103,-2.00092871416798,7.75883916386273,6.04935773870275e-13,1.97049995504517e-12,2.62727172206869e-13,18.842587869219
"CTD-2619J13.3",-1.06819856666126,-2.48852429880771,-7.75009439080118,6.37042545476169e-13,2.07150729887836e-12,2.76194502540716e-13,18.8240843394854
"BMPER",1.45743723170017,-0.20074037526311,7.74993936692241,6.37626675501328e-13,2.0731319057127e-12,2.76411111710607e-13,18.5686721498782
"RP11-64C12.1",-2.03427093662573,-2.71522687123381,-7.73966055932585,6.77563480491326e-13,2.20122874827699e-12,2.93490290590757e-13,18.7846671986238
"CAPN8",-1.20730483266821,-0.342508775838605,-7.73655559320532,6.90107150781744e-13,2.24108939419762e-12,2.98804918869867e-13,18.4853966404255
"RP11-403I13.5",-1.06420166351121,-2.33447526465012,-7.72864189372374,7.23126361906384e-13,2.34552279884155e-12,3.1272904661003e-13,18.685674437569
"PLIN4",-1.6634126189604,5.64299503168326,-7.70890885340243,8.1242664413328e-13,2.62683900966268e-12,3.50236995988945e-13,17.6603719826791
"KRT73",-1.05030637856813,2.0445771171008,-7.70860381900489,8.1388939537471e-13,2.63087494593449e-12,3.50775108218374e-13,17.9808973156818
"RP11-2N1.2",-1.26888378488587,-1.18114614987591,-7.70267401017035,8.42848399079585e-13,2.7212564871165e-12,3.62825698056578e-13,18.4057541324976
"FLJ16779",-1.16441374004712,-0.983134912286817,-7.69826555543196,8.65036254811772e-13,2.79068910404093e-12,3.72083163430668e-13,18.353166993709
"DSCAML1",-1.03717949634902,-0.587819992370587,-7.69503910787745,8.8164039656737e-13,2.84276004298731e-12,3.79025792639318e-13,18.2781974086617
"TAS1R1",-1.12313134439265,-1.87126957498724,-7.69346854812411,8.8983663995376e-13,2.86730335060245e-12,3.82298156990212e-13,18.4348187052501
"CRABP1",-1.02766191698648,1.8908446323132,-7.69048958038073,9.05590582367036e-13,2.91615147752378e-12,3.8881108799576e-13,17.8951820922951
"GBP3",1.19115639254726,3.50069580951189,7.68170784095486,9.5365560371096e-13,3.06569654624147e-12,4.08749963366493e-13,17.6668186802838
"MT4",-2.86068647746043,-0.651676096974748,-7.67586031335495,9.87052083259213e-13,3.16890229033796e-12,4.22510406868433e-13,18.2078901321087
"KCNN1",1.09407686580706,-1.67445682281032,7.67444704041911,9.95295674359246e-13,3.19411386898908e-12,4.25871871936688e-13,18.3169134452267
"TRAPPC3L",-1.02945438092493,-2.15952980407103,-7.672805580929,1.00495580819916e-12,3.22342828083026e-12,4.2978036861451e-13,18.3458976965509
"ADGRE1",1.44901487297223,-2.35834147689372,7.6718020217338,1.01090747724979e-12,3.24124687607618e-12,4.32156125655088e-13,18.3763614808917
"RP11-342M1.7",-1.16674799896388,-2.25393651015618,-7.67121281692956,1.01441802663015e-12,3.25207755289299e-12,4.33600182066195e-13,18.3465101969295
"BAALC-AS2",1.77627120701451,-2.50896395959012,7.66822229964255,1.03242269414318e-12,3.30806843134474e-12,4.41065457631079e-13,18.3732679997853
"COL11A1",-1.35865871491051,1.96532237668405,-7.66768967606777,1.03566240799823e-12,3.31758228331993e-12,4.42333941509923e-13,17.7561411142709
"RP11-38L15.3",-1.02925030777813,-0.690220898679762,-7.66628538258361,1.04425240328868e-12,3.3437888965881e-12,4.4582807475232e-13,18.1263797135367
"LINC01271",1.29811190868926,-2.29704704843935,7.66401932026923,1.05826268091828e-12,3.38644057893848e-12,4.5151483250387e-13,18.3240589494506
"CYP1B1-AS1",-1.11388298165434,1.4678983013166,-7.66331076758506,1.0626814631617e-12,3.40013708954215e-12,4.53340991134724e-13,17.7944806036715
"CELF5",-1.07401314575766,-2.27373184140975,-7.64779958071447,1.16412104875918e-12,3.7159761952063e-12,4.95451885322279e-13,18.2133162133524
"CLCNKA",-1.5389878793045,-2.13917177267215,-7.64572738920599,1.17837863535535e-12,3.75953058896929e-12,5.01259001775764e-13,18.1896437376088
"LINC02018",-1.03277302419942,-2.41003036946377,-7.63750381943595,1.23668361957134e-12,3.9414469621681e-12,5.25513949961012e-13,18.1671842202589
"ENPP6",-1.06667062760277,-1.87153613454646,-7.62378311567603,1.34038108014587e-12,4.2597651119225e-12,5.67955375616958e-13,18.0328192559851
"LDHD",-1.19821580390093,2.14858704666043,-7.62270865651285,1.34885560646494e-12,4.28614202816066e-12,5.71472215390056e-13,17.469946166452
"KRT18P11",-1.20212839300736,-0.489698162074616,-7.62057628205835,1.36583145249613e-12,4.33839858415244e-12,5.78439592958291e-13,17.8342485867011
"RNF182",-1.05645720062374,-0.874719637966151,-7.61916378832716,1.37719250943811e-12,4.37391918574362e-12,5.83175562216876e-13,17.8803735746432
"GPR171",1.12255456660045,-0.34153894555009,7.61370966115554,1.42194561110852e-12,4.51229448914538e-12,6.01625170435811e-13,17.7903131087708
"PIP",-2.50735165725794,4.28833455311221,-7.61362333921682,1.42266535549252e-12,4.51366392957192e-12,6.01807758215044e-13,17.206786123738
"TMC1",1.28104174160311,-1.55650038376647,7.6104192215657,1.44963745589531e-12,4.59685940765355e-12,6.12900228753205e-13,17.9372505514932
"SYT1",-1.04207414855928,-0.52775035370902,-7.60829005054379,1.46783981436358e-12,4.65136592191496e-12,6.20167593729331e-13,17.7678635352737
"RP11-34P13.14",1.24412380434243,-2.43309948629265,7.60711773310486,1.47795831554182e-12,4.68121921017688e-12,6.24147938913328e-13,18.0086325873537
"CASP12",-1.13533773584135,-2.06239323306286,-7.60353930311814,1.50927310762497e-12,4.77423920348533e-12,6.36550314126817e-13,17.9374037887077
"SPATA17",-1.06995085121714,-1.65898505815151,-7.59260296423189,1.60910171850062e-12,5.07301374696443e-12,6.76385986659914e-13,17.8291139505079
"HPN",-1.40001557035542,-2.59044289066437,-7.59226566047591,1.61228232867899e-12,5.08238799098294e-12,6.77635856580618e-13,17.9250619969139
"CTD-2650P22.2",1.21681813592348,-2.27432794478012,7.57159069876387,1.81958295157164e-12,5.71383057689785e-12,7.61826228969951e-13,17.7900521413629
"SCGB1B2P",-1.85842037540932,4.39984163711699,-7.5706509487994,1.82960741457352e-12,5.7438385594086e-12,7.65827199570583e-13,16.9344573891975
"SGCZ",-1.65175363382291,-2.77254308662943,-7.56411703827951,1.90083189148592e-12,5.95981140666835e-12,7.94622904583792e-13,17.7801342466341
"ALKAL2",-1.23703883596386,0.194070919594763,-7.56384987241099,1.90380183002321e-12,5.96836033829361e-12,7.95762735430041e-13,17.4073213501314
"FASN",-1.0248135899686,8.46916489766435,-7.5626350689164,1.91736412161459e-12,6.0101095431262e-12,8.01329165664901e-13,16.8018151990156
"SNORD49A",1.10311539283552,-1.61216930777448,7.55909955995774,1.95738126493791e-12,6.12771508186305e-12,8.17009536805782e-13,17.6464160367386
"KIAA1324",-1.18646352053898,3.75432550585004,-7.55864272225797,1.9626119363086e-12,6.14173839930817e-12,8.18879268661335e-13,16.9138008141237
"EIF4A1P9",1.10902691744585,-1.96208214577338,7.55483838615545,2.006710869887e-12,6.27413693009413e-12,8.36531992534117e-13,17.661029472879
"SLC26A4-AS1",1.59845206357502,-1.99628327463051,7.55437181332799,2.01218628148488e-12,6.28965274783498e-12,8.38600719767068e-13,17.6698143404156
"CYCSP39",1.34969012200466,-1.45581843539064,7.54853911918193,2.08189480106281e-12,6.49760983337176e-12,8.663276815889e-13,17.5716672931126
"CUX2",-2.13421434373149,0.134254620984286,-7.54109492278445,2.17434132402183e-12,6.77579011505621e-12,9.03417516878437e-13,17.3043052495102
"CDHR5",-1.26842065772491,-2.56661710880883,-7.53722385283794,2.2240071922768e-12,6.92528226636605e-12,9.23349336760086e-13,17.6077958518805
"RP11-186F10.2",-1.50027887114328,-0.885573409669667,-7.53065217847174,2.31090322119318e-12,7.18765333621941e-12,9.58331326521097e-13,17.3759488676682
"KREMEN2",-1.02330090537825,1.37142571542339,-7.52604584707334,2.373804840637e-12,7.373946951766e-12,9.83169893346453e-13,17.0138309953259
"SAXO2",-1.11459352752835,-1.3453565873108,-7.5238714414461,2.4040826765028e-12,7.46516519676676e-12,9.95332041080262e-13,17.39633665114
"ELN",-1.05526921135294,7.09690448712215,-7.52051995722868,2.45150038449553e-12,7.61047986722015e-12,1.01470687656333e-12,16.5442119789282
"AC007228.11",-1.19750914669325,-1.97867152411151,-7.51481746859759,2.5343151827872e-12,7.85663331691159e-12,1.04752656762743e-12,17.4204705871499
"LINC01305",-1.34260604466891,-0.0438238480833734,-7.51471585630569,2.53581566265358e-12,7.85929827818639e-12,1.04788188747302e-12,17.1619172511725
"LINC01836",-1.1520491807472,-2.27389942104437,-7.51114710099215,2.58907531514531e-12,8.02132617530429e-12,1.06948510097192e-12,17.4305802640578
"CTD-3214H19.6",-1.35436270312208,-1.94085951977349,-7.50890146253934,2.62315432660881e-12,8.12280385343529e-12,1.08301514107632e-12,17.3831823519297
"PCAT18",-1.71512639476854,-2.35372382950435,-7.50625944840626,2.66381678942965e-12,8.24559543300486e-12,1.0993869681289e-12,17.4131497742024
"TTC34",-1.04287628146393,-1.48177850466753,-7.50333273387742,2.70958882785659e-12,8.38410429792689e-12,1.11785438413334e-12,17.2959792038089
"GALNT13",-1.19068283143291,0.864477093494035,-7.49364795012052,2.86666794694005e-12,8.85227639462993e-12,1.18027586795932e-12,16.9013749858198
"AWAT1",-3.79018995925007,-0.298688207452514,-7.49326277220514,2.87309796283111e-12,8.87101546227611e-12,1.18277435177805e-12,17.1423220407704
"RP1-138B7.6",-1.49585994625234,-0.678339013439643,-7.49202311497952,2.89388928616292e-12,8.93408639534349e-12,1.19118361250947e-12,17.1257976371072
"TRAV12-2",1.52104863501335,-2.32265069139365,7.490986462527,2.91139000106847e-12,8.98585301953031e-12,1.19808566736742e-12,17.3389363326556
"DRP2",-1.24347566222908,-0.452813339591881,-7.48938827457153,2.9385757379618e-12,9.06747838730999e-12,1.20896879476978e-12,17.075505957435
"ZSCAN12P1",1.00978192463008,-1.16942180351034,7.48899156368844,2.94536271709899e-12,9.08727757547221e-12,1.21160862467921e-12,17.1890090781104
"RP11-867G23.10",-1.18831984133685,-2.58157848452466,-7.48606634040227,2.99588853008872e-12,9.23619329638212e-12,1.23146358897476e-12,17.3175111734707
"DRD4",-1.25924386800094,-1.96285318475348,-7.48462768053949,3.02105112863767e-12,9.31259797451611e-12,1.24165064073191e-12,17.2468125822794
"GPR174",1.43997327464674,-2.1280014480487,7.4680203680423,3.32708804955532e-12,1.0230263968847e-11,1.3640032401845e-12,17.1880604303824
"VTA1P1",-1.40521033476059,-2.46554609641813,-7.46176749468783,3.45009119433565e-12,1.05964974942309e-11,1.41283323292065e-12,17.1692638118311
"NTN5",-1.13403422054645,-1.86557278162632,-7.4617463468484,3.45051473770475e-12,1.05964974942309e-11,1.41283323292065e-12,17.1050699556258
"RP11-262N9.3",1.35612346933275,-2.3290270710064,7.46041194289111,3.47734403092365e-12,1.06762165966323e-11,1.42346219756039e-12,17.1633233061985
"RP11-757G1.6",-1.07047444484474,-0.747737188999123,-7.46012053792421,3.48323034551778e-12,1.06929504273918e-11,1.42569332272453e-12,16.9500307974498
"HIPK4",-1.05835826397487,-1.96888169326296,-7.45985281817337,3.48864690496557e-12,1.07068983089334e-11,1.42755299669525e-12,17.1057834167865
"RP11-141C7.2",-1.1151120080284,-0.0697980041491885,-7.4574173370063,3.5383060153055e-12,1.085658868444e-11,1.44751124585062e-12,16.8345452081159
"ACSM1",-1.01100048256414,-1.02148475146144,-7.45360244201946,3.61749909067817e-12,1.10926387918682e-11,1.47898385617216e-12,16.9514021205242
"ROPN1",-1.26091033720511,-1.21541762466514,-7.45166208492463,3.65844844751698e-12,1.1213999440227e-11,1.49516489686635e-12,16.9676623045479
"RP11-297C4.2",1.13827032634291,-1.84021389177272,7.44910348709369,3.71314635470273e-12,1.13745539887784e-11,1.51657166849193e-12,17.0450231315211
"GPR78",-1.1010010954825,5.07906494798246,-7.44805847563331,3.73571849396281e-12,1.14422706318581e-11,1.52560034271348e-12,16.1713971128628
"FLG-AS1",-1.20520064664394,5.6013678786475,-7.44459884334773,3.81141835564983e-12,1.16683062190937e-11,1.55573771495776e-12,16.1288499206619
"ERVFRD-1",-1.23308656606317,-1.09730934464221,-7.44399544753436,3.82477561159884e-12,1.1707736952614e-11,1.56099502292638e-12,16.9080374253419
"DOC2GP",-1.17735691269516,-2.15593706741245,-7.44157641584908,3.87879141078191e-12,1.18701179942182e-11,1.58264532125368e-12,17.0225404606726
"HAPLN1",-1.54684472874087,-1.70894678480317,-7.43753565287849,3.97070630679591e-12,1.2140798341198e-11,1.61873518867636e-12,16.9514199133375
"CPZ",-1.10127975883766,5.09891700936229,-7.43153831985439,4.11110972708656e-12,1.25575715300099e-11,1.6743036453352e-12,16.0757492772956
"SERPINA3",1.28306384415438,4.72870394422862,7.42451447172098,4.28179326896938e-12,1.30642897501282e-11,1.74186449187902e-12,16.0686220236574
"RP4-545K15.5",-1.05558459559367,-1.94025060626907,-7.42068748580533,4.37771966428577e-12,1.33503304644537e-11,1.78000236030087e-12,16.8800921114193
"RP11-297C4.6",1.18400100637769,-1.5152121254332,7.41939435632603,4.41061065554831e-12,1.34472912565928e-11,1.7929301630488e-12,16.8392532290431
"RP11-348N5.7",-1.07858635495916,-1.41634669770979,-7.41902201877404,4.42012633561028e-12,1.3473671762202e-11,1.7964474813935e-12,16.8075192649256
"LLNLF-173C4.1",1.12249020156218,1.21574757001495,7.41676168919889,4.47832966988677e-12,1.36452757941593e-11,1.81932748295859e-12,16.4269712125502
"MYBPC1",-1.43214258800591,0.011841005028109,-7.41060959303213,4.64060999024279e-12,1.41256989129654e-11,1.88338239813052e-12,16.560268780186
"HSPB3",-1.013754907288,-0.559170207801774,-7.39461325265318,5.09026748472326e-12,1.54618056799123e-11,2.06152579354023e-12,16.5490500202911
"TRAV21",1.32780686645859,-2.29664717733229,7.39234272878484,5.15748738636138e-12,1.56582312925699e-11,2.087715261665e-12,16.7740909329317
"ADCY8",-1.87511663666122,0.904492087867351,-7.3806055206879,5.51921173065147e-12,1.67253799517444e-11,2.2299984161667e-12,16.2632719334594
"RP11-543C4.1",-1.07575488943859,-1.88505365496536,-7.38055062373962,5.52096114069677e-12,1.67286145594825e-11,2.23042968709469e-12,16.6464433255976
"GZMK",1.00293031047695,0.48071377064243,7.38039440866704,5.52594227068481e-12,1.67416393299601e-11,2.23216628247368e-12,16.3252198110952
"OVCH2",-1.37723291479548,-1.31970693251507,-7.37819098480393,5.59667634234706e-12,1.69496576521902e-11,2.25990140899668e-12,16.5646876469713
"APOB",-1.27850896081692,-0.553358982516352,-7.37167989570962,5.81096463996957e-12,1.75834370452965e-11,2.34440334837885e-12,16.4201194699745
"RP11-585P4.6",-1.12161602228767,-2.29175623563365,-7.36146555187425,6.16357496850559e-12,1.86159545410054e-11,2.48206912259375e-12,16.5832821470755
"RP11-399F4.2",-1.22413191388712,-0.946276404751201,-7.35942347288359,6.23656486605137e-12,1.88317694244131e-11,2.51084376625345e-12,16.4068553491842
"NOP56P1",1.01838713322657,-1.17539638299957,7.35827199996726,6.27809776759926e-12,1.89455194443497e-11,2.52601008026421e-12,16.4465979566167
"PLA2G2D",2.03521401713545,-2.22074619449415,7.35480949228973,6.40464175028773e-12,1.93202623110389e-11,2.57597462526096e-12,16.5671433444125
"BIRC7",-1.34140772667686,-1.64071884242699,-7.34497943656116,6.77779651766333e-12,2.03982568080057e-11,2.71970385758979e-12,16.4173745235219
"RP11-835E18.4",-1.00583892250093,-0.136788831115319,-7.34427811030883,6.80522561302397e-12,2.04757818739269e-11,2.73004029088556e-12,16.2001180101165
"ARHGEF7-AS2",-1.15635339068847,-2.49110534286674,-7.34238972061287,6.87962754617097e-12,2.06971059061059e-11,2.75954947050616e-12,16.4958627665629
"RANBP3L",-1.43139613774605,-1.76710424065031,-7.3370504753122,7.09436834174991e-12,2.13222235861343e-11,2.84289654186735e-12,16.3885131787794
"PCDHB19P",-1.02634721502283,-2.25967526820293,-7.33314894240181,7.25546003619812e-12,2.17930349948405e-11,2.90566992571617e-12,16.4201181208158
"C9orf106",-1.40654513074485,-2.3645540751184,-7.32894425020024,7.43311615693313e-12,2.23157249813043e-11,2.97536029121598e-12,16.4085058917172
"AF131217.1",-1.19878624593616,-2.03975972088014,-7.32669607662126,7.52986194660351e-12,2.26034088638222e-11,3.01371724359748e-12,16.3604071101259
"MSI1",-1.09950178153265,-1.36849938219137,-7.32345532715042,7.67151413172893e-12,2.3011727849217e-11,3.06815849954194e-12,16.2603881880651
"RP11-804N13.1",-1.53350810684795,-2.71428875085262,-7.32325679017081,7.68027719649314e-12,2.30351967566133e-11,3.07128761388637e-12,16.4103991434227
"LINC01764",1.50038220265222,-2.05520149922592,7.31670188667136,7.97521833035648e-12,2.39022672540303e-11,3.18689430512587e-12,16.3258833594089
"SULT1E1",1.05199757453431,1.33320834139184,7.31379840563883,8.10941156369816e-12,2.43014840359668e-11,3.24012196237457e-12,15.8235431732282
"C2CD4A",1.35079793757096,-2.09829713164683,7.30818284489503,8.37531183035176e-12,2.50615650329228e-11,3.34146372108262e-12,16.2797730736112
"KCNIP1",-1.0827227761345,-1.17752413966497,-7.29248214894683,9.16531384845148e-12,2.73720708723752e-11,3.64952394915448e-12,16.0602633379388
"DNER",-1.17921065271592,3.67126181555522,-7.29027784679773,9.28196345836227e-12,2.76968369472883e-11,3.69282507802392e-12,15.3886120415936
"SYN3",-1.1137255957962,-2.26152305266631,-7.2821519007478,9.72478762347913e-12,2.89970326803667e-11,3.86618044775763e-12,16.1338493561199
"MUSK",-1.25991176661231,-1.25429000687535,-7.27251770663011,1.02769010483426e-11,3.05801078386204e-11,4.0772521905679e-12,15.9591269861865
"NEBL-AS1",-1.19489066704027,-2.18722586935031,-7.27164025840014,1.03286976667988e-11,3.0715603342779e-11,4.09531783454987e-12,16.0672295159029
"KRT18P28",-1.31479359207199,-1.61892116648317,-7.26915438729407,1.04768451636546e-11,3.11410637632233e-11,4.15204456162393e-12,15.9875522158144
"SLC12A2",-1.02501087688396,6.75364909821096,-7.26529641651103,1.07109299847123e-11,3.18137188986465e-11,4.24172981188119e-12,15.0881026522976
"MUC16",-2.46156999558566,-1.62404466288854,-7.26359387011166,1.08158688072852e-11,3.21137429009915e-11,4.28173207502689e-12,15.969019471821
"PNMA6B",-1.0076166591132,-1.07994653114804,-7.26030248808061,1.10216248853506e-11,3.27088221642928e-11,4.361074117987e-12,15.8655304120035
"MAS1L",-1.02217114667326,-1.10338776052598,-7.24475560015143,1.20469762079015e-11,3.56826750908597e-11,4.75757855228329e-12,15.7814610686648
"RP5-965G21.4",-1.07891354608308,-1.23727261933602,-7.24243738939598,1.22077298849876e-11,3.61500903801732e-11,4.81989913082133e-12,15.7870054445538
"MEGF10",-1.12278126988626,0.742903122739364,-7.24093558751068,1.23129993947592e-11,3.64442197604265e-11,4.85911546276747e-12,15.4828926613831
"IL17B",-1.10092097402918,-1.84878332625616,-7.23996588288905,1.23814470590893e-11,3.66335504783284e-11,4.88435896708672e-12,15.8510408555183
"ZAN",1.4124727052338,-2.12822011581049,7.2321021361947,1.29505756580193e-11,3.8285129533554e-11,5.10456434884505e-12,15.857816252418
"RP11-75I2.3",1.31388420840482,-2.45599795117415,7.2313845522776,1.30037783143537e-11,3.84285149993334e-11,5.12368196306441e-12,15.8854452890324
"KRT2",-1.4915196631766,11.2525394991851,-7.21940219710237,1.39247340595378e-11,4.11005868847584e-11,5.47994986786376e-12,14.9059735975498
"CTD-3193K9.4",-1.14198617853318,-2.34364180337121,-7.21130241685238,1.4583462594934e-11,4.30035069161507e-11,5.73366659467895e-12,15.7462502678957
"SPDEF",-1.67523391416612,1.24633686958227,-7.21109697428016,1.46005645901164e-11,4.30487616620236e-11,5.73970041943579e-12,15.2498760072313
"TRBV29-1",1.41502467460797,-1.55528414967304,7.19927968101484,1.56183487558927e-11,4.5966745654492e-11,6.12875583703338e-12,15.6086916775021
"RBP4",-1.76090158393377,1.56394975929095,-7.19697739404573,1.58246391394447e-11,4.65515409945189e-11,6.20672672234686e-12,15.1271980661646
"RP11-87H9.5",-1.0732388617518,-1.90296311131687,-7.19480499821023,1.60217567600308e-11,4.71088048201911e-11,6.28102682507824e-12,15.6049326007963
"AC093642.1",-1.49909541278431,-2.7044675573064,-7.19363598626714,1.61288311347799e-11,4.74056038935875e-11,6.32059910777096e-12,15.6846973534622
"CACNA1B",-1.36520294130143,-1.58051784397185,-7.19343330699172,1.61474670513542e-11,4.74499906356314e-11,6.32651720139528e-12,15.5591577720871
"CLEC2L",1.39443817147647,-1.75332234628809,7.18637551458206,1.6809844906426e-11,4.93550246426644e-11,6.58051578502591e-12,15.5604508305263
"EDN2",-1.11024739874321,-0.965306340257243,-7.18287319648992,1.71484271930588e-11,5.03310544682717e-11,6.71065004634108e-12,15.4158683416918
"SGK2",-1.48629056350577,1.72741533474464,-7.18240918042576,1.7193787505021e-11,5.04581502659913e-11,6.72759575570217e-12,15.0188801190158
"KRT4",-1.13209056524414,0.203498370033146,-7.18166287950638,1.72669914199662e-11,5.06669177591734e-11,6.7554307693453e-12,15.2334512570385
"BCAP31P2",1.08880110240311,-1.01930538826659,7.17936885564391,1.74939419226328e-11,5.13083113091399e-11,6.84094790585828e-12,15.4211620926071
"RP11-5O23.2",-1.07699885468759,0.377039864586358,-7.17834185459552,1.75964962566417e-11,5.15782576700415e-11,6.87693991076324e-12,15.1873903367862
"MIR614",-1.17770282182428,-2.55889971662771,-7.17240818976438,1.82007467645225e-11,5.32703872249727e-11,7.1025518991505e-12,15.5516139289486
"SLC26A7",-1.31652367938628,-0.95061718725594,-7.1670296747535,1.87661368940697e-11,5.48493572137443e-11,7.3130762988529e-12,15.3264873957674
"RP11-429P3.3",1.04834343498694,-1.19906914612229,7.16385164772386,1.91083239919622e-11,5.58029492647755e-11,7.44021892697877e-12,15.358546640625
"ADGRE4P",-1.25195281507627,-0.49325854160612,-7.15195378202484,2.04449768613444e-11,5.96283463085678e-11,7.95025991698784e-12,15.1746803954507
"CLUL1",-1.01139575584287,-2.13999247595415,-7.14806028900506,2.09021154750169e-11,6.09253818622954e-11,8.12319393934605e-12,15.3718187695601
"CTB-51J22.1",-1.27221938299091,1.94853804437029,-7.14330597752214,2.14740234200398e-11,6.25477789391684e-11,8.33950848181138e-12,14.7675870580408
"FAM3D-AS1",1.33743589163793,-0.57630563485068,7.12331536019747,2.40525672794267e-11,6.98096521393654e-11,9.30773555836002e-12,15.0505288541668
"WEE2",-1.0837082669859,-2.41000946447364,-7.11238013612242,2.55899972720805e-11,7.41139984755687e-11,9.88163495795871e-12,15.2033624845465
"UNC13C",-1.2187931907294,-1.6643761743244,-7.11065145422097,2.58417601028048e-11,7.48254859876751e-11,9.97649773714205e-12,15.1082176542057
"RP11-986E7.7",1.18303999339336,4.77745388314768,7.08988213202068,2.90645391767674e-11,8.37616046208143e-11,1.1167952308343e-11,14.1738227058725
"COL4A4",1.0841618272436,1.08178490115096,7.08886603073586,2.92319993661826e-11,8.42343139630789e-11,1.12309787440711e-11,14.5975442588408
"DCD",-2.16159093072306,8.57546892393561,-7.08092003725535,3.05748056963003e-11,8.79796849036666e-11,1.1730349836959e-11,14.0748412998916
"KRT8",-1.09905899115484,4.11390187202831,-7.07987309197047,3.07562086414403e-11,8.8470538941861e-11,1.17957955088002e-11,14.1631914549452
"EGFL6",1.09789782482048,1.33575933732366,7.06955866797268,3.26011203756718e-11,9.35689539637817e-11,1.24755682527766e-11,14.4545449269313
"RP11-255E6.6",1.21433596155306,-1.99240061161262,7.04297931761259,3.78736568031898e-11,1.08321484849422e-10,1.44425262892663e-11,14.7903201190973
"PRRT4",1.02190506896223,-0.0314586314611847,7.02848476530683,4.10946953397679e-11,1.171922668636e-10,1.56252695153605e-11,14.4328635681319
"RP11-177C12.5",1.04171637100247,-1.45219004164976,7.00920166310102,4.5802038550139e-11,1.30162484249543e-10,1.73545913191964e-11,14.535167674686
"RP11-395B7.4",-1.01807518544091,-1.83371600926186,-6.99926126761685,4.84325295557333e-11,1.37415047419668e-10,1.83215770874832e-11,14.5136750666051
"RBM11",-1.11265270661364,-2.1127101244484,-6.98813332161562,5.15543020235467e-11,1.46052658816534e-10,1.94732316262769e-11,14.4860738993117
"GLIPR1L2",-1.02312474970228,-0.686760447681233,-6.98623343254688,5.2106769579286e-11,1.47532591970533e-10,1.96705514240317e-11,14.2837105466218
"PDE11A",-1.30874370192476,-1.15322126827917,-6.98037906318795,5.38461362320102e-11,1.52228910730607e-10,2.0296712589099e-11,14.3212466197794
"LPL",-1.07166382484043,3.36618392882036,-6.97354561014883,5.59489188429401e-11,1.57991605040253e-10,2.10650538298027e-11,13.6500665860791
"TLR10",1.09850901170297,-1.26012032702039,6.95352134681799,6.258832809302e-11,1.76253330822686e-10,2.34998935577366e-11,14.2044523766158
"MUCL1",-1.07973808252673,6.91495923073092,-6.95300884495218,6.27680777779417e-11,1.76701110345473e-10,2.35595960954061e-11,13.3449791396068
"CDX4",-1.44470400787971,-2.44769267660914,-6.94715786326658,6.48566214028639e-11,1.82494345505271e-10,2.43320093540648e-11,14.3002001083456
"KCNE1B",-1.15100775477983,-2.2340536104718,-6.92934167416421,7.16473958065933e-11,2.01094784797359e-10,2.6812009825267e-11,14.178452241963
"RHOXF1-AS1",1.35721218492897,-0.369315520753666,6.92406034328314,7.37918588200032e-11,2.06900630216854e-10,2.75861044124953e-11,13.9201109727937
"PNMAL1",-1.27170477831163,1.46748950243191,-6.91617824294972,7.71105640682186e-11,2.16082247853909e-10,2.88102914173678e-11,13.574972181128
"EPX",-1.01363973818303,-2.36136765619267,-6.915345839922,7.74695175071645e-11,2.17063322528642e-10,2.89410983094748e-11,14.1159532732227
"KRT8P3",-1.02511113487599,1.14896580849889,-6.91035044407501,7.96585266331952e-11,2.23018415849676e-10,2.97350921507116e-11,13.5852692089725
"GABARAPL3",-1.21003939117304,-2.30388513039384,-6.90857133296107,8.04527773609285e-11,2.25087911840864e-10,3.00110184851762e-11,14.0732992034148
"RP11-1334A24.5",-1.08358442611137,-1.56275241304417,-6.90654393231055,8.13673927926081e-11,2.27594869473953e-10,3.03452716720882e-11,13.9716286591178
"CTD-2561J22.5",-1.36392765671802,-2.34452952627175,-6.90585596064304,8.16800788166089e-11,2.28443440503282e-10,3.04584118253684e-11,14.0635920633043
"TMEM211",-1.46122033582069,-2.27748024097222,-6.89122132522271,8.86193844271455e-11,2.4731553774366e-10,3.29746325077808e-11,13.9769760762917
"RP13-128O4.3",1.02857411649157,-1.25330407874632,6.87811159974949,9.53271248633721e-11,2.65340866846209e-10,3.5377953416815e-11,13.7909839635893
"DNAH6",-1.11799942728946,-1.94559146060284,-6.8671231081658,1.01333145912175e-10,2.81547281709767e-10,3.75387581089503e-11,13.8056264923214
"PADI4",-1.86308978906158,-2.44671259258815,-6.86418389932303,1.03001888915882e-10,2.85957026749152e-10,3.81267103397456e-11,13.851364915124
"GOT2P3",1.0417473238891,-0.676346782000138,6.86007564792861,1.05379830898341e-10,2.92227981037255e-10,3.89628179899557e-11,13.6092989371491
"XCL2",1.14231376560944,-1.82013288565561,6.84833947272593,1.12475089351801e-10,3.11270336412161e-10,4.15017392251468e-11,13.7043941342733
"TRBV12-3",1.21389859238202,-1.71293487551321,6.83948102411969,1.18140450671272e-10,3.26617332514086e-10,4.35479574335792e-11,13.6442312868596
"SPAG6",-1.36118723082865,-2.55901978609158,-6.83854909063133,1.18752566875618e-10,3.28198643416918e-10,4.37587939478441e-11,13.721214681743
"PNLDC1",-2.66063523413605,-0.274487919706524,-6.82835740671904,1.2565411381107e-10,3.4668662582204e-10,4.62238005187256e-11,13.3902518728659
"RP11-701H24.4",-1.06732164926945,-2.4986602102327,-6.82731866908579,1.26379332263673e-10,3.48648325471081e-10,4.64853543442876e-11,13.6533057303964
"TDRD5",-1.39069203824034,-2.34116909210552,-6.8175546936927,1.33401051444391e-10,3.67358368679467e-10,4.8979968328633e-11,13.5843762515707
"CIDEA",-1.38563803073537,3.59185813458783,-6.81083433119485,1.3845591233259e-10,3.80893519256814e-10,5.07846127933415e-11,12.7363914218841
"CTC-490E21.11",-1.02752263070705,-1.74691541062477,-6.8074157213663,1.4109924243453e-10,3.87860833624806e-10,5.17135662790252e-11,13.4568781459088
"LINC01376",-1.07010465686596,-1.97225779643068,-6.79826859512234,1.4841894196169e-10,4.07433666305129e-10,5.43232161645851e-11,13.4358091957114
"PRR4",-1.02284937375564,2.49417005765244,-6.79685999081744,1.49578889744047e-10,4.10480085885208e-10,5.47293959260109e-11,12.7852434284816
"KRT18P4",-1.18971001960556,-1.97019687259934,-6.79665991915493,1.49744366127433e-10,4.1088822154309e-10,5.47838127388596e-11,13.4272217921711
"TRAV19",1.25270909066945,-2.30498497956021,6.7884602288291,1.56683619201672e-10,4.29400649360739e-10,5.72520786217195e-11,13.4386686357287
"CTD-2384B11.2",-1.02883807471344,-1.38665452674542,-6.77713036183443,1.6679578283038e-10,4.56348796571508e-10,6.0845080740178e-11,13.2453143246937
"GRIK4",-1.10118338233957,-1.5781417753111,-6.7743615469633,1.69363181488901e-10,4.63114840084699e-10,6.1747198740586e-11,13.2565076428034
"FCER2",-1.43101838505861,-0.707607045693709,-6.76729191704036,1.76096460309123e-10,4.80936864320474e-10,6.41234129691014e-11,13.0962465027777
"KRT8P33",1.76442813859991,1.98746456859862,6.76349877406411,1.79817133171302e-10,4.90552179115305e-10,6.54054249069636e-11,12.7033131021375
"RP11-452H21.4",-1.23880406424259,-2.46287044103438,-6.7505540378776,1.9310709163602e-10,5.25347243084326e-10,7.00446580822461e-11,13.2362948624737
"EOMES",1.05474747617581,-0.68531348704508,6.74200753646078,2.0240698920189e-10,5.49550435149873e-10,7.32716747555933e-11,12.9713497513171
"C3orf80",-1.16225448666075,-0.800182768254733,-6.74139028327856,2.03095482039548e-10,5.51297696266714e-10,7.35046374466908e-11,12.9680368599924
"SNORA73A",1.75021479832766,-1.03877038002197,6.73908482735744,2.05687476898324e-10,5.58040249125799e-10,7.44036234332609e-11,13.0242769424247
"CTD-2313F11.1",1.01240084092139,-0.361268464825767,6.73864817161208,2.06182060344595e-10,5.59119245564647e-10,7.45474862547109e-11,12.9014738865663
"FUT9",-1.73845791921953,-1.96313227375547,-6.73672689642172,2.08372167207492e-10,5.64933405246531e-10,7.5322689384287e-11,13.1070309810394
"RP11-968O1.5",-1.03833715081916,-2.19123284610225,-6.72362697388206,2.23928019293868e-10,6.05768882457263e-10,8.0767292123721e-11,13.0603800720938
"CTNNA3",-1.16146143468495,-1.32955693654782,-6.71516288357148,2.34581395814773e-10,6.33540241856942e-10,8.44700532959491e-11,12.9041988896253
"COX6B2",-1.06704807350622,-1.74311691731544,-6.7132113867384,2.37107593724061e-10,6.40151354855671e-10,8.5351514378376e-11,12.9491004600739
"RP4-761J14.10",-1.32668828166765,-2.45925052103825,-6.70927498428639,2.42285031902861e-10,6.53841705634654e-10,8.7176851718513e-11,13.014994871372
"KRT16P4",1.09435897418322,5.11227185115676,6.70581493953253,2.46927756703938e-10,6.66297471554915e-10,8.88375816005525e-11,12.0427499850025
"FAR2P2",-1.01308783200208,-1.40558778623369,-6.68516489306813,2.7651423706353e-10,7.4343321349274e-10,9.91221062479733e-11,12.7533231331701
"CCL17",1.18694793568266,0.0155856214574357,6.68212701519357,2.81151566804606e-10,7.55404275450037e-10,1.00718210448992e-10,12.5430977682369
"OBP2B",-1.64663920807879,-1.27210783211674,-6.6802129002625,2.84112703508707e-10,7.63025992736402e-10,1.01734415613006e-10,12.7119411628823
"DHRS2",-2.19020240075438,-1.97103460893504,-6.67781120786811,2.87871587674217e-10,7.72867152197153e-10,1.03046539467533e-10,12.7970962932225
"LMX1A",-1.30268172200841,-1.37978246243997,-6.67209334096811,2.97018777859282e-10,7.96327511096334e-10,1.06174514039042e-10,12.6810479219766
"FAM196B",-1.26638766198603,-1.26371180016474,-6.6656165278779,3.07726041159004e-10,8.23647352416855e-10,1.09817074211095e-10,12.6299750440921
"KRT8P10",-1.02441676854008,-0.431715916102968,-6.66129570658898,3.15079472123909e-10,8.425018306176e-10,1.12330945743259e-10,12.479773997947
"MAPK8IP1P2",-1.4545130130858,-1.59087175329757,-6.65661234574579,3.23245314063016e-10,8.63395520346037e-10,1.15116705776019e-10,12.6281126675284
"TTC6",-1.56625676867028,-2.7225606265375,-6.62328135990968,3.87693008720282e-10,1.0313811407691e-09,1.3751426377249e-10,12.5858892975296
"ASB11",-1.04028808024662,-1.66417918492931,-6.61684473742589,4.01521982045703e-10,1.06736004937867e-09,1.42311339201941e-10,12.4239714483862
"GABRB3",-1.12369674050768,0.631678418165793,-6.60742529702524,4.22638702033431e-10,1.12142817865383e-09,1.49520254215924e-10,12.0249492954009
"RP5-1063M23.3",-1.1682340925253,-2.64645369136437,-6.60625728907963,4.25332167855583e-10,1.1283308904566e-09,1.5044059422804e-10,12.4863111062648
"PCK1",-1.88654712010642,-0.734520396716947,-6.60583786807361,4.26303483210901e-10,1.13066304457147e-09,1.50751540825214e-10,12.2404686203727
"KRT36",-1.06069593881255,-2.01887818005608,-6.59102497649081,4.62043808416534e-10,1.22149283604664e-09,1.62861895968999e-10,12.3326230848206
"SLC34A1",1.06364829174036,-1.82090291377809,6.5890567631917,4.67009310561023e-10,1.23435391912077e-09,1.64576666872156e-10,12.3127602163395
"ADCYAP1",2.73126534452068,-1.53948080477494,6.57614467444966,5.00911881655908e-10,1.32040479669598e-09,1.76049848423554e-10,12.2488671023862
"LINC00882",-1.01065225900642,-2.4587437344111,-6.57203834307155,5.1219274685594e-10,1.34840224266207e-09,1.7978275376509e-10,12.2843521226972
"RP5-1171I10.5",1.02183533059112,0.339167098883987,6.56774140785382,5.242648676833e-10,1.3795911033726e-09,1.83941171103721e-10,11.8751865911594
"RP11-459E5.1",-1.08634680687758,2.69396086720891,-6.56710987368305,5.26062581464704e-10,1.38417324588782e-09,1.8455210912612e-10,11.5248896246164
"RP11-307C18.1",-1.0438998545139,-2.2615520112955,-6.56059325490918,5.44970502708703e-10,1.43269415760333e-09,1.91021412459661e-10,12.2010477610546
"ABCB5",-1.34113285802495,-0.519934949713172,-6.55366699921583,5.65800063802615e-10,1.48554313476242e-09,1.98067777666361e-10,11.923458878908
"HEPN1",-1.61282180358888,-2.42213529001706,-6.5271202553735,6.53141127602231e-10,1.70900848920712e-09,2.27862460233666e-10,12.0456709224238
"BMP5",-1.19344088453139,-2.24067057530141,-6.52119944820965,6.74360183792751e-10,1.76227430088095e-09,2.34964402073624e-10,11.9913564415622
"TPO",-1.01134697344896,-0.136563950774343,-6.52043875367269,6.77135055679898e-10,1.76877195375043e-09,2.35830735493226e-10,11.6837149797323
"AC007381.3",-1.10020819807483,-1.2988697521812,-6.5140048684116,7.01058300643571e-10,1.82892554756281e-09,2.43851026770038e-10,11.8290576780998
"TRBV19",1.27145024043391,-1.7243050510791,6.5138404250933,7.0168052378908e-10,1.83015949462979e-09,2.44015549191229e-10,11.9065749626797
"NALT1",-1.04323468339457,-2.25786483721374,-6.50555308642975,7.33751754093283e-10,1.91157334300585e-09,2.54870474667149e-10,11.9106577234216
"CHMP1B2P",-1.05584477944051,-1.56169151944993,-6.50403286235379,7.39789407232336e-10,1.92648418946754e-09,2.56858540952592e-10,11.8132108415823
"RP11-350O14.18",-1.46588090257172,-2.28111846503398,-6.49320266182269,7.8423903552235e-10,2.03726065063463e-09,2.71628389749086e-10,11.8503133465304
"C8orf22",-1.08465561086384,-1.64975058755608,-6.48952334755877,7.99929456379472e-10,2.0769206844581e-09,2.76916270375214e-10,11.7490472185404
"SCGB2A2",-1.61149425381098,6.00001113337474,-6.48698280251812,8.10943357566113e-10,2.1048485369716e-09,2.80639896807122e-10,10.8414091690189
"RP11-488P3.1",-1.11375191379311,-2.54111862251607,-6.45525853192636,9.61691865211243e-10,2.48481808384087e-09,3.31301316168282e-10,11.6802411176014
"MAPK8IP1P1",-1.25072991350439,-1.45670486072684,-6.44233201289166,1.03073295311625e-09,2.65732792453599e-09,3.54302089402325e-10,11.4756623811114
"SPP1",1.49812747900538,-0.455899103749083,6.43020816687941,1.09990362385028e-09,2.83059868700027e-09,3.7740431649541e-10,11.2905066225808
"MLXIPL",-1.02813440895491,0.769790516643062,-6.41781447666368,1.17532723669935e-09,3.01773541942443e-09,4.02355296270849e-10,10.9991372695393
"RP11-440I14.2",-1.13047934653519,-2.25112672742984,-6.40881871165181,1.23323388151289e-09,3.16145073638671e-09,4.21516889617573e-10,11.4041575111728
"OLAH",-2.31138751331555,-2.1007609820378,-6.40588792877679,1.25269838655921e-09,3.21000689777731e-09,4.27990892797684e-10,11.3803710517187
"TRAV12-3",1.17942852758295,-2.46103024319451,6.40118694150723,1.28455187164314e-09,3.2878522704438e-09,4.38370032658963e-10,11.4050308206147
"PTPN5",-1.15141042284089,-0.736326377347757,-6.40084315246073,1.28691234602906e-09,3.29353081019529e-09,4.39127153554781e-10,11.1510084215896
"ADGRD2",-1.25101691326722,-1.85618662616556,-6.39799154528928,1.30665667177975e-09,3.34233755818267e-09,4.45634567498389e-10,11.2983050386402
"PNMA5",1.36944355104254,-2.14708527715963,6.39366740059619,1.33716604568416e-09,3.4178833647917e-09,4.55707105735021e-10,11.3328479104203
"SYT6",-1.28460397976376,-2.21773909252356,-6.39077027730334,1.35799748415497e-09,3.46896087183432e-09,4.62517280459627e-10,11.3068031585069
"RP1-28O10.1",-1.29178198543315,-2.19243604268037,-6.37458570722498,1.48037308420471e-09,3.77331300107795e-09,5.03096613672292e-10,11.2196182884733
"SERPINA11",-1.16121766585379,-2.1686681024054,-6.3548231023179,1.644567110365e-09,4.18096414625132e-09,5.57448826339984e-10,11.1138429497884
"SLC13A2",-1.4536205133215,1.96252007788946,-6.34473857465549,1.73511890258103e-09,4.40250299394927e-09,5.86986647358769e-10,10.4509859499608
"RP11-508N22.12",-1.04139364779536,-1.86374054875455,-6.32319985807119,1.9452376418777e-09,4.92188868165631e-09,6.56236450012464e-10,10.9106877667385
"C6",-1.20607691638156,-1.19702458392643,-6.31838269462912,1.9955461358397e-09,5.04553712193344e-09,6.72722522482866e-10,10.7928490295445
"PLA2G2A",1.27418266040673,4.79038695261756,6.3182171361502,1.99729768741237e-09,5.04892483529327e-09,6.73174207015514e-10,10.0142377704888
"TRAV9-2",1.17631048353457,-2.21524641463458,6.30212814111211,2.17491681255283e-09,5.48323153235645e-09,7.31080410006165e-10,10.863945301958
"DRGX",-1.42557991120755,-2.50896245308127,-6.3017037696075,2.17980586736649e-09,5.49442794314719e-09,7.32573229804708e-10,10.8814285546576
"TOGARAM2",-1.00511756333607,-0.592640152792121,-6.28381203044793,2.39604938582911e-09,6.02154706307545e-09,8.02854132598106e-10,10.5198225888286
"KRT18P17",-1.06657123856346,-1.19739237866564,-6.27924480863708,2.45454251559549e-09,6.16412601848328e-09,8.21864214620488e-10,10.5902128275209
"RP11-1000B6.7",-1.11028981291346,-2.60258720015407,-6.22788284852076,3.21701770076917e-09,8.01167734434624e-09,1.06819862031699e-09,10.5127317700118
"TATDN2P3",-1.1990405976553,-2.58617408214881,-6.21417930256933,3.45700716018697e-09,8.58407285129236e-09,1.14451623328563e-09,10.4411906235906
"SLN",-1.24951825857729,-1.95901554900195,-6.20765058792422,3.57744089954895e-09,8.87144579760758e-09,1.18283172847803e-09,10.3304942335492
"AC004906.3",1.04476978142999,-1.93563154843619,6.19724615758184,3.77793001351831e-09,9.34971923837928e-09,1.24660002662687e-09,10.2892411335116
"LINC01152",-1.15747356254456,0.254764896538739,-6.19431388717605,3.83639832128897e-09,9.48867379495572e-09,1.26512686679305e-09,9.92537427302891
"RP11-568A7.1",1.63223543190093,-1.60263072542445,6.18607297381185,4.00551510721636e-09,9.8949818259445e-09,1.31930000176487e-09,10.2004080622401
"KCNK15-AS1",-1.00799268176337,-1.53062679509597,-6.1858198709493,4.01082333413848e-09,9.90609956094539e-09,1.32078233170385e-09,10.1596059949941
"HAND2",-1.06079627412586,1.10361603248589,-6.18323514460418,4.06542853086417e-09,1.00349029893364e-08,1.33795571982045e-09,9.73419713383929
"LCE3C",5.00753844716391,-1.54711516341733,6.17926904189321,4.15063828103301e-09,1.02380184792013e-08,1.3650371506761e-09,10.2360357897229
"LRRC26",-1.42047524249523,-1.03688714222796,-6.15810732856268,4.63577252943497e-09,1.13945514181763e-08,1.51923792994687e-09,9.94779810443664
"MYO18B",-1.11840547552049,-1.59123746145343,-6.15126202544777,4.80429758475934e-09,1.1794596252525e-08,1.57257599159732e-09,9.99269206111947
"FTLP14",1.054073086011,-1.32323110718693,6.14927663768723,4.8542905020977e-09,1.19137519947421e-08,1.58846305169329e-09,9.96102450986297
"C1QTNF4",-1.03429009557165,-0.961670667532401,-6.14874966943167,4.86764527127939e-09,1.1945332987888e-08,1.59267375213176e-09,9.88620036762227
"RP11-356C4.5",1.06759090252944,-2.33743651103355,6.12115629291065,5.6196427532759e-09,1.37275766808437e-08,1.83030067743815e-09,9.95373949855336
"USP17L3",1.26024038879579,-2.46982399965718,6.11564623536293,5.78291337067773e-09,1.41081459275893e-08,1.88104205490959e-09,9.94517526919038
"HAS1",-1.14606746742278,-0.679593112836779,-6.10996369496552,5.95616679044174e-09,1.45106137302299e-08,1.93470317143047e-09,9.6452709538077
"KRT40",-1.74128799678234,-1.37938298824896,-6.10322400480928,6.16825855422998e-09,1.49945535994205e-08,1.99922697566861e-09,9.72379046150582
"CCDC162P",-1.08394314659162,-1.52866177968046,-6.09668193017516,6.38120831445091e-09,1.54845941370055e-08,2.06456418330306e-09,9.7071104224065
"ACTN2",-1.16708757566714,-2.45988219268536,-6.09205982034057,6.53599108299153e-09,1.5839817140956e-08,2.11192614090767e-09,9.80731821886947
"FOXI3",-1.43080424562864,-2.14047074991844,-6.07071130788654,7.30000847096028e-09,1.76391102133498e-08,2.35182626354969e-09,9.66135474876669
"EYA4",-1.04422458507983,-1.93052163203209,-6.06520110958573,7.51101748234458e-09,1.81364674942851e-08,2.4181390141093e-09,9.60410966508314
"ZNF610",-1.01123036000253,-1.07469781552131,-6.0639516265895,7.55969090394618e-09,1.82521998712464e-08,2.43356963619785e-09,9.47426246270816
"KRT18P29",-1.16987061713682,-2.4512007149966,-6.06015392499676,7.70953588941844e-09,1.86030001274624e-08,2.48034190791961e-09,9.64586278219573
"NRK",-1.0847651234982,-1.85080224376272,-6.05121934346144,8.07364309807393e-09,1.9460526524131e-08,2.594676082205e-09,9.52317597512779
"RP11-486G15.2",-1.02928563189999,-2.42912003139244,-6.01127308589844,9.91860453075e-09,2.37720863719207e-08,3.16953726081613e-09,9.39813864107163
"PAEP",1.493537067064,-1.66771584766856,5.9992977220012,1.05481067049372e-08,2.52192183700848e-08,3.36248367358529e-09,9.26384600603052
"RP11-536C12.1",-1.1970616203061,-2.68011390596849,-5.9778195109182,1.17766558963581e-08,2.80471711647608e-08,3.73953521270227e-09,9.26208412546163
"MKRN3",-1.32207426367237,-2.69705517206776,-5.97495241689191,1.19509109555771e-08,2.84400838186081e-08,3.79192233923091e-09,9.25021020016784
"ELANE",-1.09541632808328,1.73094153998224,-5.9522240643478,1.34246246478454e-08,3.18297915285018e-08,4.24387277899013e-09,8.4760896179458
"LRRC37A11P",-1.16907629896149,-0.0020794168053897,-5.93256419693212,1.48418651384408e-08,3.50545275027131e-08,4.67382750263734e-09,8.64587411360767
"PKMP3",-1.05705415966858,-2.09056139341526,-5.92829854014567,1.51681857806239e-08,3.58080135541041e-08,4.77428995587031e-09,8.94236133942148
"KCNA1",-1.44566789017863,-0.409585134738613,-5.92179592828233,1.56791950947014e-08,3.69752232749577e-08,4.92991427270781e-09,8.66177653937672
"MTND5P1",-1.15906386031106,-2.57893941707378,-5.91441512205445,1.62796602621405e-08,3.83470188139616e-08,5.11281605957957e-09,8.93597669431811
"GSTT2B",-1.37179996040986,0.575214247275753,-5.90265947318226,1.72828318711285e-08,4.06319658904477e-08,5.41746853242563e-09,8.4061810337767
"RP3-335E1.1",1.060829264483,-1.6255463688189,5.8819507521491,1.91992360064237e-08,4.49693335337626e-08,5.99577066982586e-09,8.66602129852977
"EIF4A1P5",1.01340476052351,-2.02295750789001,5.87614549789429,1.97728011960097e-08,4.62685811615842e-08,6.16899962848688e-09,8.69119324539101
"CTA-280A3.2",-1.12606772061384,-1.76409683455295,-5.87321819089509,2.00683498705271e-08,4.69422549708457e-08,6.25882069874062e-09,8.62600495406838
"RP11-492D6.3",-1.29745654370817,-1.46908722657175,-5.83437585844644,2.44240702751089e-08,5.67842270813148e-08,7.57105290402537e-09,8.3932684251538
"KRT28",-1.98479545476183,0.85267338320816,-5.82720801856081,2.53233477677077e-08,5.88136610213365e-08,7.84163775680723e-09,8.00444606666202
"COL6A6",1.02834033158502,2.72212866195855,5.81111860897552,2.74615327470087e-08,6.36771105330525e-08,8.49008250003724e-09,7.66024666473579
"ATP1B1P1",1.02720258543198,-1.90782675976392,5.80048274229029,2.89709128658389e-08,6.70439240280495e-08,8.93898044932353e-09,8.30558164257688
"TRBV28",1.41004669214352,-2.35199524167092,5.79627662844063,2.95899551133184e-08,6.84442115257896e-08,9.12568107502817e-09,8.35000163556257
"ERN2",-1.05000182288396,-1.96447751843366,-5.79563942206362,2.96848587097147e-08,6.86443117216821e-08,9.15236047610619e-09,8.27337364818821
"ECEL1",1.10898518545152,-0.760248762845847,5.78633299567594,3.11053327388242e-08,7.18072095452122e-08,9.57407030615604e-09,8.06725254667273
"RP1-78B3.1",-1.00692135065143,-2.38740809581573,-5.76916805569757,3.39017275610172e-08,7.8020414113026e-08,1.04024781740502e-08,8.20064331732114
"MAP1LC3C",-1.24121390761224,-1.40916968726798,-5.7641249791813,3.4769041031738e-08,7.99264328422183e-08,1.06566080508928e-08,8.04102461072855
"AF064858.6",1.0285433494782,-2.28605360440364,5.74446427724195,3.83623156579476e-08,8.78900502949877e-08,1.1718398835788e-08,8.08334584231504
"GRB14",-1.08085635459827,-0.186370606378046,-5.70754417344164,4.61168763796228e-08,1.0495033808122e-07,1.39930505837549e-08,7.56965006178177
"EPHA7",-1.05482569772009,-0.603651170203872,-5.69623526802813,4.8784802785954e-08,1.10826492797433e-07,1.4776519524258e-08,7.5833355128684
"HS3ST4",-1.02677951891788,-0.541674345083552,-5.68672264726968,5.1145278129249e-08,1.16006230992622e-07,1.54671351039792e-08,7.52690503866424
"CYP4F8",-2.39668475020952,1.25056309843336,-5.68451023739742,5.17100643286413e-08,1.17189730929771e-07,1.56249313987713e-08,7.25690484364156
"TFP1",-1.20311091962447,-0.859022891044184,-5.66355459598174,5.73709634712013e-08,1.2962370965564e-07,1.72827563896138e-08,7.46831214385729
"C11orf87",1.12571902246124,-2.14214375548821,5.63423334593149,6.63192463047977e-08,1.49222867018079e-07,1.98959161505604e-08,7.53622263678569
"KRT8P36",-1.15703938480877,-2.03565936430777,-5.60111991635052,7.80681003717586e-08,1.74840610474662e-07,2.33115352574965e-08,7.34593815450469
"ZIC1",1.74848236683425,-0.537926981756266,5.59841943156567,7.91112697977553e-08,1.77079870925291e-07,2.36100963229369e-08,7.1421205238586
"RP11-845M18.6",-1.3172121747931,-2.08093220896816,-5.59820725089521,7.91938072723404e-08,1.77248444636916e-07,2.36325722912567e-08,7.33917979831556
"RP11-120K24.3",-1.08680150605392,-2.49709155134797,-5.59023940383778,8.23548706323009e-08,1.84172161457793e-07,2.45557129068414e-08,7.35557448809584
"KRT27",-1.85054684201326,3.34024748717396,-5.57129512984043,9.03733632681355e-08,2.01388012559356e-07,2.68511059442619e-08,6.41937951879066
"KRT71",-1.75640564124703,4.65521771970316,-5.56197667315397,9.45923310081298e-08,2.10464504260469e-07,2.80612764860511e-08,6.2504714747987
"KRT35",-2.01118912070941,1.08865660225717,-5.5406704084191,1.04974017271783e-07,2.32697939054884e-07,3.10256650093935e-08,6.58167301515728
"KCNA7",1.02985030616179,-2.45286731331376,5.50085555354798,1.2743546713334e-07,2.80486103539712e-07,3.73972710010149e-08,6.94308822418142
"BMS1P3",-1.02120801266577,-0.651849856400246,-5.49631728845724,1.30275710603739e-07,2.8642906325641e-07,3.81896470662412e-08,6.63663111004805
"RP11-32B5.7",-1.28323879529078,-2.02824583262698,-5.49590201823979,1.30538666946451e-07,2.86955764730467e-07,3.82598722842231e-08,6.84776657004949
"STAC2",-1.00220900946078,5.03186697581709,-5.48371412327675,1.38491031967645e-07,3.03919480370617e-07,4.05216480477023e-08,5.84211558851175
"NEFL",-1.10369729691821,-1.53632993236882,-5.43649482586774,1.74007363715095e-07,3.79652429923843e-07,5.06191380923284e-08,6.49720862736443
"RP11-469H8.6",-1.26289257683256,-1.14651971816891,-5.43207193509918,1.77756429331963e-07,3.87418668798151e-07,5.16546123499683e-08,6.41693457735706
"PLIN1",-1.66319210877268,3.23639442701014,-5.42079729455914,1.87673111888493e-07,4.08233956048329e-07,5.44299189638614e-08,5.71618641699801
"RGS7",-1.0243560911462,-2.34262072737657,-5.40779384721865,1.99780749667725e-07,4.33571246491767e-07,5.78081452117458e-08,6.47854049350043
"OPN4",-1.13016036147387,-1.27533244160908,-5.37349099152119,2.35489267828873e-07,5.08144696164916e-07,6.77510388942217e-08,6.16409498766522
"DCX",-1.075904526163,-1.35496860741021,-5.3670826008338,2.42817322298214e-07,5.23358812067715e-07,6.97795401578406e-08,6.14679166123245
"OGDHL",1.21283191255591,-1.92258094053928,5.34303561250784,2.72348198190096e-07,5.85311189451212e-07,7.80396636253825e-08,6.14125614139764
"RP11-351I21.6",-1.81599717567927,-1.81639848715931,-5.33657138764658,2.80865328178898e-07,6.02981599087265e-07,8.03956630475245e-08,6.08087615240539
"DLX2",1.13094029181026,-2.19864002402275,5.31451692775266,3.11920825687154e-07,6.67201012684617e-07,8.89580509288422e-08,6.0468665846001
"TIMD4",1.12376190487783,-1.63245059673208,5.30081114861003,3.32878304577023e-07,7.10171266823104e-07,9.46872839237023e-08,5.90321406156912
"LINC01139",1.08441383720211,-0.913681801188645,5.28918936996632,3.517176297458e-07,7.49125566377648e-07,9.98810688517664e-08,5.73783691645944
"KRT25",-2.15147825908788,4.07693159851989,-5.26288860892649,3.98263529382066e-07,8.441589914175e-07,1.12551895340205e-07,4.90702442196566
"FOXL2",-1.0860817766003,-2.69012378695035,-5.25892741056384,4.05774093723962e-07,8.5963266288317e-07,1.14615003201449e-07,5.8408063319843
"FOSB",1.07662525327312,2.90972769119317,5.25106910157567,4.21083688479549e-07,8.89990582595983e-07,1.18662631002611e-07,4.97828536739354
"RP11-643A5.3",-1.13620551007615,-1.94931797858669,-5.24345996572166,4.36442533771896e-07,9.21182554716209e-07,1.2282146318615e-07,5.66930794947556
"MYL4",-1.13562450666339,-2.6110783065761,-5.23952701219013,4.44593328010676e-07,9.37659944062412e-07,1.25018396962878e-07,5.74260674169556
"KRTAP5-7",-1.93828710582561,-0.894310692414723,-5.233531357997,4.57304551818218e-07,9.63556914955523e-07,1.28471245522478e-07,5.47099350968723
"XXbac-BPG32J3.19",-1.08694864069631,-0.275267831534609,-5.23177252771086,4.61099977405466e-07,9.71220287316555e-07,1.29493004566332e-07,5.34868527509855
"TUSC8",-1.2219751473408,-2.43773223315403,-5.21038092689602,5.09785735747286e-07,1.07027514563121e-06,1.42700009596569e-07,5.58806975563238
"TMEM213",-1.18185220051075,2.22220944380114,-5.19951759747023,5.36388033635645e-07,1.12420111843246e-06,1.49889970858076e-07,4.81735900597116
"GSTT2",-1.1846221926193,1.58360817215899,-5.19034162186021,5.59905556308545e-07,1.1708895460087e-06,1.56114948697067e-07,4.86409279191071
"RP11-307C19.2",-1.07049208979126,-2.02882957335086,-5.18570708348978,5.72161566492634e-07,1.19550037506869e-06,1.59396315696363e-07,5.41927134694318
"PGA3",-1.07955524159778,-0.513405721968514,-5.18270500288733,5.80239296208079e-07,1.21217183011598e-06,1.61619124293712e-07,5.16590078489185
"KRT74",-1.35324889992315,3.25287059212247,-5.17187842692411,6.10301451458181e-07,1.2715088763583e-06,1.69530545111783e-07,4.56488037528983
"TUSC5",-1.5322801564024,0.683254764160537,-5.16357061665847,6.34390838000978e-07,1.31900809311588e-06,1.75863625642339e-07,4.886902827975
"NOP56P3",1.42582120024219,-3.03711313821878,5.14448533066959,6.93282286320839e-07,1.43791881607285e-06,1.91718017268978e-07,5.38724753629673
"PRSS21",1.12311657203187,-0.600516565231681,5.13014820345174,7.40982263284833e-07,1.53322194650332e-06,2.04424803633704e-07,4.96621984661221
"SNORA73B",1.41841157629351,-0.97063634320324,5.10988004393994,8.13890742141959e-07,1.67827760599058e-06,2.23765105130344e-07,4.94385104034945
"KRT32",-1.25848549715227,1.25461502200095,-5.07940166036027,9.36804284721601e-07,1.92445020901603e-06,2.5658734991248e-07,4.41482446561299
"FOXL2NB",-1.15937443861032,-2.50990895898935,-5.07880792713634,9.39369172973319e-07,1.92939600357474e-06,2.57246773738093e-07,5.00923808099215
"LY6G6D",-1.18512407907037,-0.378138989653685,-5.0713445423661,9.72197651575795e-07,1.99431830708799e-06,2.65902878079289e-07,4.64532889262096
"GRIA2",-1.29600839206193,-1.16637845965544,-5.06485621366763,1.00163986716136e-06,2.05196881831904e-06,2.73589432830652e-07,4.74818997498574
"KRT39",-1.54387726796767,-1.5623052466246,-5.05113134010606,1.06679828801983e-06,2.18162651396951e-06,2.90876720580084e-07,4.75222547533969
"KRT7-AS",-1.05789419503785,2.38582507355838,-5.01954792954511,1.23274470928449e-06,2.50719421470397e-06,3.34284730388384e-07,3.98825229038079
"KRT85",-1.86420622369529,3.04362523925285,-5.00261421046791,1.3317637929426e-06,2.70275544541587e-06,3.60358950287088e-07,3.83972450671884
"ZNF208",-1.0042773485772,-1.94415637549983,-4.97982951577003,1.47724095412306e-06,2.98761264204571e-06,3.98339020046398e-07,4.49297993601616
"KRTAP17-1",-2.05148454497834,-0.436711111542528,-4.91212504532016,2.0063136036246e-06,4.01754102944765e-06,5.35659587907812e-07,3.97266357027983
"KRTAP5-8",-1.68412954427331,-0.646435679945871,-4.8873916518543,2.24207761735466e-06,4.47212163930024e-06,5.9626891594198e-07,3.89129580010656
"LINC01260",-1.06678226801489,-1.42573647555726,-4.87333676973522,2.38777999088943e-06,4.75076797668202e-06,6.3342089053537e-07,3.95153534753208
"GPRC5D",-1.23678369316632,0.243255254573867,-4.82336340452822,2.98380829423779e-06,5.8846064035591e-06,7.84595805749247e-07,3.45904862780311
"CIDEC",-1.60183924957049,1.55019442242303,-4.76912246490613,3.79331705101302e-06,7.42083909931786e-06,9.89422033212513e-07,3.02384061668286
"CCNA1",1.01974664241248,-1.65865170869952,4.76031681768247,3.94334561137952e-06,7.70143969710303e-06,1.02683456975528e-06,3.52420071708889
"TCHH",-1.48602689061275,5.90495942994116,-4.7487457741567,4.1492302034601e-06,8.0867952666245e-06,1.07821410864607e-06,2.51260106837542
"NLRP2",1.31082814065124,2.9096724713219,4.70022726661712,5.1313575131332e-06,9.92680314552656e-06,1.32354274497746e-06,2.56329353638558
"KRTAP16-1",-2.20785438377848,0.401849859056566,-4.66325881058757,6.02673604623048e-06,1.15958410528664e-05,1.54607591914921e-06,2.78100596260701
"KRTAP4-9",-2.23054170019195,0.156521261534085,-4.65359400292989,6.28461567537572e-06,1.20797001242548e-05,1.61058895059944e-06,2.78224518306628
"LINC02158",-1.23583386773654,-2.09836473599128,-4.64287721985829,6.58301006334679e-06,1.26334458050051e-05,1.68441997833065e-06,3.08245275096586
"KRTAP10-2",-1.9047198806737,-1.20154500452949,-4.64084258833376,6.64118474104804e-06,1.27420978823863e-05,1.6989065825915e-06,2.9414939968482
"KRTAP5-10",-1.50353124388256,-0.718400025091892,-4.61644024160354,7.37870730135676e-06,1.41041873977306e-05,1.88051426329344e-06,2.75444215483241
"LINC02095",-1.13338849349222,-1.35500561176777,-4.61390856822947,7.45959574600766e-06,1.42543599608972e-05,1.90053680263063e-06,2.84645157935503
"C14orf180",-1.40460593936901,-2.59274543961503,-4.60135382480725,7.87352408070014e-06,1.50149120394506e-05,2.00194137074685e-06,2.98331657458802
"KRTAP11-1",-2.06172588659373,0.246792641845566,-4.5828338164576,8.52478839671085e-06,1.62115064191754e-05,2.16148355031342e-06,2.46826171548279
"KRTAP26-1",-2.07812558763454,-0.963966952757201,-4.57565738251138,8.7908544426541e-06,1.66980622449794e-05,2.22635614059539e-06,2.63735535798887
"KRTAP4-12",-2.0964754968814,-0.0189550379940651,-4.56890097523137,9.04864795537947e-06,1.71704500270422e-05,2.28933970263438e-06,2.45681089435964
"KRT81",-1.6946453697237,1.9569220542133,-4.54762828870822,9.90875523121864e-06,1.87402227088697e-05,2.4986378234733e-06,2.04312595866992
"FABP9",-1.99632732196205,0.91938378330676,-4.54420401371871,1.00543667036089e-05,1.9002427685785e-05,2.53359766802806e-06,2.19537885126788
"BEX1",-1.00946569089953,-1.46981339204797,-4.54163632217593,1.01649030345299e-05,1.91995026667911e-05,2.55987371657091e-06,2.56827702781246
"KRTAP10-3",-2.02467693213443,-0.796228247066092,-4.51545631221152,1.13608000158456e-05,2.1389138992068e-05,2.85181838697221e-06,2.36352256993967
"FRG2DP",-1.50012282750836,-2.57848743367089,-4.50793757838712,1.17285666156148e-05,2.20679872620282e-05,2.94232936915596e-06,2.60157953790989
"KRTAP12-2",-1.95900916682236,-1.37142926279311,-4.50692457580569,1.1778983320593e-05,2.21577500488922e-05,2.95429746035119e-06,2.42071146838453
"KRTAP1-3",-2.13161598758436,0.41667692145353,-4.50300741971127,1.19759081525869e-05,2.25178286827636e-05,3.00230682011135e-06,2.11646890780897
"FAM25E",1.27909919440044,-1.59192075350444,4.49007583636487,1.26487547224287e-05,2.37265720275109e-05,3.16346882373192e-06,2.40332770411237
"KRTAP5-11",-1.76295869879242,-1.39231554414928,-4.48691135485046,1.28188636599775e-05,2.4034634448244e-05,3.20454285088691e-06,2.34038087670778
"KRTAP9-8",-2.06939213369828,-0.657475549825665,-4.48606441667145,1.2864763445058e-05,2.41151637585313e-05,3.21527984071398e-06,2.22305842134588
"KRTAP9-3",-2.14259700577852,0.162970826222802,-4.45197372655321,1.48493773698523e-05,2.76956526597018e-05,3.69266717671167e-06,1.95304447566266
"KRTAP3-3",-2.01617190014247,0.117435232369293,-4.45135020450973,1.48882839880608e-05,2.77639952603327e-05,3.70177930998479e-06,1.954224597933
"KRT33B",-1.61648124014878,0.920213438850898,-4.44994898721692,1.4976075252255e-05,2.79192197147763e-05,3.72247541904527e-06,1.802411302091
"LHFPL3-AS1",1.15979005213872,-2.45768961617364,4.39669616604854,1.8707133372605e-05,3.45492483520258e-05,4.60645852752254e-06,2.15703204325387
"KRTAP2-4",-1.99649634194052,-0.4728744543501,-4.39601682083911,1.8760061112903e-05,3.46391733647459e-05,4.61844824832518e-06,1.83025663218792
"KRTAP4-1",-1.93865196713801,-0.510583975408192,-4.38783196946931,1.94091541020298e-05,3.57730486785834e-05,4.76962808168523e-06,1.8024094500843
"DSG4",-1.13772074306666,-0.178719451046719,-4.37176138820555,2.07469094104644e-05,3.81383642374181e-05,5.08499610113556e-06,1.667181864729
"ZIC4",1.20180935104265,-1.68418200481356,4.36327348313424,2.14887418167994e-05,3.94163819385623e-05,5.2553944692209e-06,1.91016655649437
"KRTAP12-1",-1.90742550536144,-0.993069903069883,-4.35725569989913,2.20300417908689e-05,4.03700310083251e-05,5.38254469966623e-06,1.7600240447481
"KRTAP4-5",-1.80381933578693,-1.45049335359015,-4.32736532306331,2.49183885204461e-05,4.54760590498141e-05,6.06333248913797e-06,1.71585995067687
"KRTAP3-1",-2.12645846491055,0.93172363929499,-4.3167848813724,2.6025258907749e-05,4.7411434231229e-05,6.3213764679113e-06,1.2865510038156
"ADIPOQ-AS1",-1.54130600483314,2.05244955307574,-4.2987131175628,2.80257076553102e-05,5.08517944495819e-05,6.78008041724487e-06,1.02931200281741
"KRT86",-1.5165068613166,2.13175960068518,-4.28339072302072,2.98365188154266e-05,5.39697738572849e-05,7.1958012654934e-06,0.958653920780448
"KRTAP9-2",-2.07405775815061,0.558397027328728,-4.28061917324059,3.0175818658493e-05,5.45553534352116e-05,7.27387671341049e-06,1.20648694876439
"KRTAP10-1",-1.81945948145371,-1.29707221164416,-4.28028693006127,3.02167399838357e-05,5.46253094283257e-05,7.2832039606417e-06,1.50727150033337
"KRTAP1-1",-2.01186963201655,0.178238684950171,-4.2410636552857,3.54400610652665e-05,6.36877293434578e-05,8.49149830825528e-06,1.11479013469321
"KRTAP2-1",-1.8466199500241,-0.956977193226817,-4.21793884757949,3.89136280826891e-05,6.96645113212319e-05,9.28838390264322e-06,1.21042714537243
"KRTAP4-3",-1.90357408887589,-0.753383976569621,-4.21070356219857,4.00657734674821e-05,7.161213230419e-05,9.54806061670415e-06,1.15012295865502
"ERAP2",1.11066849679875,4.45186697447395,4.20546691092544,4.09199420484076e-05,7.3058985191683e-05,9.740969815589e-06,0.395614479354196
"KRTAP4-7",-2.02380496200708,0.377297419996337,-4.20142718117775,4.15907523773711e-05,7.42080435231075e-05,9.89417400386769e-06,0.929001536574781
"KRTAP4-6",-2.00219844296014,0.209610342253943,-4.19054716421757,4.34501382773984e-05,7.73905302206105e-05,1.0318495622592e-05,0.914857691371777
"ADIPOQ",-1.49174770021858,3.17026217344762,-4.18455772767567,4.45073908919485e-05,7.92046204598209e-05,1.05603686545885e-05,0.442158318682271
"KRTAP10-5",-1.93749191630327,-1.02455738032531,-4.18372319167898,4.46566412708389e-05,7.94644585817713e-05,1.05950129258745e-05,1.09252360930802
"KRTAP2-2",-1.96210752867562,-0.0832897433823924,-4.14830763290846,5.14505876225028e-05,9.09404059382251e-05,1.21251033933401e-05,0.801892091361294
"KRTAP19-1",-1.64944871833599,-1.47605799886198,-4.14784597951794,5.15453545329203e-05,9.10947803143936e-05,1.21456861612859e-05,1.02630190640567
"FOXI1",-1.02844918388323,0.891146881731155,-4.14434663236572,5.22691339175604e-05,9.2314034902788e-05,1.23082496312261e-05,0.600638392362475
"LYG2",-1.25315611513602,-1.18510817262402,-4.14417755259471,5.23043499315541e-05,9.23695798920843e-05,1.23156554562964e-05,0.960100879015759
"CGA",-1.31099500553356,-2.78933570855127,-4.13509840314442,5.42290098751725e-05,9.56239506986507e-05,1.27495613983558e-05,1.17573891934737
"KRTAP10-4",-1.92176874342138,-0.715050081751109,-4.13467753976935,5.43198484066799e-05,9.57634760094189e-05,1.2768164337298e-05,0.854549353795761
"LEP",-1.61812833448087,0.309652222769388,-4.11452550184282,5.88436290529216e-05,0.000103389436490692,1.37849352473792e-05,0.596564903212184
"KRTAP10-12",-1.73439059714226,-1.73198906365074,-4.11307075240477,5.91837545765957e-05,0.000103934927490137,1.3857665676721e-05,0.937593015024051
"KRTAP1-5",-1.75173693330599,1.12954717241633,-4.09164688193161,6.441532534048e-05,0.00011271877719564,1.50288181998705e-05,0.37764785099214
"TPSD1",-1.22348295540816,2.24190988851147,-4.07051949747589,7.00048298398733e-05,0.0001222380911449,1.62980303248619e-05,0.125849745920578
"RP11-690G19.4",-1.00718835814976,-0.674186036427577,-4.05907820610089,7.32218845478249e-05,0.000127628367267556,1.70167169706006e-05,0.55017437201753
"MMP3",1.16292173552292,-0.504915351633298,4.02554074840985,8.34842201822554e-05,0.000144713848242428,1.92947277316917e-05,0.419837995120074
"KRT26",-1.40516460415086,-0.523292021029904,-4.01056224528409,8.84977964021099e-05,0.000153112361582207,2.04145032763967e-05,0.348623849919007
"KRTAP3-2",-1.74544839876612,0.10346974315319,-3.96921632828558,0.000103868411521103,0.000178621916692815,2.38156976084775e-05,0.0970352619487658
"KRTAP9-4",-1.90801662103638,0.150547034696875,-3.94611898126044,0.000113528357185146,0.000194484114054845,2.5930607708954e-05,0.00937091390277001
"KRT87P",-1.17292017838682,-1.210022331992,-3.94130106662666,0.000115648298202014,0.000197949857522609,2.63926960122543e-05,0.211533264719415
"KRTAP4-2",-1.68364507734248,-1.01898540897093,-3.9383296541546,0.000116974465913063,0.000200177890177605,2.66897600733485e-05,0.173867962536911
"KRT83",-1.61271738214179,0.598277231640495,-3.91887962555452,0.000126018922079955,0.000215115326103218,2.86813715375911e-05,-0.174781868511411
"KRTAP10-6",-1.40370914043102,-3.0343079930117,-3.89802385136878,0.000136453849667531,0.000232281214841085,3.09701030825833e-05,0.335153717851301
"PGA4",-1.0235230955839,-2.33125391597219,-3.89458775532161,0.000138249931277583,0.000235159106406141,3.13538129684269e-05,0.223564541482403
"KRT38",-1.09391073718942,-0.879943185635311,-3.89154440491573,0.000139859450655254,0.000237830879483643,3.17100410331033e-05,-0.0258617419171676
"TCHHL1",-1.59046335770975,-0.974285299647299,-3.87336949500377,0.000149848199766743,0.000254199920041405,3.38925286431483e-05,-0.0693243192833197
"KRTAP10-11",-1.70538092405329,-1.73471623140751,-3.85862979857323,0.000158442556946323,0.00026790838527364,3.57202811871358e-05,0.00653254174580908
"KRTAP10-10",-1.74271875285451,-1.00365305513266,-3.85685658699179,0.000159507442063165,0.000269578897466087,3.59430109280501e-05,-0.121122025655914
"KRTAP5-3",-1.55717913025822,-1.01855282332672,-3.84430522558898,0.000167241495298547,0.000282008758193508,3.7600286865296e-05,-0.165867119845617
"LGALS12",-1.12592033888261,-1.1169479834926,-3.802945071988,0.000195321809452033,0.000327490145754287,4.36643298059183e-05,-0.299843901229436
"KRTAP24-1",-1.64731046857383,-1.39735694208255,-3.79963326239043,0.000197753694200872,0.00033145432631946,4.41928748319351e-05,-0.258699099999687
"HORMAD1",2.14084396584257,-1.91739023816169,3.76532585278788,0.000224691708183636,0.000374710240571677,4.99601949496599e-05,-0.249017625056544
"KRTAP10-7",-1.81400866710081,-0.732687920193724,-3.73477857889579,0.000251567015952324,0.00041745726048837,5.56596640789175e-05,-0.595110633039814
"KRTAP4-8",-1.68882256276948,-0.269792728608526,-3.72154510060893,0.000264129585625073,0.000437327560160105,5.83089753008192e-05,-0.722528689814596
"KRTAP10-9",-1.69749794851657,-2.02702381071825,-3.71077468611744,0.00027478931470068,0.000454180074863766,6.05559246201182e-05,-0.464519625480531
"KRTAP4-11",-1.591255920663,-1.16639553573258,-3.68243680147844,0.000304811094687647,0.000501435716331228,6.68565292061678e-05,-0.705119538332386
"KRTAP12-3",-1.31944525394455,-2.95509682729133,-3.56489474154114,0.000465626734821497,0.000753158305968193,0.000100418754867012,-0.821618585273749
"KRTAP4-4",-1.69518351540859,-0.44541432002219,-3.55523937483398,0.000481895834907894,0.000778447117928137,0.000103790517468527,-1.25690894391841
"MZB1",1.06596977096203,-1.20186774663711,3.54771324197207,0.00049494637222832,0.000798615925186779,0.000106479628769586,-1.13780753956447
"KRTAP9-9",-1.71144920280084,-0.909258441120278,-3.53782567794992,0.000512597150537124,0.00082597443886313,0.000110127345134952,-1.23480647858199
"KRTAP19-5",-1.34032312406735,-2.19424989694881,-3.47140369119809,0.000647404763243225,0.00103254724187722,0.00013766974027776,-1.24224704037277
"MIR2117HG",1.4208998610969,-2.71077548558128,3.39400089634224,0.000846262715589605,0.00133366306142263,0.000177817575639728,-1.38574401056492
"KRTAP10-8",-1.39026548136471,-2.36038349849015,-3.29145029962035,0.00119830583631316,0.00185755201624782,0.00024766779984259,-1.78656984204297
"KRTAP2-3",-1.16726361352428,-2.32238675345195,-3.27957919915703,0.00124688918526814,0.00192802452609552,0.000257063914358199,-1.83070893306173
"IGLV3-10",-1.3931590301886,-2.8426884665178,-3.22788128465476,0.00148062205977239,0.00227220783845944,0.000302953947568625,-1.90830328303104
"KRT33A",-1.0787528598633,0.33332642966457,-3.21696588347173,0.00153491321421371,0.00235214124038313,0.000313611484808612,-2.4844802285169
"KRT82",-1.02022261138264,0.767801417820714,-3.13299716522728,0.00201860619138855,0.00305631930014681,0.000407499693178345,-2.8140872084781
"IGHG2",1.1969798964308,3.01385053048886,2.95732764858518,0.00351725397747784,0.00518519086185698,0.00069134258491133,-3.62949842389728
"IGHD",-1.10538997332932,-1.82510212574186,-2.85208334077057,0.00484864969186766,0.00703547560589979,0.000938041437826927,-3.15608959502839
"IGLV3-19",-1.07012322396422,-1.61574401761139,-2.57505965139096,0.0108211196720714,0.0150995803456916,0.00201323021377235,-3.91370562154321
