pathway,collection,gsea_nes,gsea_padj,gsea_size,ora_padj,ora_fold,ora_k,ora_setsize,gsea_sig,ora_sig
GOBP_2FE_2S_CLUSTER_ASSEMBLY,GO:BP,1.44841349899208,0.142791508664354,11,1,0.570518653321201,1,11,FALSE,FALSE
GOBP_2_OXOGLUTARATE_METABOLIC_PROCESS,GO:BP,0.940389326202154,0.650267967569053,16,1,0.784463148316652,2,16,FALSE,FALSE
GOBP_3_UTR_MEDIATED_MRNA_DESTABILIZATION,GO:BP,1.11981035824561,0.423410058428948,22,1,0.570518653321201,2,22,FALSE,FALSE
GOBP_3_UTR_MEDIATED_MRNA_STABILIZATION,GO:BP,1.80059018984915,0.0285525985603245,23,1,0.272856747240574,1,23,TRUE,FALSE
GOBP_7_METHYLGUANOSINE_CAP_HYPERMETHYLATION,GO:BP,1.7636761984966,0.0335130444872328,10,,,,,TRUE,FALSE
GOBP_ACETYL_COA_BIOSYNTHETIC_PROCESS,GO:BP,-1.058548131507,0.505860800485261,23,1,0.272856747240574,1,23,FALSE,FALSE
GOBP_ACETYL_COA_METABOLIC_PROCESS,GO:BP,-0.918855845607832,0.687098398159615,41,1,0.91839588095608,6,41,FALSE,FALSE
GOBP_ACIDIC_AMINO_ACID_TRANSPORT,GO:BP,-1.22724046503022,0.221125160216274,66,0.788586078744843,1.1410373066424,12,66,FALSE,FALSE
GOBP_ACID_SECRETION,GO:BP,1.00956960167266,0.55342605156038,30,0.129469489029263,2.0919017288444,10,30,FALSE,FALSE
GOBP_ACROSOME_ASSEMBLY,GO:BP,0.892743901037411,0.708843403605397,23,0.719442465053918,1.36428373620287,5,23,FALSE,FALSE
GOBP_ACROSOME_REACTION,GO:BP,-1.63186651547239,0.0407873535976718,29,0.553228151642349,1.51482538985284,7,29,FALSE,FALSE
GOBP_ACTIN_CROSSLINK_FORMATION,GO:BP,0.70944952938919,0.895733293317327,14,1,0.896529312361887,2,14,FALSE,FALSE
GOBP_ACTIN_FILAMENT_BASED_MOVEMENT,GO:BP,-1.87498355154631,0.000146392749799891,124,0.0762698032840671,1.5689262966333,31,124,FALSE,FALSE
GOBP_ACTIN_FILAMENT_BUNDLE_ORGANIZATION,GO:BP,-1.61589153496925,0.00549625780269678,169,1,0.854090054971976,23,169,FALSE,FALSE
GOBP_ACTIN_FILAMENT_DEPOLYMERIZATION,GO:BP,-1.55518608281821,0.035769661572717,55,1,0.798726114649682,7,55,FALSE,FALSE
GOBP_ACTIN_FILAMENT_NETWORK_FORMATION,GO:BP,-1.51350300804454,0.1434433193361,14,1,0.896529312361887,2,14,FALSE,FALSE
GOBP_ACTIN_FILAMENT_ORGANIZATION,GO:BP,-1.33195342303804,0.00763939005171324,434,1,0.809768411165576,56,434,FALSE,FALSE
GOBP_ACTIN_FILAMENT_POLYMERIZATION,GO:BP,-1.16177391405873,0.25838610673512,143,1,0.702176804087632,16,143,FALSE,FALSE
GOBP_ACTIN_FILAMENT_SEVERING,GO:BP,-1.82234940672179,0.0226377241689223,16,1,0.784463148316652,2,16,FALSE,FALSE
GOBP_ACTIN_MEDIATED_CELL_CONTRACTION,GO:BP,-2.04711637077207,2.15505977291413e-05,101,0.0869825200077341,1.61552806782043,26,101,FALSE,FALSE
GOBP_ACTIN_MYOSIN_FILAMENT_SLIDING,GO:BP,-1.98104233220903,0.00293062747535009,10,0.117262721583506,3.13785259326661,5,10,FALSE,FALSE
GOBP_ACTIN_NUCLEATION,GO:BP,1.2867619381868,0.197758825862753,55,1,0.684622383985441,6,55,FALSE,FALSE
GOBP_ACTIN_POLYMERIZATION_OR_DEPOLYMERIZATION,GO:BP,-1.04180792152236,0.458106663539601,171,1,0.660600545950864,18,171,FALSE,FALSE
GOBP_ACTION_POTENTIAL,GO:BP,-1.81503471661954,0.000264812523002985,145,0.00499063310290834,1.77450974239905,41,145,FALSE,TRUE
GOBP_ACTION_POTENTIAL_PROPAGATION,GO:BP,-0.892231676712193,0.683381038883574,11,0.157795262997224,2.85259326660601,5,11,FALSE,FALSE
GOBP_ACTIVATED_T_CELL_PROLIFERATION,GO:BP,1.96236566680034,0.00150264481797075,41,0.0964724554308064,1.98985774207151,13,41,TRUE,FALSE
GOBP_ACTIVATION_INDUCED_CELL_DEATH_OF_T_CELLS,GO:BP,0.851277513756381,0.732877645643095,10,0.906741278758732,1.25514103730664,2,10,FALSE,FALSE
GOBP_ACTIVATION_OF_ADENYLATE_CYCLASE_ACTIVITY,GO:BP,-0.929311141057927,0.628101738286794,14,1,0.896529312361887,2,14,FALSE,FALSE
GOBP_ACTIVATION_OF_GTPASE_ACTIVITY,GO:BP,1.30392961152675,0.229795157870999,21,1,0.896529312361887,3,21,FALSE,FALSE
GOBP_ACTIVATION_OF_INNATE_IMMUNE_RESPONSE,GO:BP,2.34864571284406,3.0270809882759e-15,299,0.430749153033336,1.17538291119017,56,299,TRUE,FALSE
GOBP_ACTIVATION_OF_NF_KAPPAB_INDUCING_KINASE_ACTIVITY,GO:BP,1.97513053033342,0.00730637545367632,15,0.355067484635544,2.0919017288444,5,15,TRUE,FALSE
GOBP_ACTIVATION_OF_PROTEIN_KINASE_ACTIVITY,GO:BP,1.69228244322069,0.0267895335652143,46,0.288988277211897,1.63714048344345,12,46,TRUE,FALSE
GOBP_ACTIVIN_RECEPTOR_SIGNALING_PATHWAY,GO:BP,-1.78272881333658,0.0159922907368115,41,1,0.765329900796733,5,41,FALSE,FALSE
GOBP_ACTOMYOSIN_CONTRACTILE_RING_ORGANIZATION,GO:BP,1.84311206436906,0.0179123695653359,10,0.594213709778933,1.88271155595996,3,10,TRUE,FALSE
GOBP_ACTOMYOSIN_STRUCTURE_ORGANIZATION,GO:BP,-2.04024720525202,3.70700830353634e-07,192,0.464951366060086,1.20938068698817,37,192,FALSE,FALSE
GOBP_ACUTE_INFLAMMATORY_RESPONSE,GO:BP,1.86414415709228,0.00127595351230808,93,4.4546638410143e-05,2.36182453256626,35,93,TRUE,TRUE
GOBP_ACUTE_INFLAMMATORY_RESPONSE_TO_ANTIGENIC_STIMULUS,GO:BP,1.12699355375163,0.42461786001609,28,0.0439514499216131,2.46545560899519,11,28,FALSE,TRUE
GOBP_ACUTE_PHASE_RESPONSE,GO:BP,2.12635136720989,0.000256409018982105,34,0.0297636355943426,2.3995343360274,13,34,TRUE,TRUE
GOBP_ACYLGLYCEROL_HOMEOSTASIS,GO:BP,-1.52614960625984,0.115072778034658,30,0.398324147552931,1.67352138307552,8,30,FALSE,FALSE
GOBP_ACYL_COA_BIOSYNTHETIC_PROCESS,GO:BP,-1.10576372544706,0.388074411520914,54,1,0.697300576281468,6,54,FALSE,FALSE
GOBP_ACYL_COA_METABOLIC_PROCESS,GO:BP,-1.24904427692801,0.180838698965002,98,0.99198586966751,0.960567120387737,15,98,FALSE,FALSE
GOBP_ADAPTIVE_IMMUNE_RESPONSE_BASED_ON_SOMATIC_RECOMBINATION_OF_IMMUNE_RECEPTORS_BUILT_FROM_IMMUNOGLOBULIN_SUPERFAMILY_DOMAINS,GO:BP,2.33483313639645,7.75829336538396e-17,352,0.00972554530165731,1.44412534121929,81,352,TRUE,TRUE
GOBP_ADAPTIVE_THERMOGENESIS,GO:BP,-1.15086277190784,0.254584177445328,156,0.210341350684685,1.36778189962903,34,156,FALSE,FALSE
GOBP_ADENYLATE_CYCLASE_ACTIVATING_ADRENERGIC_RECEPTOR_SIGNALING_PATHWAY,GO:BP,-2.14994639449476,0.000997908250112966,17,0.24615437055853,2.2149547717176,6,17,FALSE,FALSE
GOBP_ADENYLATE_CYCLASE_ACTIVATING_G_PROTEIN_COUPLED_RECEPTOR_SIGNALING_PATHWAY,GO:BP,-1.68553149641301,0.00273241128395571,141,0.00290082121530356,1.82485044431108,41,141,FALSE,TRUE
GOBP_ADENYLATE_CYCLASE_INHIBITING_G_PROTEIN_COUPLED_RECEPTOR_SIGNALING_PATHWAY,GO:BP,-1.46307211983178,0.0635303361001177,72,0.0869825200077341,1.74325144070367,20,72,FALSE,FALSE
GOBP_ADENYLATE_CYCLASE_MODULATING_G_PROTEIN_COUPLED_RECEPTOR_SIGNALING_PATHWAY,GO:BP,-1.61506510874066,0.00103503757030225,209,0.000410677194615365,1.77161055505005,59,209,FALSE,TRUE
GOBP_ADHERENS_JUNCTION_ASSEMBLY,GO:BP,-0.841656542611963,0.742216488868275,15,1,0.418380345768881,1,15,FALSE,FALSE
GOBP_ADHERENS_JUNCTION_ORGANIZATION,GO:BP,-1.18980307838897,0.263928053891043,54,0.644324793180605,1.27838438984936,11,54,FALSE,FALSE
GOBP_ADHESION_OF_SYMBIONT_TO_HOST,GO:BP,-0.803477802596557,0.788330338511477,14,0.55559567973604,1.79305862472377,4,14,FALSE,FALSE
GOBP_ADHESION_OF_SYMBIONT_TO_HOST_CELL,GO:BP,-0.980981649889281,0.579270783383949,10,0.594213709778933,1.88271155595996,3,10,FALSE,FALSE
GOBP_ADIPOSE_TISSUE_DEVELOPMENT,GO:BP,-0.890791950777332,0.770787744320469,72,0.546065307701476,1.30743858052775,15,72,FALSE,FALSE
GOBP_ADP_TRANSPORT,GO:BP,1.03871340031148,0.544988880047336,10,,,,,FALSE,FALSE
GOBP_ADRENAL_GLAND_DEVELOPMENT,GO:BP,-1.69415177693828,0.0372231480461139,20,1,0.313785259326661,1,20,FALSE,FALSE
GOBP_ADRENERGIC_RECEPTOR_SIGNALING_PATHWAY,GO:BP,-1.92429056119991,0.00511617196418987,26,0.134052103493028,2.17235948764611,9,26,FALSE,FALSE
GOBP_ADULT_BEHAVIOR,GO:BP,-1.70093081458283,0.00245774617513493,132,0.0932137217894551,1.5213830755232,32,132,FALSE,FALSE
GOBP_ADULT_HEART_DEVELOPMENT,GO:BP,-1.3325581587026,0.263714669444612,10,0.303676489292972,2.51028207461329,4,10,FALSE,FALSE
GOBP_ADULT_LOCOMOTORY_BEHAVIOR,GO:BP,-1.63948336586184,0.012411651070172,76,0.869420558875526,1.07347588717015,13,76,FALSE,FALSE
GOBP_AGGREPHAGY,GO:BP,0.833496009739208,0.785259518056218,17,1,0.369159128619601,1,17,FALSE,FALSE
GOBP_ALANINE_TRANSPORT,GO:BP,1.74751426145865,0.0460645570931722,16,0.655369444735246,1.5689262966333,4,16,TRUE,FALSE
GOBP_ALCOHOL_BIOSYNTHETIC_PROCESS,GO:BP,1.06907056224349,0.451635032823525,132,0.412712693843348,1.2836669699727,27,132,FALSE,FALSE
GOBP_ALCOHOL_CATABOLIC_PROCESS,GO:BP,0.936824052246497,0.663264317924472,31,0.610175830929717,1.41709471953976,7,31,FALSE,FALSE
GOBP_ALCOHOL_METABOLIC_PROCESS,GO:BP,1.15712558592437,0.219680670190732,318,0.000588017381052091,1.59852867958865,81,318,FALSE,TRUE
GOBP_ALDEHYDE_BIOSYNTHETIC_PROCESS,GO:BP,0.753003457445783,0.852995621316177,16,0.655369444735246,1.5689262966333,4,16,FALSE,FALSE
GOBP_ALDEHYDE_CATABOLIC_PROCESS,GO:BP,0.679239153660541,0.908899638532961,10,,,,,FALSE,FALSE
GOBP_ALDEHYDE_METABOLIC_PROCESS,GO:BP,1.05019013099833,0.493855119572788,69,0.719442465053918,1.18237923804249,13,69,FALSE,FALSE
GOBP_ALKALOID_METABOLIC_PROCESS,GO:BP,1.49796066738833,0.121722197028303,16,0.655369444735246,1.5689262966333,4,16,FALSE,FALSE
GOBP_ALPHA_AMINO_ACID_BIOSYNTHETIC_PROCESS,GO:BP,1.37009789481132,0.132847011511059,52,1,0.724119829215371,6,52,FALSE,FALSE
GOBP_ALPHA_AMINO_ACID_METABOLIC_PROCESS,GO:BP,1.0950425071044,0.401396153858459,177,0.825631269028654,1.06367884517512,30,177,FALSE,FALSE
GOBP_ALPHA_BETA_T_CELL_ACTIVATION,GO:BP,2.40690651987802,1.17765141611282e-12,204,9.89738258333352e-05,1.845795643098,60,204,TRUE,TRUE
GOBP_ALPHA_BETA_T_CELL_DIFFERENTIATION,GO:BP,2.2595874499897,1.04860835394142e-08,141,0.0093944781626739,1.73583334946663,39,141,TRUE,TRUE
GOBP_ALPHA_BETA_T_CELL_PROLIFERATION,GO:BP,1.92480237834742,0.00256203913635077,40,0.151813592196556,1.88271155595996,12,40,TRUE,FALSE
GOBP_ALPHA_LINOLENIC_ACID_METABOLIC_PROCESS,GO:BP,-1.56850699963458,0.124521921852743,10,0.594213709778933,1.88271155595996,3,10,FALSE,FALSE
GOBP_ALTERNATIVE_MRNA_SPLICING_VIA_SPLICEOSOME,GO:BP,1.43849521773602,0.118740446875639,79,1,0.397196530793241,5,79,FALSE,FALSE
GOBP_AMEBOIDAL_TYPE_CELL_MIGRATION,GO:BP,-1.26631714231434,0.116508242354628,223,0.86561841627917,1.04126050180147,37,223,FALSE,FALSE
GOBP_AMELOGENESIS,GO:BP,1.06111480385644,0.50871767308797,19,0.984968811334459,0.990900818926297,3,19,FALSE,FALSE
GOBP_AMIDE_BIOSYNTHETIC_PROCESS,GO:BP,-1.02118366508068,0.497653072354692,163,1,0.770025176261744,20,163,FALSE,FALSE
GOBP_AMIDE_CATABOLIC_PROCESS,GO:BP,1.26796859299415,0.271006189165962,11,0.367902175932515,2.2820746132848,4,11,FALSE,FALSE
GOBP_AMIDE_METABOLIC_PROCESS,GO:BP,1.30195870136883,0.0636753795397417,426,0.841992878465082,1.0312191621064,70,426,FALSE,FALSE
GOBP_AMIDE_TRANSPORT,GO:BP,1.07822053975828,0.401338952675762,262,0.336643548981712,1.22160673478318,51,262,FALSE,FALSE
GOBP_AMINE_BIOSYNTHETIC_PROCESS,GO:BP,1.37832435784821,0.152297948906847,32,0.654722182695088,1.37281050955414,7,32,FALSE,FALSE
GOBP_AMINE_CATABOLIC_PROCESS,GO:BP,1.27467114975337,0.25838610673512,18,0.506693934048772,1.74325144070367,5,18,FALSE,FALSE
GOBP_AMINE_METABOLIC_PROCESS,GO:BP,-0.970778118392655,0.610051203147623,77,0.777355997263282,1.1410373066424,14,77,FALSE,FALSE
GOBP_AMINE_TRANSPORT,GO:BP,-1.38192609930291,0.106954420161702,64,0.0592175358725511,1.86309997725205,19,64,FALSE,FALSE
GOBP_AMINOGLYCAN_BIOSYNTHETIC_PROCESS,GO:BP,1.12759470582826,0.401762558832005,38,0.499747367215725,1.48635122838945,9,38,FALSE,FALSE
GOBP_AMINOGLYCAN_CATABOLIC_PROCESS,GO:BP,1.79619137436345,0.0177702466449042,27,0.157795262997224,2.0919017288444,9,27,TRUE,FALSE
GOBP_AMINOGLYCAN_METABOLIC_PROCESS,GO:BP,1.51315936884208,0.0589158876952168,72,0.135393564287637,1.65608886866849,19,72,FALSE,FALSE
GOBP_AMINO_ACID_ACTIVATION,GO:BP,2.00146607510423,0.00195807890769785,29,,,,,TRUE,FALSE
GOBP_AMINO_ACID_BETAINE_METABOLIC_PROCESS,GO:BP,-1.18059989353633,0.362096840748411,19,0.331528691535675,1.98180163785259,6,19,FALSE,FALSE
GOBP_AMINO_ACID_BETAINE_TRANSPORT,GO:BP,-0.988366755603543,0.569299857587916,12,0.719442465053918,1.5689262966333,3,12,FALSE,FALSE
GOBP_AMINO_ACID_BIOSYNTHETIC_PROCESS,GO:BP,1.14163576992418,0.34310085227195,62,1,0.708547359769879,7,62,FALSE,FALSE
GOBP_AMINO_ACID_CATABOLIC_PROCESS,GO:BP,1.12686757654301,0.374659779945942,96,0.579919469899798,1.24206665150137,19,96,FALSE,FALSE
GOBP_AMINO_ACID_IMPORT_ACROSS_PLASMA_MEMBRANE,GO:BP,1.20600242186715,0.292866062761282,44,0.831189429132839,1.1410373066424,8,44,FALSE,FALSE
GOBP_AMINO_ACID_METABOLIC_PROCESS,GO:BP,1.2662844311846,0.148235866549189,235,1,0.881269238959983,33,235,FALSE,FALSE
GOBP_AMINO_ACID_TRANSMEMBRANE_TRANSPORT,GO:BP,1.42181910587506,0.0843805038251384,86,0.719442465053918,1.16757305795967,16,86,FALSE,FALSE
GOBP_AMINO_ACID_TRANSPORT,GO:BP,1.17345716750305,0.268028467351232,133,0.608659519596547,1.17964383205512,25,133,FALSE,FALSE
GOBP_AMINO_SUGAR_BIOSYNTHETIC_PROCESS,GO:BP,1.22775371092878,0.323618284670251,13,,,,,FALSE,FALSE
GOBP_AMINO_SUGAR_CATABOLIC_PROCESS,GO:BP,1.15787690607314,0.370177346747636,11,1,0.570518653321201,1,11,FALSE,FALSE
GOBP_AMINO_SUGAR_METABOLIC_PROCESS,GO:BP,0.86881731770477,0.739968398876404,37,1,0.848068268450434,5,37,FALSE,FALSE
GOBP_AMPA_GLUTAMATE_RECEPTOR_CLUSTERING,GO:BP,-0.941705822021631,0.615640808012222,10,0.594213709778933,1.88271155595996,3,10,FALSE,FALSE
GOBP_AMP_BIOSYNTHETIC_PROCESS,GO:BP,1.8638707134464,0.014369573456401,10,1,0.627570518653321,1,10,TRUE,FALSE
GOBP_AMP_METABOLIC_PROCESS,GO:BP,1.96378796990539,0.00435069515060378,19,0.984968811334459,0.990900818926297,3,19,TRUE,FALSE
GOBP_AMYLOID_BETA_CLEARANCE,GO:BP,1.41355409733525,0.132109547684511,37,0.632546716946981,1.35690922952069,8,37,FALSE,FALSE
GOBP_AMYLOID_BETA_FORMATION,GO:BP,-1.04357882527426,0.523129501262842,41,1,0.153065980159347,1,41,FALSE,FALSE
GOBP_AMYLOID_BETA_METABOLIC_PROCESS,GO:BP,-0.893536161992611,0.751440206092813,54,1,0.813517338995046,7,54,FALSE,FALSE
GOBP_AMYLOID_FIBRIL_FORMATION,GO:BP,1.16392969273952,0.335558232876271,40,0.562328090389784,1.41203366696997,9,40,FALSE,FALSE
GOBP_AMYLOID_PRECURSOR_PROTEIN_BIOSYNTHETIC_PROCESS,GO:BP,-1.76651977219776,0.0413068960489101,13,0.777355997263282,1.44823965843074,3,13,FALSE,FALSE
GOBP_AMYLOID_PRECURSOR_PROTEIN_CATABOLIC_PROCESS,GO:BP,1.02032719575782,0.544196415179409,54,1,0.348650288140734,3,54,FALSE,FALSE
GOBP_AMYLOID_PRECURSOR_PROTEIN_METABOLIC_PROCESS,GO:BP,0.918523146712419,0.68008944557003,71,1,0.618731497263838,7,71,FALSE,FALSE
GOBP_ANAPHASE_PROMOTING_COMPLEX_DEPENDENT_CATABOLIC_PROCESS,GO:BP,1.58393472016519,0.115594603527227,23,0.9287787116854,1.0914269889623,4,23,FALSE,FALSE
GOBP_ANATOMICAL_STRUCTURE_ARRANGEMENT,GO:BP,-0.870835789508666,0.700692154195104,16,1,0.784463148316652,2,16,FALSE,FALSE
GOBP_ANATOMICAL_STRUCTURE_MATURATION,GO:BP,1.18856289915803,0.217890500708239,230,0.0104589101611775,1.55528345927127,57,230,FALSE,TRUE
GOBP_ANATOMICAL_STRUCTURE_REGRESSION,GO:BP,-1.29025165963273,0.278151028683007,11,0.944829045454405,1.1410373066424,2,11,FALSE,FALSE
GOBP_ANDROGEN_METABOLIC_PROCESS,GO:BP,-0.921163534753852,0.669654659616656,24,0.944829045454405,1.0459508644222,4,24,FALSE,FALSE
GOBP_ANDROGEN_RECEPTOR_SIGNALING_PATHWAY,GO:BP,-0.920245332108786,0.693855782230585,46,1,0.409285120860862,3,46,FALSE,FALSE
GOBP_ANGIOGENESIS_INVOLVED_IN_WOUND_HEALING,GO:BP,-1.05066485395657,0.499932420887811,27,0.868087644964407,1.16216762713578,5,27,FALSE,FALSE
GOBP_ANGIOTENSIN_ACTIVATED_SIGNALING_PATHWAY,GO:BP,-1.01489638444853,0.563921330122542,19,0.788586078744843,1.32120109190173,4,19,FALSE,FALSE
GOBP_ANIMAL_ORGAN_FORMATION,GO:BP,-1.5898713412901,0.0296997514813365,55,0.937040972683617,1.02693357597816,9,55,FALSE,FALSE
GOBP_ANIMAL_ORGAN_MATURATION,GO:BP,-1.19918957536043,0.311119104982029,28,0.506693934048772,1.5689262966333,7,28,FALSE,FALSE
GOBP_ANIMAL_ORGAN_REGENERATION,GO:BP,1.40022408811385,0.146650136511264,42,0.111441516833357,1.94248017678409,13,42,FALSE,FALSE
GOBP_ANOIKIS,GO:BP,-0.820343238603197,0.838704950454466,32,,,,,FALSE,FALSE
GOBP_ANTERIOR_POSTERIOR_AXIS_SPECIFICATION,GO:BP,-0.850350922911458,0.801881582983945,43,0.496872913326769,1.45946632244958,10,43,FALSE,FALSE
GOBP_ANTERIOR_POSTERIOR_PATTERN_SPECIFICATION,GO:BP,-2.08315811342212,2.45633018830413e-07,179,0.976425191560974,0.981674554318044,28,179,FALSE,FALSE
GOBP_ANTEROGRADE_AXONAL_TRANSPORT,GO:BP,-0.816965066478568,0.862770163251562,45,1,0.697300576281468,5,45,FALSE,FALSE
GOBP_ANTEROGRADE_DENDRITIC_TRANSPORT,GO:BP,0.768362248907077,0.84036143835194,11,,,,,FALSE,FALSE
GOBP_ANTIBACTERIAL_HUMORAL_RESPONSE,GO:BP,1.35760610809584,0.148702706791988,46,0.0290389689074174,2.1828539779246,16,46,FALSE,TRUE
GOBP_ANTIBACTERIAL_INNATE_IMMUNE_RESPONSE,GO:BP,1.40045705258775,0.195570630486832,10,1,0.627570518653321,1,10,FALSE,FALSE
GOBP_ANTIFUNGAL_INNATE_IMMUNE_RESPONSE,GO:BP,1.86523400371053,0.0218906317711365,15,0.594213709778933,1.67352138307552,4,15,TRUE,FALSE
GOBP_ANTIGEN_PROCESSING_AND_PRESENTATION,GO:BP,2.06895574143967,8.34867223865537e-06,114,0.594213709778933,1.21110100090992,22,114,TRUE,FALSE
GOBP_ANTIGEN_PROCESSING_AND_PRESENTATION_OF_ENDOGENOUS_ANTIGEN,GO:BP,1.8317891963387,0.0157256175974311,30,0.239810150254111,1.88271155595996,9,30,TRUE,FALSE
GOBP_ANTIGEN_PROCESSING_AND_PRESENTATION_OF_ENDOGENOUS_PEPTIDE_ANTIGEN,GO:BP,2.09225233099675,0.0011069543916804,23,0.303676489292972,1.90999723068402,7,23,TRUE,FALSE
GOBP_ANTIGEN_PROCESSING_AND_PRESENTATION_OF_EXOGENOUS_ANTIGEN,GO:BP,1.48871707709086,0.0894238709634546,51,1,0.861371300112402,7,51,FALSE,FALSE
GOBP_ANTIGEN_PROCESSING_AND_PRESENTATION_OF_EXOGENOUS_PEPTIDE_ANTIGEN,GO:BP,1.58864039495751,0.0518818330778283,42,1,0.747107760301573,5,42,FALSE,FALSE
GOBP_ANTIGEN_PROCESSING_AND_PRESENTATION_OF_EXOGENOUS_PEPTIDE_ANTIGEN_VIA_MHC_CLASS_I,GO:BP,1.59124380991832,0.102379305674704,10,0.906741278758732,1.25514103730664,2,10,FALSE,FALSE
GOBP_ANTIGEN_PROCESSING_AND_PRESENTATION_OF_EXOGENOUS_PEPTIDE_ANTIGEN_VIA_MHC_CLASS_II,GO:BP,1.17027281618776,0.373348353207026,28,1,0.672396984271416,3,28,FALSE,FALSE
GOBP_ANTIGEN_PROCESSING_AND_PRESENTATION_OF_PEPTIDE_ANTIGEN,GO:BP,1.95885173391054,0.000816049661683443,66,0.655369444735246,1.2361237488626,13,66,TRUE,FALSE
GOBP_ANTIGEN_PROCESSING_AND_PRESENTATION_OF_PEPTIDE_ANTIGEN_VIA_MHC_CLASS_I,GO:BP,2.07112328687224,0.000610772909354915,37,0.468501147277787,1.52652288321078,9,37,TRUE,FALSE
GOBP_ANTIGEN_PROCESSING_AND_PRESENTATION_OF_PEPTIDE_ANTIGEN_VIA_MHC_CLASS_IB,GO:BP,1.955103882069,0.0085694574272886,15,0.355067484635544,2.0919017288444,5,15,TRUE,FALSE
GOBP_ANTIGEN_PROCESSING_AND_PRESENTATION_OF_PEPTIDE_OR_POLYSACCHARIDE_ANTIGEN_VIA_MHC_CLASS_II,GO:BP,1.38807813280067,0.149972612632462,32,0.978587630542299,0.980578935395814,5,32,FALSE,FALSE
GOBP_ANTIGEN_PROCESSING_AND_PRESENTATION_VIA_MHC_CLASS_IB,GO:BP,1.84612829369976,0.0176456207961864,23,0.161234531076505,2.1828539779246,8,23,TRUE,FALSE
GOBP_ANTIGEN_RECEPTOR_MEDIATED_SIGNALING_PATHWAY,GO:BP,2.19693049378457,4.41300600116084e-10,209,0.199049132849201,1.32120109190173,44,209,TRUE,FALSE
GOBP_ANTIMICROBIAL_HUMORAL_IMMUNE_RESPONSE_MEDIATED_BY_ANTIMICROBIAL_PEPTIDE,GO:BP,2.29770199987559,9.40098200441743e-07,78,1.8416881413048e-10,3.21831035206831,40,78,TRUE,TRUE
GOBP_ANTIMICROBIAL_HUMORAL_RESPONSE,GO:BP,2.29871799244098,4.79850291944385e-08,111,6.37296919806769e-13,3.05304576642156,54,111,TRUE,TRUE
GOBP_ANTIVIRAL_INNATE_IMMUNE_RESPONSE,GO:BP,2.10764904358837,7.35524531614477e-05,66,0.530492907536194,1.3312101910828,14,66,TRUE,FALSE
GOBP_AORTA_DEVELOPMENT,GO:BP,-1.512496065558,0.0591156535000923,65,1,0.772394484496395,8,65,FALSE,FALSE
GOBP_AORTA_MORPHOGENESIS,GO:BP,-1.75464363447086,0.0123718827025388,33,1,0.380345768880801,2,33,FALSE,FALSE
GOBP_AORTIC_VALVE_MORPHOGENESIS,GO:BP,-1.52212795420156,0.0823917002868237,34,1,0.369159128619601,2,34,FALSE,FALSE
GOBP_APICAL_JUNCTION_ASSEMBLY,GO:BP,1.06328007146073,0.477399748666418,60,1,0.836760691537762,8,60,FALSE,FALSE
GOBP_APICAL_PROTEIN_LOCALIZATION,GO:BP,0.884242310722633,0.689166959988538,16,1,0.392231574158326,1,16,FALSE,FALSE
GOBP_APOPTOTIC_CELL_CLEARANCE,GO:BP,-1.05644886206159,0.484429433573789,42,0.462054378260411,1.49421552060315,10,42,FALSE,FALSE
GOBP_APOPTOTIC_DNA_FRAGMENTATION,GO:BP,1.33179321684341,0.213015363366488,17,0.462054378260411,1.845795643098,5,17,FALSE,FALSE
GOBP_APOPTOTIC_MITOCHONDRIAL_CHANGES,GO:BP,1.80691216303597,0.00195809655469416,106,1,0.88807148866036,15,106,TRUE,FALSE
GOBP_APOPTOTIC_PROCESS_INVOLVED_IN_DEVELOPMENT,GO:BP,0.974705772226203,0.615640808012222,33,0.678746825280159,1.3312101910828,7,33,FALSE,FALSE
GOBP_APOPTOTIC_PROCESS_INVOLVED_IN_MORPHOGENESIS,GO:BP,1.0079991259897,0.563428348937106,23,0.719442465053918,1.36428373620287,5,23,FALSE,FALSE
GOBP_APPENDAGE_DEVELOPMENT,GO:BP,-1.73521255309847,0.000683719980071429,179,1,0.911554943295327,26,179,FALSE,FALSE
GOBP_APPENDAGE_MORPHOGENESIS,GO:BP,-1.91867432412354,4.22385529356624e-05,138,0.877612372184282,1.0459508644222,23,138,FALSE,FALSE
GOBP_ARACHIDONATE_METABOLIC_PROCESS,GO:BP,0.890312221576389,0.74080277875462,47,0.303676489292972,1.60230770719997,12,47,FALSE,FALSE
GOBP_ARACHIDONATE_SECRETION,GO:BP,1.22821293741265,0.31460434388104,20,0.594213709778933,1.5689262966333,5,20,FALSE,FALSE
GOBP_ARF_PROTEIN_SIGNAL_TRANSDUCTION,GO:BP,-0.708133074611913,0.916453159625121,21,1,0.298843104120629,1,21,FALSE,FALSE
GOBP_ARGININE_METABOLIC_PROCESS,GO:BP,1.10504211112136,0.464037689513991,20,0.831189429132839,1.25514103730664,4,20,FALSE,FALSE
GOBP_AROMATIC_AMINO_ACID_FAMILY_CATABOLIC_PROCESS,GO:BP,1.36138087404797,0.188466978008127,18,0.290924701964477,2.0919017288444,6,18,FALSE,FALSE
GOBP_AROMATIC_AMINO_ACID_METABOLIC_PROCESS,GO:BP,1.04589646259073,0.50969187612924,34,0.364288399923891,1.6612160787882,9,34,FALSE,FALSE
GOBP_AROMATIC_AMINO_ACID_TRANSPORT,GO:BP,1.71175114124137,0.0587912905557027,13,0.104005071892923,2.89647931686148,6,13,FALSE,FALSE
GOBP_ARP2_3_COMPLEX_MEDIATED_ACTIN_NUCLEATION,GO:BP,1.59294191432435,0.0759050849834454,45,1,0.278920230512587,2,45,FALSE,FALSE
GOBP_ARTERY_DEVELOPMENT,GO:BP,-1.74258844599472,0.00130806675880146,107,0.944829045454405,0.997074655804342,17,107,FALSE,FALSE
GOBP_ARTERY_MORPHOGENESIS,GO:BP,-1.7282758400527,0.00670029281223587,71,0.906370413997054,1.06068256673801,12,71,FALSE,FALSE
GOBP_ARTERY_SMOOTH_MUSCLE_CONTRACTION,GO:BP,0.849742859108631,0.734548710126666,10,0.594213709778933,1.88271155595996,3,10,FALSE,FALSE
GOBP_ASPARTATE_FAMILY_AMINO_ACID_BIOSYNTHETIC_PROCESS,GO:BP,1.46028046350311,0.125180113370137,18,0.962721081755926,1.0459508644222,3,18,FALSE,FALSE
GOBP_ASPARTATE_TRANSMEMBRANE_TRANSPORT,GO:BP,1.06827638156011,0.497653072354692,19,0.984968811334459,0.990900818926297,3,19,FALSE,FALSE
GOBP_ASSOCIATIVE_LEARNING,GO:BP,-1.40865180564997,0.0951362430866622,81,0.605108475976215,1.23964546894483,16,81,FALSE,FALSE
GOBP_ASTRAL_MICROTUBULE_ORGANIZATION,GO:BP,1.02020518625168,0.54528925464643,15,0.594213709778933,1.67352138307552,4,15,FALSE,FALSE
GOBP_ASTROCYTE_ACTIVATION,GO:BP,1.07744222390297,0.493445218272843,21,0.237102536494907,2.0919017288444,7,21,FALSE,FALSE
GOBP_ASTROCYTE_DEVELOPMENT,GO:BP,1.25672770364328,0.268688628444726,36,0.159903768946073,1.91757658477404,11,36,FALSE,FALSE
GOBP_ASTROCYTE_DIFFERENTIATION,GO:BP,-1.20977601004264,0.242244006919845,73,0.150186238435891,1.63340271978262,19,73,FALSE,FALSE
GOBP_ASYMMETRIC_CELL_DIVISION,GO:BP,-0.901368543964939,0.687098398159615,18,0.962721081755926,1.0459508644222,3,18,FALSE,FALSE
GOBP_ATF6_MEDIATED_UNFOLDED_PROTEIN_RESPONSE,GO:BP,-0.834271353347159,0.745914800268057,10,1,0.627570518653321,1,10,FALSE,FALSE
GOBP_ATP_BIOSYNTHETIC_PROCESS,GO:BP,1.32713086982161,0.150022192632046,77,1,0.244507994280515,3,77,FALSE,FALSE
GOBP_ATP_METABOLIC_PROCESS,GO:BP,1.48260651074475,0.0250048334492856,198,1,0.602214134061268,19,198,TRUE,FALSE
GOBP_ATP_SYNTHESIS_COUPLED_ELECTRON_TRANSPORT,GO:BP,1.89178631482477,0.000513800486983816,97,1,0.258791966454978,4,97,TRUE,FALSE
GOBP_ATP_TRANSPORT,GO:BP,1.18559643537681,0.348372510556239,16,1,0.392231574158326,1,16,FALSE,FALSE
GOBP_ATRIAL_CARDIAC_MUSCLE_CELL_TO_AV_NODE_CELL_COMMUNICATION,GO:BP,-1.24933869948817,0.309251740011534,16,0.906741278758732,1.17669472247498,3,16,FALSE,FALSE
GOBP_ATRIAL_CARDIAC_MUSCLE_TISSUE_DEVELOPMENT,GO:BP,-1.4742436596204,0.146917020810996,16,0.408568153127978,1.96115787079163,5,16,FALSE,FALSE
GOBP_ATRIAL_SEPTUM_DEVELOPMENT,GO:BP,1.01012634603852,0.568487641465916,18,1,0.348650288140734,1,18,FALSE,FALSE
GOBP_ATRIAL_SEPTUM_MORPHOGENESIS,GO:BP,-0.707715203576727,0.874374918011282,12,,,,,FALSE,FALSE
GOBP_ATRIOVENTRICULAR_CANAL_DEVELOPMENT,GO:BP,-1.30080089601956,0.290006385168794,10,1,0.627570518653321,1,10,FALSE,FALSE
GOBP_ATRIOVENTRICULAR_VALVE_DEVELOPMENT,GO:BP,-1.45862177978993,0.123589288590149,27,1,0.232433525427156,1,27,FALSE,FALSE
GOBP_ATTACHMENT_OF_MITOTIC_SPINDLE_MICROTUBULES_TO_KINETOCHORE,GO:BP,2.27838621751399,6.39480538918852e-05,26,0.0271114161910753,2.65510604045636,11,26,TRUE,TRUE
GOBP_ATTACHMENT_OF_SPINDLE_MICROTUBULES_TO_KINETOCHORE,GO:BP,2.67118337493126,6.32983795796764e-11,55,0.0157782105834151,2.16797088262056,19,55,TRUE,TRUE
GOBP_AUDITORY_RECEPTOR_CELL_DEVELOPMENT,GO:BP,-1.32059903677945,0.210822901879812,25,0.801635301593806,1.25514103730664,5,25,FALSE,FALSE
GOBP_AUDITORY_RECEPTOR_CELL_MORPHOGENESIS,GO:BP,-1.42647278580912,0.137903642986855,19,0.788586078744843,1.32120109190173,4,19,FALSE,FALSE
GOBP_AUDITORY_RECEPTOR_CELL_STEREOCILIUM_ORGANIZATION,GO:BP,-1.26356171103336,0.295377163350645,16,0.906741278758732,1.17669472247498,3,16,FALSE,FALSE
GOBP_AUTOCRINE_SIGNALING,GO:BP,1.75488906393811,0.0373470342488149,10,0.594213709778933,1.88271155595996,3,10,TRUE,FALSE
GOBP_AUTONOMIC_NERVOUS_SYSTEM_DEVELOPMENT,GO:BP,-1.97417484507913,0.00232490683359272,36,0.782598341187005,1.22027600849257,7,36,FALSE,FALSE
GOBP_AUTOPHAGOSOME_LYSOSOME_FUSION,GO:BP,1.08712240789943,0.482848797013274,21,1,0.298843104120629,1,21,FALSE,FALSE
GOBP_AUTOPHAGOSOME_MATURATION,GO:BP,1.11462994266484,0.403054816232543,68,1,0.276869346464701,3,68,FALSE,FALSE
GOBP_AUTOPHAGOSOME_ORGANIZATION,GO:BP,1.25531387513034,0.185178286393068,122,1,0.154320619340981,3,122,FALSE,FALSE
GOBP_AUTOPHAGY_OF_MITOCHONDRION,GO:BP,1.39617149773116,0.0981699555774293,109,1,0.403026938584702,7,109,FALSE,FALSE
GOBP_AUTOPHAGY_OF_PEROXISOME,GO:BP,0.631842680193386,0.948605072189949,15,,,,,FALSE,FALSE
GOBP_AV_NODE_CELL_TO_BUNDLE_OF_HIS_CELL_COMMUNICATION,GO:BP,-1.43270089317781,0.185609567251856,12,0.719442465053918,1.5689262966333,3,12,FALSE,FALSE
GOBP_AXIS_ELONGATION,GO:BP,0.925338833571919,0.667760008191702,27,1,0.697300576281468,3,27,FALSE,FALSE
GOBP_AXIS_SPECIFICATION,GO:BP,-1.24556559903507,0.207059646498227,77,0.408568153127978,1.38554530092292,17,77,FALSE,FALSE
GOBP_AXONAL_FASCICULATION,GO:BP,1.05714845955707,0.508288666174999,22,0.678746825280159,1.426296633303,5,22,FALSE,FALSE
GOBP_AXONAL_TRANSPORT,GO:BP,-1.13334499785175,0.351283739302172,71,0.978587630542299,0.972292352843174,11,71,FALSE,FALSE
GOBP_AXONAL_TRANSPORT_OF_MITOCHONDRION,GO:BP,-1.69716265552652,0.0470507324800318,18,0.290924701964477,2.0919017288444,6,18,FALSE,FALSE
GOBP_AXONEMAL_DYNEIN_COMPLEX_ASSEMBLY,GO:BP,-0.52838614578238,0.987107007085691,20,1,0.313785259326661,1,20,FALSE,FALSE
GOBP_AXONEME_ASSEMBLY,GO:BP,-1.46668099247516,0.0804614545287002,65,1,0.675845173934346,7,65,FALSE,FALSE
GOBP_AXON_DEVELOPMENT,GO:BP,-1.9905911272254,3.40247690484309e-12,464,0.384057465375241,1.14964426908475,85,464,FALSE,FALSE
GOBP_AXON_ENSHEATHMENT_IN_CENTRAL_NERVOUS_SYSTEM,GO:BP,-1.96061747048122,0.00268182681574154,22,1,0.855777979981802,3,22,FALSE,FALSE
GOBP_AXON_EXTENSION,GO:BP,-1.44016077012406,0.0461678847754037,102,0.906370413997054,1.0459508644222,17,102,FALSE,FALSE
GOBP_AXO_DENDRITIC_TRANSPORT,GO:BP,-1.12319233050188,0.340488407028679,88,1,0.855777979981802,12,88,FALSE,FALSE
GOBP_AZOLE_TRANSMEMBRANE_TRANSPORT,GO:BP,1.1618663476018,0.388099374771006,10,0.906741278758732,1.25514103730664,2,10,FALSE,FALSE
GOBP_BARBED_END_ACTIN_FILAMENT_CAPPING,GO:BP,-1.3904415891201,0.162011173184358,24,0.944829045454405,1.0459508644222,4,24,FALSE,FALSE
GOBP_BASEMENT_MEMBRANE_ORGANIZATION,GO:BP,-1.39215748637678,0.134130206859781,42,1,0.298843104120629,2,42,FALSE,FALSE
GOBP_BASE_CONVERSION_OR_SUBSTITUTION_EDITING,GO:BP,1.44723091121733,0.150022192632046,13,0.777355997263282,1.44823965843074,3,13,FALSE,FALSE
GOBP_BASE_EXCISION_REPAIR,GO:BP,1.89549898263333,0.00435220833233562,46,1,0.545713494481149,4,46,TRUE,FALSE
GOBP_BASE_EXCISION_REPAIR_AP_SITE_FORMATION,GO:BP,1.27405105370237,0.277891550351813,12,1,0.522975432211101,1,12,FALSE,FALSE
GOBP_BASE_EXCISION_REPAIR_GAP_FILLING,GO:BP,1.65485695880823,0.0767316893164435,13,1,0.482746552810247,1,13,FALSE,FALSE
GOBP_BASIC_AMINO_ACID_TRANSPORT,GO:BP,1.05218314820138,0.515362025028657,18,1,0.697300576281468,2,18,FALSE,FALSE
GOBP_BEHAVIORAL_RESPONSE_TO_COCAINE,GO:BP,-0.9349513391429,0.619194899124477,15,0.594213709778933,1.67352138307552,4,15,FALSE,FALSE
GOBP_BEHAVIORAL_RESPONSE_TO_ETHANOL,GO:BP,-1.33107740133521,0.250994887738103,11,0.655369444735246,1.7115559599636,3,11,FALSE,FALSE
GOBP_BEHAVIORAL_RESPONSE_TO_PAIN,GO:BP,-0.574109759454422,0.975754302997576,16,,,,,FALSE,FALSE
GOBP_BENZENE_CONTAINING_COMPOUND_METABOLIC_PROCESS,GO:BP,-0.949207489812029,0.63372178141113,22,0.470180903258393,1.7115559599636,6,22,FALSE,FALSE
GOBP_BICARBONATE_TRANSPORT,GO:BP,0.796571275836054,0.833457840618528,27,0.0793605564859744,2.32433525427156,10,27,FALSE,FALSE
GOBP_BICELLULAR_TIGHT_JUNCTION_ASSEMBLY,GO:BP,1.18478944153445,0.318303593174106,50,1,0.87859872611465,7,50,FALSE,FALSE
GOBP_BILE_ACID_AND_BILE_SALT_TRANSPORT,GO:BP,0.723554261113624,0.883423509852877,18,,,,,FALSE,FALSE
GOBP_BILE_ACID_BIOSYNTHETIC_PROCESS,GO:BP,-1.49919238588351,0.107885760051342,32,0.303676489292972,1.76504208371247,9,32,FALSE,FALSE
GOBP_BILE_ACID_METABOLIC_PROCESS,GO:BP,-1.48419928252298,0.107853781008343,44,0.237102536494907,1.7115559599636,12,44,FALSE,FALSE
GOBP_BINDING_OF_SPERM_TO_ZONA_PELLUCIDA,GO:BP,1.47347659883112,0.122597521489807,28,0.906741278758732,1.12066164045236,5,28,FALSE,FALSE
GOBP_BIOLOGICAL_PROCESS_INVOLVED_IN_INTERACTION_WITH_HOST,GO:BP,1.63793058910098,0.00546116619686853,157,0.716363593231496,1.11923404600592,28,157,TRUE,FALSE
GOBP_BIOLOGICAL_PROCESS_INVOLVED_IN_INTERACTION_WITH_SYMBIONT,GO:BP,1.75799015703532,0.0324108152373782,25,0.0212190172986437,2.76131028207461,11,25,TRUE,TRUE
GOBP_BIOLOGICAL_PROCESS_INVOLVED_IN_INTRASPECIES_INTERACTION_BETWEEN_ORGANISMS,GO:BP,-1.31536932669898,0.14938885005223,50,0.544976826914864,1.38065514103731,11,50,FALSE,FALSE
GOBP_BIOLOGICAL_PROCESS_INVOLVED_IN_SYMBIOTIC_INTERACTION,GO:BP,1.8029090429961,0.000269221190332128,185,0.176295994511637,1.35690922952069,40,185,TRUE,FALSE
GOBP_BIOMINERAL_TISSUE_DEVELOPMENT,GO:BP,-1.44175073379301,0.0296997514813365,153,0.0964724554308064,1.4766365144784,36,153,FALSE,FALSE
GOBP_BLASTOCYST_DEVELOPMENT,GO:BP,1.34168647428081,0.131592808885835,113,1,0.777520996561637,14,113,FALSE,FALSE
GOBP_BLASTOCYST_FORMATION,GO:BP,0.965135812526145,0.624938846037744,42,1,0.448264656180944,3,42,FALSE,FALSE
GOBP_BLASTOCYST_GROWTH,GO:BP,1.88080814834852,0.00762954978659403,21,1,0.896529312361887,3,21,TRUE,FALSE
GOBP_BLASTODERM_SEGMENTATION,GO:BP,1.41675853362265,0.160287502641563,19,0.556679392684558,1.65150136487716,5,19,FALSE,FALSE
GOBP_BLEB_ASSEMBLY,GO:BP,-1.20496196206046,0.341491399092462,11,0.944829045454405,1.1410373066424,2,11,FALSE,FALSE
GOBP_BLOOD_COAGULATION_FIBRIN_CLOT_FORMATION,GO:BP,-1.55498444322047,0.108804833628312,16,0.203413740636149,2.35338944494995,6,16,FALSE,FALSE
GOBP_BLOOD_VESSEL_ENDOTHELIAL_CELL_DIFFERENTIATION,GO:BP,-0.940236784080128,0.615640808012222,10,,,,,FALSE,FALSE
GOBP_BLOOD_VESSEL_ENDOTHELIAL_CELL_MIGRATION,GO:BP,-1.17676962346487,0.24231970927568,115,1,0.709427542825494,13,115,FALSE,FALSE
GOBP_BLOOD_VESSEL_ENDOTHELIAL_CELL_PROLIFERATION_INVOLVED_IN_SPROUTING_ANGIOGENESIS,GO:BP,1.06870709136473,0.48292898746513,25,0.221856837380877,2.00822565969063,8,25,FALSE,FALSE
GOBP_BLOOD_VESSEL_REMODELING,GO:BP,-1.2761798207652,0.208137458831687,44,1,0.713148316651501,5,44,FALSE,FALSE
GOBP_BODY_FLUID_SECRETION,GO:BP,-1.16442130485339,0.278178534571723,76,0.626394367676962,1.23862602365787,15,76,FALSE,FALSE
GOBP_BODY_MORPHOGENESIS,GO:BP,-1.70196081024898,0.0172876548346026,46,1,0.818570241721723,6,46,FALSE,FALSE
GOBP_BONE_CELL_DEVELOPMENT,GO:BP,1.29188459150079,0.236882360241145,18,0.962721081755926,1.0459508644222,3,18,FALSE,FALSE
GOBP_BONE_DEVELOPMENT,GO:BP,-1.60548192631541,0.00308696551638897,204,0.553228151642349,1.1690039072954,38,204,FALSE,FALSE
GOBP_BONE_GROWTH,GO:BP,-0.88838612443188,0.740563357148723,34,0.906741278758732,1.1074773858588,6,34,FALSE,FALSE
GOBP_BONE_MARROW_DEVELOPMENT,GO:BP,-0.684850530844773,0.887460959171512,10,1,0.627570518653321,1,10,FALSE,FALSE
GOBP_BONE_MATURATION,GO:BP,0.712416028273982,0.90475379021439,25,0.801635301593806,1.25514103730664,5,25,FALSE,FALSE
GOBP_BONE_MINERALIZATION,GO:BP,-1.41830449221551,0.0646843794275522,114,0.0762698032840671,1.59645131938126,29,114,FALSE,FALSE
GOBP_BONE_MINERALIZATION_INVOLVED_IN_BONE_MATURATION,GO:BP,0.949473738237866,0.622608319903267,11,0.367902175932515,2.2820746132848,4,11,FALSE,FALSE
GOBP_BONE_MORPHOGENESIS,GO:BP,-1.63849209707903,0.0119601812486718,91,0.811909029345095,1.10342069213771,16,91,FALSE,FALSE
GOBP_BONE_REMODELING,GO:BP,0.994544215326434,0.585210880958323,76,0.279677467846086,1.48635122838945,18,76,FALSE,FALSE
GOBP_BONE_RESORPTION,GO:BP,1.14766391329945,0.354397496087637,55,0.527736968636828,1.36924476797088,12,55,FALSE,FALSE
GOBP_BONE_TRABECULA_FORMATION,GO:BP,-1.06314460452424,0.508288666174999,10,0.594213709778933,1.88271155595996,3,10,FALSE,FALSE
GOBP_BONE_TRABECULA_MORPHOGENESIS,GO:BP,-0.85066852924659,0.736051663287527,13,0.499747367215725,1.93098621124099,4,13,FALSE,FALSE
GOBP_BRAIN_MORPHOGENESIS,GO:BP,0.905616399564981,0.679036312992713,28,1,0.672396984271416,3,28,FALSE,FALSE
GOBP_BRANCHED_CHAIN_AMINO_ACID_METABOLIC_PROCESS,GO:BP,-1.52069494841913,0.0786724447972932,26,1,0.241373276405124,1,26,FALSE,FALSE
GOBP_BRANCHED_CHAIN_AMINO_ACID_TRANSPORT,GO:BP,1.68983682686448,0.0695395638675082,14,0.825631269028654,1.34479396854283,3,14,FALSE,FALSE
GOBP_BRANCHING_INVOLVED_IN_BLOOD_VESSEL_MORPHOGENESIS,GO:BP,-0.774049867243772,0.869031906360854,31,1,0.607326308374182,3,31,FALSE,FALSE
GOBP_BRANCHING_INVOLVED_IN_LABYRINTHINE_LAYER_MORPHOGENESIS,GO:BP,1.43834355270599,0.158655009521405,13,0.499747367215725,1.93098621124099,4,13,FALSE,FALSE
GOBP_BRANCHING_INVOLVED_IN_MAMMARY_GLAND_DUCT_MORPHOGENESIS,GO:BP,1.13101184927447,0.418397390463598,23,0.506693934048772,1.63714048344345,6,23,FALSE,FALSE
GOBP_BRANCHING_INVOLVED_IN_PROSTATE_GLAND_MORPHOGENESIS,GO:BP,-1.52700155417454,0.131049712944624,10,1,0.627570518653321,1,10,FALSE,FALSE
GOBP_BRANCHING_INVOLVED_IN_SALIVARY_GLAND_MORPHOGENESIS,GO:BP,-0.947677811078259,0.628987447053445,20,1,0.313785259326661,1,20,FALSE,FALSE
GOBP_BRANCHING_MORPHOGENESIS_OF_AN_EPITHELIAL_TUBE,GO:BP,-1.47469932827132,0.0226377241689223,140,0.284699268801871,1.34479396854283,30,140,FALSE,FALSE
GOBP_BRANCHING_MORPHOGENESIS_OF_A_NERVE,GO:BP,-1.5541255698898,0.1277730315537,10,0.906741278758732,1.25514103730664,2,10,FALSE,FALSE
GOBP_BRANCH_ELONGATION_OF_AN_EPITHELIUM,GO:BP,1.14807782546711,0.396016667942038,17,0.937040972683617,1.1074773858588,3,17,FALSE,FALSE
GOBP_BRONCHUS_DEVELOPMENT,GO:BP,-1.68696045425021,0.0547982937840059,10,0.594213709778933,1.88271155595996,3,10,FALSE,FALSE
GOBP_BROWN_FAT_CELL_DIFFERENTIATION,GO:BP,-1.35260631625633,0.140278887261165,54,0.244231855745088,1.62703467799009,14,54,FALSE,FALSE
GOBP_BUNDLE_OF_HIS_CELL_TO_PURKINJE_MYOCYTE_COMMUNICATION,GO:BP,-1.14300770510618,0.388474952441344,14,0.0511469267416555,3.13785259326661,7,14,FALSE,FALSE
GOBP_B_CELL_ACTIVATION,GO:BP,2.01025922570732,1.00471586076482e-07,254,0.719442465053918,1.08713003231284,44,254,TRUE,FALSE
GOBP_B_CELL_ACTIVATION_INVOLVED_IN_IMMUNE_RESPONSE,GO:BP,1.60068999624535,0.0329533524232951,79,0.999482152043102,0.953271673903779,12,79,TRUE,FALSE
GOBP_B_CELL_APOPTOTIC_PROCESS,GO:BP,1.84362458064485,0.0158556270278342,24,0.35318075340106,1.83041401273885,7,24,TRUE,FALSE
GOBP_B_CELL_DIFFERENTIATION,GO:BP,1.76701780244917,0.00176260234550843,135,1,0.929734101708624,20,135,TRUE,FALSE
GOBP_B_CELL_HOMEOSTASIS,GO:BP,1.52560389579174,0.0781641285593336,33,1,0.760691537761602,4,33,FALSE,FALSE
GOBP_B_CELL_MEDIATED_IMMUNITY,GO:BP,1.91716148139784,5.85807052315778e-05,152,0.719442465053918,1.11476342129208,27,152,TRUE,FALSE
GOBP_B_CELL_PROLIFERATION,GO:BP,1.85863749594296,0.00204432269548621,88,0.150628381051794,1.5689262966333,22,88,TRUE,FALSE
GOBP_B_CELL_RECEPTOR_SIGNALING_PATHWAY,GO:BP,1.86609134938452,0.00204714988059964,73,0.564314427250105,1.28952846298628,15,73,TRUE,FALSE
GOBP_C21_STEROID_HORMONE_BIOSYNTHETIC_PROCESS,GO:BP,-1.26820213408246,0.263714669444612,19,0.788586078744843,1.32120109190173,4,19,FALSE,FALSE
GOBP_C21_STEROID_HORMONE_METABOLIC_PROCESS,GO:BP,-1.30444412211599,0.185600675833139,32,0.831189429132839,1.17669472247498,6,32,FALSE,FALSE
GOBP_C4_DICARBOXYLATE_TRANSPORT,GO:BP,1.11159805585658,0.442330666174965,27,0.470180903258393,1.62703467799009,7,27,FALSE,FALSE
GOBP_CALCINEURIN_MEDIATED_SIGNALING,GO:BP,-1.02380842522703,0.545690061418771,49,1,0.512302464206793,4,49,FALSE,FALSE
GOBP_CALCIUM_DEPENDENT_CELL_CELL_ADHESION,GO:BP,-1.96346887859747,0.00243885357911462,42,0.00523952037511876,2.54016638502535,17,42,FALSE,TRUE
GOBP_CALCIUM_IMPORT_INTO_THE_MITOCHONDRION,GO:BP,1.15772132217442,0.374141525136144,16,,,,,FALSE,FALSE
GOBP_CALCIUM_INDEPENDENT_CELL_CELL_ADHESION,GO:BP,-1.6373492317694,0.0453197563621396,19,0.164778477597013,2.31210191082803,7,19,FALSE,FALSE
GOBP_CALCIUM_ION_EXPORT_ACROSS_PLASMA_MEMBRANE,GO:BP,-1.13034076254129,0.431900889112054,11,0.655369444735246,1.7115559599636,3,11,FALSE,FALSE
GOBP_CALCIUM_ION_HOMEOSTASIS,GO:BP,1.0466154416605,0.464181644256845,279,0.116117422746677,1.32712045163247,59,279,FALSE,FALSE
GOBP_CALCIUM_ION_IMPORT,GO:BP,-1.69975511978327,0.01237845240194,67,0.134052103493028,1.68601034862086,18,67,FALSE,FALSE
GOBP_CALCIUM_ION_IMPORT_ACROSS_PLASMA_MEMBRANE,GO:BP,-1.64587629892001,0.036476999362957,31,0.610175830929717,1.41709471953976,7,31,FALSE,FALSE
GOBP_CALCIUM_ION_REGULATED_EXOCYTOSIS,GO:BP,-1.63359872537204,0.0196100226762213,60,0.376937613321368,1.46433121019108,14,60,FALSE,FALSE
GOBP_CALCIUM_ION_REGULATED_EXOCYTOSIS_OF_NEUROTRANSMITTER,GO:BP,0.641511039797404,0.942021376448213,15,1,0.836760691537762,2,15,FALSE,FALSE
GOBP_CALCIUM_ION_TRANSMEMBRANE_IMPORT_INTO_CYTOSOL,GO:BP,-1.37861617464841,0.0387845695148765,159,0.24615437055853,1.34197469397566,34,159,FALSE,FALSE
GOBP_CALCIUM_ION_TRANSMEMBRANE_TRANSPORT,GO:BP,-1.32601328650778,0.0370422699461382,277,0.167240805109309,1.29139059795088,57,277,FALSE,FALSE
GOBP_CALCIUM_ION_TRANSMEMBRANE_TRANSPORT_VIA_HIGH_VOLTAGE_GATED_CALCIUM_CHANNEL,GO:BP,-1.60742552340121,0.107853781008343,17,1,0.738318257239201,2,17,FALSE,FALSE
GOBP_CALCIUM_ION_TRANSPORT,GO:BP,-1.32550729350778,0.021190452137244,358,0.124238292956699,1.27968290116459,73,358,FALSE,FALSE
GOBP_CALCIUM_ION_TRANSPORT_INTO_CYTOSOL,GO:BP,-1.65333352190431,0.0606113340591142,24,0.55559567973604,1.5689262966333,6,24,FALSE,FALSE
GOBP_CALCIUM_MEDIATED_SIGNALING,GO:BP,1.08021471565516,0.399918400652795,218,0.0595558663857105,1.43938192351679,50,218,FALSE,FALSE
GOBP_CAMERA_TYPE_EYE_MORPHOGENESIS,GO:BP,-1.43494011628744,0.0563758627514789,112,0.655369444735246,1.17669472247498,21,112,FALSE,FALSE
GOBP_CAMERA_TYPE_EYE_PHOTORECEPTOR_CELL_DIFFERENTIATION,GO:BP,-0.997594249966997,0.559017705141301,22,1,0.855777979981802,3,22,FALSE,FALSE
GOBP_CAMKK_AMPK_SIGNALING_CASCADE,GO:BP,-1.25228260918292,0.337350320787553,10,0.594213709778933,1.88271155595996,3,10,FALSE,FALSE
GOBP_CAMP_BIOSYNTHETIC_PROCESS,GO:BP,-1.63528945063931,0.0972088329112297,11,0.367902175932515,2.2820746132848,4,11,FALSE,FALSE
GOBP_CAMP_METABOLIC_PROCESS,GO:BP,-1.11289815860506,0.427370826637178,23,0.506693934048772,1.63714048344345,6,23,FALSE,FALSE
GOBP_CAMP_PKA_SIGNAL_TRANSDUCTION,GO:BP,-1.26226039857186,0.197758825862753,53,1,0.710457190928288,6,53,FALSE,FALSE
GOBP_CANONICAL_NF_KAPPAB_SIGNAL_TRANSDUCTION,GO:BP,1.96828509858585,2.51594180139999e-08,317,1,0.890872976006292,45,317,TRUE,FALSE
GOBP_CANONICAL_WNT_SIGNALING_PATHWAY,GO:BP,-1.68068152235028,3.1588567454088e-05,300,0.890376018279623,1.02503184713376,49,300,FALSE,FALSE
GOBP_CARBOHYDRATE_BIOSYNTHETIC_PROCESS,GO:BP,1.23152700175175,0.195213477965414,181,0.3073770938136,1.28287896078303,37,181,FALSE,FALSE
GOBP_CARBOHYDRATE_CATABOLIC_PROCESS,GO:BP,1.51509243053367,0.0215960392067006,168,0.932539728855762,1.00859547640712,27,168,TRUE,FALSE
GOBP_CARBOHYDRATE_DERIVATIVE_CATABOLIC_PROCESS,GO:BP,1.78179773012553,4.69964355882736e-05,236,0.719442465053918,1.0902708163045,41,236,TRUE,FALSE
GOBP_CARBOHYDRATE_DERIVATIVE_TRANSPORT,GO:BP,1.28402468415316,0.186118431046211,79,1,0.635514449269186,8,79,FALSE,FALSE
GOBP_CARBOHYDRATE_HOMEOSTASIS,GO:BP,-1.09620390034671,0.340034502803353,215,0.256863185790333,1.28433036375563,44,215,FALSE,FALSE
GOBP_CARBOHYDRATE_MEDIATED_SIGNALING,GO:BP,0.984792673502083,0.583644638018668,11,0.655369444735246,1.7115559599636,3,11,FALSE,FALSE
GOBP_CARBOHYDRATE_PHOSPHORYLATION,GO:BP,0.789308197561715,0.831941518815641,23,1,0.545713494481149,2,23,FALSE,FALSE
GOBP_CARBOHYDRATE_TRANSPORT,GO:BP,-1.26054579345667,0.146449496725671,116,0.426982662077329,1.29842176273101,24,116,FALSE,FALSE
GOBP_CARBOXYLIC_ACID_TRANSMEMBRANE_TRANSPORT,GO:BP,1.29740834384704,0.164177292046145,130,0.470180903258393,1.25514103730664,26,130,FALSE,FALSE
GOBP_CARDIAC_ATRIUM_DEVELOPMENT,GO:BP,-0.984429335611447,0.581537562150179,29,1,0.649210881365505,3,29,FALSE,FALSE
GOBP_CARDIAC_ATRIUM_MORPHOGENESIS,GO:BP,-1.19473568558359,0.325409529638124,23,1,0.545713494481149,2,23,FALSE,FALSE
GOBP_CARDIAC_CELL_DEVELOPMENT,GO:BP,-1.77425740946501,0.00248999001842041,74,0.831189429132839,1.10248874898556,13,74,FALSE,FALSE
GOBP_CARDIAC_CELL_FATE_COMMITMENT,GO:BP,-1.16518568104106,0.402230693788445,10,1,0.627570518653321,1,10,FALSE,FALSE
GOBP_CARDIAC_CHAMBER_DEVELOPMENT,GO:BP,-1.8395455199345,0.000140660752500578,153,1,0.943406662027869,23,153,FALSE,FALSE
GOBP_CARDIAC_CHAMBER_MORPHOGENESIS,GO:BP,-1.99726193057227,3.7390891389661e-05,113,1,0.888595424641871,16,113,FALSE,FALSE
GOBP_CARDIAC_CONDUCTION,GO:BP,-1.72785092867036,0.00404269829152174,87,0.0350954446155792,1.80336355934862,25,87,FALSE,TRUE
GOBP_CARDIAC_CONDUCTION_SYSTEM_DEVELOPMENT,GO:BP,-1.4644245451929,0.131049712944624,32,0.978587630542299,0.980578935395814,5,32,FALSE,FALSE
GOBP_CARDIAC_EPITHELIAL_TO_MESENCHYMAL_TRANSITION,GO:BP,-1.73403507981753,0.0114963993286507,35,1,0.358611724944755,2,35,FALSE,FALSE
GOBP_CARDIAC_LEFT_VENTRICLE_MORPHOGENESIS,GO:BP,-1.44273260458354,0.165837491740365,16,1,0.392231574158326,1,16,FALSE,FALSE
GOBP_CARDIAC_MUSCLE_CELL_ACTION_POTENTIAL,GO:BP,-1.69418474986318,0.00670029281223587,76,0.124269868975993,1.65150136487716,20,76,FALSE,FALSE
GOBP_CARDIAC_MUSCLE_CELL_ACTION_POTENTIAL_INVOLVED_IN_CONTRACTION,GO:BP,-1.80470083775071,0.00414092262227853,54,0.153160665990532,1.74325144070367,15,54,FALSE,FALSE
GOBP_CARDIAC_MUSCLE_CELL_CONTRACTION,GO:BP,-1.9752324518081,0.000107493042309072,76,0.0807201328560962,1.73407643312102,21,76,FALSE,FALSE
GOBP_CARDIAC_MUSCLE_CELL_DIFFERENTIATION,GO:BP,-1.95962654102524,8.93050451915914e-05,108,0.902674157598632,1.0459508644222,18,108,FALSE,FALSE
GOBP_CARDIAC_MUSCLE_CELL_MEMBRANE_REPOLARIZATION,GO:BP,-1.23434816801636,0.258172886162871,34,0.906741278758732,1.1074773858588,6,34,FALSE,FALSE
GOBP_CARDIAC_MUSCLE_CELL_MYOBLAST_DIFFERENTIATION,GO:BP,-1.28095621510486,0.321754267297975,10,0.906741278758732,1.25514103730664,2,10,FALSE,FALSE
GOBP_CARDIAC_MUSCLE_CELL_PROLIFERATION,GO:BP,-1.49742189721341,0.103125100472724,44,0.237102536494907,1.7115559599636,12,44,FALSE,FALSE
GOBP_CARDIAC_MUSCLE_CONTRACTION,GO:BP,-1.88223429513348,0.000151455282652285,130,0.00789284758054773,1.78616224539791,37,130,FALSE,TRUE
GOBP_CARDIAC_MUSCLE_TISSUE_DEVELOPMENT,GO:BP,-2.10688131356179,5.99237257268229e-08,203,0.303676489292972,1.26750695885646,41,203,FALSE,FALSE
GOBP_CARDIAC_MUSCLE_TISSUE_MORPHOGENESIS,GO:BP,-1.99884329337213,0.000650427846411669,48,0.629649579060468,1.30743858052775,10,48,FALSE,FALSE
GOBP_CARDIAC_MYOFIBRIL_ASSEMBLY,GO:BP,-1.82494788903058,0.0280053174749723,15,1,0.836760691537762,2,15,FALSE,FALSE
GOBP_CARDIAC_NEURAL_CREST_CELL_DEVELOPMENT_INVOLVED_IN_OUTFLOW_TRACT_MORPHOGENESIS,GO:BP,-1.58723655817521,0.104547195702953,13,0.777355997263282,1.44823965843074,3,13,FALSE,FALSE
GOBP_CARDIAC_NEURAL_CREST_CELL_DIFFERENTIATION_INVOLVED_IN_HEART_DEVELOPMENT,GO:BP,-1.43387748567233,0.16943851888812,16,0.906741278758732,1.17669472247498,3,16,FALSE,FALSE
GOBP_CARDIAC_NEURAL_CREST_CELL_MIGRATION_INVOLVED_IN_OUTFLOW_TRACT_MORPHOGENESIS,GO:BP,-1.50249915227341,0.136099058311308,11,0.655369444735246,1.7115559599636,3,11,FALSE,FALSE
GOBP_CARDIAC_RIGHT_VENTRICLE_MORPHOGENESIS,GO:BP,-1.39166140357248,0.182675463118268,16,1,0.784463148316652,2,16,FALSE,FALSE
GOBP_CARDIAC_SEPTUM_DEVELOPMENT,GO:BP,-1.61437767627403,0.00841230317415129,98,1,0.512302464206793,8,98,FALSE,FALSE
GOBP_CARDIAC_SEPTUM_MORPHOGENESIS,GO:BP,-1.73497972709152,0.00793179798462299,63,1,0.398457472160839,4,63,FALSE,FALSE
GOBP_CARDIAC_VENTRICLE_DEVELOPMENT,GO:BP,-1.61885980353166,0.00650600969504873,115,0.906741278758732,1.03685563951418,19,115,FALSE,FALSE
GOBP_CARDIAC_VENTRICLE_MORPHOGENESIS,GO:BP,-1.9779747846988,0.00071917577977465,61,0.814037481214237,1.13168454183386,11,61,FALSE,FALSE
GOBP_CARDIOBLAST_DIFFERENTIATION,GO:BP,-1.2154699935634,0.326850164881631,14,0.825631269028654,1.34479396854283,3,14,FALSE,FALSE
GOBP_CARDIOCYTE_DIFFERENTIATION,GO:BP,-2.04583453575479,8.47574003292837e-06,139,0.950154516639891,0.993277079882954,22,139,FALSE,FALSE
GOBP_CARDIOLIPIN_METABOLIC_PROCESS,GO:BP,-0.917597119010173,0.657689912826899,12,,,,,FALSE,FALSE
GOBP_CARNITINE_METABOLIC_PROCESS,GO:BP,-0.846020506845048,0.729489164086687,14,1,0.896529312361887,2,14,FALSE,FALSE
GOBP_CARTILAGE_CONDENSATION,GO:BP,-1.72460617176201,0.0586573154279221,14,0.303676489292972,2.24132328090472,5,14,FALSE,FALSE
GOBP_CARTILAGE_DEVELOPMENT,GO:BP,-1.92209022827138,8.34867223865537e-06,185,0.678746825280159,1.11945011435457,33,185,FALSE,FALSE
GOBP_CARTILAGE_DEVELOPMENT_INVOLVED_IN_ENDOCHONDRAL_BONE_MORPHOGENESIS,GO:BP,-1.12405634399213,0.409259259259259,32,0.978587630542299,0.980578935395814,5,32,FALSE,FALSE
GOBP_CARTILAGE_MORPHOGENESIS,GO:BP,-1.20345266011069,0.378817391003238,10,0.906741278758732,1.25514103730664,2,10,FALSE,FALSE
GOBP_CATECHOLAMINE_SECRETION,GO:BP,-1.55457589969961,0.0919836834387905,28,0.703534865988356,1.34479396854283,6,28,FALSE,FALSE
GOBP_CATECHOLAMINE_TRANSPORT,GO:BP,-1.61411937500296,0.0394605833648972,40,0.562328090389784,1.41203366696997,9,40,FALSE,FALSE
GOBP_CATECHOLAMINE_UPTAKE,GO:BP,-1.31818790683941,0.256424106026507,13,0.777355997263282,1.44823965843074,3,13,FALSE,FALSE
GOBP_CATECHOL_CONTAINING_COMPOUND_BIOSYNTHETIC_PROCESS,GO:BP,0.948044710530475,0.634222542658015,17,0.703534865988356,1.4766365144784,4,17,FALSE,FALSE
GOBP_CATECHOL_CONTAINING_COMPOUND_METABOLIC_PROCESS,GO:BP,-0.997807188032568,0.583144423842972,43,0.944829045454405,1.02162642571471,7,43,FALSE,FALSE
GOBP_CAVEOLIN_MEDIATED_ENDOCYTOSIS,GO:BP,-1.43302706957009,0.165140906458994,11,1,0.570518653321201,1,11,FALSE,FALSE
GOBP_CD40_SIGNALING_PATHWAY,GO:BP,1.45437645714019,0.14053022891802,16,1,0.784463148316652,2,16,FALSE,FALSE
GOBP_CD4_POSITIVE_ALPHA_BETA_T_CELL_ACTIVATION,GO:BP,2.35416260945848,4.57692494473134e-10,132,0.00972554530165731,1.7590991810737,37,132,TRUE,TRUE
GOBP_CD4_POSITIVE_ALPHA_BETA_T_CELL_CYTOKINE_PRODUCTION,GO:BP,1.28617641429331,0.258549599805967,16,0.0888265983378271,2.74562101910828,7,16,FALSE,FALSE
GOBP_CD4_POSITIVE_ALPHA_BETA_T_CELL_PROLIFERATION,GO:BP,1.3637228140517,0.22580570849363,11,0.655369444735246,1.7115559599636,3,11,FALSE,FALSE
GOBP_CD4_POSITIVE_OR_CD8_POSITIVE_ALPHA_BETA_T_CELL_LINEAGE_COMMITMENT,GO:BP,1.82075901245736,0.00937510026893056,33,0.107641065225471,2.0919017288444,11,33,TRUE,FALSE
GOBP_CD8_POSITIVE_ALPHA_BETA_T_CELL_ACTIVATION,GO:BP,2.00678574401643,0.000893266625526377,40,0.902674157598632,1.09824840764331,7,40,TRUE,FALSE
GOBP_CD8_POSITIVE_ALPHA_BETA_T_CELL_DIFFERENTIATION,GO:BP,2.20515239986265,0.000110417775358717,27,1,0.929734101708624,4,27,TRUE,FALSE
GOBP_CD8_POSITIVE_ALPHA_BETA_T_CELL_HOMEOSTASIS,GO:BP,2.23420389940387,0.000122067174644299,14,,,,,TRUE,FALSE
GOBP_CDC42_PROTEIN_SIGNAL_TRANSDUCTION,GO:BP,0.909386249713067,0.692829895532598,12,0.719442465053918,1.5689262966333,3,12,FALSE,FALSE
GOBP_CDP_DIACYLGLYCEROL_METABOLIC_PROCESS,GO:BP,-0.727385217011314,0.880707312102855,14,,,,,FALSE,FALSE
GOBP_CELLULAR_COMPONENT_ASSEMBLY_INVOLVED_IN_MORPHOGENESIS,GO:BP,-2.18486069170551,1.7818136452706e-06,103,0.101958230565044,1.58415859077537,26,103,FALSE,FALSE
GOBP_CELLULAR_COMPONENT_DISASSEMBLY,GO:BP,1.46082590416825,0.00572956424855098,438,1,0.788045171824947,55,438,TRUE,FALSE
GOBP_CELLULAR_COMPONENT_DISASSEMBLY_INVOLVED_IN_EXECUTION_PHASE_OF_APOPTOSIS,GO:BP,1.34300776081562,0.17563648836728,29,0.553228151642349,1.51482538985284,7,29,FALSE,FALSE
GOBP_CELLULAR_COMPONENT_MAINTENANCE,GO:BP,-1.33654510217368,0.136489298915913,75,0.944829045454405,1.00411282984531,12,75,FALSE,FALSE
GOBP_CELLULAR_DEFENSE_RESPONSE,GO:BP,1.87771693306047,0.00443673959416871,41,0.284857917031218,1.68372578175281,11,41,TRUE,FALSE
GOBP_CELLULAR_DETOXIFICATION_OF_ALDEHYDE,GO:BP,1.55206353132926,0.113916141814222,11,0.944829045454405,1.1410373066424,2,11,FALSE,FALSE
GOBP_CELLULAR_EXTRAVASATION,GO:BP,1.04948193152964,0.492997096300472,67,0.67806536194772,1.21767414067062,13,67,FALSE,FALSE
GOBP_CELLULAR_HYPEROSMOTIC_RESPONSE,GO:BP,-0.981793757908769,0.586129838001483,20,1,0.627570518653321,2,20,FALSE,FALSE
GOBP_CELLULAR_HYPOTONIC_RESPONSE,GO:BP,-0.984281189621169,0.585181519941436,11,0.944829045454405,1.1410373066424,2,11,FALSE,FALSE
GOBP_CELLULAR_OXIDANT_DETOXIFICATION,GO:BP,1.363705929237,0.129270815731884,77,0.902674157598632,1.05953464188223,13,77,FALSE,FALSE
GOBP_CELLULAR_PIGMENTATION,GO:BP,1.55611562802091,0.0486472253689987,64,1,0.68640525477707,7,64,TRUE,FALSE
GOBP_CELLULAR_PROCESS_INVOLVED_IN_REPRODUCTION_IN_MULTICELLULAR_ORGANISM,GO:BP,-1.14055739468835,0.211312050144035,300,0.57560239903107,1.12962693357598,54,300,FALSE,FALSE
GOBP_CELLULAR_RESPIRATION,GO:BP,1.69003268139068,0.000118031697795706,297,1,0.570518653321201,27,297,TRUE,FALSE
GOBP_CELLULAR_RESPONSE_TO_ABIOTIC_STIMULUS,GO:BP,1.62818004631584,0.000729194466953844,313,1,0.902257934166117,45,313,TRUE,FALSE
GOBP_CELLULAR_RESPONSE_TO_ACIDIC_PH,GO:BP,1.06336534096986,0.50871767308797,19,0.788586078744843,1.32120109190173,4,19,FALSE,FALSE
GOBP_CELLULAR_RESPONSE_TO_ACID_CHEMICAL,GO:BP,-0.989830027796136,0.575661444255234,82,1,0.45919794047804,6,82,FALSE,FALSE
GOBP_CELLULAR_RESPONSE_TO_ALCOHOL,GO:BP,-1.07527848103732,0.423636189012678,98,0.719442465053918,1.15268054446528,18,98,FALSE,FALSE
GOBP_CELLULAR_RESPONSE_TO_ALDEHYDE,GO:BP,1.5079069028756,0.0944842079423679,22,0.678746825280159,1.426296633303,5,22,FALSE,FALSE
GOBP_CELLULAR_RESPONSE_TO_ALKALOID,GO:BP,1.06596151459616,0.482329600237336,32,0.303676489292972,1.76504208371247,9,32,FALSE,FALSE
GOBP_CELLULAR_RESPONSE_TO_AMYLOID_BETA,GO:BP,1.33617807386772,0.189535560745354,41,0.430749153033336,1.53065980159347,10,41,FALSE,FALSE
GOBP_CELLULAR_RESPONSE_TO_ANGIOTENSIN,GO:BP,-0.763739033418967,0.892605633802817,33,0.868087644964407,1.1410373066424,6,33,FALSE,FALSE
GOBP_CELLULAR_RESPONSE_TO_ARSENIC_CONTAINING_SUBSTANCE,GO:BP,1.78116841446818,0.0371711231955777,17,0.937040972683617,1.1074773858588,3,17,TRUE,FALSE
GOBP_CELLULAR_RESPONSE_TO_ATP,GO:BP,0.753785721583806,0.856871659784767,18,1,0.348650288140734,1,18,FALSE,FALSE
GOBP_CELLULAR_RESPONSE_TO_BIOTIC_STIMULUS,GO:BP,2.43933612564428,1.58944679825698e-14,229,0.000479315851412838,1.72650404695019,63,229,TRUE,TRUE
GOBP_CELLULAR_RESPONSE_TO_CADMIUM_ION,GO:BP,0.837540288847877,0.760663902899434,20,1,0.941355777979982,3,20,FALSE,FALSE
GOBP_CELLULAR_RESPONSE_TO_CAFFEINE,GO:BP,-1.58732760796277,0.101606882814539,10,0.906741278758732,1.25514103730664,2,10,FALSE,FALSE
GOBP_CELLULAR_RESPONSE_TO_CALCIUM_ION,GO:BP,-1.55353991866337,0.0315486400005526,78,0.0964724554308064,1.68961293483586,21,78,FALSE,FALSE
GOBP_CELLULAR_RESPONSE_TO_CAMP,GO:BP,-1.99445970625365,0.000723464983423974,50,0.544976826914864,1.38065514103731,11,50,FALSE,FALSE
GOBP_CELLULAR_RESPONSE_TO_CARBOHYDRATE_STIMULUS,GO:BP,-0.96039231944693,0.655658181684901,127,0.906741278758732,1.03771503084407,21,127,FALSE,FALSE
GOBP_CELLULAR_RESPONSE_TO_CHEMICAL_STRESS,GO:BP,1.22797263012481,0.149175601814092,301,1,0.917378831254024,44,301,FALSE,FALSE
GOBP_CELLULAR_RESPONSE_TO_CHOLESTEROL,GO:BP,-1.62148247773365,0.0845862466117913,16,0.906741278758732,1.17669472247498,3,16,FALSE,FALSE
GOBP_CELLULAR_RESPONSE_TO_COLD,GO:BP,-1.05653154314166,0.493855119572788,13,1,0.965493105620494,2,13,FALSE,FALSE
GOBP_CELLULAR_RESPONSE_TO_COPPER_ION,GO:BP,-1.34337518126475,0.186021417920564,22,1,0.855777979981802,3,22,FALSE,FALSE
GOBP_CELLULAR_RESPONSE_TO_CORTICOSTEROID_STIMULUS,GO:BP,1.57351938563462,0.0389195779907078,62,0.430749153033336,1.41709471953976,14,62,TRUE,FALSE
GOBP_CELLULAR_RESPONSE_TO_DEXAMETHASONE_STIMULUS,GO:BP,-1.07709488238435,0.467285473920359,22,1,0.570518653321201,2,22,FALSE,FALSE
GOBP_CELLULAR_RESPONSE_TO_DSRNA,GO:BP,1.8856226430513,0.0168780026170358,18,0.506693934048772,1.74325144070367,5,18,TRUE,FALSE
GOBP_CELLULAR_RESPONSE_TO_EPINEPHRINE_STIMULUS,GO:BP,-1.33562364767894,0.258549599805967,12,1,0.522975432211101,1,12,FALSE,FALSE
GOBP_CELLULAR_RESPONSE_TO_ESTRADIOL_STIMULUS,GO:BP,1.05507041726848,0.516570794013782,29,1,0.86561450848734,4,29,FALSE,FALSE
GOBP_CELLULAR_RESPONSE_TO_ESTROGEN_STIMULUS,GO:BP,-0.887918196122282,0.672074177428505,15,1,0.836760691537762,2,15,FALSE,FALSE
GOBP_CELLULAR_RESPONSE_TO_ETHANOL,GO:BP,1.20398269050759,0.329497531099667,12,0.978587630542299,1.0459508644222,2,12,FALSE,FALSE
GOBP_CELLULAR_RESPONSE_TO_ETHER,GO:BP,1.53334087494556,0.134608185133964,10,1,0.627570518653321,1,10,FALSE,FALSE
GOBP_CELLULAR_RESPONSE_TO_EXOGENOUS_DSRNA,GO:BP,1.84551068817744,0.017931623203195,12,0.201710248379816,2.61487716105551,5,12,TRUE,FALSE
GOBP_CELLULAR_RESPONSE_TO_EXTERNAL_STIMULUS,GO:BP,1.56879700401769,0.032758185803494,73,1,0.773717077791766,9,73,TRUE,FALSE
GOBP_CELLULAR_RESPONSE_TO_FATTY_ACID,GO:BP,1.13611199199816,0.401396153858459,36,0.0888265983378271,2.0919017288444,12,36,FALSE,FALSE
GOBP_CELLULAR_RESPONSE_TO_FLUID_SHEAR_STRESS,GO:BP,-1.20870856206498,0.290625044474349,44,1,0.427888989990901,3,44,FALSE,FALSE
GOBP_CELLULAR_RESPONSE_TO_FOLLICLE_STIMULATING_HORMONE_STIMULUS,GO:BP,-0.857722269410794,0.706319408802505,10,,,,,FALSE,FALSE
GOBP_CELLULAR_RESPONSE_TO_GAMMA_RADIATION,GO:BP,1.1063333584284,0.443625764872008,27,1,0.697300576281468,3,27,FALSE,FALSE
GOBP_CELLULAR_RESPONSE_TO_GLUCAGON_STIMULUS,GO:BP,-1.05005810688468,0.498797941171725,20,0.831189429132839,1.25514103730664,4,20,FALSE,FALSE
GOBP_CELLULAR_RESPONSE_TO_GLUCOSE_STARVATION,GO:BP,1.61123025816419,0.0420486061029255,48,1,0.784463148316652,6,48,TRUE,FALSE
GOBP_CELLULAR_RESPONSE_TO_GONADOTROPIN_STIMULUS,GO:BP,1.03644160049495,0.536204611542399,16,0.655369444735246,1.5689262966333,4,16,FALSE,FALSE
GOBP_CELLULAR_RESPONSE_TO_GROWTH_HORMONE_STIMULUS,GO:BP,1.2044196428478,0.324245554575421,24,0.77384671492533,1.30743858052775,5,24,FALSE,FALSE
GOBP_CELLULAR_RESPONSE_TO_HEAT,GO:BP,1.70813658944177,0.0138609950826105,67,1,0.655670691130336,7,67,TRUE,FALSE
GOBP_CELLULAR_RESPONSE_TO_HYDROGEN_PEROXIDE,GO:BP,1.48514952427074,0.10676832269548,59,0.99198586966751,0.957310960657609,9,59,FALSE,FALSE
GOBP_CELLULAR_RESPONSE_TO_INCREASED_OXYGEN_LEVELS,GO:BP,1.12589142892404,0.422460270194026,11,1,0.570518653321201,1,11,FALSE,FALSE
GOBP_CELLULAR_RESPONSE_TO_INSULIN_LIKE_GROWTH_FACTOR_STIMULUS,GO:BP,1.49249316911966,0.125753129407114,11,0.944829045454405,1.1410373066424,2,11,FALSE,FALSE
GOBP_CELLULAR_RESPONSE_TO_INSULIN_STIMULUS,GO:BP,-1.0852560395537,0.346628232489814,197,0.906741278758732,1.01940388816783,32,197,FALSE,FALSE
GOBP_CELLULAR_RESPONSE_TO_INTERFERON_BETA,GO:BP,2.13152321543466,0.000828832913034876,25,0.594213709778933,1.50616924476797,6,25,TRUE,FALSE
GOBP_CELLULAR_RESPONSE_TO_INTERLEUKIN_1,GO:BP,2.11806850989219,1.99760356288532e-05,82,0.0563025165575943,1.76025877183249,23,82,TRUE,FALSE
GOBP_CELLULAR_RESPONSE_TO_INTERLEUKIN_12,GO:BP,1.8231846472018,0.020216068279981,10,0.594213709778933,1.88271155595996,3,10,TRUE,FALSE
GOBP_CELLULAR_RESPONSE_TO_IONIZING_RADIATION,GO:BP,1.70891229535361,0.0130580790486904,70,0.970395233708437,0.986182243598076,11,70,TRUE,FALSE
GOBP_CELLULAR_RESPONSE_TO_KETONE,GO:BP,-1.37664875858583,0.0823917002868237,103,0.906741278758732,1.03579600166082,17,103,FALSE,FALSE
GOBP_CELLULAR_RESPONSE_TO_LEPTIN_STIMULUS,GO:BP,1.32981143502454,0.224090819132892,15,0.0223852755813793,3.34704276615105,8,15,FALSE,TRUE
GOBP_CELLULAR_RESPONSE_TO_LEUCINE_STARVATION,GO:BP,-0.862309353155318,0.715848213860919,11,,,,,FALSE,FALSE
GOBP_CELLULAR_RESPONSE_TO_LIGHT_STIMULUS,GO:BP,1.34575905067315,0.118404325333022,100,1,0.690327570518653,11,100,FALSE,FALSE
GOBP_CELLULAR_RESPONSE_TO_LIPOPROTEIN_PARTICLE_STIMULUS,GO:BP,1.27903662581666,0.229878048780488,37,0.0533483656670967,2.20497749797113,13,37,FALSE,FALSE
GOBP_CELLULAR_RESPONSE_TO_LITHIUM_ION,GO:BP,0.584550319438683,0.974577437858509,11,1,0.570518653321201,1,11,FALSE,FALSE
GOBP_CELLULAR_RESPONSE_TO_L_LEUCINE,GO:BP,0.58381969952557,0.974577437858509,11,,,,,FALSE,FALSE
GOBP_CELLULAR_RESPONSE_TO_MACROPHAGE_COLONY_STIMULATING_FACTOR_STIMULUS,GO:BP,-0.998447105386696,0.545350287129765,13,1,0.965493105620494,2,13,FALSE,FALSE
GOBP_CELLULAR_RESPONSE_TO_METAL_ION,GO:BP,-1.34155458962389,0.0665439528407427,164,0.100967269290111,1.45412681151379,38,164,FALSE,FALSE
GOBP_CELLULAR_RESPONSE_TO_MINERALOCORTICOID_STIMULUS,GO:BP,1.44900277718123,0.142791508664354,11,0.944829045454405,1.1410373066424,2,11,FALSE,FALSE
GOBP_CELLULAR_RESPONSE_TO_MOLECULE_OF_BACTERIAL_ORIGIN,GO:BP,2.47214023968135,6.47621615599431e-14,204,0.00040455640873096,1.7842691216614,58,204,TRUE,TRUE
GOBP_CELLULAR_RESPONSE_TO_MURAMYL_DIPEPTIDE,GO:BP,1.15632593831469,0.396458278378616,10,0.906741278758732,1.25514103730664,2,10,FALSE,FALSE
GOBP_CELLULAR_RESPONSE_TO_NITROGEN_LEVELS,GO:BP,-0.963611580187372,0.603447568233121,11,0.944829045454405,1.1410373066424,2,11,FALSE,FALSE
GOBP_CELLULAR_RESPONSE_TO_NUTRIENT,GO:BP,0.822697033200489,0.822201713608605,44,0.518370650020454,1.426296633303,10,44,FALSE,FALSE
GOBP_CELLULAR_RESPONSE_TO_NUTRIENT_LEVELS,GO:BP,1.19914584117597,0.198061490200856,237,1,0.847352599025581,32,237,FALSE,FALSE
GOBP_CELLULAR_RESPONSE_TO_OSMOTIC_STRESS,GO:BP,1.10118142765608,0.42461786001609,58,0.978587630542299,0.973816322048257,9,58,FALSE,FALSE
GOBP_CELLULAR_RESPONSE_TO_OXIDATIVE_STRESS,GO:BP,1.21853636176556,0.199435416455936,232,1,0.919715415267798,34,232,FALSE,FALSE
GOBP_CELLULAR_RESPONSE_TO_OXIDISED_LOW_DENSITY_LIPOPROTEIN_PARTICLE_STIMULUS,GO:BP,1.27839301045491,0.275288104176223,12,0.201710248379816,2.61487716105551,5,12,FALSE,FALSE
GOBP_CELLULAR_RESPONSE_TO_OXYGEN_LEVELS,GO:BP,1.22362827148621,0.214690476579858,157,0.621374170244402,1.15920669050613,29,157,FALSE,FALSE
GOBP_CELLULAR_RESPONSE_TO_OXYGEN_RADICAL,GO:BP,1.57628908402026,0.0857260242429089,19,0.556679392684558,1.65150136487716,5,19,FALSE,FALSE
GOBP_CELLULAR_RESPONSE_TO_PEPTIDE_HORMONE_STIMULUS,GO:BP,-1.08713378982947,0.322951722449979,308,0.527840653767516,1.1410373066424,56,308,FALSE,FALSE
GOBP_CELLULAR_RESPONSE_TO_PH,GO:BP,0.953981937018931,0.629578074135941,25,0.978587630542299,1.00411282984531,4,25,FALSE,FALSE
GOBP_CELLULAR_RESPONSE_TO_POTASSIUM_ION,GO:BP,-1.77858752860591,0.0274695852126529,10,0.303676489292972,2.51028207461329,4,10,FALSE,FALSE
GOBP_CELLULAR_RESPONSE_TO_PROSTAGLANDIN_E_STIMULUS,GO:BP,-0.881320919765299,0.724115996665547,20,1,0.941355777979982,3,20,FALSE,FALSE
GOBP_CELLULAR_RESPONSE_TO_PROSTAGLANDIN_STIMULUS,GO:BP,-1.09281189893285,0.447028214126616,26,1,0.724119829215371,3,26,FALSE,FALSE
GOBP_CELLULAR_RESPONSE_TO_PURINE_CONTAINING_COMPOUND,GO:BP,-1.2220150111786,0.324952114336231,12,0.978587630542299,1.0459508644222,2,12,FALSE,FALSE
GOBP_CELLULAR_RESPONSE_TO_RADIATION,GO:BP,1.64898070604299,0.00670029281223587,160,1,0.862909463148317,22,160,TRUE,FALSE
GOBP_CELLULAR_RESPONSE_TO_REACTIVE_NITROGEN_SPECIES,GO:BP,1.28969999924913,0.25425566425925,14,1,0.896529312361887,2,14,FALSE,FALSE
GOBP_CELLULAR_RESPONSE_TO_REACTIVE_OXYGEN_SPECIES,GO:BP,1.13410735021933,0.343425330742208,126,1,0.946336496381992,19,126,FALSE,FALSE
GOBP_CELLULAR_RESPONSE_TO_RETINOIC_ACID,GO:BP,-1.38125761889349,0.14066780613043,59,0.496872913326769,1.38278249872766,13,59,FALSE,FALSE
GOBP_CELLULAR_RESPONSE_TO_SALT_STRESS,GO:BP,-1.53406451956397,0.13238377227157,13,1,0.965493105620494,2,13,FALSE,FALSE
GOBP_CELLULAR_RESPONSE_TO_STARVATION,GO:BP,1.20430998477673,0.237739510065486,175,1,0.645501104900559,18,175,FALSE,FALSE
GOBP_CELLULAR_RESPONSE_TO_STEROID_HORMONE_STIMULUS,GO:BP,1.05115858798979,0.467129715753632,196,0.906741278758732,1.02460492841359,32,196,FALSE,FALSE
GOBP_CELLULAR_RESPONSE_TO_STEROL,GO:BP,-1.77528719230494,0.017811620770697,21,0.426982662077329,1.79305862472378,6,21,FALSE,FALSE
GOBP_CELLULAR_RESPONSE_TO_THYROID_HORMONE_STIMULUS,GO:BP,0.999924565616989,0.564399503402567,11,1,0.570518653321201,1,11,FALSE,FALSE
GOBP_CELLULAR_RESPONSE_TO_TOPOLOGICALLY_INCORRECT_PROTEIN,GO:BP,1.21512386505217,0.236629109460276,119,1,0.580107202116516,11,119,FALSE,FALSE
GOBP_CELLULAR_RESPONSE_TO_TOXIC_SUBSTANCE,GO:BP,1.39119556743897,0.0937807703457235,114,1,0.825750682438581,15,114,FALSE,FALSE
GOBP_CELLULAR_RESPONSE_TO_TYPE_II_INTERFERON,GO:BP,2.26303326155437,9.11718221764071e-07,93,0.303676489292972,1.41709471953976,21,93,TRUE,FALSE
GOBP_CELLULAR_RESPONSE_TO_UNFOLDED_PROTEIN,GO:BP,1.29197374163052,0.162830006104879,105,1,0.657454829065384,11,105,FALSE,FALSE
GOBP_CELLULAR_RESPONSE_TO_UV,GO:BP,1.53218177781506,0.0325549427556821,86,1,0.510813212857355,7,86,TRUE,FALSE
GOBP_CELLULAR_RESPONSE_TO_UV_A,GO:BP,1.08699642105799,0.48183307776019,10,0.594213709778933,1.88271155595996,3,10,FALSE,FALSE
GOBP_CELLULAR_RESPONSE_TO_UV_B,GO:BP,0.836212999707501,0.75825921329038,12,1,0.522975432211101,1,12,FALSE,FALSE
GOBP_CELLULAR_RESPONSE_TO_VASCULAR_ENDOTHELIAL_GROWTH_FACTOR_STIMULUS,GO:BP,-1.48289846966509,0.0609450093215608,70,1,0.627570518653321,7,70,FALSE,FALSE
GOBP_CELLULAR_RESPONSE_TO_VIRUS,GO:BP,2.19940849898997,3.46432220638521e-05,53,0.472526747512833,1.42091438185658,12,53,TRUE,FALSE
GOBP_CELLULAR_RESPONSE_TO_VITAMIN,GO:BP,-0.979382042226441,0.595473463795466,27,0.290924701964477,1.85946820341725,8,27,FALSE,FALSE
GOBP_CELLULAR_RESPONSE_TO_VITAMIN_D,GO:BP,1.08498569479589,0.486524412296564,21,0.644324793180605,1.49421552060315,5,21,FALSE,FALSE
GOBP_CELLULAR_RESPONSE_TO_XENOBIOTIC_STIMULUS,GO:BP,1.20414369476452,0.242244006919845,158,0.0480630749389317,1.54906647009364,39,158,FALSE,TRUE
GOBP_CELLULAR_RESPONSE_TO_ZINC_ION,GO:BP,-0.749419367784985,0.847389806226921,19,0.984968811334459,0.990900818926297,3,19,FALSE,FALSE
GOBP_CELLULAR_SENESCENCE,GO:BP,1.6993629638781,0.010621160152867,91,1,0.344818966293034,5,91,TRUE,FALSE
GOBP_CELL_ACTIVATION_INVOLVED_IN_IMMUNE_RESPONSE,GO:BP,2.05616271487041,5.89019907456012e-10,300,0.37362397488296,1.19238398544131,57,300,TRUE,FALSE
GOBP_CELL_ADHESION_MEDIATED_BY_INTEGRIN,GO:BP,0.967659671583942,0.603447568233121,78,1,0.885035346818786,11,78,FALSE,FALSE
GOBP_CELL_ADHESION_MOLECULE_PRODUCTION,GO:BP,1.37170334699475,0.217066780770501,10,0.303676489292972,2.51028207461329,4,10,FALSE,FALSE
GOBP_CELL_AGGREGATION,GO:BP,-1.52765073443434,0.143401850820059,17,0.112328337767288,2.58411390033721,7,17,FALSE,FALSE
GOBP_CELL_CELL_ADHESION_MEDIATED_BY_CADHERIN,GO:BP,-0.995140309750595,0.570470653478862,52,0.121459291981889,1.81029957303843,15,52,FALSE,FALSE
GOBP_CELL_CELL_ADHESION_MEDIATED_BY_INTEGRIN,GO:BP,0.878820427913644,0.720717437467582,29,1,0.86561450848734,4,29,FALSE,FALSE
GOBP_CELL_CELL_JUNCTION_ASSEMBLY,GO:BP,1.0338068835495,0.51148824006838,133,0.519675726550495,1.22682958533732,26,133,FALSE,FALSE
GOBP_CELL_CELL_JUNCTION_MAINTENANCE,GO:BP,-1.30600877913672,0.238205294084128,18,0.752302801814948,1.39460115256294,4,18,FALSE,FALSE
GOBP_CELL_CELL_JUNCTION_ORGANIZATION,GO:BP,-1.13675080971627,0.268588700498284,189,0.592860124576133,1.16216762713578,35,189,FALSE,FALSE
GOBP_CELL_CELL_RECOGNITION,GO:BP,1.30996281938368,0.171917881083486,59,0.356552908962656,1.48915038324517,14,59,FALSE,FALSE
GOBP_CELL_CELL_SIGNALING_INVOLVED_IN_CARDIAC_CONDUCTION,GO:BP,-1.5690561453601,0.0816672744675488,27,0.65691649481654,1.39460115256294,6,27,FALSE,FALSE
GOBP_CELL_CHEMOTAXIS,GO:BP,1.81955436449063,1.29247602609706e-05,289,0.00167447627014557,1.58521272877829,73,289,TRUE,TRUE
GOBP_CELL_COMMUNICATION_BY_ELECTRICAL_COUPLING,GO:BP,-1.58578690196188,0.0336985168361969,35,0.036012254022514,2.33097621214091,13,35,FALSE,TRUE
GOBP_CELL_COMMUNICATION_BY_ELECTRICAL_COUPLING_INVOLVED_IN_CARDIAC_CONDUCTION,GO:BP,-1.73298581467348,0.022243105727116,26,0.430749153033336,1.68961293483586,7,26,FALSE,FALSE
GOBP_CELL_COMMUNICATION_INVOLVED_IN_CARDIAC_CONDUCTION,GO:BP,-1.76189841714108,0.00670029281223587,54,0.0529531247051942,1.97568496613083,17,54,FALSE,FALSE
GOBP_CELL_CYCLE_CHECKPOINT_SIGNALING,GO:BP,2.54309357386983,1.6124675084535e-15,192,0.0428590330132964,1.50355436760692,46,192,TRUE,TRUE
GOBP_CELL_CYCLE_DNA_REPLICATION,GO:BP,2.15796368757172,0.000122364970047534,43,0.334262098404893,1.60541295469454,11,43,TRUE,FALSE
GOBP_CELL_CYCLE_G1_S_PHASE_TRANSITION,GO:BP,1.8997234235293,2.91842532867228e-06,246,1,0.867373887569631,34,246,TRUE,FALSE
GOBP_CELL_CYCLE_G2_M_PHASE_TRANSITION,GO:BP,2.23897435626274,6.55162032858994e-09,149,0.594213709778933,1.17932714914718,28,149,TRUE,FALSE
GOBP_CELL_DIFFERENTIATION_INVOLVED_IN_EMBRYONIC_PLACENTA_DEVELOPMENT,GO:BP,1.66481219329679,0.0348789839633059,22,0.0626293965258465,2.56733393994541,9,22,TRUE,FALSE
GOBP_CELL_DIFFERENTIATION_INVOLVED_IN_KIDNEY_DEVELOPMENT,GO:BP,-1.52931133824658,0.0417796017810873,51,0.719092384349367,1.230530428732,10,51,FALSE,FALSE
GOBP_CELL_DIFFERENTIATION_INVOLVED_IN_METANEPHROS_DEVELOPMENT,GO:BP,-1.61778820391556,0.0740409693319108,18,0.506693934048772,1.74325144070367,5,18,FALSE,FALSE
GOBP_CELL_DIFFERENTIATION_IN_HINDBRAIN,GO:BP,-1.61366662567469,0.0786563937085233,18,0.962721081755926,1.0459508644222,3,18,FALSE,FALSE
GOBP_CELL_DIFFERENTIATION_IN_SPINAL_CORD,GO:BP,-2.15951904866197,0.00035112680972946,31,1,0.809768411165576,4,31,FALSE,FALSE
GOBP_CELL_FATE_COMMITMENT,GO:BP,-1.408390354882,0.024543359177839,226,0.255106190572152,1.27735592292269,46,226,FALSE,FALSE
GOBP_CELL_FATE_COMMITMENT_INVOLVED_IN_FORMATION_OF_PRIMARY_GERM_LAYER,GO:BP,-1.14961359856674,0.37705960575278,29,0.918519119712341,1.08201813560917,5,29,FALSE,FALSE
GOBP_CELL_FATE_DETERMINATION,GO:BP,-1.51171050036528,0.101606882814539,32,0.654722182695088,1.37281050955414,7,32,FALSE,FALSE
GOBP_CELL_FATE_SPECIFICATION,GO:BP,-1.66300223622488,0.0100371357387062,76,1,0.908325750682439,11,76,FALSE,FALSE
GOBP_CELL_GROWTH,GO:BP,-1.26954991834425,0.0281829728420959,436,0.719442465053918,1.06514262340243,74,436,FALSE,FALSE
GOBP_CELL_JUNCTION_ASSEMBLY,GO:BP,-1.92214329839786,1.59541286809145e-11,480,0.243113645104746,1.18976910828025,91,480,FALSE,FALSE
GOBP_CELL_JUNCTION_DISASSEMBLY,GO:BP,-0.683497332153905,0.954175226726565,37,1,0.678454614760347,4,37,FALSE,FALSE
GOBP_CELL_JUNCTION_MAINTENANCE,GO:BP,-1.42242768066336,0.109985633486447,52,0.892380128876136,1.08617974382306,9,52,FALSE,FALSE
GOBP_CELL_KILLING,GO:BP,2.36198452479206,7.60660646776151e-13,210,4.26099990656506e-13,2.45051345378916,82,210,TRUE,TRUE
GOBP_CELL_MATRIX_ADHESION,GO:BP,-1.66672896084765,0.000318257442434548,225,0.937040972683617,1.00411282984531,36,225,FALSE,FALSE
GOBP_CELL_MATURATION,GO:BP,1.10921720633943,0.374491887588422,173,0.031871023119527,1.55985735850247,43,173,FALSE,TRUE
GOBP_CELL_MIGRATION_INVOLVED_IN_GASTRULATION,GO:BP,-1.04457160660011,0.52274951918857,11,0.944829045454405,1.1410373066424,2,11,FALSE,FALSE
GOBP_CELL_MIGRATION_INVOLVED_IN_HEART_DEVELOPMENT,GO:BP,-1.16031118723141,0.378817391003238,19,0.788586078744843,1.32120109190173,4,19,FALSE,FALSE
GOBP_CELL_MIGRATION_INVOLVED_IN_SPROUTING_ANGIOGENESIS,GO:BP,-1.24144232236385,0.204061900025445,60,1,0.732165605095541,7,60,FALSE,FALSE
GOBP_CELL_MIGRATION_IN_HINDBRAIN,GO:BP,-1.06479277878148,0.48183307776019,13,0.777355997263282,1.44823965843074,3,13,FALSE,FALSE
GOBP_CELL_PROLIFERATION_INVOLVED_IN_HEART_MORPHOGENESIS,GO:BP,-1.51439126408338,0.147466940096094,17,1,0.738318257239201,2,17,FALSE,FALSE
GOBP_CELL_PROLIFERATION_INVOLVED_IN_KIDNEY_DEVELOPMENT,GO:BP,-1.26395965274583,0.2689280417286,19,0.984968811334459,0.990900818926297,3,19,FALSE,FALSE
GOBP_CELL_PROLIFERATION_IN_FOREBRAIN,GO:BP,-1.61944038868396,0.0557342136758569,20,0.831189429132839,1.25514103730664,4,20,FALSE,FALSE
GOBP_CELL_RECOGNITION,GO:BP,1.25482205304272,0.187897432372048,141,0.00290082121530356,1.82485044431108,41,141,FALSE,TRUE
GOBP_CELL_REDOX_HOMEOSTASIS,GO:BP,1.5146481131462,0.0912931316334342,44,1,0.570518653321201,4,44,FALSE,FALSE
GOBP_CELL_SUBSTRATE_ADHESION,GO:BP,-1.64601906013592,5.67349288523508e-05,341,0.67806536194772,1.08582582406293,59,341,FALSE,FALSE
GOBP_CELL_SUBSTRATE_JUNCTION_DISASSEMBLY,GO:BP,0.717083283854944,0.88924781917997,13,,,,,FALSE,FALSE
GOBP_CELL_SUBSTRATE_JUNCTION_ORGANIZATION,GO:BP,-1.89795882568809,0.000223294724201677,106,1,0.592047659106907,10,106,FALSE,FALSE
GOBP_CELL_SURFACE_PATTERN_RECOGNITION_RECEPTOR_SIGNALING_PATHWAY,GO:BP,1.95709647604658,0.000464678504788976,74,0.159903768946073,1.61132971005582,19,74,TRUE,FALSE
GOBP_CELL_SURFACE_RECEPTOR_PROTEIN_SERINE_THREONINE_KINASE_SIGNALING_PATHWAY,GO:BP,-1.67387995675624,2.78746579196376e-05,347,0.984968811334459,0.976622709143497,54,347,FALSE,FALSE
GOBP_CELL_SURFACE_RECEPTOR_SIGNALING_PATHWAY_VIA_JAK_STAT,GO:BP,1.92805010227454,0.000146431138902709,117,0.0255941386240145,1.71643218776977,32,117,TRUE,TRUE
GOBP_CELL_SURFACE_RECEPTOR_SIGNALING_PATHWAY_VIA_STAT,GO:BP,1.77501282643013,0.00195018968727841,134,0.00720209496066865,1.77967759021091,38,134,TRUE,TRUE
GOBP_CELL_SURFACE_TOLL_LIKE_RECEPTOR_SIGNALING_PATHWAY,GO:BP,1.83859629407733,0.00277465909026521,67,0.426982662077329,1.40500862385072,15,67,TRUE,FALSE
GOBP_CELL_VOLUME_HOMEOSTASIS,GO:BP,-0.855685365107251,0.776495345490477,31,1,0.202442102791394,1,31,FALSE,FALSE
GOBP_CENP_A_CONTAINING_CHROMATIN_ASSEMBLY,GO:BP,1.99248661334003,0.00299566364533809,11,0.367902175932515,2.2820746132848,4,11,TRUE,FALSE
GOBP_CENTRAL_NERVOUS_SYSTEM_NEURON_AXONOGENESIS,GO:BP,-1.48835765162319,0.0765973126880305,36,0.937040972683617,1.0459508644222,6,36,FALSE,FALSE
GOBP_CENTRAL_NERVOUS_SYSTEM_NEURON_DEVELOPMENT,GO:BP,-1.43134001962105,0.0786563937085233,82,0.757510430254789,1.1479948511951,15,82,FALSE,FALSE
GOBP_CENTRAL_NERVOUS_SYSTEM_NEURON_DIFFERENTIATION,GO:BP,-1.92631486008161,1.18652961391987e-05,168,0.697318165643044,1.12066164045236,30,168,FALSE,FALSE
GOBP_CENTRAL_NERVOUS_SYSTEM_PROJECTION_NEURON_AXONOGENESIS,GO:BP,-1.45207107896748,0.124601813691906,27,0.65691649481654,1.39460115256294,6,27,FALSE,FALSE
GOBP_CENTRIOLE_ASSEMBLY,GO:BP,1.37893719212563,0.133345370718484,47,1,0.133525642266664,1,47,FALSE,FALSE
GOBP_CENTRIOLE_CENTRIOLE_COHESION,GO:BP,1.07866316729531,0.505860800485261,15,1,0.836760691537762,2,15,FALSE,FALSE
GOBP_CENTRIOLE_ELONGATION,GO:BP,-0.749329774654936,0.826706447310853,10,,,,,FALSE,FALSE
GOBP_CENTROMERIC_SISTER_CHROMATID_COHESION,GO:BP,1.64477563774439,0.0809185312357766,13,0.499747367215725,1.93098621124099,4,13,FALSE,FALSE
GOBP_CENTROSOME_DUPLICATION,GO:BP,1.47562790024309,0.106881068076268,81,1,0.38738920904526,5,81,FALSE,FALSE
GOBP_CENTROSOME_SEPARATION,GO:BP,1.94757011470185,0.00696643321220419,14,0.55559567973604,1.79305862472377,4,14,TRUE,FALSE
GOBP_CERAMIDE_BIOSYNTHETIC_PROCESS,GO:BP,-1.07583861041545,0.428593391868543,65,0.984968811334459,0.965493105620494,10,65,FALSE,FALSE
GOBP_CERAMIDE_CATABOLIC_PROCESS,GO:BP,1.02531967513316,0.545690061418771,19,0.984968811334459,0.990900818926297,3,19,FALSE,FALSE
GOBP_CERAMIDE_METABOLIC_PROCESS,GO:BP,1.24229455632596,0.221884498480243,99,0.519040009905959,1.26781922960267,20,99,FALSE,FALSE
GOBP_CERAMIDE_TRANSPORT,GO:BP,1.12464937299614,0.423636189012678,16,1,0.784463148316652,2,16,FALSE,FALSE
GOBP_CEREBELLAR_CORTEX_DEVELOPMENT,GO:BP,-1.458970465136,0.0695395638675082,50,0.956608726174432,1.00411282984531,8,50,FALSE,FALSE
GOBP_CEREBELLAR_CORTEX_FORMATION,GO:BP,-1.44707667228728,0.131409068613422,22,1,0.570518653321201,2,22,FALSE,FALSE
GOBP_CEREBELLAR_CORTEX_MORPHOGENESIS,GO:BP,-1.68161413303863,0.0209202270703941,33,1,0.950864422202002,5,33,FALSE,FALSE
GOBP_CEREBELLAR_GRANULAR_LAYER_DEVELOPMENT,GO:BP,-1.19718817279286,0.35027158376215,12,0.719442465053918,1.5689262966333,3,12,FALSE,FALSE
GOBP_CEREBELLAR_PURKINJE_CELL_LAYER_DEVELOPMENT,GO:BP,-0.969851339540982,0.602977362204724,24,1,0.522975432211101,2,24,FALSE,FALSE
GOBP_CEREBELLAR_PURKINJE_CELL_LAYER_FORMATION,GO:BP,-1.46741270027546,0.144665860530259,11,,,,,FALSE,FALSE
GOBP_CEREBELLAR_PURKINJE_CELL_LAYER_MORPHOGENESIS,GO:BP,-1.10067661619908,0.460067764404661,15,1,0.418380345768881,1,15,FALSE,FALSE
GOBP_CEREBRAL_CORTEX_CELL_MIGRATION,GO:BP,-1.29848447582237,0.198217217921651,41,1,0.765329900796733,5,41,FALSE,FALSE
GOBP_CEREBRAL_CORTEX_DEVELOPMENT,GO:BP,1.06027324504743,0.452703925851728,110,0.719442465053918,1.1410373066424,20,110,FALSE,FALSE
GOBP_CEREBRAL_CORTEX_NEURON_DIFFERENTIATION,GO:BP,-1.54502476825169,0.0824336253901702,22,0.470180903258393,1.7115559599636,6,22,FALSE,FALSE
GOBP_CEREBRAL_CORTEX_RADIALLY_ORIENTED_CELL_MIGRATION,GO:BP,-1.18315657869821,0.33284168953652,32,0.978587630542299,0.980578935395814,5,32,FALSE,FALSE
GOBP_CGAS_STING_SIGNALING_PATHWAY,GO:BP,1.00230232732434,0.56161191749427,24,1,0.261487716105551,1,24,FALSE,FALSE
GOBP_CGMP_METABOLIC_PROCESS,GO:BP,-1.62165152098035,0.101137529926851,11,1,0.570518653321201,1,11,FALSE,FALSE
GOBP_CHAPERONE_MEDIATED_AUTOPHAGY,GO:BP,0.951566174309498,0.620548263292559,15,,,,,FALSE,FALSE
GOBP_CHAPERONE_MEDIATED_PROTEIN_COMPLEX_ASSEMBLY,GO:BP,1.0381743933909,0.523129501262842,23,1,0.272856747240574,1,23,FALSE,FALSE
GOBP_CHEMICAL_SYNAPTIC_TRANSMISSION_POSTSYNAPTIC,GO:BP,-1.75021559070853,0.00131168714678695,98,0.0425660678632253,1.72902081669793,27,98,FALSE,TRUE
GOBP_CHEMOKINE_C_C_MOTIF_LIGAND_5_PRODUCTION,GO:BP,1.52175059769119,0.141628375073207,12,0.719442465053918,1.5689262966333,3,12,FALSE,FALSE
GOBP_CHEMOKINE_C_X_C_MOTIF_LIGAND_2_PRODUCTION,GO:BP,1.48890707063343,0.131937231880786,17,0.703534865988356,1.4766365144784,4,17,FALSE,FALSE
GOBP_CHEMOKINE_PRODUCTION,GO:BP,2.06034177888346,9.83885548490153e-05,88,0.00617159349684994,1.9968152866242,28,88,TRUE,TRUE
GOBP_CHEMOSENSORY_BEHAVIOR,GO:BP,-1.12408826307008,0.433046721982721,16,0.0888265983378271,2.74562101910828,7,16,FALSE,FALSE
GOBP_CHLORIDE_TRANSPORT,GO:BP,-0.984416910893855,0.599483204134367,101,0.0563025165575943,1.6776637627366,27,101,FALSE,FALSE
GOBP_CHOLESTEROL_BIOSYNTHETIC_PROCESS_VIA_DESMOSTEROL,GO:BP,1.13518176041956,0.433032093998453,19,1,0.330300272975432,1,19,FALSE,FALSE
GOBP_CHOLESTEROL_EFFLUX,GO:BP,-1.16122588822426,0.301243498817967,53,0.220473793902861,1.65773344549934,14,53,FALSE,FALSE
GOBP_CHOLESTEROL_STORAGE,GO:BP,0.993075660782726,0.586866576543362,23,0.161234531076505,2.1828539779246,8,23,FALSE,FALSE
GOBP_CHOLINE_TRANSPORT,GO:BP,1.1055682562484,0.454627675610491,10,1,0.627570518653321,1,10,FALSE,FALSE
GOBP_CHONDROCYTE_DEVELOPMENT,GO:BP,0.758303225887562,0.881628919838557,34,1,0.922897821549002,5,34,FALSE,FALSE
GOBP_CHONDROCYTE_DEVELOPMENT_INVOLVED_IN_ENDOCHONDRAL_BONE_MORPHOGENESIS,GO:BP,1.07011081079382,0.507285263861906,10,0.906741278758732,1.25514103730664,2,10,FALSE,FALSE
GOBP_CHONDROCYTE_DIFFERENTIATION,GO:BP,-1.84427075653867,0.000269221190332128,107,1,0.93842320546291,16,107,FALSE,FALSE
GOBP_CHONDROCYTE_DIFFERENTIATION_INVOLVED_IN_ENDOCHONDRAL_BONE_MORPHOGENESIS,GO:BP,0.860421795572762,0.728144505167049,13,1,0.965493105620494,2,13,FALSE,FALSE
GOBP_CHONDROCYTE_PROLIFERATION,GO:BP,0.707555037912074,0.911810820310122,22,0.906741278758732,1.1410373066424,4,22,FALSE,FALSE
GOBP_CHONDROITIN_SULFATE_PROTEOGLYCAN_BIOSYNTHETIC_PROCESS,GO:BP,-0.832401134803957,0.808075105173224,28,1,0.224132328090472,1,28,FALSE,FALSE
GOBP_CHONDROITIN_SULFATE_PROTEOGLYCAN_METABOLIC_PROCESS,GO:BP,0.671124057171651,0.952044769015506,37,1,0.339227307380174,2,37,FALSE,FALSE
GOBP_CHROMATIN_LOOPING,GO:BP,0.582785322947716,0.978348856255833,17,,,,,FALSE,FALSE
GOBP_CHROMOSOME_CONDENSATION,GO:BP,2.36230182900344,2.65219458785027e-06,33,0.331507256662576,1.7115559599636,9,33,TRUE,FALSE
GOBP_CHROMOSOME_LOCALIZATION,GO:BP,2.49858425345458,2.42968879879926e-11,122,0.187119699845837,1.44032578051582,28,122,TRUE,FALSE
GOBP_CHROMOSOME_ORGANIZATION_INVOLVED_IN_MEIOTIC_CELL_CYCLE,GO:BP,1.73904131788978,0.0153441972420303,50,0.678923552532195,1.25514103730664,10,50,TRUE,FALSE
GOBP_CHROMOSOME_SEGREGATION,GO:BP,2.57822807435028,1.13309611730582e-26,407,0.0966235116479624,1.27981211420702,83,407,TRUE,FALSE
GOBP_CHROMOSOME_SEPARATION,GO:BP,2.80171662556899,1.17345195405115e-14,88,0.00617159349684994,1.9968152866242,28,88,TRUE,TRUE
GOBP_CHRONIC_INFLAMMATORY_RESPONSE,GO:BP,2.35764564483735,3.80235286667962e-06,21,0.00528465819009307,3.28727414532692,11,21,TRUE,TRUE
GOBP_CILIUM_MOVEMENT,GO:BP,-1.04678257338571,0.442169630848656,181,1,0.797465299946209,23,181,FALSE,FALSE
GOBP_CILIUM_ORGANIZATION,GO:BP,-1.27347911770884,0.0389424968693457,378,1,0.415059866834207,25,378,FALSE,FALSE
GOBP_CILIUM_OR_FLAGELLUM_DEPENDENT_CELL_MOTILITY,GO:BP,-1.10037476932089,0.364073155610663,159,1,0.82886672274967,21,159,FALSE,FALSE
GOBP_CIRCADIAN_REGULATION_OF_GENE_EXPRESSION,GO:BP,1.00772450931044,0.560252646959118,58,0.978587630542299,0.973816322048257,9,58,FALSE,FALSE
GOBP_CIRCADIAN_RHYTHM,GO:BP,0.954104416828075,0.626067996508726,179,0.520352805587691,1.1920333873862,34,179,FALSE,FALSE
GOBP_CIRCADIAN_SLEEP_WAKE_CYCLE,GO:BP,-1.29391195687719,0.252259663902418,19,0.788586078744843,1.32120109190173,4,19,FALSE,FALSE
GOBP_CIRCADIAN_SLEEP_WAKE_CYCLE_SLEEP,GO:BP,-1.26686985409274,0.292712789386847,16,0.906741278758732,1.17669472247498,3,16,FALSE,FALSE
GOBP_CLATHRIN_COAT_ASSEMBLY,GO:BP,0.839927330166493,0.760068708284256,18,,,,,FALSE,FALSE
GOBP_CLATHRIN_DEPENDENT_ENDOCYTOSIS,GO:BP,1.14484589313856,0.359175535898456,48,1,0.130743858052775,1,48,FALSE,FALSE
GOBP_COBALAMIN_METABOLIC_PROCESS,GO:BP,0.855051207943105,0.732030723681878,10,,,,,FALSE,FALSE
GOBP_COCHLEA_DEVELOPMENT,GO:BP,-1.2931185981352,0.164002798734485,49,0.023576365281751,2.17728547287887,17,49,FALSE,TRUE
GOBP_COCHLEA_MORPHOGENESIS,GO:BP,0.877306302766004,0.739642937417718,24,0.190629659906675,2.0919017288444,8,24,FALSE,FALSE
GOBP_COENZYME_A_BIOSYNTHETIC_PROCESS,GO:BP,-1.26950916478482,0.328380098717271,10,,,,,FALSE,FALSE
GOBP_COENZYME_A_METABOLIC_PROCESS,GO:BP,1.09870119397466,0.464458153291482,18,1,0.348650288140734,1,18,FALSE,FALSE
GOBP_COGNITION,GO:BP,-1.53987978345735,0.00134834667110148,287,0.023803026679343,1.4431935272167,66,287,FALSE,TRUE
GOBP_COLLAGEN_ACTIVATED_SIGNALING_PATHWAY,GO:BP,0.747416110432326,0.860719962390024,16,1,0.392231574158326,1,16,FALSE,FALSE
GOBP_COLLAGEN_ACTIVATED_TYROSINE_KINASE_RECEPTOR_SIGNALING_PATHWAY,GO:BP,0.809778242888681,0.795895531564321,12,,,,,FALSE,FALSE
GOBP_COLLAGEN_BIOSYNTHETIC_PROCESS,GO:BP,-0.951763815892878,0.644014200180152,44,1,0.855777979981802,6,44,FALSE,FALSE
GOBP_COLLAGEN_CATABOLIC_PROCESS,GO:BP,1.29229956783136,0.222815698871795,34,0.544976826914864,1.4766365144784,8,34,FALSE,FALSE
GOBP_COLLAGEN_FIBRIL_ORGANIZATION,GO:BP,-1.49037604679526,0.0422601494777377,75,1,0.836760691537761,10,75,FALSE,FALSE
GOBP_COLLAGEN_METABOLIC_PROCESS,GO:BP,0.991479865954995,0.580656149083654,91,0.471832128382354,1.31031207191353,19,91,FALSE,FALSE
GOBP_COLLATERAL_SPROUTING,GO:BP,-1.53245714163308,0.115072778034658,30,0.777355997263282,1.25514103730664,6,30,FALSE,FALSE
GOBP_COLLECTING_DUCT_DEVELOPMENT,GO:BP,-1.55697450831172,0.1277730315537,10,1,0.627570518653321,1,10,FALSE,FALSE
GOBP_COLUMNAR_CUBOIDAL_EPITHELIAL_CELL_DEVELOPMENT,GO:BP,1.24899832487207,0.291942366847833,18,0.506693934048772,1.74325144070367,5,18,FALSE,FALSE
GOBP_COLUMNAR_CUBOIDAL_EPITHELIAL_CELL_DIFFERENTIATION,GO:BP,-0.99744888999754,0.557171990719717,71,1,0.88390213894834,10,71,FALSE,FALSE
GOBP_COMMISSURAL_NEURON_AXON_GUIDANCE,GO:BP,-1.09145196779713,0.458954391012128,14,1,0.896529312361887,2,14,FALSE,FALSE
GOBP_COMPLEMENT_ACTIVATION,GO:BP,0.824186180059406,0.827713201770325,48,0.485458411687215,1.43818243858053,11,48,FALSE,FALSE
GOBP_COMPLEMENT_ACTIVATION_ALTERNATIVE_PATHWAY,GO:BP,0.904798292563638,0.669157884589128,13,0.777355997263282,1.44823965843074,3,13,FALSE,FALSE
GOBP_COMPLEMENT_ACTIVATION_CLASSICAL_PATHWAY,GO:BP,0.686752462749624,0.946618960294576,31,0.8068601672033,1.21465261674836,6,31,FALSE,FALSE
GOBP_COMPLEMENT_ACTIVATION_LECTIN_PATHWAY,GO:BP,-0.878944922578568,0.694728417698086,11,0.944829045454405,1.1410373066424,2,11,FALSE,FALSE
GOBP_COMPLEMENT_DEPENDENT_CYTOTOXICITY,GO:BP,-0.761069695152315,0.847171712569779,11,1,0.570518653321201,1,11,FALSE,FALSE
GOBP_COMPLEMENT_RECEPTOR_MEDIATED_SIGNALING_PATHWAY,GO:BP,0.976632303967271,0.596145521413571,14,1,0.896529312361887,2,14,FALSE,FALSE
GOBP_CONNECTIVE_TISSUE_DEVELOPMENT,GO:BP,-1.87409793076399,1.05608536897796e-06,276,0.250721226969113,1.25059342485263,55,276,FALSE,FALSE
GOBP_CONNECTIVE_TISSUE_REPLACEMENT,GO:BP,-0.747424424472403,0.855912951106441,17,0.937040972683617,1.1074773858588,3,17,FALSE,FALSE
GOBP_CONSTITUTIVE_HETEROCHROMATIN_FORMATION,GO:BP,1.12379970126834,0.402237713833679,47,1,0.534102569066656,4,47,FALSE,FALSE
GOBP_CONVERGENT_EXTENSION,GO:BP,0.871717407802827,0.703020437692169,16,1,0.784463148316652,2,16,FALSE,FALSE
GOBP_COPII_COATED_VESICLE_BUDDING,GO:BP,1.22164633731167,0.278151028683007,43,1,0.291893264489917,2,43,FALSE,FALSE
GOBP_COPII_COATED_VESICLE_CARGO_LOADING,GO:BP,1.24570494158657,0.291942366847833,18,1,0.348650288140734,1,18,FALSE,FALSE
GOBP_COPPER_ION_HOMEOSTASIS,GO:BP,1.05867802658967,0.508288666174999,22,1,0.855777979981802,3,22,FALSE,FALSE
GOBP_COPPER_ION_TRANSPORT,GO:BP,1.53956862357846,0.14212834956938,15,1,0.836760691537762,2,15,FALSE,FALSE
GOBP_COPULATION,GO:BP,-0.987516650648133,0.559269389458069,14,0.303676489292972,2.24132328090472,5,14,FALSE,FALSE
GOBP_CORNEA_DEVELOPMENT_IN_CAMERA_TYPE_EYE,GO:BP,-1.41453132316342,0.183487131565627,10,0.594213709778933,1.88271155595996,3,10,FALSE,FALSE
GOBP_CORNIFICATION,GO:BP,2.00273342061109,0.00556322376931232,17,0.044017851570693,2.95327302895681,8,17,TRUE,TRUE
GOBP_CORONARY_VASCULATURE_DEVELOPMENT,GO:BP,-1.44563923514376,0.128505155952681,45,0.978587630542299,0.976220806794055,7,45,FALSE,FALSE
GOBP_CORONARY_VASCULATURE_MORPHOGENESIS,GO:BP,-1.34133152418735,0.220255774581378,15,1,0.836760691537762,2,15,FALSE,FALSE
GOBP_CORPUS_CALLOSUM_DEVELOPMENT,GO:BP,-1.40283757907707,0.136489298915913,26,0.99198586966751,0.965493105620494,4,26,FALSE,FALSE
GOBP_CORTICAL_ACTIN_CYTOSKELETON_ORGANIZATION,GO:BP,1.46103020062648,0.122548224561465,40,1,0.784463148316651,5,40,FALSE,FALSE
GOBP_CORTICAL_CYTOSKELETON_ORGANIZATION,GO:BP,1.181256689891,0.310601635764142,56,1,0.56033082022618,5,56,FALSE,FALSE
GOBP_CORTICOSTEROID_HORMONE_SECRETION,GO:BP,-1.7354452636627,0.0214823693316909,19,0.0762698032840671,2.64240218380346,8,19,FALSE,FALSE
GOBP_CORTISOL_METABOLIC_PROCESS,GO:BP,-1.7565915934497,0.0526048398546599,12,0.430749153033336,2.0919017288444,4,12,FALSE,FALSE
GOBP_COTRANSLATIONAL_PROTEIN_TARGETING_TO_MEMBRANE,GO:BP,1.35998235235517,0.173147581139008,27,,,,,FALSE,FALSE
GOBP_CO_TRANSCRIPTIONAL_RNA_3_END_PROCESSING_CLEAVAGE_AND_POLYADENYLATION_PATHWAY,GO:BP,1.50292741283129,0.11958827083315,11,,,,,FALSE,FALSE
GOBP_CRANIAL_NERVE_DEVELOPMENT,GO:BP,-1.07229363010989,0.460577013438587,48,0.923323045302578,1.0459508644222,8,48,FALSE,FALSE
GOBP_CRANIAL_NERVE_MORPHOGENESIS,GO:BP,-1.15680398887431,0.358939005556529,27,0.868087644964407,1.16216762713578,5,27,FALSE,FALSE
GOBP_CRANIAL_SKELETAL_SYSTEM_DEVELOPMENT,GO:BP,-1.06105621586276,0.450687232119831,65,1,0.772394484496395,8,65,FALSE,FALSE
GOBP_CRANIOFACIAL_SUTURE_MORPHOGENESIS,GO:BP,-1.67744277770844,0.0636715504882003,16,0.906741278758732,1.17669472247498,3,16,FALSE,FALSE
GOBP_CRD_MEDIATED_MRNA_STABILIZATION,GO:BP,1.60821330734738,0.0942443195738513,10,,,,,FALSE,FALSE
GOBP_CRISTAE_FORMATION,GO:BP,0.944019173789182,0.647736666750169,16,,,,,FALSE,FALSE
GOBP_CYCLIC_NUCLEOTIDE_BIOSYNTHETIC_PROCESS,GO:BP,-1.79158526865953,0.0354574841277721,17,0.462054378260411,1.845795643098,5,17,FALSE,FALSE
GOBP_CYCLIC_NUCLEOTIDE_CATABOLIC_PROCESS,GO:BP,-0.924411769342831,0.642055700260469,13,,,,,FALSE,FALSE
GOBP_CYCLIC_NUCLEOTIDE_METABOLIC_PROCESS,GO:BP,-1.41919842163782,0.0998755314715579,35,0.752302801814948,1.25514103730664,7,35,FALSE,FALSE
GOBP_CYCLIC_NUCLEOTIDE_TRANSPORT,GO:BP,1.39221433049644,0.208243042277459,11,0.655369444735246,1.7115559599636,3,11,FALSE,FALSE
GOBP_CYSTEINE_METABOLIC_PROCESS,GO:BP,1.04491073739192,0.533456623901863,10,0.594213709778933,1.88271155595996,3,10,FALSE,FALSE
GOBP_CYTOCHROME_COMPLEX_ASSEMBLY,GO:BP,1.2966331046999,0.210510491162511,41,1,0.153065980159347,1,41,FALSE,FALSE
GOBP_CYTOKINESIS,GO:BP,1.70780170727153,0.00200354433219501,170,1,0.959813734410962,26,170,TRUE,FALSE
GOBP_CYTOKINETIC_PROCESS,GO:BP,1.68792185917262,0.0313502454369891,52,1,0.844806467417932,7,52,TRUE,FALSE
GOBP_CYTOKINE_MEDIATED_SIGNALING_PATHWAY,GO:BP,2.32260043606707,5.67169554854357e-21,472,1.41849158295858e-06,1.63540622445675,123,472,TRUE,TRUE
GOBP_CYTOKINE_PRODUCTION_INVOLVED_IN_IMMUNE_RESPONSE,GO:BP,2.08772702723085,3.16180796412852e-05,96,0.0869825200077341,1.63429822565969,25,96,TRUE,FALSE
GOBP_CYTOKINE_PRODUCTION_INVOLVED_IN_INFLAMMATORY_RESPONSE,GO:BP,2.24328994474492,3.93501968293041e-06,69,9.89738258333352e-05,2.54666297424536,28,69,TRUE,TRUE
GOBP_CYTOLYSIS,GO:BP,1.65853731120198,0.0745766741437746,10,0.117262721583506,3.13785259326661,5,10,FALSE,FALSE
GOBP_CYTOPLASMIC_MICROTUBULE_ORGANIZATION,GO:BP,-1.24990264843969,0.206087561255681,67,1,0.749337932720384,8,67,FALSE,FALSE
GOBP_CYTOPLASMIC_PATTERN_RECOGNITION_RECEPTOR_SIGNALING_PATHWAY,GO:BP,2.17254542493174,4.15500613430317e-08,176,0.997754760784672,0.962750227479527,27,176,TRUE,FALSE
GOBP_CYTOPLASMIC_TRANSLATION,GO:BP,1.05931842341852,0.458954391012128,167,1,0.112737218919758,3,167,FALSE,FALSE
GOBP_CYTOPLASMIC_TRANSLATIONAL_INITIATION,GO:BP,1.8280597961918,0.00648239211680926,48,,,,,TRUE,FALSE
GOBP_CYTOPLASM_ORGANIZATION,GO:BP,0.599587946668347,0.959358084255119,14,0.825631269028654,1.34479396854283,3,14,FALSE,FALSE
GOBP_CYTOSKELETON_DEPENDENT_CYTOKINESIS,GO:BP,1.60570055455263,0.0105243691401085,115,0.973440079488958,0.982284290066068,18,115,TRUE,FALSE
GOBP_CYTOSKELETON_DEPENDENT_INTRACELLULAR_TRANSPORT,GO:BP,-1.3069198335733,0.0759969620487556,206,1,0.609291765682836,20,206,FALSE,FALSE
GOBP_CYTOSOLIC_RIBOSOME_ASSEMBLY,GO:BP,1.56454913453142,0.112768494525322,10,,,,,FALSE,FALSE
GOBP_CYTOSOLIC_TRANSPORT,GO:BP,0.814768648145968,0.88508831151861,134,1,0.23416810397512,5,134,FALSE,FALSE
GOBP_DECIDUALIZATION,GO:BP,1.11700223160075,0.430623320239818,24,0.190629659906675,2.0919017288444,8,24,FALSE,FALSE
GOBP_DEFENSE_RESPONSE_TO_BACTERIUM,GO:BP,2.51901012168936,7.42357136621815e-17,235,3.60978391218747e-11,2.24323079007996,84,235,TRUE,TRUE
GOBP_DEFENSE_RESPONSE_TO_GRAM_NEGATIVE_BACTERIUM,GO:BP,1.64987237169076,0.0211843965778898,62,0.000110098034887035,2.63174733628812,26,62,TRUE,TRUE
GOBP_DEFENSE_RESPONSE_TO_GRAM_POSITIVE_BACTERIUM,GO:BP,2.23053957299287,1.91435869119802e-06,84,2.61168512821349e-07,2.76429871311582,37,84,TRUE,TRUE
GOBP_DEFENSE_RESPONSE_TO_TUMOR_CELL,GO:BP,0.927162803034756,0.654513888888889,11,,,,,FALSE,FALSE
GOBP_DEFENSE_RESPONSE_TO_VIRUS,GO:BP,2.56097507147924,6.49572972456893e-20,277,0.107311385517116,1.33670254875617,59,277,TRUE,FALSE
GOBP_DEFINITIVE_HEMOPOIESIS,GO:BP,-1.30596832615581,0.237115862118732,21,0.868087644964407,1.19537241648252,4,21,FALSE,FALSE
GOBP_DEHYDROASCORBIC_ACID_TRANSPORT,GO:BP,-0.8352439903333,0.74149645206363,11,0.944829045454405,1.1410373066424,2,11,FALSE,FALSE
GOBP_DEMETHYLATION,GO:BP,-0.932867977362682,0.647736666750169,11,1,0.570518653321201,1,11,FALSE,FALSE
GOBP_DENDRITE_ARBORIZATION,GO:BP,1.04021448381227,0.544988880047336,10,0.906741278758732,1.25514103730664,2,10,FALSE,FALSE
GOBP_DENDRITE_DEVELOPMENT,GO:BP,-1.47810542422125,0.0093894353293299,220,1,0.941355777979982,33,220,FALSE,FALSE
GOBP_DENDRITE_EXTENSION,GO:BP,-0.887289394047808,0.737071813785705,28,0.506693934048772,1.5689262966333,7,28,FALSE,FALSE
GOBP_DENDRITE_MORPHOGENESIS,GO:BP,-1.17759896973577,0.230305415478418,132,1,0.950864422202002,20,132,FALSE,FALSE
GOBP_DENDRITE_SELF_AVOIDANCE,GO:BP,-1.66367204261712,0.0830552703993818,14,0.303676489292972,2.24132328090472,5,14,FALSE,FALSE
GOBP_DENDRITIC_CELL_ANTIGEN_PROCESSING_AND_PRESENTATION,GO:BP,1.63089095413738,0.094249847938385,15,1,0.836760691537762,2,15,FALSE,FALSE
GOBP_DENDRITIC_CELL_APOPTOTIC_PROCESS,GO:BP,1.20937144255388,0.330839452898276,10,0.594213709778933,1.88271155595996,3,10,FALSE,FALSE
GOBP_DENDRITIC_CELL_CHEMOTAXIS,GO:BP,2.09757499452906,0.00102077144675761,24,0.35318075340106,1.83041401273885,7,24,TRUE,FALSE
GOBP_DENDRITIC_CELL_CYTOKINE_PRODUCTION,GO:BP,1.38411239665295,0.188755326508427,15,1,0.836760691537762,2,15,FALSE,FALSE
GOBP_DENDRITIC_CELL_DIFFERENTIATION,GO:BP,1.5224430609764,0.104326633384638,49,0.655369444735246,1.28075616051698,10,49,FALSE,FALSE
GOBP_DENDRITIC_CELL_MIGRATION,GO:BP,1.92118265268863,0.00314466367527573,33,0.678746825280159,1.3312101910828,7,33,TRUE,FALSE
GOBP_DENDRITIC_SPINE_DEVELOPMENT,GO:BP,-1.20988046556694,0.224741342249821,94,0.868087644964407,1.06820513813331,16,94,FALSE,FALSE
GOBP_DENDRITIC_SPINE_MAINTENANCE,GO:BP,-0.898455252681342,0.694022339369322,20,1,0.941355777979982,3,20,FALSE,FALSE
GOBP_DENDRITIC_SPINE_MORPHOGENESIS,GO:BP,-0.992190457139793,0.586866576543362,58,0.594213709778933,1.29842176273101,12,58,FALSE,FALSE
GOBP_DENDRITIC_TRANSPORT,GO:BP,0.988602765823351,0.571645185746778,17,,,,,FALSE,FALSE
GOBP_DENSE_CORE_GRANULE_EXOCYTOSIS,GO:BP,-0.814040960488063,0.772419941737154,11,0.944829045454405,1.1410373066424,2,11,FALSE,FALSE
GOBP_DENTATE_GYRUS_DEVELOPMENT,GO:BP,-1.68671523756868,0.0590742613872001,23,1,0.818570241721723,3,23,FALSE,FALSE
GOBP_DEOXYRIBONUCLEOSIDE_METABOLIC_PROCESS,GO:BP,1.77626761354131,0.0248320688473746,11,0.367902175932515,2.2820746132848,4,11,TRUE,FALSE
GOBP_DEOXYRIBONUCLEOSIDE_MONOPHOSPHATE_CATABOLIC_PROCESS,GO:BP,2.23594497185433,0.000118031697795706,14,0.134052103493028,2.68958793708566,6,14,TRUE,FALSE
GOBP_DEOXYRIBONUCLEOTIDE_BIOSYNTHETIC_PROCESS,GO:BP,1.94356463574842,0.0075070555825359,16,0.906741278758732,1.17669472247498,3,16,TRUE,FALSE
GOBP_DEOXYRIBONUCLEOTIDE_CATABOLIC_PROCESS,GO:BP,2.08733001372295,0.00114566802790711,28,0.703534865988356,1.34479396854283,6,28,TRUE,FALSE
GOBP_DEOXYRIBONUCLEOTIDE_METABOLIC_PROCESS,GO:BP,2.21680598134492,4.69209310233913e-05,44,0.518370650020454,1.426296633303,10,44,TRUE,FALSE
GOBP_DEPHOSPHORYLATION,GO:BP,0.831707535641099,0.868041160743749,135,1,0.511353755939743,11,135,FALSE,FALSE
GOBP_DERMATAN_SULFATE_PROTEOGLYCAN_BIOSYNTHETIC_PROCESS,GO:BP,-1.74292484503432,0.0464308445959986,13,1,0.482746552810247,1,13,FALSE,FALSE
GOBP_DERMATAN_SULFATE_PROTEOGLYCAN_METABOLIC_PROCESS,GO:BP,-1.70897365673527,0.0589158876952168,17,1,0.369159128619601,1,17,FALSE,FALSE
GOBP_DESMOSOME_ORGANIZATION,GO:BP,1.19408670353271,0.374371884330403,15,0.868087644964407,1.25514103730664,3,15,FALSE,FALSE
GOBP_DETECTION_OF_ABIOTIC_STIMULUS,GO:BP,-1.5466016265086,0.024989837959504,112,0.191018401860925,1.45686013258807,26,112,FALSE,FALSE
GOBP_DETECTION_OF_BACTERIUM,GO:BP,1.77339773343108,0.0441388180760266,15,0.355067484635544,2.0919017288444,5,15,TRUE,FALSE
GOBP_DETECTION_OF_BIOTIC_STIMULUS,GO:BP,1.55576114551799,0.0460987838731181,38,0.332969660693139,1.65150136487716,10,38,TRUE,FALSE
GOBP_DETECTION_OF_CALCIUM_ION,GO:BP,-1.30598612229324,0.263928053891043,13,0.250411825363178,2.41373276405124,5,13,FALSE,FALSE
GOBP_DETECTION_OF_CELL_DENSITY,GO:BP,-0.639953555894256,0.937288148370635,12,0.978587630542299,1.0459508644222,2,12,FALSE,FALSE
GOBP_DETECTION_OF_CHEMICAL_STIMULUS,GO:BP,1.12681650931735,0.386589917820649,59,0.0561070527927801,1.91462192131522,18,59,FALSE,FALSE
GOBP_DETECTION_OF_CHEMICAL_STIMULUS_INVOLVED_IN_SENSORY_PERCEPTION_OF_TASTE,GO:BP,-1.1343160137979,0.414091973717304,15,0.355067484635544,2.0919017288444,5,15,FALSE,FALSE
GOBP_DETECTION_OF_EXTERNAL_BIOTIC_STIMULUS,GO:BP,1.8439312967567,0.0158556270278342,24,0.190629659906675,2.0919017288444,8,24,TRUE,FALSE
GOBP_DETECTION_OF_LIGHT_STIMULUS,GO:BP,-0.915784300602665,0.700071421283543,44,0.518370650020454,1.426296633303,10,44,FALSE,FALSE
GOBP_DETECTION_OF_LIGHT_STIMULUS_INVOLVED_IN_SENSORY_PERCEPTION,GO:BP,0.812087844125944,0.80900601115531,18,0.752302801814948,1.39460115256294,4,18,FALSE,FALSE
GOBP_DETECTION_OF_MECHANICAL_STIMULUS,GO:BP,-1.5592611575219,0.0388687959420241,50,0.390446532360793,1.50616924476797,12,50,FALSE,FALSE
GOBP_DETECTION_OF_MECHANICAL_STIMULUS_INVOLVED_IN_SENSORY_PERCEPTION,GO:BP,-1.27408564724798,0.209332526345253,34,0.121930074215637,2.0303752074078,11,34,FALSE,FALSE
GOBP_DETECTION_OF_MECHANICAL_STIMULUS_INVOLVED_IN_SENSORY_PERCEPTION_OF_PAIN,GO:BP,-0.974255810430597,0.595796259028083,12,1,0.522975432211101,1,12,FALSE,FALSE
GOBP_DETECTION_OF_MECHANICAL_STIMULUS_INVOLVED_IN_SENSORY_PERCEPTION_OF_SOUND,GO:BP,-1.00173556690038,0.551828204727689,16,0.0888265983378271,2.74562101910828,7,16,FALSE,FALSE
GOBP_DETECTION_OF_MOLECULE_OF_BACTERIAL_ORIGIN,GO:BP,1.21664078109552,0.344323307155001,13,0.499747367215725,1.93098621124099,4,13,FALSE,FALSE
GOBP_DETECTION_OF_OTHER_ORGANISM,GO:BP,1.90575013581757,0.0129477255621494,17,0.24615437055853,2.2149547717176,6,17,TRUE,FALSE
GOBP_DETECTION_OF_STIMULUS,GO:BP,-1.1528997541384,0.233020325686438,190,0.0245761604864502,1.55241128298453,47,190,FALSE,TRUE
GOBP_DETECTION_OF_STIMULUS_INVOLVED_IN_SENSORY_PERCEPTION,GO:BP,-1.49860835266857,0.0553777838397812,88,0.0637265575191418,1.7115559599636,24,88,FALSE,FALSE
GOBP_DETECTION_OF_STIMULUS_INVOLVED_IN_SENSORY_PERCEPTION_OF_PAIN,GO:BP,-1.43511781977431,0.144340141278311,25,1,0.753084622383986,3,25,FALSE,FALSE
GOBP_DETECTION_OF_TEMPERATURE_STIMULUS,GO:BP,-1.87812980193739,0.0154861139465701,23,0.719442465053918,1.36428373620287,5,23,FALSE,FALSE
GOBP_DETECTION_OF_TEMPERATURE_STIMULUS_INVOLVED_IN_SENSORY_PERCEPTION_OF_PAIN,GO:BP,-1.59293330699493,0.11634472850327,17,1,0.738318257239201,2,17,FALSE,FALSE
GOBP_DETECTION_OF_VISIBLE_LIGHT,GO:BP,-0.714145702901419,0.899596182085169,15,0.868087644964407,1.25514103730664,3,15,FALSE,FALSE
GOBP_DETERMINATION_OF_ADULT_LIFESPAN,GO:BP,-0.693727526603445,0.947613523303174,33,1,0.380345768880801,2,33,FALSE,FALSE
GOBP_DETOXIFICATION,GO:BP,1.29822960164191,0.156310385447657,134,0.824503026251539,1.07717327828555,23,134,FALSE,FALSE
GOBP_DETOXIFICATION_OF_COPPER_ION,GO:BP,-0.8314089229747,0.745873185415352,11,0.944829045454405,1.1410373066424,2,11,FALSE,FALSE
GOBP_DETOXIFICATION_OF_INORGANIC_COMPOUND,GO:BP,-0.745454687244359,0.853010987233824,19,0.984968811334459,0.990900818926297,3,19,FALSE,FALSE
GOBP_DEVELOPMENTAL_CELL_GROWTH,GO:BP,-1.49886681250042,0.0112073160718277,202,0.518370650020454,1.18057820340724,38,202,FALSE,FALSE
GOBP_DEVELOPMENTAL_GROWTH_INVOLVED_IN_MORPHOGENESIS,GO:BP,-1.5550852634358,0.00353409164088768,213,0.655369444735246,1.11960937600123,38,213,FALSE,FALSE
GOBP_DEVELOPMENTAL_INDUCTION,GO:BP,-1.54685760907249,0.10664810623262,30,0.594213709778933,1.46433121019108,7,30,FALSE,FALSE
GOBP_DEVELOPMENTAL_MATURATION,GO:BP,1.08245346842676,0.366279049674533,304,0.00167447627014557,1.5689262966333,76,304,FALSE,TRUE
GOBP_DEVELOPMENTAL_PIGMENTATION,GO:BP,1.02654241135728,0.559269389458069,44,1,0.713148316651501,5,44,FALSE,FALSE
GOBP_DEVELOPMENT_OF_PRIMARY_FEMALE_SEXUAL_CHARACTERISTICS,GO:BP,-1.87891997811916,0.000371925668128132,92,0.923323045302578,1.02321280215215,15,92,FALSE,FALSE
GOBP_DEVELOPMENT_OF_PRIMARY_SEXUAL_CHARACTERISTICS,GO:BP,-1.52092698823876,0.0128091261724674,183,0.588991216311528,1.16597801279852,34,183,FALSE,FALSE
GOBP_DEVELOPMENT_OF_SECONDARY_SEXUAL_CHARACTERISTICS,GO:BP,1.19969431239141,0.340327112737612,11,0.655369444735246,1.7115559599636,3,11,FALSE,FALSE
GOBP_DE_NOVO_PROTEIN_FOLDING,GO:BP,1.38140402876165,0.182397591544433,12,,,,,FALSE,FALSE
GOBP_DE_NOVO_PYRIMIDINE_NUCLEOBASE_BIOSYNTHETIC_PROCESS,GO:BP,1.54298138222928,0.128505155952681,10,1,0.627570518653321,1,10,FALSE,FALSE
GOBP_DIACYLGLYCEROL_METABOLIC_PROCESS,GO:BP,-1.31607824325879,0.214273957524291,23,1,0.818570241721723,3,23,FALSE,FALSE
GOBP_DICARBOXYLIC_ACID_BIOSYNTHETIC_PROCESS,GO:BP,1.69517687596326,0.0639373760122314,13,0.499747367215725,1.93098621124099,4,13,FALSE,FALSE
GOBP_DICARBOXYLIC_ACID_CATABOLIC_PROCESS,GO:BP,-1.07970701687279,0.483657679706312,15,0.868087644964407,1.25514103730664,3,15,FALSE,FALSE
GOBP_DICARBOXYLIC_ACID_METABOLIC_PROCESS,GO:BP,1.4033206473387,0.135146745779641,87,1,0.86561450848734,12,87,FALSE,FALSE
GOBP_DICARBOXYLIC_ACID_TRANSPORT,GO:BP,-1.19297887475109,0.258549599805967,90,0.171525822230326,1.53406126781923,22,90,FALSE,FALSE
GOBP_DICHOTOMOUS_SUBDIVISION_OF_AN_EPITHELIAL_TERMINAL_UNIT,GO:BP,0.797538101245729,0.800465911923735,10,0.906741278758732,1.25514103730664,2,10,FALSE,FALSE
GOBP_DIENCEPHALON_DEVELOPMENT,GO:BP,-1.48209626534658,0.0855409262751964,52,0.443648409785006,1.44823965843074,12,52,FALSE,FALSE
GOBP_DIGESTION,GO:BP,1.17980595770976,0.287219578518015,92,0.0214378576781653,1.84178304387388,27,92,FALSE,TRUE
GOBP_DIGESTIVE_SYSTEM_DEVELOPMENT,GO:BP,-1.86671249030444,0.000210736117483222,122,0.134052103493028,1.49176598696281,29,122,FALSE,FALSE
GOBP_DIGESTIVE_SYSTEM_PROCESS,GO:BP,1.25737022293059,0.216470830730154,81,0.0820313855761459,1.70451251979914,22,81,FALSE,FALSE
GOBP_DIGESTIVE_TRACT_MORPHOGENESIS,GO:BP,-1.81652721325454,0.0120269501775636,41,0.430749153033336,1.53065980159347,10,41,FALSE,FALSE
GOBP_DIOL_BIOSYNTHETIC_PROCESS,GO:BP,1.58720602384803,0.115594603527227,23,1,0.818570241721723,3,23,FALSE,FALSE
GOBP_DIOL_METABOLIC_PROCESS,GO:BP,1.30612153226952,0.218559324256971,32,0.978587630542299,0.980578935395814,5,32,FALSE,FALSE
GOBP_DISRUPTION_OF_ANATOMICAL_STRUCTURE_IN_ANOTHER_ORGANISM,GO:BP,2.32914567748817,2.13464105371407e-07,82,1.81546655351283e-13,3.52051754366497,46,82,TRUE,TRUE
GOBP_DITERPENOID_BIOSYNTHETIC_PROCESS,GO:BP,1.18328360386429,0.370177346747636,10,0.117262721583506,3.13785259326661,5,10,FALSE,FALSE
GOBP_DITERPENOID_METABOLIC_PROCESS,GO:BP,1.70036179075071,0.015813628374895,80,7.77503376607973e-07,2.74562101910828,35,80,TRUE,TRUE
GOBP_DNA_ALKYLATION_REPAIR,GO:BP,0.98764570379012,0.579937227172697,11,,,,,FALSE,FALSE
GOBP_DNA_BIOSYNTHETIC_PROCESS,GO:BP,1.98811362029875,8.55303798404703e-06,149,1,0.673901228084103,16,149,TRUE,FALSE
GOBP_DNA_CATABOLIC_PROCESS,GO:BP,1.54992908326104,0.0857260242429089,29,0.553228151642349,1.51482538985284,7,29,FALSE,FALSE
GOBP_DNA_CONFORMATION_CHANGE,GO:BP,2.10225253938045,0.001067785140669,18,0.506693934048772,1.74325144070367,5,18,TRUE,FALSE
GOBP_DNA_DAMAGE_RESPONSE_SIGNAL_TRANSDUCTION_BY_P53_CLASS_MEDIATOR,GO:BP,1.81678802712261,0.00315115716690691,74,1,0.763261441605391,9,74,TRUE,FALSE
GOBP_DNA_DAMAGE_TOLERANCE,GO:BP,2.11934293627508,0.000317499391658574,37,1,0.678454614760347,4,37,TRUE,FALSE
GOBP_DNA_DEAMINATION,GO:BP,1.56134157266582,0.110953515238671,11,0.944829045454405,1.1410373066424,2,11,FALSE,FALSE
GOBP_DNA_DOUBLE_STRAND_BREAK_PROCESSING,GO:BP,1.58074178161879,0.0656599081233338,21,1,0.896529312361887,3,21,FALSE,FALSE
GOBP_DNA_INTEGRITY_CHECKPOINT_SIGNALING,GO:BP,2.10815889181604,2.55128010539342e-06,126,0.687792533177781,1.14556523246241,23,126,TRUE,FALSE
GOBP_DNA_METHYLATION_DEPENDENT_CONSTITUTIVE_HETEROCHROMATIN_FORMATION,GO:BP,1.43857459504178,0.122266493699036,31,1,0.809768411165576,4,31,FALSE,FALSE
GOBP_DNA_MODIFICATION,GO:BP,1.62598722440615,0.0626643733695043,26,1,0.724119829215371,3,26,FALSE,FALSE
GOBP_DNA_RECOMBINATION,GO:BP,2.41402286418079,1.01527503983351e-16,301,1,0.771432199009066,37,301,TRUE,FALSE
GOBP_DNA_REPAIR_DEPENDENT_CHROMATIN_REMODELING,GO:BP,1.68947902301713,0.044984288083351,24,1,0.522975432211101,2,24,TRUE,FALSE
GOBP_DNA_REPLICATION,GO:BP,2.38384047407284,8.55419302546926e-17,305,1,0.864195468309491,42,305,TRUE,FALSE
GOBP_DNA_REPLICATION_CHECKPOINT_SIGNALING,GO:BP,2.21414229457356,0.000202989761431445,25,0.113608939280015,2.25925386715196,9,25,TRUE,FALSE
GOBP_DNA_REPLICATION_INITIATION,GO:BP,2.26835159346015,8.60971933012359e-06,40,0.398324147552931,1.5689262966333,10,40,TRUE,FALSE
GOBP_DNA_STRAND_ELONGATION,GO:BP,2.01289455847586,0.00166146180604909,36,1,0.348650288140734,2,36,TRUE,FALSE
GOBP_DNA_STRAND_ELONGATION_INVOLVED_IN_DNA_REPLICATION,GO:BP,2.12664536248919,0.00133135115873609,15,1,0.836760691537762,2,15,TRUE,FALSE
GOBP_DNA_STRAND_RESECTION_INVOLVED_IN_REPLICATION_FORK_PROCESSING,GO:BP,1.3238076727957,0.238578556650846,10,1,0.627570518653321,1,10,FALSE,FALSE
GOBP_DNA_SYNTHESIS_INVOLVED_IN_DNA_REPAIR,GO:BP,1.45843845077921,0.145090681676048,15,1,0.418380345768881,1,15,FALSE,FALSE
GOBP_DNA_SYNTHESIS_INVOLVED_IN_DNA_REPLICATION,GO:BP,2.02327087256247,0.0016761666751012,27,0.868087644964407,1.16216762713578,5,27,TRUE,FALSE
GOBP_DNA_TEMPLATED_DNA_REPLICATION,GO:BP,2.47976348390427,2.56739924490131e-13,168,0.786881264404982,1.08330625243728,29,168,TRUE,FALSE
GOBP_DNA_TEMPLATED_DNA_REPLICATION_MAINTENANCE_OF_FIDELITY,GO:BP,1.98458210675361,0.000562112886240124,66,0.906741278758732,1.0459508644222,11,66,TRUE,FALSE
GOBP_DNA_TEMPLATED_TRANSCRIPTION_ELONGATION,GO:BP,1.76110562798581,0.00080075040089525,156,1,0.120686638202562,3,156,TRUE,FALSE
GOBP_DNA_TEMPLATED_TRANSCRIPTION_INITIATION,GO:BP,1.58223438644224,0.00377751506749819,239,1,0.288839987664709,11,239,TRUE,FALSE
GOBP_DNA_TEMPLATED_TRANSCRIPTION_TERMINATION,GO:BP,1.65579895468546,0.0397323928810166,44,1,0.1426296633303,1,44,TRUE,FALSE
GOBP_DNA_TOPOLOGICAL_CHANGE,GO:BP,1.58522351449346,0.106877829015486,10,0.906741278758732,1.25514103730664,2,10,FALSE,FALSE
GOBP_DOLICHOL_LINKED_OLIGOSACCHARIDE_BIOSYNTHETIC_PROCESS,GO:BP,1.81839405026505,0.0146657985610097,20,,,,,TRUE,FALSE
GOBP_DOPAMINERGIC_NEURON_DIFFERENTIATION,GO:BP,-1.03318280888454,0.53422071907111,27,0.470180903258393,1.62703467799009,7,27,FALSE,FALSE
GOBP_DOPAMINE_METABOLIC_PROCESS,GO:BP,-0.727151629989091,0.911810820310122,33,1,0.950864422202002,5,33,FALSE,FALSE
GOBP_DOPAMINE_SECRETION,GO:BP,-1.8104151276678,0.0317194296074475,17,1,0.738318257239201,2,17,FALSE,FALSE
GOBP_DOPAMINE_TRANSPORT,GO:BP,-1.81395667593617,0.0159670432114111,28,0.906741278758732,1.12066164045236,5,28,FALSE,FALSE
GOBP_DORSAL_AORTA_DEVELOPMENT,GO:BP,-1.52052406810075,0.131049712944624,10,,,,,FALSE,FALSE
GOBP_DORSAL_SPINAL_CORD_DEVELOPMENT,GO:BP,-1.98653788704134,0.00584041459677216,12,0.719442465053918,1.5689262966333,3,12,FALSE,FALSE
GOBP_DORSAL_VENTRAL_AXIS_SPECIFICATION,GO:BP,-1.20536010737728,0.329497531099667,13,1,0.965493105620494,2,13,FALSE,FALSE
GOBP_DORSAL_VENTRAL_NEURAL_TUBE_PATTERNING,GO:BP,-1.93154325513119,0.0102520917167404,12,1,0.522975432211101,1,12,FALSE,FALSE
GOBP_DORSAL_VENTRAL_PATTERN_FORMATION,GO:BP,-2.40489258063534,2.16654194690537e-07,68,0.444302995316082,1.3843467323235,15,68,FALSE,FALSE
GOBP_DOSAGE_COMPENSATION_BY_INACTIVATION_OF_X_CHROMOSOME,GO:BP,0.84690327021515,0.74182044948174,20,,,,,FALSE,FALSE
GOBP_DOUBLE_STRAND_BREAK_REPAIR,GO:BP,2.3446393446334,1.6124675084535e-15,297,1,0.570518653321201,27,297,TRUE,FALSE
GOBP_DOUBLE_STRAND_BREAK_REPAIR_VIA_BREAK_INDUCED_REPLICATION,GO:BP,2.19435997953582,0.000127303861673226,12,0.719442465053918,1.5689262966333,3,12,TRUE,FALSE
GOBP_DOUBLE_STRAND_BREAK_REPAIR_VIA_CLASSICAL_NONHOMOLOGOUS_END_JOINING,GO:BP,1.28419041602092,0.264070569578008,10,,,,,FALSE,FALSE
GOBP_DOUBLE_STRAND_BREAK_REPAIR_VIA_NONHOMOLOGOUS_END_JOINING,GO:BP,1.70808422672097,0.0168671827906265,71,1,0.265170641684502,3,71,TRUE,FALSE
GOBP_DOUBLE_STRAND_BREAK_REPAIR_VIA_SYNTHESIS_DEPENDENT_STRAND_ANNEALING,GO:BP,1.57881764609287,0.107853781008343,11,0.944829045454405,1.1410373066424,2,11,FALSE,FALSE
GOBP_DRINKING_BEHAVIOR,GO:BP,-0.731147622199586,0.866580636355458,11,0.655369444735246,1.7115559599636,3,11,FALSE,FALSE
GOBP_D_GLUCOSE_IMPORT,GO:BP,-1.38817280167539,0.106954420161702,64,1,0.882521041856233,9,64,FALSE,FALSE
GOBP_EARLY_ENDOSOME_TO_GOLGI_TRANSPORT,GO:BP,1.01766161603453,0.556063486926386,16,,,,,FALSE,FALSE
GOBP_EAR_DEVELOPMENT,GO:BP,-1.46510970573589,0.0139598380226421,197,0.0288635433537535,1.52910583225175,48,197,FALSE,TRUE
GOBP_EAR_MORPHOGENESIS,GO:BP,-1.50253285741131,0.0167934246391553,115,0.0812355094152937,1.58256913399533,29,115,FALSE,FALSE
GOBP_EATING_BEHAVIOR,GO:BP,-1.13087628027685,0.422809256372532,25,0.390446532360793,1.7571974522293,7,25,FALSE,FALSE
GOBP_ECTODERMAL_PLACODE_DEVELOPMENT,GO:BP,-1.07294131525164,0.487950607693518,15,0.594213709778933,1.67352138307552,4,15,FALSE,FALSE
GOBP_ECTODERM_DEVELOPMENT,GO:BP,0.983322704202386,0.585385080902026,20,1,0.627570518653321,2,20,FALSE,FALSE
GOBP_ELASTIC_FIBER_ASSEMBLY,GO:BP,-1.82403436634667,0.0257854545999502,11,0.157795262997224,2.85259326660601,5,11,FALSE,FALSE
GOBP_ELECTRON_TRANSPORT_CHAIN,GO:BP,1.76616518487771,0.00239153603091228,120,1,0.418380345768881,8,120,TRUE,FALSE
GOBP_EMBRYONIC_APPENDAGE_MORPHOGENESIS,GO:BP,-1.96204636547381,5.67331164830702e-05,116,0.617419870234456,1.19021994917009,22,116,FALSE,FALSE
GOBP_EMBRYONIC_AXIS_SPECIFICATION,GO:BP,1.03542669946877,0.520893406382161,33,0.194705879028141,1.901728844404,10,33,FALSE,FALSE
GOBP_EMBRYONIC_BRAIN_DEVELOPMENT,GO:BP,-0.725650646335309,0.872698419376253,19,1,0.660600545950864,2,19,FALSE,FALSE
GOBP_EMBRYONIC_CAMERA_TYPE_EYE_DEVELOPMENT,GO:BP,1.03782441156866,0.518295262267344,33,1,0.950864422202002,5,33,FALSE,FALSE
GOBP_EMBRYONIC_CAMERA_TYPE_EYE_MORPHOGENESIS,GO:BP,1.56607082333929,0.0759352668277193,20,1,0.941355777979982,3,20,FALSE,FALSE
GOBP_EMBRYONIC_CRANIAL_SKELETON_MORPHOGENESIS,GO:BP,-1.03669025339607,0.532692894557525,41,1,0.612263920637387,4,41,FALSE,FALSE
GOBP_EMBRYONIC_DIGESTIVE_TRACT_DEVELOPMENT,GO:BP,-1.53174331390382,0.072962770378206,29,0.740450771110098,1.29842176273101,6,29,FALSE,FALSE
GOBP_EMBRYONIC_DIGESTIVE_TRACT_MORPHOGENESIS,GO:BP,-1.69877121366949,0.061522547317365,13,1,0.965493105620494,2,13,FALSE,FALSE
GOBP_EMBRYONIC_DIGIT_MORPHOGENESIS,GO:BP,-1.5796098210876,0.0311199952135374,55,1,0.912829845313922,8,55,FALSE,FALSE
GOBP_EMBRYONIC_EPITHELIAL_TUBE_FORMATION,GO:BP,-1.17329406904275,0.237115862118732,119,1,0.896529312361887,17,119,FALSE,FALSE
GOBP_EMBRYONIC_EYE_MORPHOGENESIS,GO:BP,1.15862175207055,0.362096840748411,30,0.594213709778933,1.46433121019108,7,30,FALSE,FALSE
GOBP_EMBRYONIC_FORELIMB_MORPHOGENESIS,GO:BP,-1.67439306051793,0.0504146660164926,30,0.594213709778933,1.46433121019108,7,30,FALSE,FALSE
GOBP_EMBRYONIC_HEART_TUBE_DEVELOPMENT,GO:BP,-1.33805595759365,0.111934026299586,74,1,0.848068268450434,10,74,FALSE,FALSE
GOBP_EMBRYONIC_HEART_TUBE_MORPHOGENESIS,GO:BP,-1.01252209759237,0.545690061418771,58,1,0.649210881365505,6,58,FALSE,FALSE
GOBP_EMBRYONIC_HEMOPOIESIS,GO:BP,-1.2392556452,0.276246692448606,24,0.944829045454405,1.0459508644222,4,24,FALSE,FALSE
GOBP_EMBRYONIC_HINDLIMB_MORPHOGENESIS,GO:BP,-1.702622756095,0.0553342534270845,23,0.506693934048772,1.63714048344345,6,23,FALSE,FALSE
GOBP_EMBRYONIC_ORGAN_DEVELOPMENT,GO:BP,-1.46824904438706,0.00103503757030225,414,0.154378785480294,1.24301407076262,82,414,FALSE,FALSE
GOBP_EMBRYONIC_ORGAN_MORPHOGENESIS,GO:BP,-1.54689006276681,0.00122215485573549,265,0.100967269290111,1.34986866276375,57,265,FALSE,FALSE
GOBP_EMBRYONIC_PATTERN_SPECIFICATION,GO:BP,-1.30323678399686,0.149266798023958,60,0.376937613321368,1.46433121019108,14,60,FALSE,FALSE
GOBP_EMBRYONIC_PLACENTA_DEVELOPMENT,GO:BP,0.96211572888222,0.636926183621241,82,0.295183253128555,1.45412681151379,19,82,FALSE,FALSE
GOBP_EMBRYONIC_PLACENTA_MORPHOGENESIS,GO:BP,0.928964603059823,0.671857174167215,25,0.594213709778933,1.50616924476797,6,25,FALSE,FALSE
GOBP_EMBRYONIC_SKELETAL_JOINT_DEVELOPMENT,GO:BP,-1.43134353007812,0.187601350175732,13,0.777355997263282,1.44823965843074,3,13,FALSE,FALSE
GOBP_EMBRYONIC_SKELETAL_JOINT_MORPHOGENESIS,GO:BP,-1.42904821520541,0.177513232861297,10,0.594213709778933,1.88271155595996,3,10,FALSE,FALSE
GOBP_EMBRYONIC_SKELETAL_SYSTEM_DEVELOPMENT,GO:BP,-1.54185067048694,0.0161234090299856,122,0.978587630542299,0.977363922492877,19,122,FALSE,FALSE
GOBP_EMBRYONIC_SKELETAL_SYSTEM_MORPHOGENESIS,GO:BP,-1.64491104168407,0.0123629556834008,85,0.908893334837639,1.03364556013488,14,85,FALSE,FALSE
GOBP_EMBRYO_IMPLANTATION,GO:BP,1.06078096102415,0.490667406859117,56,0.414818977723766,1.45686013258807,13,56,FALSE,FALSE
GOBP_ENAMEL_MINERALIZATION,GO:BP,0.808874460205695,0.779717602926365,15,1,0.836760691537762,2,15,FALSE,FALSE
GOBP_ENDOCARDIAL_CUSHION_DEVELOPMENT,GO:BP,-1.49461098916583,0.0830094340464788,49,1,0.256151232103396,2,49,FALSE,FALSE
GOBP_ENDOCARDIAL_CUSHION_FORMATION,GO:BP,-1.47802406452819,0.148688658751918,28,1,0.224132328090472,1,28,FALSE,FALSE
GOBP_ENDOCARDIAL_CUSHION_MORPHOGENESIS,GO:BP,-1.52428709531745,0.0761388922082875,39,1,0.160915517603416,1,39,FALSE,FALSE
GOBP_ENDOCARDIUM_DEVELOPMENT,GO:BP,-0.805491582512175,0.769946650153619,12,,,,,FALSE,FALSE
GOBP_ENDOCHONDRAL_BONE_MORPHOGENESIS,GO:BP,-1.31940147591957,0.139974734992036,57,0.966399024164061,0.990900818926297,9,57,FALSE,FALSE
GOBP_ENDOCRINE_HORMONE_SECRETION,GO:BP,-1.87493256040497,0.00256996268984758,50,0.00550129454038073,2.38476797088262,19,50,FALSE,TRUE
GOBP_ENDOCRINE_PANCREAS_DEVELOPMENT,GO:BP,-1.26983670330402,0.252259663902418,29,0.918519119712341,1.08201813560917,5,29,FALSE,FALSE
GOBP_ENDOCRINE_PROCESS,GO:BP,-1.87019060590922,0.00110985887657391,89,0.0711319052748645,1.69232499412132,24,89,FALSE,FALSE
GOBP_ENDOCRINE_SYSTEM_DEVELOPMENT,GO:BP,-1.78077028391026,0.00161794463786316,95,0.438514241041086,1.32120109190173,20,95,FALSE,FALSE
GOBP_ENDOCYTIC_RECYCLING,GO:BP,1.26487903394796,0.19026639892905,98,1,0.384226848155095,6,98,FALSE,FALSE
GOBP_ENDOCYTOSIS_INVOLVED_IN_VIRAL_ENTRY_INTO_HOST_CELL,GO:BP,0.762254869959235,0.845926160784651,11,1,0.570518653321201,1,11,FALSE,FALSE
GOBP_ENDODERMAL_CELL_DIFFERENTIATION,GO:BP,-0.934249307646998,0.670580778824267,40,1,0.941355777979982,6,40,FALSE,FALSE
GOBP_ENDODERMAL_CELL_FATE_COMMITMENT,GO:BP,0.903914368707286,0.670476914307429,13,0.777355997263282,1.44823965843074,3,13,FALSE,FALSE
GOBP_ENDODERM_DEVELOPMENT,GO:BP,0.812518245011268,0.86152032241468,68,1,0.738318257239201,8,68,FALSE,FALSE
GOBP_ENDODERM_FORMATION,GO:BP,0.832190642770633,0.807859699763571,46,0.99390583878195,0.954998615342011,7,46,FALSE,FALSE
GOBP_ENDOLYSOSOMAL_TOLL_LIKE_RECEPTOR_SIGNALING_PATHWAY,GO:BP,1.73366427532448,0.0154861139465701,47,1,0.934679495866649,7,47,TRUE,FALSE
GOBP_ENDONUCLEOLYTIC_CLEAVAGE_IN_ITS1_TO_SEPARATE_SSU_RRNA_FROM_5_8S_RRNA_AND_LSU_RRNA_FROM_TRICISTRONIC_RRNA_TRANSCRIPT_SSU_RRNA_5_8S_RRNA_LSU_RRNA,GO:BP,1.57553958261181,0.109605514442227,10,,,,,FALSE,FALSE
GOBP_ENDONUCLEOLYTIC_CLEAVAGE_OF_TRICISTRONIC_RRNA_TRANSCRIPT_SSU_RRNA_5_8S_RRNA_LSU_RRNA,GO:BP,1.92560332369522,0.00880541735893181,23,,,,,TRUE,FALSE
GOBP_ENDOPLASMIC_RETICULUM_CALCIUM_ION_HOMEOSTASIS,GO:BP,-0.99890810486954,0.571645185746778,24,1,0.784463148316652,3,24,FALSE,FALSE
GOBP_ENDOPLASMIC_RETICULUM_MEMBRANE_ORGANIZATION,GO:BP,-1.58456041223311,0.0951362430866622,16,1,0.784463148316652,2,16,FALSE,FALSE
GOBP_ENDOPLASMIC_RETICULUM_ORGANIZATION,GO:BP,-0.958886487305747,0.636231592973243,91,1,0.275855173034427,4,91,FALSE,FALSE
GOBP_ENDOPLASMIC_RETICULUM_TO_CYTOSOL_TRANSPORT,GO:BP,1.32728609734467,0.196102752880922,27,1,0.232433525427156,1,27,FALSE,FALSE
GOBP_ENDOPLASMIC_RETICULUM_TO_GOLGI_VESICLE_MEDIATED_TRANSPORT,GO:BP,1.311285654262,0.140289005377015,137,1,0.137424201164961,3,137,FALSE,FALSE
GOBP_ENDOPLASMIC_RETICULUM_TUBULAR_NETWORK_ORGANIZATION,GO:BP,-1.17875173956651,0.34777180595075,22,1,0.285259326660601,1,22,FALSE,FALSE
GOBP_ENDOSOMAL_LUMEN_ACIDIFICATION,GO:BP,1.50969001080617,0.116332173097336,14,1,0.448264656180944,1,14,FALSE,FALSE
GOBP_ENDOSOMAL_TRANSPORT,GO:BP,1.28172139886655,0.0965434856556038,295,1,0.319103653552536,15,295,FALSE,FALSE
GOBP_ENDOSOMAL_VESICLE_FUSION,GO:BP,1.06063284689454,0.51497014741953,15,1,0.418380345768881,1,15,FALSE,FALSE
GOBP_ENDOSOME_ORGANIZATION,GO:BP,1.37677721453485,0.107111635632485,101,1,0.186407084748511,3,101,FALSE,FALSE
GOBP_ENDOSOME_TO_LYSOSOME_TRANSPORT,GO:BP,1.07953349389932,0.448391129156523,67,1,0.46833620795024,5,67,FALSE,FALSE
GOBP_ENDOSOME_TO_LYSOSOME_TRANSPORT_VIA_MULTIVESICULAR_BODY_SORTING_PATHWAY,GO:BP,1.19001381538585,0.365334327237509,19,1,0.330300272975432,1,19,FALSE,FALSE
GOBP_ENDOSOME_TO_PLASMA_MEMBRANE_PROTEIN_TRANSPORT,GO:BP,0.919072872325493,0.658371053938031,18,1,0.348650288140734,1,18,FALSE,FALSE
GOBP_ENDOTHELIAL_CELL_APOPTOTIC_PROCESS,GO:BP,-0.95052488420807,0.648934545693531,55,0.814037481214237,1.1410373066424,10,55,FALSE,FALSE
GOBP_ENDOTHELIAL_CELL_CHEMOTAXIS,GO:BP,-1.086762006746,0.449345037939246,26,1,0.241373276405124,1,26,FALSE,FALSE
GOBP_ENDOTHELIAL_CELL_DEVELOPMENT,GO:BP,1.04338458898905,0.497567302653773,71,0.644324793180605,1.23746299452768,14,71,FALSE,FALSE
GOBP_ENDOTHELIAL_CELL_DIFFERENTIATION,GO:BP,-1.33007250562829,0.123083443431913,114,0.95959012858523,0.990900818926297,18,114,FALSE,FALSE
GOBP_ENDOTHELIAL_CELL_MIGRATION,GO:BP,1.15750906030562,0.269480174338259,219,0.594213709778933,1.14624752265447,40,219,FALSE,FALSE
GOBP_ENDOTHELIAL_CELL_MORPHOGENESIS,GO:BP,-1.3545247442424,0.217539606664846,15,0.594213709778933,1.67352138307552,4,15,FALSE,FALSE
GOBP_ENDOTHELIAL_CELL_PROLIFERATION,GO:BP,-1.14973654374693,0.28750416313431,141,0.558166525124624,1.20173078039998,27,141,FALSE,FALSE
GOBP_ENDOTHELIN_RECEPTOR_SIGNALING_PATHWAY,GO:BP,-1.50514408007826,0.150022192632046,13,0.777355997263282,1.44823965843074,3,13,FALSE,FALSE
GOBP_ENDOTHELIUM_DEVELOPMENT,GO:BP,-1.22390708054254,0.187065148640101,139,0.902674157598632,1.03842603805945,23,139,FALSE,FALSE
GOBP_ENERGY_HOMEOSTASIS,GO:BP,-1.30351128771688,0.147537073572864,81,0.0820313855761459,1.70451251979914,22,81,FALSE,FALSE
GOBP_ENERGY_RESERVE_METABOLIC_PROCESS,GO:BP,-1.13010895825138,0.324659786057771,90,1,0.697300576281468,10,90,FALSE,FALSE
GOBP_ENGULFMENT_OF_APOPTOTIC_CELL,GO:BP,-0.813561665378073,0.774342245984364,11,0.367902175932515,2.2820746132848,4,11,FALSE,FALSE
GOBP_ENSHEATHMENT_OF_NEURONS,GO:BP,-1.74410565571782,0.00105897608267485,146,0.632546716946981,1.16057561668765,27,146,FALSE,FALSE
GOBP_ENTERIC_NERVOUS_SYSTEM_DEVELOPMENT,GO:BP,-1.52740303650457,0.143796163441772,12,0.719442465053918,1.5689262966333,3,12,FALSE,FALSE
GOBP_ENTEROENDOCRINE_CELL_DIFFERENTIATION,GO:BP,-1.20463900861781,0.318303593174106,23,0.9287787116854,1.0914269889623,4,23,FALSE,FALSE
GOBP_ENTRAINMENT_OF_CIRCADIAN_CLOCK,GO:BP,-0.915314824306211,0.672798407577734,24,1,0.522975432211101,2,24,FALSE,FALSE
GOBP_ENTRAINMENT_OF_CIRCADIAN_CLOCK_BY_PHOTOPERIOD,GO:BP,-0.876828303880206,0.73065327341829,21,1,0.597686208241258,2,21,FALSE,FALSE
GOBP_ENUCLEATE_ERYTHROCYTE_DIFFERENTIATION,GO:BP,1.7325075888341,0.0488342496990115,13,0.777355997263282,1.44823965843074,3,13,TRUE,FALSE
GOBP_EOSINOPHIL_ACTIVATION,GO:BP,-0.891463730691078,0.669378755950987,10,1,0.627570518653321,1,10,FALSE,FALSE
GOBP_EOSINOPHIL_CHEMOTAXIS,GO:BP,1.65774226630159,0.0754235766189182,16,0.203413740636149,2.35338944494995,6,16,FALSE,FALSE
GOBP_EOSINOPHIL_MEDIATED_IMMUNITY,GO:BP,0.804845523977446,0.790773744041071,10,1,0.627570518653321,1,10,FALSE,FALSE
GOBP_EOSINOPHIL_MIGRATION,GO:BP,1.64319679428948,0.0527780204801,20,0.0932137217894551,2.51028207461329,8,20,FALSE,FALSE
GOBP_EPHRIN_RECEPTOR_SIGNALING_PATHWAY,GO:BP,-1.02484035689149,0.528025176728538,48,0.629649579060468,1.30743858052775,10,48,FALSE,FALSE
GOBP_EPIBOLY,GO:BP,1.18490021095194,0.326321493104105,39,1,0.643662070413663,4,39,FALSE,FALSE
GOBP_EPIDERMAL_CELL_DIFFERENTIATION,GO:BP,1.97769018717543,1.14023579426424e-06,229,5.72213542302525e-11,2.24719574364945,82,229,TRUE,TRUE
GOBP_EPIDERMIS_DEVELOPMENT,GO:BP,1.73527578703044,1.44022608463146e-05,364,2.52881501027918e-11,1.98270905618494,115,364,TRUE,TRUE
GOBP_EPIDERMIS_MORPHOGENESIS,GO:BP,-1.02574193658548,0.541457217035851,35,0.0768750047994637,2.15167034966853,12,35,FALSE,FALSE
GOBP_EPIGENETIC_PROGRAMMING_IN_THE_ZYGOTIC_PRONUCLEI,GO:BP,0.858194086632824,0.728844139332816,10,,,,,FALSE,FALSE
GOBP_EPIGENETIC_PROGRAMMING_OF_GENE_EXPRESSION,GO:BP,0.745870181656627,0.889699229488074,29,,,,,FALSE,FALSE
GOBP_EPIGENETIC_REGULATION_OF_GENE_EXPRESSION,GO:BP,1.44555011984827,0.0177768222820623,266,1,0.401078902898739,17,266,TRUE,FALSE
GOBP_EPITHELIAL_CELL_APOPTOTIC_PROCESS,GO:BP,1.14899189106835,0.358939005556529,52,0.740450771110098,1.20686638202562,10,52,FALSE,FALSE
GOBP_EPITHELIAL_CELL_CELL_ADHESION,GO:BP,-0.946369772984244,0.600776211027446,14,1,0.448264656180944,1,14,FALSE,FALSE
GOBP_EPITHELIAL_CELL_DEVELOPMENT,GO:BP,-1.09202055318458,0.336191846281824,196,0.664884433999914,1.12066164045236,35,196,FALSE,FALSE
GOBP_EPITHELIAL_CELL_DIFFERENTIATION_INVOLVED_IN_KIDNEY_DEVELOPMENT,GO:BP,-1.31160494656696,0.163101363083141,44,0.672164713357528,1.2836669699727,9,44,FALSE,FALSE
GOBP_EPITHELIAL_CELL_DIFFERENTIATION_INVOLVED_IN_PROSTATE_GLAND_DEVELOPMENT,GO:BP,-1.18281468536208,0.392227549417063,10,0.594213709778933,1.88271155595996,3,10,FALSE,FALSE
GOBP_EPITHELIAL_CELL_MATURATION,GO:BP,0.723607725924093,0.877931582946524,13,0.499747367215725,1.93098621124099,4,13,FALSE,FALSE
GOBP_EPITHELIAL_CELL_MORPHOGENESIS,GO:BP,-1.08091297843539,0.460577013438587,37,0.810563353453362,1.18729557583061,7,37,FALSE,FALSE
GOBP_EPITHELIAL_CELL_PROLIFERATION,GO:BP,-1.15051021192614,0.210642004681684,374,0.0793605564859744,1.3088369105604,78,374,FALSE,FALSE
GOBP_EPITHELIAL_CELL_PROLIFERATION_INVOLVED_IN_LUNG_MORPHOGENESIS,GO:BP,-1.36556103483648,0.230271555362745,11,1,0.570518653321201,1,11,FALSE,FALSE
GOBP_EPITHELIAL_CELL_PROLIFERATION_INVOLVED_IN_PROSTATE_GLAND_DEVELOPMENT,GO:BP,-0.941705216294672,0.615640808012222,10,1,0.627570518653321,1,10,FALSE,FALSE
GOBP_EPITHELIAL_FLUID_TRANSPORT,GO:BP,0.839162086149242,0.740544314782754,10,0.906741278758732,1.25514103730664,2,10,FALSE,FALSE
GOBP_EPITHELIAL_STRUCTURE_MAINTENANCE,GO:BP,0.758824758246427,0.881552817825898,31,0.610175830929717,1.41709471953976,7,31,FALSE,FALSE
GOBP_EPITHELIAL_TO_MESENCHYMAL_TRANSITION,GO:BP,-1.32550751848295,0.0861797873084014,158,0.906741278758732,1.03271098006243,26,158,FALSE,FALSE
GOBP_EPITHELIAL_TO_MESENCHYMAL_TRANSITION_INVOLVED_IN_ENDOCARDIAL_CUSHION_FORMATION,GO:BP,-1.36935204770699,0.194634561525277,17,,,,,FALSE,FALSE
GOBP_EPITHELIAL_TUBE_BRANCHING_INVOLVED_IN_LUNG_MORPHOGENESIS,GO:BP,-1.25311952612007,0.257565256806514,27,0.868087644964407,1.16216762713578,5,27,FALSE,FALSE
GOBP_EPITHELIAL_TUBE_MORPHOGENESIS,GO:BP,-1.44228469449317,0.00535048157286931,304,0.801635301593806,1.05283212010919,51,304,FALSE,FALSE
GOBP_ERAD_PATHWAY,GO:BP,1.06571467935273,0.450375941231499,104,1,0.362059914607685,6,104,FALSE,FALSE
GOBP_ERBB2_SIGNALING_PATHWAY,GO:BP,-1.1252597152298,0.403794298730993,23,0.161234531076505,2.1828539779246,8,23,FALSE,FALSE
GOBP_ERBB3_SIGNALING_PATHWAY,GO:BP,-1.19908569559186,0.383362281350086,10,1,0.627570518653321,1,10,FALSE,FALSE
GOBP_ERBB_SIGNALING_PATHWAY,GO:BP,-1.00896497066837,0.535558178162427,142,0.846094501148584,1.06068256673801,24,142,FALSE,FALSE
GOBP_ERK1_AND_ERK2_CASCADE,GO:BP,1.22191466748866,0.175099685130868,276,0.101790474376526,1.34154567393282,59,276,FALSE,FALSE
GOBP_ERROR_PRONE_TRANSLESION_SYNTHESIS,GO:BP,1.32158392078333,0.237115862118732,12,0.978587630542299,1.0459508644222,2,12,FALSE,FALSE
GOBP_ERYTHROCYTE_DEVELOPMENT,GO:BP,1.20895593582468,0.286894286700187,42,1,0.597686208241258,4,42,FALSE,FALSE
GOBP_ERYTHROCYTE_HOMEOSTASIS,GO:BP,1.42851116083797,0.0641842048683162,145,1,0.822333783062973,19,145,FALSE,FALSE
GOBP_ERYTHROCYTE_MATURATION,GO:BP,1.44718494457778,0.136163645915419,20,0.831189429132839,1.25514103730664,4,20,FALSE,FALSE
GOBP_ER_NUCLEUS_SIGNALING_PATHWAY,GO:BP,1.07800353338426,0.441926601050142,53,1,0.355228595464144,3,53,FALSE,FALSE
GOBP_ER_OVERLOAD_RESPONSE,GO:BP,0.761979637208383,0.846795583051167,11,1,0.570518653321201,1,11,FALSE,FALSE
GOBP_ESCRT_COMPLEX_DISASSEMBLY,GO:BP,1.37702036651584,0.211408268440529,10,,,,,FALSE,FALSE
GOBP_ESTABLISHMENT_OF_BLOOD_BRAIN_BARRIER,GO:BP,-1.0561964455339,0.509715502481628,15,0.868087644964407,1.25514103730664,3,15,FALSE,FALSE
GOBP_ESTABLISHMENT_OF_CELL_POLARITY,GO:BP,0.980763188337877,0.585210880958323,153,1,0.779335938196935,19,153,FALSE,FALSE
GOBP_ESTABLISHMENT_OF_ENDOTHELIAL_BARRIER,GO:BP,1.37616322106032,0.125532872229342,54,0.788586078744843,1.16216762713578,10,54,FALSE,FALSE
GOBP_ESTABLISHMENT_OF_ENDOTHELIAL_INTESTINAL_BARRIER,GO:BP,1.3164414542232,0.233670572245144,15,0.594213709778933,1.67352138307552,4,15,FALSE,FALSE
GOBP_ESTABLISHMENT_OF_EPITHELIAL_CELL_APICAL_BASAL_POLARITY,GO:BP,0.767066025961307,0.832169297333505,15,0.868087644964407,1.25514103730664,3,15,FALSE,FALSE
GOBP_ESTABLISHMENT_OF_EPITHELIAL_CELL_POLARITY,GO:BP,-1.07052017335343,0.463775950015231,28,1,0.896529312361887,4,28,FALSE,FALSE
GOBP_ESTABLISHMENT_OF_LYMPHOCYTE_POLARITY,GO:BP,1.34332093046961,0.219156831129743,15,1,0.836760691537762,2,15,FALSE,FALSE
GOBP_ESTABLISHMENT_OF_MITOCHONDRION_LOCALIZATION,GO:BP,-1.38702608214856,0.116682399896848,35,0.752302801814948,1.25514103730664,7,35,FALSE,FALSE
GOBP_ESTABLISHMENT_OF_MITOCHONDRION_LOCALIZATION_MICROTUBULE_MEDIATED,GO:BP,-1.55792149783467,0.0606770950234427,29,0.553228151642349,1.51482538985284,7,29,FALSE,FALSE
GOBP_ESTABLISHMENT_OF_MITOTIC_SPINDLE_LOCALIZATION,GO:BP,1.1060768916933,0.424280470606012,40,1,0.941355777979982,6,40,FALSE,FALSE
GOBP_ESTABLISHMENT_OF_ORGANELLE_LOCALIZATION,GO:BP,1.26535006866152,0.107853781008343,389,1,0.709848401561597,44,389,FALSE,FALSE
GOBP_ESTABLISHMENT_OF_PIGMENT_GRANULE_LOCALIZATION,GO:BP,1.63678922036205,0.0886765528288847,23,1,0.545713494481149,2,23,FALSE,FALSE
GOBP_ESTABLISHMENT_OF_PROTEIN_LOCALIZATION_TO_CHROMOSOME,GO:BP,1.38367357654177,0.172585328257158,17,1,0.369159128619601,1,17,FALSE,FALSE
GOBP_ESTABLISHMENT_OF_PROTEIN_LOCALIZATION_TO_ENDOPLASMIC_RETICULUM,GO:BP,1.51951081831757,0.0768752069952034,47,,,,,FALSE,FALSE
GOBP_ESTABLISHMENT_OF_PROTEIN_LOCALIZATION_TO_MEMBRANE,GO:BP,1.36683071791976,0.0553675439586316,264,1,0.475432211101001,20,264,FALSE,FALSE
GOBP_ESTABLISHMENT_OF_PROTEIN_LOCALIZATION_TO_MITOCHONDRIAL_MEMBRANE,GO:BP,1.75870800869073,0.0160195063701136,34,,,,,TRUE,FALSE
GOBP_ESTABLISHMENT_OF_PROTEIN_LOCALIZATION_TO_MITOCHONDRION,GO:BP,1.81142342282577,0.000611827497472727,123,1,0.255109966932244,5,123,TRUE,FALSE
GOBP_ESTABLISHMENT_OF_PROTEIN_LOCALIZATION_TO_ORGANELLE,GO:BP,1.87455438178523,1.61478081845868e-08,440,1,0.413626023657871,29,440,TRUE,FALSE
GOBP_ESTABLISHMENT_OF_PROTEIN_LOCALIZATION_TO_PEROXISOME,GO:BP,0.705712877377815,0.902141269812937,20,1,0.313785259326661,1,20,FALSE,FALSE
GOBP_ESTABLISHMENT_OF_PROTEIN_LOCALIZATION_TO_PLASMA_MEMBRANE,GO:BP,0.882303495991572,0.74182044948174,67,1,0.281001724770144,3,67,FALSE,FALSE
GOBP_ESTABLISHMENT_OF_PROTEIN_LOCALIZATION_TO_TELOMERE,GO:BP,1.40658312477704,0.188701911044818,11,1,0.570518653321201,1,11,FALSE,FALSE
GOBP_ESTABLISHMENT_OF_PROTEIN_LOCALIZATION_TO_VACUOLE,GO:BP,1.06630374760936,0.475648221535674,59,1,0.106367884517512,1,59,FALSE,FALSE
GOBP_ESTABLISHMENT_OF_RNA_LOCALIZATION,GO:BP,1.99781822218975,5.63142153613397e-06,153,1,0.205088404788667,5,153,TRUE,FALSE
GOBP_ESTABLISHMENT_OF_SISTER_CHROMATID_COHESION,GO:BP,1.07063898124928,0.497653072354692,11,,,,,FALSE,FALSE
GOBP_ESTABLISHMENT_OF_SKIN_BARRIER,GO:BP,1.81828671335325,0.00969909592830029,33,0.00922732188378076,2.66242038216561,14,33,TRUE,TRUE
GOBP_ESTABLISHMENT_OF_SPINDLE_ORIENTATION,GO:BP,1.26344482614458,0.234564946874701,43,0.944829045454405,1.02162642571471,7,43,FALSE,FALSE
GOBP_ESTABLISHMENT_OF_TISSUE_POLARITY,GO:BP,0.925516338882648,0.6747542997543,30,1,0.836760691537762,4,30,FALSE,FALSE
GOBP_ESTABLISHMENT_OR_MAINTENANCE_OF_BIPOLAR_CELL_POLARITY,GO:BP,-0.820168430319116,0.832964149645193,49,0.944829045454405,1.02460492841359,8,49,FALSE,FALSE
GOBP_ESTABLISHMENT_OR_MAINTENANCE_OF_CELL_POLARITY,GO:BP,1.01486246650932,0.527067461504822,226,1,0.777520996561637,28,226,FALSE,FALSE
GOBP_ESTABLISHMENT_OR_MAINTENANCE_OF_MONOPOLAR_CELL_POLARITY,GO:BP,0.892207531812976,0.708843403605397,23,0.719442465053918,1.36428373620287,5,23,FALSE,FALSE
GOBP_ESTABLISHMENT_OR_MAINTENANCE_OF_TRANSMEMBRANE_ELECTROCHEMICAL_GRADIENT,GO:BP,-1.00290189862635,0.54430814276339,13,0.104005071892923,2.89647931686148,6,13,FALSE,FALSE
GOBP_ESTROGEN_BIOSYNTHETIC_PROCESS,GO:BP,0.908424302026981,0.668880188588208,10,0.906741278758732,1.25514103730664,2,10,FALSE,FALSE
GOBP_ESTROGEN_METABOLIC_PROCESS,GO:BP,1.61811981152981,0.0572830342896238,34,0.0118883884604824,2.58411390033721,14,34,FALSE,TRUE
GOBP_ESTROGEN_RECEPTOR_SIGNALING_PATHWAY,GO:BP,1.02281646816198,0.552748996449074,51,1,0.615265214366001,5,51,FALSE,FALSE
GOBP_ESTROUS_CYCLE,GO:BP,-0.622243318218408,0.947852829595708,11,1,0.570518653321201,1,11,FALSE,FALSE
GOBP_ETHANOL_METABOLIC_PROCESS,GO:BP,-0.898154555757354,0.674840712506415,13,1,0.965493105620494,2,13,FALSE,FALSE
GOBP_ETHER_BIOSYNTHETIC_PROCESS,GO:BP,-1.51005783153578,0.14642252953061,12,0.978587630542299,1.0459508644222,2,12,FALSE,FALSE
GOBP_ETHER_LIPID_METABOLIC_PROCESS,GO:BP,-1.30401812073959,0.237115862118732,21,1,0.597686208241258,2,21,FALSE,FALSE
GOBP_EXCITATORY_CHEMICAL_SYNAPTIC_TRANSMISSION,GO:BP,-1.21500097756958,0.375038261401898,10,0.594213709778933,1.88271155595996,3,10,FALSE,FALSE
GOBP_EXCITATORY_SYNAPSE_ASSEMBLY,GO:BP,-1.51035241250355,0.0837689722014766,41,0.906741278758732,1.07146186111543,7,41,FALSE,FALSE
GOBP_EXCRETION,GO:BP,-1.31272035949072,0.231954118965479,24,0.35318075340106,1.83041401273885,7,24,FALSE,FALSE
GOBP_EXECUTION_PHASE_OF_APOPTOSIS,GO:BP,1.81895755274786,0.00452679115834265,72,0.303676489292972,1.48176372459812,17,72,TRUE,FALSE
GOBP_EXIT_FROM_MITOSIS,GO:BP,1.00537068889524,0.559269389458069,30,1,0.836760691537762,4,30,FALSE,FALSE
GOBP_EXOCRINE_SYSTEM_DEVELOPMENT,GO:BP,-1.54898034703752,0.0658895133074592,45,1,0.697300576281468,5,45,FALSE,FALSE
GOBP_EXOCYTIC_PROCESS,GO:BP,1.02335750662765,0.541457217035851,88,0.946991606446461,0.998407643312102,14,88,FALSE,FALSE
GOBP_EXOCYTOSIS,GO:BP,1.06274929006837,0.409113823230481,342,1,0.935850773430391,51,342,FALSE,FALSE
GOBP_EXPLORATION_BEHAVIOR,GO:BP,-1.26790671679253,0.255400616740671,29,0.553228151642349,1.51482538985284,7,29,FALSE,FALSE
GOBP_EXPORT_ACROSS_PLASMA_MEMBRANE,GO:BP,-1.32301833887055,0.145732935487646,72,0.0529531247051942,1.83041401273885,21,72,FALSE,FALSE
GOBP_EXTERNAL_ENCAPSULATING_STRUCTURE_ORGANIZATION,GO:BP,-1.54811640658599,0.000407493670512267,307,0.117262721583506,1.30829033204601,64,307,FALSE,FALSE
GOBP_EXTRACELLULAR_MATRIX_ASSEMBLY,GO:BP,-1.78767630534545,0.0160195063701136,44,0.237102536494907,1.7115559599636,12,44,FALSE,FALSE
GOBP_EXTRACELLULAR_MATRIX_CONSTITUENT_SECRETION,GO:BP,0.55480186918114,0.977219193477812,11,1,0.570518653321201,1,11,FALSE,FALSE
GOBP_EXTRACELLULAR_MATRIX_DISASSEMBLY,GO:BP,1.39154436613106,0.123083443431913,58,0.0869825200077341,1.8394308305356,17,58,FALSE,FALSE
GOBP_EXTRACELLULAR_REGULATION_OF_SIGNAL_TRANSDUCTION,GO:BP,-1.21706551684381,0.375038261401898,10,0.594213709778933,1.88271155595996,3,10,FALSE,FALSE
GOBP_EXTRACELLULAR_TRANSPORT,GO:BP,-0.655366253532491,0.974668754816417,38,1,0.495450409463148,3,38,FALSE,FALSE
GOBP_EXTRACELLULAR_VESICLE_BIOGENESIS,GO:BP,0.95064669251552,0.641662615774498,23,1,0.818570241721723,3,23,FALSE,FALSE
GOBP_EXTRAEMBRYONIC_MEMBRANE_DEVELOPMENT,GO:BP,1.74120476440536,0.0408309864499384,12,0.430749153033336,2.0919017288444,4,12,TRUE,FALSE
GOBP_EXTRINSIC_APOPTOTIC_SIGNALING_PATHWAY,GO:BP,1.50490903311819,0.0200476213534438,223,1,0.731696568833469,26,223,TRUE,FALSE
GOBP_EXTRINSIC_APOPTOTIC_SIGNALING_PATHWAY_VIA_DEATH_DOMAIN_RECEPTORS,GO:BP,1.53801025101655,0.0648434111833976,83,1,0.529276341032922,7,83,FALSE,FALSE
GOBP_EYELID_DEVELOPMENT_IN_CAMERA_TYPE_EYE,GO:BP,1.18528615779177,0.374659779945942,13,1,0.965493105620494,2,13,FALSE,FALSE
GOBP_EYE_MORPHOGENESIS,GO:BP,-1.47510644512481,0.0281829728420959,143,0.675402767623812,1.1410373066424,26,143,FALSE,FALSE
GOBP_EYE_PHOTORECEPTOR_CELL_DEVELOPMENT,GO:BP,-0.559887276380811,0.988558352402746,28,1,0.672396984271416,3,28,FALSE,FALSE
GOBP_EYE_PHOTORECEPTOR_CELL_DIFFERENTIATION,GO:BP,-0.744991932322118,0.908449507927778,40,1,0.784463148316651,5,40,FALSE,FALSE
GOBP_FACE_DEVELOPMENT,GO:BP,-0.911790300635107,0.732542867924158,51,1,0.861371300112402,7,51,FALSE,FALSE
GOBP_FACE_MORPHOGENESIS,GO:BP,-1.40830782796701,0.16390195593988,32,1,0.588347361237489,3,32,FALSE,FALSE
GOBP_FACIAL_NERVE_MORPHOGENESIS,GO:BP,-1.3379394397553,0.25838610673512,10,1,0.627570518653321,1,10,FALSE,FALSE
GOBP_FACULTATIVE_HETEROCHROMATIN_FORMATION,GO:BP,1.13781679637772,0.430290627305964,15,1,0.418380345768881,1,15,FALSE,FALSE
GOBP_FARNESYL_DIPHOSPHATE_BIOSYNTHETIC_PROCESS,GO:BP,-0.909215460307647,0.650267967569053,10,1,0.627570518653321,1,10,FALSE,FALSE
GOBP_FARNESYL_DIPHOSPHATE_METABOLIC_PROCESS,GO:BP,-0.685325007431127,0.896974380859199,12,1,0.522975432211101,1,12,FALSE,FALSE
GOBP_FAS_SIGNALING_PATHWAY,GO:BP,1.46029617485356,0.139142420162834,10,0.906741278758732,1.25514103730664,2,10,FALSE,FALSE
GOBP_FATTY_ACID_BETA_OXIDATION,GO:BP,-1.37966380150588,0.102379305674704,70,1,0.71722344988951,8,70,FALSE,FALSE
GOBP_FATTY_ACID_BETA_OXIDATION_USING_ACYL_COA_DEHYDROGENASE,GO:BP,-1.20418806421282,0.339365933952882,12,1,0.522975432211101,1,12,FALSE,FALSE
GOBP_FATTY_ACID_BETA_OXIDATION_USING_ACYL_COA_OXIDASE,GO:BP,-0.945998176653222,0.614692191837613,13,0.777355997263282,1.44823965843074,3,13,FALSE,FALSE
GOBP_FATTY_ACID_BIOSYNTHETIC_PROCESS,GO:BP,-1.40484028961234,0.061522547317365,152,0.228822321613531,1.36248862602366,33,152,FALSE,FALSE
GOBP_FATTY_ACID_CATABOLIC_PROCESS,GO:BP,-1.27184579806209,0.165519454066114,98,1,0.640378080258491,10,98,FALSE,FALSE
GOBP_FATTY_ACID_DERIVATIVE_BIOSYNTHETIC_PROCESS,GO:BP,-1.6886763424598,0.0244446625108477,47,0.594213709778933,1.33525642266664,10,47,FALSE,FALSE
GOBP_FATTY_ACID_DERIVATIVE_CATABOLIC_PROCESS,GO:BP,-0.608014427450298,0.961887688297703,18,,,,,FALSE,FALSE
GOBP_FATTY_ACID_DERIVATIVE_METABOLIC_PROCESS,GO:BP,-1.36941671115403,0.0877191435974013,76,0.962721081755926,0.990900818926297,12,76,FALSE,FALSE
GOBP_FATTY_ACID_ELONGATION,GO:BP,-0.552277080363727,0.980671425905189,14,1,0.896529312361887,2,14,FALSE,FALSE
GOBP_FATTY_ACID_HOMEOSTASIS,GO:BP,-1.08565740824196,0.462954525248933,14,0.303676489292972,2.24132328090472,5,14,FALSE,FALSE
GOBP_FATTY_ACID_METABOLIC_PROCESS,GO:BP,-1.26003790299863,0.0624932612739307,368,0.219407997726552,1.22785536258259,72,368,FALSE,FALSE
GOBP_FATTY_ACID_TRANSMEMBRANE_TRANSPORT,GO:BP,-0.84543928002028,0.761787678660652,19,1,0.330300272975432,1,19,FALSE,FALSE
GOBP_FATTY_ACID_TRANSPORT,GO:BP,1.3144831712577,0.150022192632046,92,0.201710248379816,1.50071210982316,22,92,FALSE,FALSE
GOBP_FATTY_ACYL_COA_BIOSYNTHETIC_PROCESS,GO:BP,-0.98066008234635,0.590579349031227,26,0.99198586966751,0.965493105620494,4,26,FALSE,FALSE
GOBP_FATTY_ACYL_COA_METABOLIC_PROCESS,GO:BP,-1.16119076338839,0.346038803211064,42,1,0.896529312361887,6,42,FALSE,FALSE
GOBP_FAT_CELL_DIFFERENTIATION,GO:BP,-1.49336961267271,0.00764390594863789,238,0.390446532360793,1.21295142260726,46,238,FALSE,FALSE
GOBP_FAT_CELL_PROLIFERATION,GO:BP,0.9498894677706,0.623733028120785,19,0.788586078744843,1.32120109190173,4,19,FALSE,FALSE
GOBP_FAT_SOLUBLE_VITAMIN_BIOSYNTHETIC_PROCESS,GO:BP,1.05941088058664,0.507993964085402,13,0.250411825363178,2.41373276405124,5,13,FALSE,FALSE
GOBP_FAT_SOLUBLE_VITAMIN_CATABOLIC_PROCESS,GO:BP,0.857874335955255,0.740563357148723,11,0.0555898164014189,3.42311191992721,6,11,FALSE,FALSE
GOBP_FC_EPSILON_RECEPTOR_SIGNALING_PATHWAY,GO:BP,1.51047211521854,0.1277730315537,25,0.801635301593806,1.25514103730664,5,25,FALSE,FALSE
GOBP_FC_GAMMA_RECEPTOR_SIGNALING_PATHWAY,GO:BP,1.735076250504,0.0198831943595473,35,0.141288281551109,1.97236448719615,11,35,TRUE,FALSE
GOBP_FC_RECEPTOR_MEDIATED_STIMULATORY_SIGNALING_PATHWAY,GO:BP,1.72467267333936,0.0245580053252295,34,0.544976826914864,1.4766365144784,8,34,TRUE,FALSE
GOBP_FC_RECEPTOR_SIGNALING_PATHWAY,GO:BP,1.75532897111757,0.0143076014218788,57,0.201710248379816,1.65150136487716,15,57,TRUE,FALSE
GOBP_FEAR_RESPONSE,GO:BP,-1.64964937129508,0.0343963201908013,43,0.0700677182471965,2.04325285142942,14,43,FALSE,FALSE
GOBP_FEEDING_BEHAVIOR,GO:BP,-1.03983847943236,0.494492254733219,70,0.0414148892452261,1.88271155595996,21,70,FALSE,TRUE
GOBP_FEMALE_GAMETE_GENERATION,GO:BP,1.6722677289538,0.00582275068049195,130,0.0555898164014189,1.59306362427382,33,130,TRUE,FALSE
GOBP_FEMALE_GENITALIA_DEVELOPMENT,GO:BP,1.03320625708502,0.534557123209606,15,0.594213709778933,1.67352138307552,4,15,FALSE,FALSE
GOBP_FEMALE_MEIOSIS_I,GO:BP,2.0930434455382,0.000560657563446296,11,0.157795262997224,2.85259326660601,5,11,TRUE,FALSE
GOBP_FEMALE_MEIOTIC_NUCLEAR_DIVISION,GO:BP,2.47206353835455,2.76661972442039e-07,37,0.0533483656670967,2.20497749797113,13,37,TRUE,FALSE
GOBP_FEMALE_SEX_DIFFERENTIATION,GO:BP,-1.73799674210084,0.00249390304081921,103,0.703534865988356,1.15765435479739,19,103,FALSE,FALSE
GOBP_FERROPTOSIS,GO:BP,1.10861597144681,0.433046721982721,30,1,0.627570518653321,3,30,FALSE,FALSE
GOBP_FERTILIZATION,GO:BP,-1.22859552928354,0.160287502641563,157,0.80017210440856,1.07926140150571,27,157,FALSE,FALSE
GOBP_FEVER_GENERATION,GO:BP,1.44456182939859,0.149867745766081,10,1,0.627570518653321,1,10,FALSE,FALSE
GOBP_FIBRINOLYSIS,GO:BP,1.37862087360416,0.177816494686586,17,1,0.738318257239201,2,17,FALSE,FALSE
GOBP_FIBROBLAST_ACTIVATION,GO:BP,0.805016223046849,0.7956390877548,16,0.655369444735246,1.5689262966333,4,16,FALSE,FALSE
GOBP_FIBROBLAST_APOPTOTIC_PROCESS,GO:BP,1.37941593535787,0.183487131565627,19,1,0.660600545950864,2,19,FALSE,FALSE
GOBP_FIBROBLAST_GROWTH_FACTOR_RECEPTOR_SIGNALING_PATHWAY,GO:BP,-1.27664314753023,0.175609131859132,68,0.944829045454405,1.0151876037039,11,68,FALSE,FALSE
GOBP_FIBROBLAST_MIGRATION,GO:BP,-1.25232708109478,0.202459816734265,48,1,0.522975432211101,4,48,FALSE,FALSE
GOBP_FIBROBLAST_PROLIFERATION,GO:BP,1.02994495636263,0.53285761699303,83,0.777355997263282,1.13416358792769,15,83,FALSE,FALSE
GOBP_FILOPODIUM_ASSEMBLY,GO:BP,-1.2909105763966,0.155906042830422,66,0.788586078744843,1.1410373066424,12,66,FALSE,FALSE
GOBP_FLAVONOID_METABOLIC_PROCESS,GO:BP,2.10497829919825,0.00188437327457571,15,0.00107049492788727,4.18380345768881,10,15,TRUE,TRUE
GOBP_FLUID_TRANSPORT,GO:BP,-1.10402253060283,0.430900678172504,26,0.831189429132839,1.20686638202562,5,26,FALSE,FALSE
GOBP_FOAM_CELL_DIFFERENTIATION,GO:BP,1.19856479110876,0.314911770409153,38,0.0626293965258465,2.14695177434031,13,38,FALSE,FALSE
GOBP_FOCAL_ADHESION_ASSEMBLY,GO:BP,-1.85869853524402,0.000957519235205318,85,1,0.590654605791361,8,85,FALSE,FALSE
GOBP_FOLIC_ACID_CONTAINING_COMPOUND_BIOSYNTHETIC_PROCESS,GO:BP,1.62765661375992,0.0838037499937404,11,0.944829045454405,1.1410373066424,2,11,FALSE,FALSE
GOBP_FOLIC_ACID_CONTAINING_COMPOUND_METABOLIC_PROCESS,GO:BP,1.9952979191044,0.00226435569426052,27,0.65691649481654,1.39460115256294,6,27,TRUE,FALSE
GOBP_FOLIC_ACID_METABOLIC_PROCESS,GO:BP,1.24636554704824,0.295397164497961,16,1,0.392231574158326,1,16,FALSE,FALSE
GOBP_FOREBRAIN_CELL_MIGRATION,GO:BP,-1.46316301190678,0.0636225054733957,55,1,0.912829845313922,8,55,FALSE,FALSE
GOBP_FOREBRAIN_DEVELOPMENT,GO:BP,-1.52873061291853,0.000710409899721316,341,0.325210723440953,1.19624878922187,65,341,FALSE,FALSE
GOBP_FOREBRAIN_GENERATION_OF_NEURONS,GO:BP,-1.19675608087311,0.262319204270658,71,0.906370413997054,1.06068256673801,12,71,FALSE,FALSE
GOBP_FOREBRAIN_MORPHOGENESIS,GO:BP,0.955631460818841,0.639426876542862,10,0.906741278758732,1.25514103730664,2,10,FALSE,FALSE
GOBP_FOREBRAIN_NEURON_DEVELOPMENT,GO:BP,-1.02298164632559,0.553626436678561,30,1,0.836760691537762,4,30,FALSE,FALSE
GOBP_FOREBRAIN_REGIONALIZATION,GO:BP,-1.72219637898712,0.0530461671177516,13,0.250411825363178,2.41373276405124,5,13,FALSE,FALSE
GOBP_FORELIMB_MORPHOGENESIS,GO:BP,-1.73706549891813,0.0112388121404382,35,0.579919469899798,1.43444689977902,8,35,FALSE,FALSE
GOBP_FORMATION_OF_CYTOPLASMIC_TRANSLATION_INITIATION_COMPLEX,GO:BP,1.16138376089541,0.405326163627652,15,,,,,FALSE,FALSE
GOBP_FORMATION_OF_EXTRACHROMOSOMAL_CIRCULAR_DNA,GO:BP,1.83731010569579,0.0276202703275452,15,0.868087644964407,1.25514103730664,3,15,TRUE,FALSE
GOBP_FORMATION_OF_PRIMARY_GERM_LAYER,GO:BP,-0.961996078375461,0.635394827496796,108,0.962721081755926,0.987842483065413,17,108,FALSE,FALSE
GOBP_FORMATION_OF_TRANSLATION_PREINITIATION_COMPLEX,GO:BP,1.65808389009309,0.0745766741437746,10,,,,,FALSE,FALSE
GOBP_FRUCTOSE_6_PHOSPHATE_METABOLIC_PROCESS,GO:BP,1.24621221540385,0.301243498817967,13,0.777355997263282,1.44823965843074,3,13,FALSE,FALSE
GOBP_FRUCTOSE_METABOLIC_PROCESS,GO:BP,0.770232128128841,0.834168677346086,12,0.978587630542299,1.0459508644222,2,12,FALSE,FALSE
GOBP_FUCOSE_CATABOLIC_PROCESS,GO:BP,1.58075651605543,0.107853781008343,10,0.036012254022514,3.76542311191993,6,10,FALSE,TRUE
GOBP_FUCOSE_METABOLIC_PROCESS,GO:BP,1.30022111789481,0.234319158854302,17,0.24615437055853,2.2149547717176,6,17,FALSE,FALSE
GOBP_G0_TO_G1_TRANSITION,GO:BP,0.938577123076942,0.652949174029361,38,,,,,FALSE,FALSE
GOBP_G1_TO_G0_TRANSITION,GO:BP,1.51338496385748,0.145759905881972,18,0.506693934048772,1.74325144070367,5,18,FALSE,FALSE
GOBP_GABAERGIC_NEURON_DIFFERENTIATION,GO:BP,-0.883062404481174,0.691772342207345,13,0.777355997263282,1.44823965843074,3,13,FALSE,FALSE
GOBP_GALACTOSE_CATABOLIC_PROCESS,GO:BP,1.15911980418945,0.392590367477721,10,0.906741278758732,1.25514103730664,2,10,FALSE,FALSE
GOBP_GALACTOSE_METABOLIC_PROCESS,GO:BP,1.3048082062925,0.246940310688155,14,0.825631269028654,1.34479396854283,3,14,FALSE,FALSE
GOBP_GAMMA_AMINOBUTYRIC_ACID_SIGNALING_PATHWAY,GO:BP,-0.832869629340752,0.788425574657819,21,0.426982662077329,1.79305862472378,6,21,FALSE,FALSE
GOBP_GAMMA_AMINOBUTYRIC_ACID_TRANSPORT,GO:BP,-1.02508538065804,0.523907438848016,13,1,0.965493105620494,2,13,FALSE,FALSE
GOBP_GAMMA_DELTA_T_CELL_ACTIVATION,GO:BP,1.86187848075263,0.0100371357387062,27,0.290924701964477,1.85946820341725,8,27,TRUE,FALSE
GOBP_GAMMA_DELTA_T_CELL_DIFFERENTIATION,GO:BP,1.34505192208099,0.211408268440529,14,1,0.896529312361887,2,14,FALSE,FALSE
GOBP_GANGLION_DEVELOPMENT,GO:BP,-1.06936357658067,0.475828090472679,13,1,0.482746552810247,1,13,FALSE,FALSE
GOBP_GANGLIOSIDE_BIOSYNTHETIC_PROCESS,GO:BP,-1.19861761322991,0.360687902688291,15,1,0.418380345768881,1,15,FALSE,FALSE
GOBP_GANGLIOSIDE_METABOLIC_PROCESS,GO:BP,-0.803742969094922,0.835538380223553,26,1,0.724119829215371,3,26,FALSE,FALSE
GOBP_GAP_JUNCTION_ASSEMBLY,GO:BP,1.52507795683893,0.129546461274953,18,0.290924701964477,2.0919017288444,6,18,FALSE,FALSE
GOBP_GASTRIC_ACID_SECRETION,GO:BP,1.234175152852,0.312051120098614,12,0.0788294468207709,3.13785259326661,6,12,FALSE,FALSE
GOBP_GASTRULATION,GO:BP,-1.10062750508348,0.364073155610663,159,1,0.907806410630591,23,159,FALSE,FALSE
GOBP_GASTRULATION_WITH_MOUTH_FORMING_SECOND,GO:BP,-0.960055460776353,0.609436634595072,21,1,0.597686208241258,2,21,FALSE,FALSE
GOBP_GAS_TRANSPORT,GO:BP,1.05452414024605,0.509715502481628,12,0.978587630542299,1.0459508644222,2,12,FALSE,FALSE
GOBP_GDP_METABOLIC_PROCESS,GO:BP,1.1922777639373,0.344323307155001,11,0.944829045454405,1.1410373066424,2,11,FALSE,FALSE
GOBP_GENERATION_OF_PRECURSOR_METABOLITES_AND_ENERGY,GO:BP,1.39704969854521,0.0123289056314956,435,1,0.663637789840294,46,435,TRUE,FALSE
GOBP_GENITALIA_DEVELOPMENT,GO:BP,-1.51190788208111,0.0587912905557027,35,0.248142906877423,1.79305862472377,10,35,FALSE,FALSE
GOBP_GENOMIC_IMPRINTING,GO:BP,-0.939999938323919,0.655658181684901,19,,,,,FALSE,FALSE
GOBP_GERMINAL_CENTER_FORMATION,GO:BP,1.40422161398215,0.17563648836728,14,0.825631269028654,1.34479396854283,3,14,FALSE,FALSE
GOBP_GLANDULAR_EPITHELIAL_CELL_DIFFERENTIATION,GO:BP,0.771634903148899,0.825296935314986,15,1,0.836760691537762,2,15,FALSE,FALSE
GOBP_GLAND_DEVELOPMENT,GO:BP,-1.37479845263884,0.00648408236696224,401,0.00267510581791136,1.47111293649407,94,401,FALSE,TRUE
GOBP_GLAND_MORPHOGENESIS,GO:BP,-1.3936928011402,0.0488726869477253,115,0.234445795259973,1.41885508565099,26,115,FALSE,FALSE
GOBP_GLIAL_CELL_ACTIVATION,GO:BP,1.2583916077897,0.237739510065486,48,0.629649579060468,1.30743858052775,10,48,FALSE,FALSE
GOBP_GLIAL_CELL_APOPTOTIC_PROCESS,GO:BP,1.44497196230852,0.152297948906847,15,0.868087644964407,1.25514103730664,3,15,FALSE,FALSE
GOBP_GLIAL_CELL_DERIVED_NEUROTROPHIC_FACTOR_RECEPTOR_SIGNALING_PATHWAY,GO:BP,-1.92328716304779,0.0105538594341632,13,0.499747367215725,1.93098621124099,4,13,FALSE,FALSE
GOBP_GLIAL_CELL_DEVELOPMENT,GO:BP,-1.41228362596412,0.0589253404550624,119,0.664884433999914,1.16021440423303,22,119,FALSE,FALSE
GOBP_GLIAL_CELL_DIFFERENTIATION,GO:BP,-1.55485521555304,0.0027978605911276,217,0.495947336988262,1.18573231634959,41,217,FALSE,FALSE
GOBP_GLIAL_CELL_FATE_COMMITMENT,GO:BP,-1.62706345225673,0.0798690923559314,10,1,0.627570518653321,1,10,FALSE,FALSE
GOBP_GLIAL_CELL_MIGRATION,GO:BP,-1.29056910143815,0.153702157663425,50,0.831189429132839,1.12962693357598,9,50,FALSE,FALSE
GOBP_GLIAL_CELL_PROLIFERATION,GO:BP,-1.0695745823389,0.468872903312893,46,0.426982662077329,1.50071210982316,11,46,FALSE,FALSE
GOBP_GLIOGENESIS,GO:BP,-1.50996626296103,0.00391406431066644,284,0.276011524323241,1.23746299452768,56,284,FALSE,FALSE
GOBP_GLOMERULAR_EPITHELIAL_CELL_DEVELOPMENT,GO:BP,-1.00889986018574,0.550125360608445,10,,,,,FALSE,FALSE
GOBP_GLOMERULAR_EPITHELIUM_DEVELOPMENT,GO:BP,-1.11561848532937,0.442003070227231,24,0.944829045454405,1.0459508644222,4,24,FALSE,FALSE
GOBP_GLOMERULAR_MESANGIAL_CELL_PROLIFERATION,GO:BP,-1.13248124210755,0.425578181226401,11,,,,,FALSE,FALSE
GOBP_GLOMERULAR_MESANGIUM_DEVELOPMENT,GO:BP,-1.50021632475683,0.132874459888568,16,1,0.784463148316652,2,16,FALSE,FALSE
GOBP_GLOMERULUS_DEVELOPMENT,GO:BP,-1.64927858339631,0.0160195063701136,66,1,0.570518653321201,6,66,FALSE,FALSE
GOBP_GLUCAN_BIOSYNTHETIC_PROCESS,GO:BP,-1.18019114859717,0.325666774646366,38,1,0.82575068243858,5,38,FALSE,FALSE
GOBP_GLUCAN_METABOLIC_PROCESS,GO:BP,-1.07313156654402,0.43178777996238,80,1,0.706016833484986,9,80,FALSE,FALSE
GOBP_GLUCOCORTICOID_BIOSYNTHETIC_PROCESS,GO:BP,-1.87553407603218,0.0180759887253537,16,0.655369444735246,1.5689262966333,4,16,FALSE,FALSE
GOBP_GLUCOCORTICOID_METABOLIC_PROCESS,GO:BP,-1.57811558789608,0.106954420161702,23,0.303676489292972,1.90999723068402,7,23,FALSE,FALSE
GOBP_GLUCOCORTICOID_SECRETION,GO:BP,-1.83384405615939,0.0263365105275901,12,0.201710248379816,2.61487716105551,5,12,FALSE,FALSE
GOBP_GLUCOSE_6_PHOSPHATE_METABOLIC_PROCESS,GO:BP,1.64482004667878,0.0544585243615792,26,1,0.724119829215371,3,26,FALSE,FALSE
GOBP_GLUCOSE_CATABOLIC_PROCESS,GO:BP,2.00215847511214,0.00204714988059964,27,1,0.697300576281468,3,27,TRUE,FALSE
GOBP_GLUCOSE_METABOLIC_PROCESS,GO:BP,1.22991723506603,0.189087603363578,184,0.960201114141358,0.989105708747082,29,184,FALSE,FALSE
GOBP_GLUCURONATE_METABOLIC_PROCESS,GO:BP,1.58458648558845,0.106877829015486,10,0.303676489292972,2.51028207461329,4,10,FALSE,FALSE
GOBP_GLUTAMATERGIC_NEURON_DIFFERENTIATION,GO:BP,-1.1221945629339,0.435067157266365,15,0.868087644964407,1.25514103730664,3,15,FALSE,FALSE
GOBP_GLUTAMATE_METABOLIC_PROCESS,GO:BP,1.60334951071029,0.0720720714294157,26,0.627782812120181,1.44823965843074,6,26,FALSE,FALSE
GOBP_GLUTAMATE_RECEPTOR_SIGNALING_PATHWAY,GO:BP,-1.25819880016069,0.182397591544433,51,0.00289271177884798,2.461060857464,20,51,FALSE,TRUE
GOBP_GLUTAMATE_SECRETION,GO:BP,-1.41454138185216,0.164269062468412,25,0.978587630542299,1.00411282984531,4,25,FALSE,FALSE
GOBP_GLUTAMINE_FAMILY_AMINO_ACID_BIOSYNTHETIC_PROCESS,GO:BP,1.21213514663187,0.320899832801338,17,1,0.738318257239201,2,17,FALSE,FALSE
GOBP_GLUTAMINE_FAMILY_AMINO_ACID_METABOLIC_PROCESS,GO:BP,1.36053158270736,0.133180554171686,54,0.644324793180605,1.27838438984936,11,54,FALSE,FALSE
GOBP_GLUTAMINE_METABOLIC_PROCESS,GO:BP,0.737411822464887,0.868041160743749,16,,,,,FALSE,FALSE
GOBP_GLUTAMINE_TRANSPORT,GO:BP,1.33909843162886,0.230433664661069,10,0.906741278758732,1.25514103730664,2,10,FALSE,FALSE
GOBP_GLUTATHIONE_METABOLIC_PROCESS,GO:BP,1.15042662971353,0.356765597019634,53,0.472526747512833,1.42091438185658,12,53,FALSE,FALSE
GOBP_GLUTATHIONE_TRANSPORT,GO:BP,1.37433662668265,0.214372549019608,10,0.594213709778933,1.88271155595996,3,10,FALSE,FALSE
GOBP_GLYCERALDEHYDE_3_PHOSPHATE_METABOLIC_PROCESS,GO:BP,1.69995241372053,0.045546139570233,11,0.944829045454405,1.1410373066424,2,11,TRUE,FALSE
GOBP_GLYCEROLIPID_BIOSYNTHETIC_PROCESS,GO:BP,-0.991814977608955,0.586693735555523,227,1,0.525279288740665,19,227,FALSE,FALSE
GOBP_GLYCEROLIPID_CATABOLIC_PROCESS,GO:BP,1.14982201783015,0.340327112737612,67,0.20348743292344,1.59234310703082,17,67,FALSE,FALSE
GOBP_GLYCEROLIPID_METABOLIC_PROCESS,GO:BP,-1.08510734174696,0.331885739185736,356,1,0.899047653126949,51,356,FALSE,FALSE
GOBP_GLYCEROL_METABOLIC_PROCESS,GO:BP,1.08554409345922,0.468700258372803,17,0.24615437055853,2.2149547717176,6,17,FALSE,FALSE
GOBP_GLYCEROPHOSPHOLIPID_BIOSYNTHETIC_PROCESS,GO:BP,-0.833053070728593,0.929491880300816,190,1,0.330300272975432,10,190,FALSE,FALSE
GOBP_GLYCEROPHOSPHOLIPID_CATABOLIC_PROCESS,GO:BP,1.36543634251992,0.177919049469768,35,0.399114075245348,1.6137527622514,9,35,FALSE,FALSE
GOBP_GLYCEROPHOSPHOLIPID_METABOLIC_PROCESS,GO:BP,0.851545668325993,0.897609721997533,272,1,0.646028475084301,28,272,FALSE,FALSE
GOBP_GLYCINE_TRANSPORT,GO:BP,1.38122050523687,0.182397591544433,12,0.978587630542299,1.0459508644222,2,12,FALSE,FALSE
GOBP_GLYCOLIPID_BIOSYNTHETIC_PROCESS,GO:BP,1.03804525146579,0.5184784464208,80,1,0.941355777979982,12,80,FALSE,FALSE
GOBP_GLYCOLIPID_CATABOLIC_PROCESS,GO:BP,1.40780189293338,0.166751852798364,17,1,0.738318257239201,2,17,FALSE,FALSE
GOBP_GLYCOLYTIC_PROCESS_THROUGH_FRUCTOSE_6_PHOSPHATE,GO:BP,1.84271053464948,0.0118866583852528,27,1,0.464867050854312,2,27,TRUE,FALSE
GOBP_GLYCOLYTIC_PROCESS_THROUGH_GLUCOSE_6_PHOSPHATE,GO:BP,1.79320618963521,0.030278658871303,23,1,0.545713494481149,2,23,TRUE,FALSE
GOBP_GLYCOPHAGY,GO:BP,0.891409972643175,0.704275499449235,12,,,,,FALSE,FALSE
GOBP_GLYCOPROTEIN_BIOSYNTHETIC_PROCESS,GO:BP,0.876350217565368,0.856659404502542,286,1,0.87772100510954,40,286,FALSE,FALSE
GOBP_GLYCOPROTEIN_CATABOLIC_PROCESS,GO:BP,1.57362904126902,0.0596268726920352,40,0.902674157598632,1.09824840764331,7,40,FALSE,FALSE
GOBP_GLYCOPROTEIN_METABOLIC_PROCESS,GO:BP,1.07885827982732,0.365334327237509,349,1,0.917080127544968,51,349,FALSE,FALSE
GOBP_GLYCOSAMINOGLYCAN_BIOSYNTHETIC_PROCESS,GO:BP,1.28249012837498,0.229878048780488,31,0.430749153033336,1.61953682233115,8,31,FALSE,FALSE
GOBP_GLYCOSAMINOGLYCAN_CATABOLIC_PROCESS,GO:BP,1.62720232370826,0.0937064128798699,23,0.161234531076505,2.1828539779246,8,23,FALSE,FALSE
GOBP_GLYCOSAMINOGLYCAN_METABOLIC_PROCESS,GO:BP,1.52129894078494,0.0780758949783479,61,0.117262721583506,1.74896701919778,17,61,FALSE,FALSE
GOBP_GLYCOSIDE_METABOLIC_PROCESS,GO:BP,1.4382103570041,0.155202989423016,15,1,0.418380345768881,1,15,FALSE,FALSE
GOBP_GLYCOSPHINGOLIPID_BIOSYNTHETIC_PROCESS,GO:BP,1.13355323136435,0.383362281350086,42,0.462054378260411,1.49421552060315,10,42,FALSE,FALSE
GOBP_GLYCOSPHINGOLIPID_METABOLIC_PROCESS,GO:BP,1.23751487495608,0.238835294023304,65,0.777355997263282,1.15859172674459,12,65,FALSE,FALSE
GOBP_GLYCOSYLCERAMIDE_METABOLIC_PROCESS,GO:BP,0.791833517782109,0.802826747168477,15,0.868087644964407,1.25514103730664,3,15,FALSE,FALSE
GOBP_GLYCOSYL_COMPOUND_BIOSYNTHETIC_PROCESS,GO:BP,1.51898803136852,0.0875455579717771,22,1,0.855777979981802,3,22,FALSE,FALSE
GOBP_GLYCOSYL_COMPOUND_CATABOLIC_PROCESS,GO:BP,1.61939057134252,0.0946021170510318,16,0.408568153127978,1.96115787079163,5,16,FALSE,FALSE
GOBP_GMP_BIOSYNTHETIC_PROCESS,GO:BP,1.73601675531819,0.0350399158664887,11,1,0.570518653321201,1,11,TRUE,FALSE
GOBP_GMP_METABOLIC_PROCESS,GO:BP,2.06407241809126,0.00136155251780364,26,0.627782812120181,1.44823965843074,6,26,TRUE,FALSE
GOBP_GOLGI_LOCALIZATION,GO:BP,1.00142608413622,0.575661444255234,12,,,,,FALSE,FALSE
GOBP_GOLGI_LUMEN_ACIDIFICATION,GO:BP,1.54218091005756,0.133531449395287,13,,,,,FALSE,FALSE
GOBP_GOLGI_ORGANIZATION,GO:BP,1.08836651220354,0.411527484628797,146,1,0.128952846298628,3,146,FALSE,FALSE
GOBP_GOLGI_RIBBON_FORMATION,GO:BP,1.08461812196916,0.473385313801257,11,,,,,FALSE,FALSE
GOBP_GOLGI_TO_ENDOSOME_TRANSPORT,GO:BP,0.826015063655239,0.7956390877548,17,,,,,FALSE,FALSE
GOBP_GOLGI_TO_LYSOSOME_TRANSPORT,GO:BP,1.23875940848647,0.307896483078965,11,,,,,FALSE,FALSE
GOBP_GOLGI_TO_PLASMA_MEMBRANE_PROTEIN_TRANSPORT,GO:BP,0.883659017128504,0.74182044948174,43,1,0.291893264489917,2,43,FALSE,FALSE
GOBP_GOLGI_TO_PLASMA_MEMBRANE_TRANSPORT,GO:BP,-0.833121662215244,0.87219503062398,66,1,0.285259326660601,3,66,FALSE,FALSE
GOBP_GOLGI_TO_VACUOLE_TRANSPORT,GO:BP,1.61918151101064,0.0728762893604827,24,,,,,FALSE,FALSE
GOBP_GOLGI_VESICLE_BUDDING,GO:BP,-0.548824464103199,0.971393246574634,10,,,,,FALSE,FALSE
GOBP_GOLGI_VESICLE_TRANSPORT,GO:BP,1.11236838993742,0.311992252576831,310,1,0.161953682233115,8,310,FALSE,FALSE
GOBP_GONADOTROPIN_SECRETION,GO:BP,-1.69737713925502,0.0721620152639289,12,0.0788294468207709,3.13785259326661,6,12,FALSE,FALSE
GOBP_GPI_ANCHOR_METABOLIC_PROCESS,GO:BP,0.823684720920966,0.801273244932903,30,,,,,FALSE,FALSE
GOBP_GRANULOCYTE_ACTIVATION,GO:BP,1.79460569634673,0.0124589581934541,52,0.740450771110098,1.20686638202562,10,52,TRUE,FALSE
GOBP_GRANULOCYTE_CHEMOTAXIS,GO:BP,1.92943736810682,0.000178950290687095,107,0.0137788515532733,1.81819496058439,31,107,TRUE,TRUE
GOBP_GRANULOCYTE_DIFFERENTIATION,GO:BP,0.813915576571815,0.817750990553502,37,1,0.848068268450434,5,37,FALSE,FALSE
GOBP_GRANULOCYTE_MACROPHAGE_COLONY_STIMULATING_FACTOR_PRODUCTION,GO:BP,1.90839323964603,0.0141068137699992,15,0.068003946693155,2.92866242038217,7,15,TRUE,FALSE
GOBP_GRANULOCYTE_MIGRATION,GO:BP,1.91329472549318,0.000104848163750675,131,0.00492262884516315,1.82043356555925,38,131,TRUE,TRUE
GOBP_GRANZYME_MEDIATED_PROGRAMMED_CELL_DEATH_SIGNALING_PATHWAY,GO:BP,1.88180631139018,0.0120734059659258,10,0.117262721583506,3.13785259326661,5,10,TRUE,FALSE
GOBP_GROOMING_BEHAVIOR,GO:BP,-0.748385187198591,0.852995621316177,13,0.777355997263282,1.44823965843074,3,13,FALSE,FALSE
GOBP_GROWTH_HORMONE_RECEPTOR_SIGNALING_PATHWAY_VIA_JAK_STAT,GO:BP,1.43156106539504,0.155567855605351,10,0.594213709778933,1.88271155595996,3,10,FALSE,FALSE
GOBP_GROWTH_HORMONE_SECRETION,GO:BP,1.26523915515017,0.273612472766885,11,1,0.570518653321201,1,11,FALSE,FALSE
GOBP_GROWTH_PLATE_CARTILAGE_DEVELOPMENT,GO:BP,-0.692209973970425,0.923065860907782,21,1,0.597686208241258,2,21,FALSE,FALSE
GOBP_GTP_BIOSYNTHETIC_PROCESS,GO:BP,1.34276030902125,0.233663108472847,11,,,,,FALSE,FALSE
GOBP_GTP_METABOLIC_PROCESS,GO:BP,1.64548580771033,0.0674179299425672,25,1,0.251028207461328,1,25,FALSE,FALSE
GOBP_GUANINE_NUCLEOTIDE_TRANSPORT,GO:BP,1.04446548813192,0.519636063907496,11,0.944829045454405,1.1410373066424,2,11,FALSE,FALSE
GOBP_G_PROTEIN_COUPLED_ACETYLCHOLINE_RECEPTOR_SIGNALING_PATHWAY,GO:BP,1.03427280962175,0.524229183790766,17,0.112328337767288,2.58411390033721,7,17,FALSE,FALSE
GOBP_G_PROTEIN_COUPLED_DOPAMINE_RECEPTOR_SIGNALING_PATHWAY,GO:BP,-1.35603840514263,0.182397591544433,26,0.831189429132839,1.20686638202562,5,26,FALSE,FALSE
GOBP_G_PROTEIN_COUPLED_PURINERGIC_NUCLEOTIDE_RECEPTOR_SIGNALING_PATHWAY,GO:BP,1.55024642417671,0.135492168465535,14,0.55559567973604,1.79305862472377,4,14,FALSE,FALSE
GOBP_G_PROTEIN_COUPLED_PURINERGIC_RECEPTOR_SIGNALING_PATHWAY,GO:BP,-0.948185416891776,0.611471487055296,10,0.906741278758732,1.25514103730664,2,10,FALSE,FALSE
GOBP_G_PROTEIN_COUPLED_RECEPTOR_INTERNALIZATION,GO:BP,0.777838639202829,0.826668595938194,12,1,0.522975432211101,1,12,FALSE,FALSE
GOBP_G_PROTEIN_COUPLED_RECEPTOR_SIGNALING_PATHWAY_COUPLED_TO_CYCLIC_NUCLEOTIDE_SECOND_MESSENGER,GO:BP,-0.910369701264498,0.685511631780579,31,0.0145588335566565,2.63174733628812,13,31,FALSE,TRUE
GOBP_G_PROTEIN_COUPLED_SEROTONIN_RECEPTOR_SIGNALING_PATHWAY,GO:BP,-0.882662390344824,0.694728417698086,11,0.655369444735246,1.7115559599636,3,11,FALSE,FALSE
GOBP_HAIR_CELL_DIFFERENTIATION,GO:BP,-1.5252916945561,0.052396647580019,48,0.788586078744843,1.17669472247498,9,48,FALSE,FALSE
GOBP_HAIR_FOLLICLE_MATURATION,GO:BP,1.4831872379475,0.118050505050505,15,0.594213709778933,1.67352138307552,4,15,FALSE,FALSE
GOBP_HEAD_MORPHOGENESIS,GO:BP,-1.41495373095974,0.122437240340321,38,1,0.495450409463148,3,38,FALSE,FALSE
GOBP_HEART_FIELD_SPECIFICATION,GO:BP,0.881947571806976,0.693855782230585,16,1,0.784463148316652,2,16,FALSE,FALSE
GOBP_HEART_FORMATION,GO:BP,-1.05394124271181,0.51148824006838,29,1,0.86561450848734,4,29,FALSE,FALSE
GOBP_HEART_GROWTH,GO:BP,-1.58372032434599,0.0278229744420819,71,0.514476726561972,1.32585320842251,15,71,FALSE,FALSE
GOBP_HEART_MORPHOGENESIS,GO:BP,-1.8664863977908,2.05613010960349e-06,232,1,0.730362241536193,27,232,FALSE,FALSE
GOBP_HEART_PROCESS,GO:BP,-1.95138753697062,2.48402285224137e-07,232,0.000197901550970042,1.75827947036491,65,232,FALSE,TRUE
GOBP_HEART_TRABECULA_FORMATION,GO:BP,-0.658152807429531,0.92035655893749,12,0.978587630542299,1.0459508644222,2,12,FALSE,FALSE
GOBP_HEART_TRABECULA_MORPHOGENESIS,GO:BP,-0.977914816478832,0.593187516209908,30,1,0.627570518653321,3,30,FALSE,FALSE
GOBP_HEART_VALVE_DEVELOPMENT,GO:BP,-1.49812818279438,0.0516429349277344,72,1,0.522975432211101,6,72,FALSE,FALSE
GOBP_HEART_VALVE_FORMATION,GO:BP,-1.08441660982458,0.464672173133564,14,,,,,FALSE,FALSE
GOBP_HEART_VALVE_MORPHOGENESIS,GO:BP,-1.55091800811025,0.0380997842489602,57,1,0.220200181983622,2,57,FALSE,FALSE
GOBP_HEAT_GENERATION,GO:BP,-0.825487282630331,0.759842292518478,17,0.937040972683617,1.1074773858588,3,17,FALSE,FALSE
GOBP_HEMATOPOIETIC_OR_LYMPHOID_ORGAN_DEVELOPMENT,GO:BP,1.10351311267122,0.402237713833679,98,0.828292444209427,1.08864273643943,17,98,FALSE,FALSE
GOBP_HEMATOPOIETIC_PROGENITOR_CELL_DIFFERENTIATION,GO:BP,1.18296934778916,0.277911111111111,116,1,0.919715415267798,17,116,FALSE,FALSE
GOBP_HEMATOPOIETIC_STEM_CELL_DIFFERENTIATION,GO:BP,0.875508142979573,0.74182044948174,32,1,0.588347361237489,3,32,FALSE,FALSE
GOBP_HEMATOPOIETIC_STEM_CELL_HOMEOSTASIS,GO:BP,-1.43090374151009,0.116631816367244,26,1,0.241373276405124,1,26,FALSE,FALSE
GOBP_HEMATOPOIETIC_STEM_CELL_MIGRATION,GO:BP,-0.803793885853642,0.786367099613664,10,,,,,FALSE,FALSE
GOBP_HEMATOPOIETIC_STEM_CELL_PROLIFERATION,GO:BP,-1.10634005625324,0.442330666174965,25,0.801635301593806,1.25514103730664,5,25,FALSE,FALSE
GOBP_HEME_A_BIOSYNTHETIC_PROCESS,GO:BP,1.18666895484208,0.370177346747636,10,,,,,FALSE,FALSE
GOBP_HEMOGLOBIN_BIOSYNTHETIC_PROCESS,GO:BP,1.09986387432827,0.451438089609064,12,1,0.522975432211101,1,12,FALSE,FALSE
GOBP_HEMOGLOBIN_METABOLIC_PROCESS,GO:BP,-0.906383144680751,0.664021198485674,16,1,0.784463148316652,2,16,FALSE,FALSE
GOBP_HEMOSTASIS,GO:BP,0.976654919044645,0.607511626914708,219,0.737950421628807,1.08893514652174,38,219,FALSE,FALSE
GOBP_HEPARAN_SULFATE_PROTEOGLYCAN_BIOSYNTHETIC_PROCESS,GO:BP,-0.996285325116272,0.580216557841343,32,0.470180903258393,1.5689262966333,8,32,FALSE,FALSE
GOBP_HEPARAN_SULFATE_PROTEOGLYCAN_CATABOLIC_PROCESS,GO:BP,0.973493463249768,0.590771400653105,11,1,0.570518653321201,1,11,FALSE,FALSE
GOBP_HEPARAN_SULFATE_PROTEOGLYCAN_METABOLIC_PROCESS,GO:BP,-1.04739316606874,0.498600232885947,43,0.652394405433634,1.31351969020463,9,43,FALSE,FALSE
GOBP_HEPARIN_PROTEOGLYCAN_BIOSYNTHETIC_PROCESS,GO:BP,0.767166527068303,0.84036143835194,12,,,,,FALSE,FALSE
GOBP_HEPARIN_PROTEOGLYCAN_METABOLIC_PROCESS,GO:BP,1.21236889996545,0.341491399092462,18,1,0.348650288140734,1,18,FALSE,FALSE
GOBP_HEPATICOBILIARY_SYSTEM_DEVELOPMENT,GO:BP,1.18049354388301,0.281912695200153,141,0.0592175358725511,1.55779915977775,35,141,FALSE,FALSE
GOBP_HEPATOCYTE_APOPTOTIC_PROCESS,GO:BP,0.826064693098824,0.785259518056218,18,0.506693934048772,1.74325144070367,5,18,FALSE,FALSE
GOBP_HEPATOCYTE_DIFFERENTIATION,GO:BP,0.990945687802485,0.580160111544688,13,0.250411825363178,2.41373276405124,5,13,FALSE,FALSE
GOBP_HEPATOCYTE_GROWTH_FACTOR_RECEPTOR_SIGNALING_PATHWAY,GO:BP,1.19103089980335,0.369236706107524,13,,,,,FALSE,FALSE
GOBP_HETEROCHROMATIN_ORGANIZATION,GO:BP,1.48452818183891,0.0200595110806635,161,1,0.428774888520903,11,161,TRUE,FALSE
GOBP_HETEROPHILIC_CELL_CELL_ADHESION,GO:BP,-1.27840654675596,0.179783415805742,46,0.174223812953573,1.77356885706373,13,46,FALSE,FALSE
GOBP_HETEROTYPIC_CELL_CELL_ADHESION,GO:BP,1.10981141398725,0.398882308664593,53,0.610175830929717,1.3025048500352,11,53,FALSE,FALSE
GOBP_HIGH_DENSITY_LIPOPROTEIN_PARTICLE_REMODELING,GO:BP,0.915926194064273,0.662942442627371,14,0.303676489292972,2.24132328090472,5,14,FALSE,FALSE
GOBP_HINDBRAIN_DEVELOPMENT,GO:BP,-1.77107749755379,0.000978113791905063,136,0.478101632150712,1.24591205909115,27,136,FALSE,FALSE
GOBP_HINDBRAIN_MORPHOGENESIS,GO:BP,-1.82706589030509,0.00684383718586156,40,1,0.941355777979982,6,40,FALSE,FALSE
GOBP_HINDLIMB_MORPHOGENESIS,GO:BP,-1.88071555237705,0.00723251261062155,29,0.740450771110098,1.29842176273101,6,29,FALSE,FALSE
GOBP_HIPPOCAMPUS_DEVELOPMENT,GO:BP,-1.16089315280774,0.299041290538282,84,0.906741278758732,1.0459508644222,14,84,FALSE,FALSE
GOBP_HIPPO_SIGNALING,GO:BP,1.16875735370779,0.317551131928181,58,1,0.216403627121835,2,58,FALSE,FALSE
GOBP_HISTAMINE_SECRETION,GO:BP,1.04720106832174,0.517374724743542,13,1,0.965493105620494,2,13,FALSE,FALSE
GOBP_HISTAMINE_TRANSPORT,GO:BP,1.03126257032044,0.537560066037183,15,1,0.836760691537762,2,15,FALSE,FALSE
GOBP_HISTONE_MRNA_CATABOLIC_PROCESS,GO:BP,1.8412306630483,0.00802461692863529,22,,,,,TRUE,FALSE
GOBP_HISTONE_MRNA_METABOLIC_PROCESS,GO:BP,1.95800769125102,0.00509624846163481,28,,,,,TRUE,FALSE
GOBP_HOMEOSTASIS_OF_NUMBER_OF_CELLS,GO:BP,1.8423562765033,3.47295381499345e-07,345,1,0.96409384025003,53,345,TRUE,FALSE
GOBP_HOMEOSTASIS_OF_NUMBER_OF_CELLS_WITHIN_A_TISSUE,GO:BP,0.814725177455692,0.807119869899062,38,1,0.660600545950864,4,38,FALSE,FALSE
GOBP_HOMOCYSTEINE_METABOLIC_PROCESS,GO:BP,0.923180217065098,0.662942442627371,12,1,0.522975432211101,1,12,FALSE,FALSE
GOBP_HOMOLOGOUS_CHROMOSOME_PAIRING_AT_MEIOSIS,GO:BP,1.46602658860902,0.0942202184834177,38,0.65691649481654,1.32120109190173,8,38,FALSE,FALSE
GOBP_HOMOLOGOUS_CHROMOSOME_SEGREGATION,GO:BP,1.95201291275447,0.00274559200875961,52,0.0727909482536915,1.93098621124099,16,52,TRUE,FALSE
GOBP_HOMOLOGOUS_RECOMBINATION,GO:BP,1.78501795811078,0.00818026952858191,60,0.788586078744843,1.15054595086442,11,60,TRUE,FALSE
GOBP_HOMOPHILIC_CELL_CELL_ADHESION,GO:BP,-2.59908149586985,1.46455480659802e-14,161,1.66720636013763e-06,2.14387444260451,55,161,FALSE,TRUE
GOBP_HOMOTYPIC_CELL_CELL_ADHESION,GO:BP,1.21105580750756,0.25865916733266,99,0.738085904318976,1.1410373066424,18,99,FALSE,FALSE
GOBP_HORMONE_BIOSYNTHETIC_PROCESS,GO:BP,-1.31320210243194,0.137083853586277,55,0.261415278750312,1.59745222929936,14,55,FALSE,FALSE
GOBP_HORMONE_CATABOLIC_PROCESS,GO:BP,0.829968955165574,0.752753652787775,13,0.499747367215725,1.93098621124099,4,13,FALSE,FALSE
GOBP_HORMONE_MEDIATED_SIGNALING_PATHWAY,GO:BP,-1.27340337237119,0.0965434856556038,192,0.780908857094466,1.0786368289354,33,192,FALSE,FALSE
GOBP_HORMONE_METABOLIC_PROCESS,GO:BP,1.37766737059661,0.0511110876002893,216,1.34953946251988e-07,2.06284753816601,71,216,FALSE,TRUE
GOBP_HORMONE_TRANSPORT,GO:BP,-1.27452742062029,0.0548812524462535,266,0.0814019498323071,1.36838684518393,58,266,FALSE,FALSE
GOBP_HOST_MEDIATED_ACTIVATION_OF_VIRAL_PROCESS,GO:BP,-0.882655387666416,0.758054830199119,38,1,0.330300272975432,2,38,FALSE,FALSE
GOBP_HOST_MEDIATED_ACTIVATION_OF_VIRAL_TRANSCRIPTION,GO:BP,0.743026249354926,0.868655782425085,18,1,0.348650288140734,1,18,FALSE,FALSE
GOBP_HOST_MEDIATED_PERTURBATION_OF_VIRAL_GENOME_REPLICATION,GO:BP,0.792257097260702,0.820084163235987,11,1,0.570518653321201,1,11,FALSE,FALSE
GOBP_HOST_MEDIATED_PERTURBATION_OF_VIRAL_PROCESS,GO:BP,1.37674151303488,0.132847011511059,70,1,0.806876381125699,9,70,FALSE,FALSE
GOBP_HOST_MEDIATED_PERTURBATION_OF_VIRAL_TRANSCRIPTION,GO:BP,1.40600197463778,0.1434433193361,28,1,0.672396984271416,3,28,FALSE,FALSE
GOBP_HOST_MEDIATED_SUPPRESSION_OF_SYMBIONT_INVASION,GO:BP,1.55975910297107,0.0650303079967779,22,1,0.855777979981802,3,22,FALSE,FALSE
GOBP_HOST_MEDIATED_SUPPRESSION_OF_VIRAL_PROCES,GO:BP,1.70943299689931,0.0582201952475487,14,0.825631269028654,1.34479396854283,3,14,FALSE,FALSE
GOBP_HOST_MEDIATED_SUPPRESSION_OF_VIRAL_TRANSCRIPTION,GO:BP,1.55684659263556,0.124521921852743,12,0.978587630542299,1.0459508644222,2,12,FALSE,FALSE
GOBP_HUMORAL_IMMUNE_RESPONSE,GO:BP,2.20607061602436,1.28647727076252e-09,198,8.40750991174644e-13,2.47224749772521,78,198,TRUE,TRUE
GOBP_HUMORAL_IMMUNE_RESPONSE_MEDIATED_BY_CIRCULATING_IMMUNOGLOBULIN,GO:BP,1.25133384188257,0.237913683355355,43,0.496872913326769,1.45946632244958,10,43,FALSE,FALSE
GOBP_HYALURONAN_BIOSYNTHETIC_PROCESS,GO:BP,1.32428784011351,0.237115862118732,12,0.201710248379816,2.61487716105551,5,12,FALSE,FALSE
GOBP_HYALURONAN_CATABOLIC_PROCESS,GO:BP,1.36351518342552,0.199546700686735,15,0.594213709778933,1.67352138307552,4,15,FALSE,FALSE
GOBP_HYALURONAN_METABOLIC_PROCESS,GO:BP,1.52433346510261,0.0972088329112297,30,0.239810150254111,1.88271155595996,9,30,FALSE,FALSE
GOBP_HYDROGEN_PEROXIDE_BIOSYNTHETIC_PROCESS,GO:BP,1.82742826410043,0.0252639063946585,17,0.112328337767288,2.58411390033721,7,17,TRUE,FALSE
GOBP_HYDROGEN_PEROXIDE_CATABOLIC_PROCESS,GO:BP,-0.704931040430184,0.917774482739072,21,1,0.896529312361887,3,21,FALSE,FALSE
GOBP_HYDROGEN_PEROXIDE_METABOLIC_PROCESS,GO:BP,1.43437593652573,0.175590742538483,45,0.55559567973604,1.39460115256294,10,45,FALSE,FALSE
GOBP_HYPEROSMOTIC_RESPONSE,GO:BP,-1.2879769968004,0.219316056029566,27,1,0.697300576281468,3,27,FALSE,FALSE
GOBP_HYPERSENSITIVITY,GO:BP,1.282265818233,0.261367971169435,20,0.373914079428919,1.88271155595996,6,20,FALSE,FALSE
GOBP_HYPOTHALAMUS_DEVELOPMENT,GO:BP,-1.13672829150816,0.425416983828105,18,0.962721081755926,1.0459508644222,3,18,FALSE,FALSE
GOBP_HYPOTONIC_RESPONSE,GO:BP,-0.990449928421392,0.563194615447755,13,1,0.965493105620494,2,13,FALSE,FALSE
GOBP_ICOSANOID_BIOSYNTHETIC_PROCESS,GO:BP,1.33090195951164,0.162427474911733,49,0.655369444735246,1.28075616051698,10,49,FALSE,FALSE
GOBP_ICOSANOID_METABOLIC_PROCESS,GO:BP,1.32051223511938,0.142791508664354,102,0.365847495090292,1.3535834716052,22,102,FALSE,FALSE
GOBP_ICOSANOID_SECRETION,GO:BP,1.2906981222191,0.222385969065657,33,0.506693934048772,1.5213830755232,8,33,FALSE,FALSE
GOBP_ICOSANOID_TRANSPORT,GO:BP,1.24629529537142,0.237913683355355,43,0.652394405433634,1.31351969020463,9,43,FALSE,FALSE
GOBP_IMMATURE_B_CELL_DIFFERENTIATION,GO:BP,1.25447254525667,0.287219578518015,16,1,0.784463148316652,2,16,FALSE,FALSE
GOBP_IMMATURE_T_CELL_PROLIFERATION,GO:BP,1.04429878676128,0.525074482721854,12,0.719442465053918,1.5689262966333,3,12,FALSE,FALSE
GOBP_IMMUNE_RESPONSE_INHIBITING_SIGNAL_TRANSDUCTION,GO:BP,1.71799756958069,0.050525725107486,18,0.290924701964477,2.0919017288444,6,18,FALSE,FALSE
GOBP_IMMUNE_RESPONSE_REGULATING_CELL_SURFACE_RECEPTOR_SIGNALING_PATHWAY,GO:BP,2.24068446544176,6.79340488069753e-15,360,0.0167048831246043,1.41203366696997,81,360,TRUE,TRUE
GOBP_IMMUNE_RESPONSE_REGULATING_CELL_SURFACE_RECEPTOR_SIGNALING_PATHWAY_INVOLVED_IN_PHAGOCYTOSIS,GO:BP,1.31761167520192,0.219680670190732,24,0.77384671492533,1.30743858052775,5,24,FALSE,FALSE
GOBP_IMMUNE_RESPONSE_TO_TUMOR_CELL,GO:BP,1.86321934631781,0.00875090685803979,32,0.654722182695088,1.37281050955414,7,32,TRUE,FALSE
GOBP_IMMUNE_SYSTEM_DEVELOPMENT,GO:BP,1.60340543825803,0.00494215342585417,196,0.831065724918346,1.05662383242651,33,196,TRUE,FALSE
GOBP_IMMUNOGLOBULIN_PRODUCTION,GO:BP,2.05552911009726,3.1454020876227e-05,97,0.810563353453362,1.09986585743366,17,97,TRUE,FALSE
GOBP_IMMUNOGLOBULIN_PRODUCTION_INVOLVED_IN_IMMUNOGLOBULIN_MEDIATED_IMMUNE_RESPONSE,GO:BP,1.85921107305977,0.00386889197089632,51,1,0.861371300112402,7,51,TRUE,FALSE
GOBP_IMMUNOLOGICAL_MEMORY_FORMATION_PROCESS,GO:BP,1.26955880234341,0.281912695200153,12,0.430749153033336,2.0919017288444,4,12,FALSE,FALSE
GOBP_IMMUNOLOGICAL_MEMORY_PROCESS,GO:BP,1.03161404674579,0.540551470588235,19,0.788586078744843,1.32120109190173,4,19,FALSE,FALSE
GOBP_IMMUNOLOGICAL_SYNAPSE_FORMATION,GO:BP,1.2072759782152,0.350930684100272,18,0.962721081755926,1.0459508644222,3,18,FALSE,FALSE
GOBP_IMPORT_ACROSS_PLASMA_MEMBRANE,GO:BP,1.10158354785423,0.393595652833022,176,0.0574377528364345,1.49761146496815,42,176,FALSE,FALSE
GOBP_IMPORT_INTO_NUCLEUS,GO:BP,1.77744431008892,0.000447187872334795,171,1,0.734000606612072,20,171,TRUE,FALSE
GOBP_IMP_BIOSYNTHETIC_PROCESS,GO:BP,1.85735003233438,0.0161527581880061,10,0.906741278758732,1.25514103730664,2,10,TRUE,FALSE
GOBP_IMP_METABOLIC_PROCESS,GO:BP,2.11626370446877,0.000782868487679286,14,0.55559567973604,1.79305862472377,4,14,TRUE,FALSE
GOBP_INCLUSION_BODY_ASSEMBLY,GO:BP,0.867361256278228,0.743172401298169,27,1,0.929734101708624,4,27,FALSE,FALSE
GOBP_INDOLE_CONTAINING_COMPOUND_CATABOLIC_PROCESS,GO:BP,1.37806289346106,0.211408268440529,10,0.303676489292972,2.51028207461329,4,10,FALSE,FALSE
GOBP_INDOLE_CONTAINING_COMPOUND_METABOLIC_PROCESS,GO:BP,1.01292696163749,0.547425391699922,26,0.627782812120181,1.44823965843074,6,26,FALSE,FALSE
GOBP_INDUCTION_OF_POSITIVE_CHEMOTAXIS,GO:BP,-0.928550780272822,0.629578074135941,14,1,0.896529312361887,2,14,FALSE,FALSE
GOBP_INFLAMMASOME_MEDIATED_SIGNALING_PATHWAY,GO:BP,2.00909710046509,0.000436371655149455,58,0.745940894155388,1.19021994917009,11,58,TRUE,FALSE
GOBP_INFLAMMATORY_CELL_APOPTOTIC_PROCESS,GO:BP,1.82086486679547,0.0134145008729055,21,0.237102536494907,2.0919017288444,7,21,TRUE,FALSE
GOBP_INFLAMMATORY_RESPONSE_TO_ANTIGENIC_STIMULUS,GO:BP,1.7398911571807,0.00685486923719625,74,0.0377464127708868,1.86575019059096,22,74,TRUE,TRUE
GOBP_INFLAMMATORY_RESPONSE_TO_WOUNDING,GO:BP,1.40987469315894,0.1434433193361,28,0.322029029932338,1.79305862472377,8,28,FALSE,FALSE
GOBP_INHIBITORY_POSTSYNAPTIC_POTENTIAL,GO:BP,-1.51933797234483,0.1434433193361,14,0.0511469267416555,3.13785259326661,7,14,FALSE,FALSE
GOBP_INHIBITORY_SYNAPSE_ASSEMBLY,GO:BP,-1.17907763842073,0.34832610294247,21,0.644324793180605,1.49421552060315,5,21,FALSE,FALSE
GOBP_INNATE_IMMUNE_RESPONSE_ACTIVATING_CELL_SURFACE_RECEPTOR_SIGNALING_PATHWAY,GO:BP,1.85351977076661,0.00228316576880568,88,0.218870741636747,1.49761146496815,21,88,TRUE,FALSE
GOBP_INNERVATION,GO:BP,-1.02597175724032,0.535558178162427,23,0.719442465053918,1.36428373620287,5,23,FALSE,FALSE
GOBP_INNER_CELL_MASS_CELL_PROLIFERATION,GO:BP,2.09846753228271,0.00200115596822262,15,0.868087644964407,1.25514103730664,3,15,TRUE,FALSE
GOBP_INNER_DYNEIN_ARM_ASSEMBLY,GO:BP,0.667195945234839,0.937288148370635,11,,,,,FALSE,FALSE
GOBP_INNER_EAR_AUDITORY_RECEPTOR_CELL_DIFFERENTIATION,GO:BP,-1.39373800833652,0.147629852848165,40,0.902674157598632,1.09824840764331,7,40,FALSE,FALSE
GOBP_INNER_EAR_MORPHOGENESIS,GO:BP,-1.5374163883628,0.0171834710818662,96,0.0342406278809663,1.76504208371247,27,96,FALSE,TRUE
GOBP_INNER_EAR_RECEPTOR_CELL_DEVELOPMENT,GO:BP,-1.71381372063561,0.0168746683359161,46,0.588991216311528,1.36428373620287,10,46,FALSE,FALSE
GOBP_INNER_EAR_RECEPTOR_CELL_STEREOCILIUM_ORGANIZATION,GO:BP,-1.81084718375351,0.00754304812222476,33,0.678746825280159,1.3312101910828,7,33,FALSE,FALSE
GOBP_INNER_MITOCHONDRIAL_MEMBRANE_ORGANIZATION,GO:BP,1.7207345225416,0.0180403878648631,41,,,,,TRUE,FALSE
GOBP_INORGANIC_ANION_TRANSPORT,GO:BP,-1.00720352625434,0.552965517053881,133,0.0698126287177736,1.55712985831275,33,133,FALSE,FALSE
GOBP_INORGANIC_ION_HOMEOSTASIS,GO:BP,1.1705190942375,0.188835255206937,477,0.0576379220052462,1.28934823538837,98,477,FALSE,FALSE
GOBP_INORGANIC_ION_IMPORT_ACROSS_PLASMA_MEMBRANE,GO:BP,-1.30290898438644,0.123288150304999,103,0.00837637109759954,1.88880447361679,31,103,FALSE,TRUE
GOBP_INOSITOL_PHOSPHATE_BIOSYNTHETIC_PROCESS,GO:BP,0.917988525197618,0.675502508750278,22,0.678746825280159,1.426296633303,5,22,FALSE,FALSE
GOBP_INOSITOL_PHOSPHATE_METABOLIC_PROCESS,GO:BP,-1.42502205553876,0.101971364194738,37,0.468501147277787,1.52652288321078,9,37,FALSE,FALSE
GOBP_INOSITOL_TRISPHOSPHATE_METABOLIC_PROCESS,GO:BP,0.786693951129023,0.817259357202576,12,0.978587630542299,1.0459508644222,2,12,FALSE,FALSE
GOBP_INSULIN_LIKE_GROWTH_FACTOR_RECEPTOR_SIGNALING_PATHWAY,GO:BP,-1.25743494267947,0.219156831129743,45,1,0.836760691537762,6,45,FALSE,FALSE
GOBP_INSULIN_METABOLIC_PROCESS,GO:BP,0.636178342837019,0.952044769015506,17,1,0.738318257239201,2,17,FALSE,FALSE
GOBP_INSULIN_RECEPTOR_SIGNALING_PATHWAY,GO:BP,-1.02325364834887,0.528649091772015,123,1,0.91839588095608,18,123,FALSE,FALSE
GOBP_INSULIN_SECRETION,GO:BP,0.895899271870665,0.762869999941483,165,0.655369444735246,1.1410373066424,30,165,FALSE,FALSE
GOBP_INSULIN_SECRETION_INVOLVED_IN_CELLULAR_RESPONSE_TO_GLUCOSE_STIMULUS,GO:BP,1.24757902823633,0.221884498480243,59,0.777355997263282,1.17004672969263,11,59,FALSE,FALSE
GOBP_INTEGRATED_STRESS_RESPONSE_SIGNALING,GO:BP,1.7072625469905,0.0276202703275452,52,1,0.724119829215371,6,52,TRUE,FALSE
GOBP_INTEGRIN_ACTIVATION,GO:BP,1.12268071338872,0.430187727755061,26,0.627782812120181,1.44823965843074,6,26,FALSE,FALSE
GOBP_INTEGRIN_MEDIATED_SIGNALING_PATHWAY,GO:BP,-0.987435075274846,0.583438937658887,110,1,0.798726114649682,14,110,FALSE,FALSE
GOBP_INTERFERON_ALPHA_PRODUCTION,GO:BP,1.9971122457946,0.0025539397565151,30,0.594213709778933,1.46433121019108,7,30,TRUE,FALSE
GOBP_INTERFERON_BETA_PRODUCTION,GO:BP,2.20071551505514,2.67777279767545e-05,61,0.670306681489263,1.23456495472785,12,61,TRUE,FALSE
GOBP_INTERFERON_MEDIATED_SIGNALING_PATHWAY,GO:BP,2.55309558720974,2.87284484264614e-10,86,0.188057689508049,1.53243963857206,21,86,TRUE,FALSE
GOBP_INTERLEUKIN_10_MEDIATED_SIGNALING_PATHWAY,GO:BP,1.49227966563984,0.125753129407114,11,0.367902175932515,2.2820746132848,4,11,FALSE,FALSE
GOBP_INTERLEUKIN_10_PRODUCTION,GO:BP,2.55833176646553,2.48153280013731e-09,59,0.000133830789309342,2.6591971129378,25,59,TRUE,TRUE
GOBP_INTERLEUKIN_12_PRODUCTION,GO:BP,2.41739981467775,2.07630461701619e-07,60,0.0350954446155792,1.98730664240218,19,60,TRUE,TRUE
GOBP_INTERLEUKIN_13_PRODUCTION,GO:BP,1.08112357707862,0.472703281787089,23,0.506693934048772,1.63714048344345,6,23,FALSE,FALSE
GOBP_INTERLEUKIN_17_MEDIATED_SIGNALING_PATHWAY,GO:BP,1.59070645967032,0.11634472850327,15,0.594213709778933,1.67352138307552,4,15,FALSE,FALSE
GOBP_INTERLEUKIN_17_PRODUCTION,GO:BP,2.14205585504318,0.000423203743185698,32,0.044017851570693,2.35338944494995,12,32,TRUE,TRUE
GOBP_INTERLEUKIN_18_PRODUCTION,GO:BP,1.77960770095489,0.0245979160945742,11,0.944829045454405,1.1410373066424,2,11,TRUE,FALSE
GOBP_INTERLEUKIN_1_ALPHA_PRODUCTION,GO:BP,0.663259820058647,0.925981106282263,10,1,0.627570518653321,1,10,FALSE,FALSE
GOBP_INTERLEUKIN_1_MEDIATED_SIGNALING_PATHWAY,GO:BP,2.02763394445823,0.00162800793757486,32,0.470180903258393,1.5689262966333,8,32,TRUE,FALSE
GOBP_INTERLEUKIN_1_PRODUCTION,GO:BP,2.38136164181722,8.49596975896372e-09,105,0.00148087626866744,2.03213310802028,34,105,TRUE,TRUE
GOBP_INTERLEUKIN_2_PRODUCTION,GO:BP,2.30914268924635,3.41108671189632e-07,75,0.113957689073467,1.67352138307552,20,75,TRUE,FALSE
GOBP_INTERLEUKIN_4_MEDIATED_SIGNALING_PATHWAY,GO:BP,1.94726380373994,0.00594566430790478,12,0.201710248379816,2.61487716105551,5,12,TRUE,FALSE
GOBP_INTERLEUKIN_4_PRODUCTION,GO:BP,1.68472075141978,0.034926703714274,34,0.221104396003055,1.845795643098,10,34,TRUE,FALSE
GOBP_INTERLEUKIN_5_PRODUCTION,GO:BP,1.37059726680235,0.19163367969652,20,0.0932137217894551,2.51028207461329,8,20,FALSE,FALSE
GOBP_INTERLEUKIN_6_MEDIATED_SIGNALING_PATHWAY,GO:BP,1.32732716312166,0.2110319798238,18,0.752302801814948,1.39460115256294,4,18,FALSE,FALSE
GOBP_INTERLEUKIN_6_PRODUCTION,GO:BP,2.15722492741687,2.58699150321259e-07,141,0.164544023220459,1.42427351751108,32,141,TRUE,FALSE
GOBP_INTERLEUKIN_8_PRODUCTION,GO:BP,2.02139889540918,0.000211387953063338,77,0.00875227507304461,2.03756661900429,25,77,TRUE,TRUE
GOBP_INTERMEDIATE_FILAMENT_BASED_PROCESS,GO:BP,0.999401017320939,0.556970405181839,93,4.40086434949462e-10,2.96915084094044,44,93,FALSE,TRUE
GOBP_INTERMEDIATE_FILAMENT_ORGANIZATION,GO:BP,1.0467413210268,0.496012378176261,71,1.90142820914398e-13,3.71238898358303,42,71,FALSE,TRUE
GOBP_INTERMEMBRANE_LIPID_TRANSFER,GO:BP,1.22671074269678,0.29155453619657,38,1,0.82575068243858,5,38,FALSE,FALSE
GOBP_INTERSTRAND_CROSS_LINK_REPAIR,GO:BP,2.25612912571787,1.37369530075595e-05,41,1,0.45919794047804,3,41,TRUE,FALSE
GOBP_INTESTINAL_ABSORPTION,GO:BP,1.14602136934534,0.393065638647397,33,0.506693934048772,1.5213830755232,8,33,FALSE,FALSE
GOBP_INTESTINAL_CHOLESTEROL_ABSORPTION,GO:BP,1.18519601516657,0.352954308944846,11,0.367902175932515,2.2820746132848,4,11,FALSE,FALSE
GOBP_INTESTINAL_EPITHELIAL_CELL_DEVELOPMENT,GO:BP,1.47617198955999,0.1434433193361,12,0.430749153033336,2.0919017288444,4,12,FALSE,FALSE
GOBP_INTESTINAL_EPITHELIAL_CELL_DIFFERENTIATION,GO:BP,1.06152503806762,0.504340748779164,16,0.408568153127978,1.96115787079163,5,16,FALSE,FALSE
GOBP_INTESTINAL_LIPID_ABSORPTION,GO:BP,1.32275653963165,0.236040564373898,14,0.303676489292972,2.24132328090472,5,14,FALSE,FALSE
GOBP_INTRACELLULAR_COPPER_ION_HOMEOSTASIS,GO:BP,0.915445622772807,0.659636892459497,18,0.962721081755926,1.0459508644222,3,18,FALSE,FALSE
GOBP_INTRACELLULAR_GLUCOSE_HOMEOSTASIS,GO:BP,0.888813033174304,0.767353105671622,132,0.944829045454405,0.998407643312102,21,132,FALSE,FALSE
GOBP_INTRACELLULAR_IRON_ION_HOMEOSTASIS,GO:BP,1.28123407411376,0.19163367969652,68,1,0.922897821549002,10,68,FALSE,FALSE
GOBP_INTRACELLULAR_LIPID_TRANSPORT,GO:BP,1.01921036088898,0.539545314970033,46,1,0.682141868101436,5,46,FALSE,FALSE
GOBP_INTRACELLULAR_MRNA_LOCALIZATION,GO:BP,0.811332311391181,0.810365520877657,18,,,,,FALSE,FALSE
GOBP_INTRACELLULAR_PH_REDUCTION,GO:BP,1.39645246286437,0.1170582703857,54,1,0.464867050854312,4,54,FALSE,FALSE
GOBP_INTRACELLULAR_POTASSIUM_ION_HOMEOSTASIS,GO:BP,-1.08557727574896,0.484373146909507,19,0.0762698032840671,2.64240218380346,8,19,FALSE,FALSE
GOBP_INTRACELLULAR_PROTEIN_TRANSMEMBRANE_TRANSPORT,GO:BP,1.0616766068888,0.498229171448997,35,1,0.179305862472378,1,35,FALSE,FALSE
GOBP_INTRACELLULAR_RECEPTOR_SIGNALING_PATHWAY,GO:BP,1.51261256385047,0.00240557984800459,374,0.99198586966751,0.973237702724402,58,374,TRUE,FALSE
GOBP_INTRACELLULAR_SODIUM_ION_HOMEOSTASIS,GO:BP,-1.3866537637803,0.149867745766081,28,0.0176146832591004,2.68958793708566,12,28,FALSE,TRUE
GOBP_INTRACELLULAR_STEROL_TRANSPORT,GO:BP,1.02395598453509,0.547425391699922,32,1,0.784463148316652,4,32,FALSE,FALSE
GOBP_INTRACELLULAR_ZINC_ION_HOMEOSTASIS,GO:BP,0.947065906119537,0.647612092947145,32,0.831189429132839,1.17669472247498,6,32,FALSE,FALSE
GOBP_INTRACILIARY_ANTEROGRADE_TRANSPORT,GO:BP,-1.79051477056779,0.0388860653592309,14,,,,,FALSE,FALSE
GOBP_INTRACILIARY_RETROGRADE_TRANSPORT,GO:BP,-1.34098631805666,0.220255774581378,15,1,0.418380345768881,1,15,FALSE,FALSE
GOBP_INTRACILIARY_TRANSPORT,GO:BP,-1.77900146510345,0.0111901001140522,45,1,0.139460115256294,1,45,FALSE,FALSE
GOBP_INTRA_GOLGI_VESICLE_MEDIATED_TRANSPORT,GO:BP,1.19263894474441,0.329497531099667,33,1,0.1901728844404,1,33,FALSE,FALSE
GOBP_INTRINSIC_APOPTOTIC_SIGNALING_PATHWAY,GO:BP,2.10692458898259,9.35729797423807e-11,311,1,0.968597585059788,48,311,TRUE,FALSE
GOBP_INTRINSIC_APOPTOTIC_SIGNALING_PATHWAY_BY_P53_CLASS_MEDIATOR,GO:BP,1.81522048383384,0.00278906872961407,82,1,0.68879691071706,9,82,TRUE,FALSE
GOBP_INTRINSIC_APOPTOTIC_SIGNALING_PATHWAY_IN_RESPONSE_TO_DNA_DAMAGE,GO:BP,1.91322056771985,0.000185776968102268,114,1,0.880800727934486,16,114,TRUE,FALSE
GOBP_INTRINSIC_APOPTOTIC_SIGNALING_PATHWAY_IN_RESPONSE_TO_DNA_DAMAGE_BY_P53_CLASS_MEDIATOR,GO:BP,1.68718107099924,0.0222765576828886,47,1,0.801153853599985,6,47,TRUE,FALSE
GOBP_INTRINSIC_APOPTOTIC_SIGNALING_PATHWAY_IN_RESPONSE_TO_ENDOPLASMIC_RETICULUM_STRESS,GO:BP,1.33508220637423,0.153414669527176,61,1,0.823043303151897,8,61,FALSE,FALSE
GOBP_INTRINSIC_APOPTOTIC_SIGNALING_PATHWAY_IN_RESPONSE_TO_OXIDATIVE_STRESS,GO:BP,1.38346845942265,0.123594626252542,57,1,0.770700636942675,7,57,FALSE,FALSE
GOBP_IN_UTERO_EMBRYONIC_DEVELOPMENT,GO:BP,1.02310847746181,0.497653072354692,393,1,0.894248067292264,56,393,FALSE,FALSE
GOBP_IRE1_MEDIATED_UNFOLDED_PROTEIN_RESPONSE,GO:BP,1.38354233199979,0.166594905728789,24,1,0.784463148316652,3,24,FALSE,FALSE
GOBP_IRES_DEPENDENT_VIRAL_TRANSLATIONAL_INITIATION,GO:BP,1.04469007040475,0.519636063907496,11,,,,,FALSE,FALSE
GOBP_IRON_COORDINATION_ENTITY_TRANSPORT,GO:BP,0.913600846978414,0.670580778824267,11,0.655369444735246,1.7115559599636,3,11,FALSE,FALSE
GOBP_IRON_ION_TRANSMEMBRANE_TRANSPORT,GO:BP,0.991623949212172,0.580216557841343,20,1,0.941355777979982,3,20,FALSE,FALSE
GOBP_IRON_ION_TRANSPORT,GO:BP,1.20354309391397,0.290476207078085,48,0.788586078744843,1.17669472247498,9,48,FALSE,FALSE
GOBP_ISOPRENOID_BIOSYNTHETIC_PROCESS,GO:BP,1.15510661574652,0.379846937684673,29,0.553228151642349,1.51482538985284,7,29,FALSE,FALSE
GOBP_ISOPRENOID_METABOLIC_PROCESS,GO:BP,1.63055843994927,0.0182914139008485,106,5.68885031329476e-05,2.24978110460625,38,106,TRUE,TRUE
GOBP_ISOTYPE_SWITCHING_TO_IGG_ISOTYPES,GO:BP,1.60532872027149,0.108670312486346,14,0.825631269028654,1.34479396854283,3,14,FALSE,FALSE
GOBP_JNK_CASCADE,GO:BP,1.01179583073817,0.545690061418771,180,1,0.941355777979982,27,180,FALSE,FALSE
GOBP_KERATAN_SULFATE_PROTEOGLYCAN_METABOLIC_PROCESS,GO:BP,-1.14118627534373,0.418397390463598,17,1,0.738318257239201,2,17,FALSE,FALSE
GOBP_KERATINIZATION,GO:BP,2.5394227058134,8.47304819984649e-10,79,4.81901416312873e-14,3.65420808329782,46,79,TRUE,TRUE
GOBP_KERATINOCYTE_DEVELOPMENT,GO:BP,1.38610064605346,0.188286367390845,14,0.825631269028654,1.34479396854283,3,14,FALSE,FALSE
GOBP_KERATINOCYTE_DIFFERENTIATION,GO:BP,2.36984491321884,4.38967775863476e-11,164,8.78535340705007e-11,2.48732217758938,65,164,TRUE,TRUE
GOBP_KERATINOCYTE_MIGRATION,GO:BP,1.81308564954527,0.015980663034171,20,0.0377464127708868,2.82406733393995,9,20,TRUE,TRUE
GOBP_KERATINOCYTE_PROLIFERATION,GO:BP,1.58397452271512,0.0624883646086767,52,0.121459291981889,1.81029957303843,15,52,FALSE,FALSE
GOBP_KETONE_BIOSYNTHETIC_PROCESS,GO:BP,0.789660577320711,0.8653387907574,48,1,0.653719290263876,5,48,FALSE,FALSE
GOBP_KETONE_BODY_METABOLIC_PROCESS,GO:BP,-1.52693828047727,0.126881606852901,11,0.655369444735246,1.7115559599636,3,11,FALSE,FALSE
GOBP_KETONE_CATABOLIC_PROCESS,GO:BP,1.17181289831564,0.355759629762859,16,0.906741278758732,1.17669472247498,3,16,FALSE,FALSE
GOBP_KETONE_METABOLIC_PROCESS,GO:BP,1.0634058050664,0.442972633693196,204,0.117262721583506,1.3843467323235,45,204,FALSE,FALSE
GOBP_KIDNEY_EPITHELIUM_DEVELOPMENT,GO:BP,-2.19044727491815,3.68442887013007e-07,130,0.220473793902861,1.39996500314972,29,130,FALSE,FALSE
GOBP_KIDNEY_MESENCHYME_DEVELOPMENT,GO:BP,-0.959966724445963,0.596145521413571,13,1,0.965493105620494,2,13,FALSE,FALSE
GOBP_KIDNEY_MORPHOGENESIS,GO:BP,-1.89603902019939,0.000700287363729451,83,0.220473793902861,1.51221811723692,20,83,FALSE,FALSE
GOBP_KINETOCHORE_ORGANIZATION,GO:BP,2.19955342858975,0.000138799748099006,31,0.150628381051794,2.02442102791394,10,31,TRUE,FALSE
GOBP_KYNURENINE_METABOLIC_PROCESS,GO:BP,1.19025662961737,0.361450504976625,10,0.594213709778933,1.88271155595996,3,10,FALSE,FALSE
GOBP_LABYRINTHINE_LAYER_BLOOD_VESSEL_DEVELOPMENT,GO:BP,0.677990761566819,0.91791977217041,19,0.984968811334459,0.990900818926297,3,19,FALSE,FALSE
GOBP_LABYRINTHINE_LAYER_DEVELOPMENT,GO:BP,0.927752751656808,0.675502508750278,44,0.672164713357528,1.2836669699727,9,44,FALSE,FALSE
GOBP_LACTATE_METABOLIC_PROCESS,GO:BP,1.77864897214242,0.0355475318088804,13,0.777355997263282,1.44823965843074,3,13,TRUE,FALSE
GOBP_LACTATION,GO:BP,-1.08936118853701,0.430050893596875,37,0.632546716946981,1.35690922952069,8,37,FALSE,FALSE
GOBP_LACTONE_METABOLIC_PROCESS,GO:BP,1.19755547131802,0.3584648713412,13,0.777355997263282,1.44823965843074,3,13,FALSE,FALSE
GOBP_LAMELLIPODIUM_ASSEMBLY,GO:BP,-0.904107524857064,0.740563357148723,67,1,0.46833620795024,5,67,FALSE,FALSE
GOBP_LAMELLIPODIUM_MORPHOGENESIS,GO:BP,-1.19304607677542,0.348167167329707,18,,,,,FALSE,FALSE
GOBP_LAMELLIPODIUM_ORGANIZATION,GO:BP,-1.03314681011081,0.481714723000344,87,1,0.360672711869725,5,87,FALSE,FALSE
GOBP_LATERAL_MESODERM_DEVELOPMENT,GO:BP,-1.02856857493673,0.528782615462984,15,,,,,FALSE,FALSE
GOBP_LATERAL_VENTRICLE_DEVELOPMENT,GO:BP,-1.1438380661903,0.381110424977864,13,1,0.965493105620494,2,13,FALSE,FALSE
GOBP_LATE_ENDOSOME_TO_LYSOSOME_TRANSPORT,GO:BP,0.610803811472808,0.963797911899314,22,,,,,FALSE,FALSE
GOBP_LATE_ENDOSOME_TO_VACUOLE_TRANSPORT,GO:BP,1.06693724835467,0.492816798578705,37,1,0.169613653690087,1,37,FALSE,FALSE
GOBP_LATE_ENDOSOME_TO_VACUOLE_TRANSPORT_VIA_MULTIVESICULAR_BODY_SORTING_PATHWAY,GO:BP,1.09435103718959,0.456673237665601,28,1,0.224132328090472,1,28,FALSE,FALSE
GOBP_LAYER_FORMATION_IN_CEREBRAL_CORTEX,GO:BP,1.46054850300491,0.140278887261165,13,1,0.965493105620494,2,13,FALSE,FALSE
GOBP_LEARNING,GO:BP,-1.59300782917987,0.00608376436019252,140,0.449435302168702,1.25514103730664,28,140,FALSE,FALSE
GOBP_LEARNING_OR_MEMORY,GO:BP,-1.51673589660897,0.00462217338412275,244,0.0219352010658047,1.49176598696281,58,244,FALSE,TRUE
GOBP_LEFT_RIGHT_AXIS_SPECIFICATION,GO:BP,-1.23824850459477,0.311119104982029,12,1,0.522975432211101,1,12,FALSE,FALSE
GOBP_LENS_DEVELOPMENT_IN_CAMERA_TYPE_EYE,GO:BP,-1.76073250309638,0.00600209628784555,69,0.594213709778933,1.27333148712268,14,69,FALSE,FALSE
GOBP_LENS_FIBER_CELL_DEVELOPMENT,GO:BP,-1.24299080168538,0.314656192289935,14,1,0.896529312361887,2,14,FALSE,FALSE
GOBP_LENS_FIBER_CELL_DIFFERENTIATION,GO:BP,-1.49998771248868,0.0730041133496256,33,1,0.760691537761602,4,33,FALSE,FALSE
GOBP_LENS_MORPHOGENESIS_IN_CAMERA_TYPE_EYE,GO:BP,-1.02287934956778,0.538829515809651,20,1,0.941355777979982,3,20,FALSE,FALSE
GOBP_LEUKOCYTE_ADHESION_TO_VASCULAR_ENDOTHELIAL_CELL,GO:BP,1.16076287232,0.346431989212232,48,0.485458411687215,1.43818243858053,11,48,FALSE,FALSE
GOBP_LEUKOCYTE_AGGREGATION,GO:BP,2.03627928305663,0.0024849461829245,13,0.499747367215725,1.93098621124099,4,13,TRUE,FALSE
GOBP_LEUKOCYTE_APOPTOTIC_PROCESS,GO:BP,2.04043487710269,3.45084032778185e-05,109,0.0028681680573974,1.95755941598284,34,109,TRUE,TRUE
GOBP_LEUKOCYTE_CELL_CELL_ADHESION,GO:BP,2.26378935983687,7.75829336538396e-17,401,0.0484390206596382,1.33026169789357,85,401,TRUE,TRUE
GOBP_LEUKOCYTE_CHEMOTAXIS,GO:BP,1.80749984289493,7.47036794990071e-05,211,0.0178036260904953,1.54661928767643,52,211,TRUE,TRUE
GOBP_LEUKOCYTE_DEGRANULATION,GO:BP,1.53817110518732,0.0554137317326062,80,1,0.941355777979982,12,80,FALSE,FALSE
GOBP_LEUKOCYTE_HOMEOSTASIS,GO:BP,2.09100542628536,2.77795098230086e-06,121,0.8068601672033,1.08917197452229,21,121,TRUE,FALSE
GOBP_LEUKOCYTE_MEDIATED_CYTOTOXICITY,GO:BP,2.25439038093656,7.85501104538482e-09,138,0.0020313134225139,1.86452110614393,41,138,TRUE,TRUE
GOBP_LEUKOCYTE_MEDIATED_IMMUNITY,GO:BP,2.23262003505829,3.42191580502295e-16,405,0.0346208185031892,1.3481144474775,87,405,TRUE,TRUE
GOBP_LEUKOCYTE_MIGRATION,GO:BP,1.6999101384311,2.67777279767545e-05,360,0.0118151640114031,1.42946618137701,82,360,TRUE,TRUE
GOBP_LEUKOCYTE_MIGRATION_INVOLVED_IN_INFLAMMATORY_RESPONSE,GO:BP,1.65999250284782,0.0539156428208235,19,0.00875227507304461,3.30300272975432,10,19,FALSE,TRUE
GOBP_LEUKOCYTE_PROLIFERATION,GO:BP,1.9483511492936,2.88529739855567e-08,307,0.0428590330132964,1.39005847779889,68,307,TRUE,TRUE
GOBP_LEUKOCYTE_TETHERING_OR_ROLLING,GO:BP,0.988473395427234,0.579140331551375,29,0.553228151642349,1.51482538985284,7,29,FALSE,FALSE
GOBP_LEUKOTRIENE_BIOSYNTHETIC_PROCESS,GO:BP,1.10528998379744,0.447497032513047,17,1,0.738318257239201,2,17,FALSE,FALSE
GOBP_LEUKOTRIENE_METABOLIC_PROCESS,GO:BP,1.23811083235102,0.306830096564766,27,1,0.464867050854312,2,27,FALSE,FALSE
GOBP_LIGAND_GATED_ION_CHANNEL_SIGNALING_PATHWAY,GO:BP,-1.51321827585025,0.078915006805918,29,0.00837637109759954,2.81324715258385,13,29,FALSE,TRUE
GOBP_LIMBIC_SYSTEM_DEVELOPMENT,GO:BP,-1.30250009243509,0.09775106658242,105,0.629099501990039,1.19537241648252,20,105,FALSE,FALSE
GOBP_LINOLEIC_ACID_METABOLIC_PROCESS,GO:BP,-0.973317814748386,0.596089664122188,17,0.462054378260411,1.845795643098,5,17,FALSE,FALSE
GOBP_LIPID_CATABOLIC_PROCESS,GO:BP,0.994613687143288,0.582175508618352,302,0.237102536494907,1.2468288450066,60,302,FALSE,FALSE
GOBP_LIPID_DIGESTION,GO:BP,1.08823793448426,0.483930640475562,13,0.499747367215725,1.93098621124099,4,13,FALSE,FALSE
GOBP_LIPID_DROPLET_FORMATION,GO:BP,-0.874029871830447,0.724556172358794,18,1,0.348650288140734,1,18,FALSE,FALSE
GOBP_LIPID_DROPLET_ORGANIZATION,GO:BP,-1.13809418954281,0.380882326875698,40,1,0.627570518653321,4,40,FALSE,FALSE
GOBP_LIPID_EXPORT_FROM_CELL,GO:BP,-1.04960326106934,0.48762492646859,45,0.157795262997224,1.81298149833182,13,45,FALSE,FALSE
GOBP_LIPID_HOMEOSTASIS,GO:BP,-1.20676336471902,0.172805697898547,151,0.540145952466984,1.20526788350638,29,151,FALSE,FALSE
GOBP_LIPID_IMPORT_INTO_CELL,GO:BP,-0.859291223888549,0.749631378979119,20,0.831189429132839,1.25514103730664,4,20,FALSE,FALSE
GOBP_LIPID_LOCALIZATION,GO:BP,1.38722050409531,0.0221017567460884,384,0.172075916761495,1.24206665150137,76,384,TRUE,FALSE
GOBP_LIPID_MODIFICATION,GO:BP,-1.53257850530792,0.0109805778122372,167,1,0.901897751358067,24,167,FALSE,FALSE
GOBP_LIPID_OXIDATION,GO:BP,-1.37784909779249,0.0716414552749681,111,0.99198586966751,0.961144037577159,17,111,FALSE,FALSE
GOBP_LIPID_TRANSLOCATION,GO:BP,1.18552369339603,0.309251740011534,57,0.966399024164061,0.990900818926297,9,57,FALSE,FALSE
GOBP_LIPOPOLYSACCHARIDE_MEDIATED_SIGNALING_PATHWAY,GO:BP,1.8551094244443,0.00258276376789082,62,0.831189429132839,1.11343156535267,11,62,TRUE,FALSE
GOBP_LIPOPROTEIN_BIOSYNTHETIC_PROCESS,GO:BP,-1.01310593399793,0.548828740647345,44,0.672164713357528,1.2836669699727,9,44,FALSE,FALSE
GOBP_LIPOPROTEIN_CATABOLIC_PROCESS,GO:BP,1.03507899598153,0.534942304566878,14,0.134052103493028,2.68958793708566,6,14,FALSE,FALSE
GOBP_LIPOPROTEIN_LOCALIZATION,GO:BP,-1.25401818904205,0.277911111111111,22,0.678746825280159,1.426296633303,5,22,FALSE,FALSE
GOBP_LIPOPROTEIN_METABOLIC_PROCESS,GO:BP,1.12807751892848,0.382243598076173,77,0.0553767058292946,1.79305862472378,22,77,FALSE,FALSE
GOBP_LIPOSACCHARIDE_METABOLIC_PROCESS,GO:BP,1.04817248451782,0.483681829243013,107,1,0.821120304780047,14,107,FALSE,FALSE
GOBP_LIPOXYGENASE_PATHWAY,GO:BP,1.46670258228278,0.137092517214278,11,0.944829045454405,1.1410373066424,2,11,FALSE,FALSE
GOBP_LIVER_MORPHOGENESIS,GO:BP,0.818346409169775,0.811130634345753,23,0.506693934048772,1.63714048344345,6,23,FALSE,FALSE
GOBP_LIVER_REGENERATION,GO:BP,1.29218106170998,0.237369547089394,25,0.113608939280015,2.25925386715196,9,25,FALSE,FALSE
GOBP_LOCOMOTION_INVOLVED_IN_LOCOMOTORY_BEHAVIOR,GO:BP,-0.784319048724137,0.803618277219064,12,1,0.522975432211101,1,12,FALSE,FALSE
GOBP_LOCOMOTORY_BEHAVIOR,GO:BP,-1.70090623713774,0.0010656636819839,179,0.520352805587691,1.1920333873862,34,179,FALSE,FALSE
GOBP_LOCOMOTORY_EXPLORATION_BEHAVIOR,GO:BP,-1.52107533751034,0.126881606852901,11,0.944829045454405,1.1410373066424,2,11,FALSE,FALSE
GOBP_LOCOMOTOR_RHYTHM,GO:BP,-1.13953593694975,0.409353559853523,15,0.868087644964407,1.25514103730664,3,15,FALSE,FALSE
GOBP_LONG_CHAIN_FATTY_ACID_BIOSYNTHETIC_PROCESS,GO:BP,-0.830206477629656,0.785259518056218,24,0.77384671492533,1.30743858052775,5,24,FALSE,FALSE
GOBP_LONG_CHAIN_FATTY_ACID_IMPORT_ACROSS_PLASMA_MEMBRANE,GO:BP,-0.939472006224589,0.615640808012222,10,1,0.627570518653321,1,10,FALSE,FALSE
GOBP_LONG_CHAIN_FATTY_ACID_IMPORT_INTO_CELL,GO:BP,-0.894376697453823,0.683381038883574,16,0.906741278758732,1.17669472247498,3,16,FALSE,FALSE
GOBP_LONG_CHAIN_FATTY_ACID_METABOLIC_PROCESS,GO:BP,-1.4367497785966,0.0408953864512807,96,0.261415278750312,1.43818243858053,22,96,FALSE,FALSE
GOBP_LONG_CHAIN_FATTY_ACID_TRANSPORT,GO:BP,0.997400399623243,0.584446337308348,52,0.443648409785006,1.44823965843074,12,52,FALSE,FALSE
GOBP_LONG_CHAIN_FATTY_ACYL_COA_BIOSYNTHETIC_PROCESS,GO:BP,0.519292017221095,0.988035706428874,18,1,0.697300576281468,2,18,FALSE,FALSE
GOBP_LONG_CHAIN_FATTY_ACYL_COA_METABOLIC_PROCESS,GO:BP,-0.786703171903167,0.8254388533167,24,0.944829045454405,1.0459508644222,4,24,FALSE,FALSE
GOBP_LONG_TERM_MEMORY,GO:BP,-1.11359123418559,0.423636189012678,34,0.221104396003055,1.845795643098,10,34,FALSE,FALSE
GOBP_LONG_TERM_SYNAPTIC_DEPRESSION,GO:BP,-1.08407245873616,0.463775950015231,31,0.8068601672033,1.21465261674836,6,31,FALSE,FALSE
GOBP_LONG_TERM_SYNAPTIC_POTENTIATION,GO:BP,-1.43464944476936,0.0720104706076468,90,1,0.627570518653321,9,90,FALSE,FALSE
GOBP_LOOP_OF_HENLE_DEVELOPMENT,GO:BP,-1.98036081992337,0.00604193575530855,11,0.655369444735246,1.7115559599636,3,11,FALSE,FALSE
GOBP_LOW_DENSITY_LIPOPROTEIN_PARTICLE_CLEARANCE,GO:BP,1.40017381766577,0.145759905881972,28,0.0176146832591004,2.68958793708566,12,28,FALSE,TRUE
GOBP_LOW_DENSITY_LIPOPROTEIN_PARTICLE_REMODELING,GO:BP,-0.972688603250947,0.593217410735531,11,0.0555898164014189,3.42311191992721,6,11,FALSE,FALSE
GOBP_LUNG_ALVEOLUS_DEVELOPMENT,GO:BP,-0.797318220916193,0.878485370051635,52,0.443648409785006,1.44823965843074,12,52,FALSE,FALSE
GOBP_LUNG_CELL_DIFFERENTIATION,GO:BP,-1.58335776200649,0.0493471892592979,26,0.831189429132839,1.20686638202562,5,26,FALSE,FALSE
GOBP_LUNG_EPITHELIUM_DEVELOPMENT,GO:BP,-1.5953285852871,0.0558411738022622,41,0.906741278758732,1.07146186111543,7,41,FALSE,FALSE
GOBP_LUNG_MORPHOGENESIS,GO:BP,-1.23802804199309,0.213810867507008,52,0.892380128876136,1.08617974382306,9,52,FALSE,FALSE
GOBP_LUNG_VASCULATURE_DEVELOPMENT,GO:BP,-0.95361470915829,0.608001654088701,10,0.906741278758732,1.25514103730664,2,10,FALSE,FALSE
GOBP_LYMPHOCYTE_ACTIVATION_INVOLVED_IN_IMMUNE_RESPONSE,GO:BP,2.01225717100863,3.9249990617506e-07,210,0.471832128382354,1.19537241648252,40,210,TRUE,FALSE
GOBP_LYMPHOCYTE_APOPTOTIC_PROCESS,GO:BP,1.92519656510804,0.000485493852648184,75,0.0123209416968642,2.00822565969063,24,75,TRUE,TRUE
GOBP_LYMPHOCYTE_CHEMOTAXIS,GO:BP,2.12210008311091,0.00028549990955174,44,0.020252202350695,2.2820746132848,16,44,TRUE,TRUE
GOBP_LYMPHOCYTE_COSTIMULATION,GO:BP,1.91308359159989,0.00270259381212915,48,0.218352352815392,1.69967015468608,13,48,TRUE,FALSE
GOBP_LYMPHOCYTE_DIFFERENTIATION,GO:BP,2.05496664076171,2.02429074235173e-12,417,0.0932137217894551,1.27922048166744,85,417,TRUE,FALSE
GOBP_LYMPHOCYTE_HOMEOSTASIS,GO:BP,2.09170053432286,2.59184094817516e-05,89,1,0.846162497060658,12,89,TRUE,FALSE
GOBP_LYMPHOCYTE_MEDIATED_IMMUNITY,GO:BP,2.28709559902316,3.12038219383597e-14,313,0.0118151640114031,1.46366287098059,73,313,TRUE,TRUE
GOBP_LYMPHOCYTE_MIGRATION,GO:BP,1.99326794283271,4.65765871261871e-05,107,0.0933597535476201,1.58358915921866,27,107,TRUE,FALSE
GOBP_LYMPHOCYTE_MIGRATION_INTO_LYMPHOID_ORGANS,GO:BP,1.20139418311531,0.348840735789265,10,0.906741278758732,1.25514103730664,2,10,FALSE,FALSE
GOBP_LYMPHOID_PROGENITOR_CELL_DIFFERENTIATION,GO:BP,-1.51804766005414,0.136260955995301,23,1,0.545713494481149,2,23,FALSE,FALSE
GOBP_LYMPH_NODE_DEVELOPMENT,GO:BP,1.43082369940384,0.143565758253347,20,0.594213709778933,1.5689262966333,5,20,FALSE,FALSE
GOBP_LYMPH_VESSEL_DEVELOPMENT,GO:BP,-1.4130969309893,0.171917881083486,30,0.944829045454405,1.0459508644222,5,30,FALSE,FALSE
GOBP_LYMPH_VESSEL_MORPHOGENESIS,GO:BP,-1.27076473083539,0.278151028683007,21,0.868087644964407,1.19537241648252,4,21,FALSE,FALSE
GOBP_LYSINE_METABOLIC_PROCESS,GO:BP,1.0473654840729,0.532048200245033,10,1,0.627570518653321,1,10,FALSE,FALSE
GOBP_LYSOSOMAL_LUMEN_ACIDIFICATION,GO:BP,1.42939416164514,0.135177392746386,23,,,,,FALSE,FALSE
GOBP_LYSOSOMAL_MEMBRANE_ORGANIZATION,GO:BP,1.16241217308273,0.393065638647397,21,1,0.597686208241258,2,21,FALSE,FALSE
GOBP_LYSOSOMAL_TRANSPORT,GO:BP,1.04694329708041,0.485974712396131,127,1,0.345905010281358,7,127,FALSE,FALSE
GOBP_LYTIC_VACUOLE_ORGANIZATION,GO:BP,1.3261544471839,0.127215061526107,117,1,0.268192529339026,5,117,FALSE,FALSE
GOBP_L_ALPHA_AMINO_ACID_TRANSMEMBRANE_TRANSPORT,GO:BP,1.00040887693883,0.583644638018668,59,0.777355997263282,1.17004672969263,11,59,FALSE,FALSE
GOBP_L_AMINO_ACID_CATABOLIC_PROCESS,GO:BP,1.14740187860839,0.362096840748411,75,0.257342377811975,1.50616924476797,18,75,FALSE,FALSE
GOBP_L_AMINO_ACID_METABOLIC_PROCESS,GO:BP,1.18713879479718,0.278769073418841,151,0.617907690927896,1.16370692200616,28,151,FALSE,FALSE
GOBP_L_AMINO_ACID_TRANSPORT,GO:BP,1.13107624818357,0.377266020912182,77,0.651821185004018,1.22253997140257,15,77,FALSE,FALSE
GOBP_L_ARGININE_TRANSMEMBRANE_TRANSPORT,GO:BP,0.866510005414129,0.729486828344663,11,1,0.570518653321201,1,11,FALSE,FALSE
GOBP_L_ASCORBIC_ACID_METABOLIC_PROCESS,GO:BP,0.957288274360869,0.610051203147623,11,0.655369444735246,1.7115559599636,3,11,FALSE,FALSE
GOBP_L_ASPARTATE_TRANSMEMBRANE_TRANSPORT,GO:BP,0.933090071257531,0.642073125580283,11,0.944829045454405,1.1410373066424,2,11,FALSE,FALSE
GOBP_L_GLUTAMATE_IMPORT,GO:BP,-1.04586775437838,0.526697985752886,38,0.831189429132839,1.15605095541401,7,38,FALSE,FALSE
GOBP_L_GLUTAMATE_IMPORT_ACROSS_PLASMA_MEMBRANE,GO:BP,0.735088919305554,0.867384448952824,15,0.868087644964407,1.25514103730664,3,15,FALSE,FALSE
GOBP_L_GLUTAMATE_TRANSMEMBRANE_TRANSPORT,GO:BP,-0.944194880861582,0.63902190759137,28,0.703534865988356,1.34479396854283,6,28,FALSE,FALSE
GOBP_L_LEUCINE_TRANSPORT,GO:BP,1.27355358895179,0.273612472766885,10,0.906741278758732,1.25514103730664,2,10,FALSE,FALSE
GOBP_L_SERINE_METABOLIC_PROCESS,GO:BP,1.02324279090396,0.545690061418771,12,1,0.522975432211101,1,12,FALSE,FALSE
GOBP_L_TRYPTOPHAN_METABOLIC_PROCESS,GO:BP,1.25755046152276,0.289063761097659,14,0.55559567973604,1.79305862472377,4,14,FALSE,FALSE
GOBP_MACROAUTOPHAGY,GO:BP,1.63564558224628,0.000188612461039131,366,1,0.308641238681961,18,366,TRUE,FALSE
GOBP_MACROMOLECULE_DEACYLATION,GO:BP,0.733673632714846,0.92438221771712,46,1,0.409285120860862,3,46,FALSE,FALSE
GOBP_MACROMOLECULE_DEPALMITOYLATION,GO:BP,1.46119949508396,0.140278887261165,15,1,0.418380345768881,1,15,FALSE,FALSE
GOBP_MACROMOLECULE_METHYLATION,GO:BP,2.01497953616517,2.06829555304794e-05,117,1,0.10727701173561,2,117,TRUE,FALSE
GOBP_MACROPHAGE_ACTIVATION,GO:BP,1.89012109815128,0.000475507871519675,103,0.067414662918161,1.64508776734366,27,103,TRUE,FALSE
GOBP_MACROPHAGE_ACTIVATION_INVOLVED_IN_IMMUNE_RESPONSE,GO:BP,1.915175489752,0.00410018442567817,22,0.678746825280159,1.426296633303,5,22,TRUE,FALSE
GOBP_MACROPHAGE_APOPTOTIC_PROCESS,GO:BP,1.73254059048921,0.0423485397069524,12,0.430749153033336,2.0919017288444,4,12,TRUE,FALSE
GOBP_MACROPHAGE_CHEMOTAXIS,GO:BP,-0.789814870020751,0.853598533503438,41,0.594213709778933,1.37759382143412,9,41,FALSE,FALSE
GOBP_MACROPHAGE_CYTOKINE_PRODUCTION,GO:BP,1.50104998966529,0.123485096626269,17,0.703534865988356,1.4766365144784,4,17,FALSE,FALSE
GOBP_MACROPHAGE_DIFFERENTIATION,GO:BP,-1.06451874436027,0.441060729606126,62,0.831189429132839,1.11343156535267,11,62,FALSE,FALSE
GOBP_MACROPHAGE_MIGRATION,GO:BP,-0.863893423249282,0.817143545234765,56,0.691540082275992,1.2327278044976,11,56,FALSE,FALSE
GOBP_MACROPHAGE_PROLIFERATION,GO:BP,-1.30055293740271,0.271006189165962,11,0.944829045454405,1.1410373066424,2,11,FALSE,FALSE
GOBP_MACROPINOCYTOSIS,GO:BP,1.29050649961586,0.257424952369388,11,0.944829045454405,1.1410373066424,2,11,FALSE,FALSE
GOBP_MAGNESIUM_ION_HOMEOSTASIS,GO:BP,0.907805179209874,0.675736320021064,11,0.655369444735246,1.7115559599636,3,11,FALSE,FALSE
GOBP_MAGNESIUM_ION_TRANSPORT,GO:BP,1.676030673984,0.0389195779907078,21,0.644324793180605,1.49421552060315,5,21,TRUE,FALSE
GOBP_MAINTENANCE_OF_BLOOD_BRAIN_BARRIER,GO:BP,-1.1381406604775,0.373348353207026,36,0.594213709778933,1.39460115256294,8,36,FALSE,FALSE
GOBP_MAINTENANCE_OF_CELL_NUMBER,GO:BP,0.86582749614501,0.817259357202576,176,1,0.427888989990901,12,176,FALSE,FALSE
GOBP_MAINTENANCE_OF_CELL_POLARITY,GO:BP,0.609095432713108,0.960005688556878,13,1,0.482746552810247,1,13,FALSE,FALSE
GOBP_MAINTENANCE_OF_GASTROINTESTINAL_EPITHELIUM,GO:BP,1.28831078927017,0.257220165730284,16,0.408568153127978,1.96115787079163,5,16,FALSE,FALSE
GOBP_MAINTENANCE_OF_LOCATION,GO:BP,1.067989592891,0.440104166666667,195,0.740450771110098,1.09422551970323,34,195,FALSE,FALSE
GOBP_MAINTENANCE_OF_ORGANELLE_LOCATION,GO:BP,0.754840919554686,0.859334852121557,11,1,0.570518653321201,1,11,FALSE,FALSE
GOBP_MAINTENANCE_OF_POSTSYNAPTIC_SPECIALIZATION_STRUCTURE,GO:BP,-1.26228094356335,0.286455604567707,12,1,0.522975432211101,1,12,FALSE,FALSE
GOBP_MAINTENANCE_OF_PROTEIN_LOCALIZATION_IN_ENDOPLASMIC_RETICULUM,GO:BP,-0.913148596976629,0.648934545693531,10,1,0.627570518653321,1,10,FALSE,FALSE
GOBP_MAINTENANCE_OF_PROTEIN_LOCALIZATION_IN_ORGANELLE,GO:BP,0.676484734825901,0.953339124366142,40,1,0.470677888989991,3,40,FALSE,FALSE
GOBP_MAINTENANCE_OF_PROTEIN_LOCATION,GO:BP,0.786179960911358,0.881552817825898,58,1,0.86561450848734,8,58,FALSE,FALSE
GOBP_MAINTENANCE_OF_PROTEIN_LOCATION_IN_NUCLEUS,GO:BP,-0.650073354846821,0.959617441912185,23,1,0.272856747240574,1,23,FALSE,FALSE
GOBP_MAINTENANCE_OF_SISTER_CHROMATID_COHESION,GO:BP,1.51588695605354,0.149266798023958,12,1,0.522975432211101,1,12,FALSE,FALSE
GOBP_MAINTENANCE_OF_SYNAPSE_STRUCTURE,GO:BP,-1.20830808895073,0.294000271523785,33,1,0.760691537761602,4,33,FALSE,FALSE
GOBP_MALATE_METABOLIC_PROCESS,GO:BP,1.38687538924274,0.204061900025445,10,,,,,FALSE,FALSE
GOBP_MALE_GENITALIA_DEVELOPMENT,GO:BP,-2.08433429119614,0.00216099988446318,16,0.408568153127978,1.96115787079163,5,16,FALSE,FALSE
GOBP_MALE_MEIOSIS_I,GO:BP,-0.912199598601314,0.672655699250747,21,0.644324793180605,1.49421552060315,5,21,FALSE,FALSE
GOBP_MALE_MEIOTIC_NUCLEAR_DIVISION,GO:BP,0.836766456009828,0.787846973049763,38,0.978587630542299,0.990900818926297,6,38,FALSE,FALSE
GOBP_MALE_SEX_DETERMINATION,GO:BP,-1.68037116246372,0.0560759659151455,10,0.906741278758732,1.25514103730664,2,10,FALSE,FALSE
GOBP_MALE_SEX_DIFFERENTIATION,GO:BP,-1.67860432824508,0.00377751506749819,128,0.627512980823235,1.17669472247498,24,128,FALSE,FALSE
GOBP_MAMMARY_GLAND_ALVEOLUS_DEVELOPMENT,GO:BP,-1.30815438349479,0.237368021249152,19,0.0282544118771145,2.97270245677889,9,19,FALSE,TRUE
GOBP_MAMMARY_GLAND_DEVELOPMENT,GO:BP,-1.2710074811414,0.157775299371131,128,0.263095608155953,1.37281050955414,28,128,FALSE,FALSE
GOBP_MAMMARY_GLAND_DUCT_MORPHOGENESIS,GO:BP,0.864841214183521,0.757699048668672,32,0.654722182695088,1.37281050955414,7,32,FALSE,FALSE
GOBP_MAMMARY_GLAND_EPITHELIAL_CELL_DIFFERENTIATION,GO:BP,-1.28325680244465,0.262198359738127,17,0.937040972683617,1.1074773858588,3,17,FALSE,FALSE
GOBP_MAMMARY_GLAND_EPITHELIAL_CELL_PROLIFERATION,GO:BP,1.31010221042572,0.205799420099981,26,0.430749153033336,1.68961293483586,7,26,FALSE,FALSE
GOBP_MAMMARY_GLAND_EPITHELIUM_DEVELOPMENT,GO:BP,-1.23851936094569,0.224615390256064,69,0.349709662079935,1.45523598528306,16,69,FALSE,FALSE
GOBP_MAMMARY_GLAND_MORPHOGENESIS,GO:BP,-1.12131377782105,0.396987019885138,44,0.518370650020454,1.426296633303,10,44,FALSE,FALSE
GOBP_MANGANESE_ION_TRANSMEMBRANE_TRANSPORT,GO:BP,1.20424009487084,0.340034502803353,10,0.906741278758732,1.25514103730664,2,10,FALSE,FALSE
GOBP_MANGANESE_ION_TRANSPORT,GO:BP,1.2153204415359,0.323282117131775,11,0.944829045454405,1.1410373066424,2,11,FALSE,FALSE
GOBP_MAST_CELL_ACTIVATION,GO:BP,1.62777739020895,0.0279195886704195,69,0.719442465053918,1.18237923804249,13,69,TRUE,FALSE
GOBP_MAST_CELL_ACTIVATION_INVOLVED_IN_IMMUNE_RESPONSE,GO:BP,1.19402150051067,0.284433728328884,58,1,0.757412694926422,7,58,FALSE,FALSE
GOBP_MAST_CELL_MIGRATION,GO:BP,-1.16357675431532,0.388074411520914,12,1,0.522975432211101,1,12,FALSE,FALSE
GOBP_MATERNAL_PLACENTA_DEVELOPMENT,GO:BP,1.13133851126848,0.409849899344982,35,0.399114075245348,1.6137527622514,9,35,FALSE,FALSE
GOBP_MATERNAL_PROCESS_INVOLVED_IN_FEMALE_PREGNANCY,GO:BP,1.04127780050669,0.51497014741953,52,0.121459291981889,1.81029957303843,15,52,FALSE,FALSE
GOBP_MATING_BEHAVIOR,GO:BP,-1.19614541851077,0.331296979565398,29,0.553228151642349,1.51482538985284,7,29,FALSE,FALSE
GOBP_MATURATION_OF_5_8S_RRNA,GO:BP,2.11262564634949,0.00018895047128219,40,1,0.313785259326661,2,40,TRUE,FALSE
GOBP_MATURATION_OF_5_8S_RRNA_FROM_TRICISTRONIC_RRNA_TRANSCRIPT_SSU_RRNA_5_8S_RRNA_LSU_RRNA,GO:BP,1.98008755418527,0.00294030134833728,31,1,0.202442102791394,1,31,TRUE,FALSE
GOBP_MATURATION_OF_LSU_RRNA,GO:BP,2.10103281077172,0.000693830298973964,32,,,,,TRUE,FALSE
GOBP_MATURATION_OF_LSU_RRNA_FROM_TRICISTRONIC_RRNA_TRANSCRIPT_SSU_RRNA_5_8S_RRNA_LSU_RRNA,GO:BP,1.9932824661827,0.00391406431066644,23,,,,,TRUE,FALSE
GOBP_MATURATION_OF_SSU_RRNA,GO:BP,2.38358588353014,1.38355197811441e-07,70,,,,,TRUE,FALSE
GOBP_MATURATION_OF_SSU_RRNA_FROM_TRICISTRONIC_RRNA_TRANSCRIPT_SSU_RRNA_5_8S_RRNA_LSU_RRNA,GO:BP,2.06406831156886,0.000476179653393719,33,,,,,TRUE,FALSE
GOBP_MATURE_B_CELL_DIFFERENTIATION,GO:BP,1.38977189806545,0.147537073572864,32,0.654722182695088,1.37281050955414,7,32,FALSE,FALSE
GOBP_MDA_5_SIGNALING_PATHWAY,GO:BP,1.90041150521344,0.00912277380246669,10,0.303676489292972,2.51028207461329,4,10,TRUE,FALSE
GOBP_MECHANORECEPTOR_DIFFERENTIATION,GO:BP,-1.69518302940032,0.0115389072112624,63,0.459136075012469,1.39460115256294,14,63,FALSE,FALSE
GOBP_MECHANOSENSORY_BEHAVIOR,GO:BP,-0.926307116530213,0.631515612135031,14,0.55559567973604,1.79305862472377,4,14,FALSE,FALSE
GOBP_MEDIUM_CHAIN_FATTY_ACID_METABOLIC_PROCESS,GO:BP,-0.749967920581281,0.85110846179821,13,0.777355997263282,1.44823965843074,3,13,FALSE,FALSE
GOBP_MEGAKARYOCYTE_DEVELOPMENT,GO:BP,-1.09048980388377,0.442972633693196,21,,,,,FALSE,FALSE
GOBP_MEGAKARYOCYTE_DIFFERENTIATION,GO:BP,-1.28128656924877,0.183487131565627,52,1,0.603433191012809,5,52,FALSE,FALSE
GOBP_MEIOSIS_I_CELL_CYCLE_PROCESS,GO:BP,2.21176288219415,3.32459229344133e-07,114,0.00564073484117753,1.87170154686078,34,114,TRUE,TRUE
GOBP_MEIOTIC_CELL_CYCLE,GO:BP,2.3261722756675,1.7203654607533e-13,252,0.150779103008113,1.31989037653278,53,252,TRUE,FALSE
GOBP_MEIOTIC_CELL_CYCLE_PHASE_TRANSITION,GO:BP,2.34659866701982,1.15161032269393e-05,15,0.00107049492788727,4.18380345768881,10,15,TRUE,TRUE
GOBP_MEIOTIC_CELL_CYCLE_PROCESS,GO:BP,2.41807304621563,1.55194063403042e-12,183,0.0212926938269163,1.57749966437447,46,183,TRUE,TRUE
GOBP_MEIOTIC_CHROMOSOME_SEGREGATION,GO:BP,2.44509131172307,1.60487087956964e-08,79,0.0118517208152859,1.98598265396621,25,79,TRUE,TRUE
GOBP_MEIOTIC_CHROMOSOME_SEPARATION,GO:BP,2.10881159836526,0.000317499391658574,10,0.117262721583506,3.13785259326661,5,10,TRUE,FALSE
GOBP_MEIOTIC_SISTER_CHROMATID_COHESION,GO:BP,1.73406174861733,0.0554137317326062,15,0.355067484635544,2.0919017288444,5,15,FALSE,FALSE
GOBP_MEIOTIC_SPINDLE_ASSEMBLY,GO:BP,2.25139359517133,0.000127303861673226,15,0.164778477597013,2.51028207461329,6,15,TRUE,FALSE
GOBP_MEIOTIC_SPINDLE_ORGANIZATION,GO:BP,2.25062241819585,3.6472754576734e-05,22,0.138214156280246,2.2820746132848,8,22,TRUE,FALSE
GOBP_MELANOCYTE_DIFFERENTIATION,GO:BP,-1.39576026279874,0.166294214726476,21,1,0.597686208241258,2,21,FALSE,FALSE
GOBP_MELANOSOME_ASSEMBLY,GO:BP,1.69750973343507,0.0398923840854728,19,1,0.660600545950864,2,19,TRUE,FALSE
GOBP_MEMBRANELESS_ORGANELLE_ASSEMBLY,GO:BP,1.65404477611009,4.88871571539328e-05,420,1,0.941355777979982,63,420,TRUE,FALSE
GOBP_MEMBRANE_BIOGENESIS,GO:BP,-1.35706510153628,0.140516062262131,66,1,0.665605095541401,7,66,FALSE,FALSE
GOBP_MEMBRANE_DEPOLARIZATION,GO:BP,-1.24513650203602,0.225565089160338,87,0.0350954446155792,1.80336355934862,25,87,FALSE,TRUE
GOBP_MEMBRANE_DEPOLARIZATION_DURING_ACTION_POTENTIAL,GO:BP,-1.80630128834655,0.0173512369651235,30,0.0641331716346204,2.30109190172884,11,30,FALSE,FALSE
GOBP_MEMBRANE_DEPOLARIZATION_DURING_CARDIAC_MUSCLE_CELL_ACTION_POTENTIAL,GO:BP,-1.6833856817493,0.0376580458882956,20,0.201198829195239,2.19649681528662,7,20,FALSE,FALSE
GOBP_MEMBRANE_DISASSEMBLY,GO:BP,1.11546858173705,0.433908567597636,12,0.719442465053918,1.5689262966333,3,12,FALSE,FALSE
GOBP_MEMBRANE_DOCKING,GO:BP,1.64367206591196,0.0189798373996724,85,1,0.590654605791361,8,85,TRUE,FALSE
GOBP_MEMBRANE_FISSION,GO:BP,0.933244923496388,0.673002419993706,45,1,0.139460115256294,1,45,FALSE,FALSE
GOBP_MEMBRANE_FUSION,GO:BP,0.924235442358497,0.694667644183773,168,1,0.82181853633173,22,168,FALSE,FALSE
GOBP_MEMBRANE_HYPERPOLARIZATION,GO:BP,-1.10958524444066,0.458954391012128,10,0.303676489292972,2.51028207461329,4,10,FALSE,FALSE
GOBP_MEMBRANE_INVAGINATION,GO:BP,1.04979097378362,0.494501059428917,63,0.719442465053918,1.19537241648252,12,63,FALSE,FALSE
GOBP_MEMBRANE_LIPID_BIOSYNTHETIC_PROCESS,GO:BP,1.04494153161633,0.489715521218448,144,1,0.871625720351835,20,144,FALSE,FALSE
GOBP_MEMBRANE_LIPID_CATABOLIC_PROCESS,GO:BP,1.03383878451119,0.550125360608445,44,1,0.713148316651501,5,44,FALSE,FALSE
GOBP_MEMBRANE_LIPID_METABOLIC_PROCESS,GO:BP,1.1688669974538,0.268588700498284,200,1,0.941355777979982,30,200,FALSE,FALSE
GOBP_MEMBRANE_PROTEIN_ECTODOMAIN_PROTEOLYSIS,GO:BP,1.11907368491778,0.397286362344404,48,0.923323045302578,1.0459508644222,8,48,FALSE,FALSE
GOBP_MEMBRANE_PROTEIN_INTRACELLULAR_DOMAIN_PROTEOLYSIS,GO:BP,-0.650268382960345,0.937367090248962,15,,,,,FALSE,FALSE
GOBP_MEMBRANE_PROTEIN_PROTEOLYSIS,GO:BP,-0.96314876989522,0.619194899124477,60,1,0.941355777979982,9,60,FALSE,FALSE
GOBP_MEMBRANE_RAFT_ASSEMBLY,GO:BP,-1.54812336251818,0.13238377227157,12,,,,,FALSE,FALSE
GOBP_MEMBRANE_RAFT_ORGANIZATION,GO:BP,-1.35111834967875,0.176835648565759,28,1,0.896529312361887,4,28,FALSE,FALSE
GOBP_MEMBRANE_REPOLARIZATION,GO:BP,-1.46477903741094,0.0942042661338823,46,0.426982662077329,1.50071210982316,11,46,FALSE,FALSE
GOBP_MEMBRANE_REPOLARIZATION_DURING_ACTION_POTENTIAL,GO:BP,-1.22316124359172,0.31460434388104,26,0.627782812120181,1.44823965843074,6,26,FALSE,FALSE
GOBP_MEMBRANE_REPOLARIZATION_DURING_VENTRICULAR_CARDIAC_MUSCLE_CELL_ACTION_POTENTIAL,GO:BP,-1.71757950531285,0.061601643970905,14,1,0.896529312361887,2,14,FALSE,FALSE
GOBP_MEMBRANE_TUBULATION,GO:BP,1.00478647991743,0.578670480537894,10,,,,,FALSE,FALSE
GOBP_MEMORY,GO:BP,-1.52961351900132,0.0265830429587503,118,0.00972554530165731,1.80825403679771,34,118,FALSE,TRUE
GOBP_MESENCHYMAL_CELL_APOPTOTIC_PROCESS,GO:BP,-0.711759896954402,0.865195430994446,10,0.906741278758732,1.25514103730664,2,10,FALSE,FALSE
GOBP_MESENCHYMAL_CELL_DIFFERENTIATION,GO:BP,-1.51324678868349,0.00648239211680926,234,0.488202970178597,1.18004712909172,44,234,FALSE,FALSE
GOBP_MESENCHYMAL_CELL_MIGRATION,GO:BP,-1.44834975406319,0.104326633384638,58,0.141288281551109,1.73122901697468,16,58,FALSE,FALSE
GOBP_MESENCHYMAL_CELL_PROLIFERATION,GO:BP,-1.76542234019505,0.0180842541939684,44,1,0.855777979981802,6,44,FALSE,FALSE
GOBP_MESENCHYMAL_STEM_CELL_DIFFERENTIATION,GO:BP,-1.51410689242434,0.138226687819496,13,1,0.965493105620494,2,13,FALSE,FALSE
GOBP_MESENCHYMAL_TO_EPITHELIAL_TRANSITION,GO:BP,-1.4466016162987,0.162843547549577,16,0.408568153127978,1.96115787079163,5,16,FALSE,FALSE
GOBP_MESENCHYMAL_TO_EPITHELIAL_TRANSITION_INVOLVED_IN_METANEPHROS_MORPHOGENESIS,GO:BP,-0.946366869810767,0.613307669846794,10,0.594213709778933,1.88271155595996,3,10,FALSE,FALSE
GOBP_MESENCHYME_DEVELOPMENT,GO:BP,-1.59862978265492,0.000727901285936644,284,0.594213709778933,1.12697522715913,51,284,FALSE,FALSE
GOBP_MESENCHYME_MORPHOGENESIS,GO:BP,-1.55969096143229,0.0360972706606133,57,1,0.770700636942675,7,57,FALSE,FALSE
GOBP_MESODERMAL_CELL_DIFFERENTIATION,GO:BP,-1.46021067915345,0.161865754649789,28,1,0.896529312361887,4,28,FALSE,FALSE
GOBP_MESODERMAL_CELL_FATE_COMMITMENT,GO:BP,-1.40016805796069,0.183487131565627,15,0.868087644964407,1.25514103730664,3,15,FALSE,FALSE
GOBP_MESODERMAL_CELL_FATE_SPECIFICATION,GO:BP,-1.6533286853945,0.0646018974335189,10,0.906741278758732,1.25514103730664,2,10,FALSE,FALSE
GOBP_MESODERM_DEVELOPMENT,GO:BP,-0.975399488598215,0.595473463795466,105,1,0.836760691537762,14,105,FALSE,FALSE
GOBP_MESODERM_MORPHOGENESIS,GO:BP,-0.978043979916206,0.587622123800562,65,0.906741278758732,1.06204241618254,11,65,FALSE,FALSE
GOBP_MESONEPHRIC_TUBULE_MORPHOGENESIS,GO:BP,-2.04191877430491,0.000332017256892553,55,0.261415278750312,1.59745222929936,14,55,FALSE,FALSE
GOBP_MESONEPHROS_DEVELOPMENT,GO:BP,-2.24921785408858,1.09533950027414e-06,88,0.218870741636747,1.49761146496815,21,88,FALSE,FALSE
GOBP_METABOLIC_COMPOUND_SALVAGE,GO:BP,1.49934257076035,0.0728597682194411,38,0.831189429132839,1.15605095541401,7,38,FALSE,FALSE
GOBP_METALLO_SULFUR_CLUSTER_ASSEMBLY,GO:BP,1.74788976935894,0.0273665511479469,26,1,0.482746552810247,2,26,TRUE,FALSE
GOBP_METANEPHRIC_EPITHELIUM_DEVELOPMENT,GO:BP,-1.9338382301338,0.00504315687861022,20,0.594213709778933,1.5689262966333,5,20,FALSE,FALSE
GOBP_METANEPHRIC_GLOMERULUS_DEVELOPMENT,GO:BP,-1.80277205841579,0.0213030686058006,10,1,0.627570518653321,1,10,FALSE,FALSE
GOBP_METANEPHRIC_MESENCHYME_DEVELOPMENT,GO:BP,0.962505453986857,0.63325788227749,10,1,0.627570518653321,1,10,FALSE,FALSE
GOBP_METANEPHRIC_NEPHRON_DEVELOPMENT,GO:BP,-2.0471366993835,0.000481723228258974,33,0.678746825280159,1.3312101910828,7,33,FALSE,FALSE
GOBP_METANEPHRIC_NEPHRON_EPITHELIUM_DEVELOPMENT,GO:BP,-1.95453602879065,0.00604193575530855,18,0.506693934048772,1.74325144070367,5,18,FALSE,FALSE
GOBP_METANEPHRIC_NEPHRON_MORPHOGENESIS,GO:BP,-1.47691302260691,0.105087188393291,20,0.831189429132839,1.25514103730664,4,20,FALSE,FALSE
GOBP_METANEPHRIC_RENAL_VESICLE_MORPHOGENESIS,GO:BP,-0.91053187467694,0.667547925815487,11,0.655369444735246,1.7115559599636,3,11,FALSE,FALSE
GOBP_METANEPHROS_DEVELOPMENT,GO:BP,-2.2955080467718,6.43923810801312e-07,75,0.594213709778933,1.25514103730664,15,75,FALSE,FALSE
GOBP_METANEPHROS_MORPHOGENESIS,GO:BP,-1.56411187072089,0.0928982487600776,25,0.801635301593806,1.25514103730664,5,25,FALSE,FALSE
GOBP_METAPHASE_CHROMOSOME_ALIGNMENT,GO:BP,2.61017268984432,1.55194063403042e-12,106,0.0875634575493226,1.59852867958865,27,106,TRUE,FALSE
GOBP_METENCEPHALON_DEVELOPMENT,GO:BP,-1.53776307732259,0.0224989505379061,102,0.906370413997054,1.0459508644222,17,102,FALSE,FALSE
GOBP_METHIONINE_BIOSYNTHETIC_PROCESS,GO:BP,1.01635948410316,0.555553410553411,12,0.978587630542299,1.0459508644222,2,12,FALSE,FALSE
GOBP_METHIONINE_METABOLIC_PROCESS,GO:BP,0.787521865523266,0.813720207729081,16,0.906741278758732,1.17669472247498,3,16,FALSE,FALSE
GOBP_METHYLATION,GO:BP,1.73126178557832,0.000456000282324644,198,1,0.348650288140734,11,198,TRUE,FALSE
GOBP_MHC_CLASS_II_BIOSYNTHETIC_PROCESS,GO:BP,1.1345777408337,0.410997098761895,16,1,0.784463148316652,2,16,FALSE,FALSE
GOBP_MICROAUTOPHAGY,GO:BP,1.05081859273507,0.526697985752886,22,1,0.285259326660601,1,22,FALSE,FALSE
GOBP_MICROGLIA_DIFFERENTIATION,GO:BP,0.837169972528282,0.74182044948174,15,1,0.836760691537762,2,15,FALSE,FALSE
GOBP_MICROTUBULE_ANCHORING,GO:BP,-0.730078121463599,0.914989898989899,22,1,0.285259326660601,1,22,FALSE,FALSE
GOBP_MICROTUBULE_ANCHORING_AT_MICROTUBULE_ORGANIZING_CENTER,GO:BP,-0.562435933684769,0.977399237393094,14,,,,,FALSE,FALSE
GOBP_MICROTUBULE_BASED_MOVEMENT,GO:BP,1.04709484618977,0.440897693559192,400,1,0.87859872611465,56,400,FALSE,FALSE
GOBP_MICROTUBULE_BASED_TRANSPORT,GO:BP,-1.33823347656424,0.0541637676033262,218,1,0.633328046347388,22,218,FALSE,FALSE
GOBP_MICROTUBULE_BUNDLE_FORMATION,GO:BP,-1.00796475139341,0.555196121420712,95,1,0.92484076433121,14,95,FALSE,FALSE
GOBP_MICROTUBULE_CYTOSKELETON_ORGANIZATION_INVOLVED_IN_MITOSIS,GO:BP,2.33257231783346,1.89687323967318e-10,164,0.243687320448977,1.33932732639428,35,164,TRUE,FALSE
GOBP_MICROTUBULE_DEPOLYMERIZATION,GO:BP,1.74260823471463,0.0145660864456658,47,0.770725625257377,1.20173078039998,9,47,TRUE,FALSE
GOBP_MICROTUBULE_NUCLEATION,GO:BP,-0.841936278834696,0.820732684852503,50,1,0.502056414922657,4,50,FALSE,FALSE
GOBP_MICROTUBULE_ORGANIZING_CENTER_LOCALIZATION,GO:BP,1.10205767198154,0.437012868578377,31,1,0.809768411165576,4,31,FALSE,FALSE
GOBP_MICROTUBULE_ORGANIZING_CENTER_ORGANIZATION,GO:BP,1.68174754672854,0.00279329807562913,155,1,0.607326308374182,15,155,TRUE,FALSE
GOBP_MICROTUBULE_POLYMERIZATION,GO:BP,1.07615115117785,0.449345037939246,101,1,0.745628338994045,12,101,FALSE,FALSE
GOBP_MICROTUBULE_POLYMERIZATION_OR_DEPOLYMERIZATION,GO:BP,1.44073089154312,0.052396647580019,139,1,0.902979163529958,20,139,FALSE,FALSE
GOBP_MICROTUBULE_SEVERING,GO:BP,-0.752160432220345,0.853598533503438,11,,,,,FALSE,FALSE
GOBP_MICROVILLUS_ASSEMBLY,GO:BP,-0.952268146989626,0.59147574563578,14,0.825631269028654,1.34479396854283,3,14,FALSE,FALSE
GOBP_MICROVILLUS_ORGANIZATION,GO:BP,-0.87580713336362,0.728844139332816,23,0.719442465053918,1.36428373620287,5,23,FALSE,FALSE
GOBP_MIDBODY_ABSCISSION,GO:BP,1.49003864428786,0.159173969298168,23,1,0.818570241721723,3,23,FALSE,FALSE
GOBP_MIDBRAIN_DEVELOPMENT,GO:BP,0.968729107992052,0.603447568233121,78,1,0.804577588017079,10,78,FALSE,FALSE
GOBP_MIDBRAIN_DOPAMINERGIC_NEURON_DIFFERENTIATION,GO:BP,-1.10966718965397,0.442169630848656,16,0.655369444735246,1.5689262966333,4,16,FALSE,FALSE
GOBP_MIDDLE_EAR_MORPHOGENESIS,GO:BP,-1.52977797002256,0.0798169214863614,19,1,0.660600545950864,2,19,FALSE,FALSE
GOBP_MIDGUT_DEVELOPMENT,GO:BP,-0.952602136801094,0.608001654088701,10,0.594213709778933,1.88271155595996,3,10,FALSE,FALSE
GOBP_MINERALOCORTICOID_BIOSYNTHETIC_PROCESS,GO:BP,-1.47547245773387,0.145090681676048,10,0.594213709778933,1.88271155595996,3,10,FALSE,FALSE
GOBP_MINERALOCORTICOID_METABOLIC_PROCESS,GO:BP,-1.448301239192,0.176589146937682,12,0.719442465053918,1.5689262966333,3,12,FALSE,FALSE
GOBP_MIRNA_CATABOLIC_PROCESS,GO:BP,1.5040363282912,0.156060533440183,12,1,0.522975432211101,1,12,FALSE,FALSE
GOBP_MIRNA_MEDIATED_GENE_SILENCING_BY_INHIBITION_OF_TRANSLATION,GO:BP,0.937241640310545,0.63325788227749,20,,,,,FALSE,FALSE
GOBP_MIRNA_MEDIATED_GENE_SILENCING_BY_MRNA_DESTABILIZATION,GO:BP,-0.704943732534672,0.879129612753878,12,,,,,FALSE,FALSE
GOBP_MIRNA_METABOLIC_PROCESS,GO:BP,0.903232752695929,0.705260932614815,96,0.906741278758732,1.0459508644222,16,96,FALSE,FALSE
GOBP_MIRNA_PROCESSING,GO:BP,1.19460090339435,0.294934658222424,42,1,0.448264656180944,3,42,FALSE,FALSE
GOBP_MIRNA_TRANSCRIPTION,GO:BP,-1.34025807484128,0.135146745779641,71,0.514476726561972,1.32585320842251,15,71,FALSE,FALSE
GOBP_MISMATCH_REPAIR,GO:BP,1.07276333117577,0.481902306322448,34,1,0.1845795643098,1,34,FALSE,FALSE
GOBP_MITOCHONDRIAL_CALCIUM_ION_HOMEOSTASIS,GO:BP,1.06185212976415,0.498790521226353,23,1,0.272856747240574,1,23,FALSE,FALSE
GOBP_MITOCHONDRIAL_CALCIUM_ION_TRANSMEMBRANE_TRANSPORT,GO:BP,1.08781049446988,0.461982261258934,23,1,0.272856747240574,1,23,FALSE,FALSE
GOBP_MITOCHONDRIAL_DEPOLARIZATION,GO:BP,1.05340463374172,0.500362409300903,25,0.594213709778933,1.50616924476797,6,25,FALSE,FALSE
GOBP_MITOCHONDRIAL_DNA_METABOLIC_PROCESS,GO:BP,1.68472489227596,0.0420295821843906,20,1,0.313785259326661,1,20,TRUE,FALSE
GOBP_MITOCHONDRIAL_DNA_REPLICATION,GO:BP,1.5124617332373,0.144993778779921,15,1,0.418380345768881,1,15,FALSE,FALSE
GOBP_MITOCHONDRIAL_ELECTRON_TRANSPORT_CYTOCHROME_C_TO_OXYGEN,GO:BP,1.48724263186667,0.111115158186422,20,1,0.627570518653321,2,20,FALSE,FALSE
GOBP_MITOCHONDRIAL_ELECTRON_TRANSPORT_NADH_TO_UBIQUINONE,GO:BP,1.25939230571864,0.226249455810533,52,,,,,FALSE,FALSE
GOBP_MITOCHONDRIAL_ELECTRON_TRANSPORT_UBIQUINOL_TO_CYTOCHROME_C,GO:BP,1.76084795569498,0.0389195779907078,14,1,0.448264656180944,1,14,TRUE,FALSE
GOBP_MITOCHONDRIAL_FISSION,GO:BP,1.34458747602269,0.179243323268497,39,1,0.804577588017079,5,39,FALSE,FALSE
GOBP_MITOCHONDRIAL_FRAGMENTATION_INVOLVED_IN_APOPTOTIC_PROCESS,GO:BP,-0.929779267593868,0.631135508536487,10,0.906741278758732,1.25514103730664,2,10,FALSE,FALSE
GOBP_MITOCHONDRIAL_FUSION,GO:BP,1.51095805649841,0.105087188393291,34,1,0.553738692929401,3,34,FALSE,FALSE
GOBP_MITOCHONDRIAL_GENE_EXPRESSION,GO:BP,2.62584139607317,6.75678664154836e-16,165,1,0.0380345768880801,1,165,TRUE,FALSE
GOBP_MITOCHONDRIAL_LARGE_RIBOSOMAL_SUBUNIT_ASSEMBLY,GO:BP,1.63974792419971,0.0896925277605301,15,,,,,FALSE,FALSE
GOBP_MITOCHONDRIAL_MEMBRANE_ORGANIZATION,GO:BP,1.66228254424989,0.0105635370662899,109,1,0.230301107762687,4,109,TRUE,FALSE
GOBP_MITOCHONDRIAL_OUTER_MEMBRANE_PERMEABILIZATION,GO:BP,1.38006734617589,0.157424275101295,29,1,0.216403627121835,1,29,FALSE,FALSE
GOBP_MITOCHONDRIAL_PROTEIN_PROCESSING,GO:BP,0.530110418382237,0.983183504859528,13,,,,,FALSE,FALSE
GOBP_MITOCHONDRIAL_RESPIRATORY_CHAIN_COMPLEX_ASSEMBLY,GO:BP,1.24507635273038,0.214735699113864,90,1,0.20919017288444,3,90,FALSE,FALSE
GOBP_MITOCHONDRIAL_RIBOSOME_ASSEMBLY,GO:BP,1.63805120052864,0.0583718162594025,26,,,,,FALSE,FALSE
GOBP_MITOCHONDRIAL_RNA_METABOLIC_PROCESS,GO:BP,2.06692451791459,0.000271408034529261,59,1,0.106367884517512,1,59,TRUE,FALSE
GOBP_MITOCHONDRIAL_RNA_MODIFICATION,GO:BP,1.80287108646802,0.031286329374782,16,,,,,TRUE,FALSE
GOBP_MITOCHONDRIAL_RNA_PROCESSING,GO:BP,2.01160696854795,0.00287705939187123,28,1,0.224132328090472,1,28,TRUE,FALSE
GOBP_MITOCHONDRIAL_TRANSCRIPTION,GO:BP,0.909039021100089,0.665295222375727,18,,,,,FALSE,FALSE
GOBP_MITOCHONDRIAL_TRANSLATION,GO:BP,2.71297033082901,7.11917174465706e-16,128,,,,,TRUE,FALSE
GOBP_MITOCHONDRIAL_TRANSMEMBRANE_TRANSPORT,GO:BP,1.41068235215236,0.155560634050036,22,1,0.285259326660601,1,22,FALSE,FALSE
GOBP_MITOCHONDRIAL_TRANSPORT,GO:BP,1.48276190311933,0.0588692804448041,84,1,0.448264656180944,6,84,FALSE,FALSE
GOBP_MITOCHONDRIAL_TRNA_MODIFICATION,GO:BP,1.70843201423639,0.0587912905557027,13,,,,,FALSE,FALSE
GOBP_MITOCHONDRIAL_TRNA_PROCESSING,GO:BP,1.77142382574004,0.0393983140705126,16,,,,,TRUE,FALSE
GOBP_MITOCHONDRION_DISTRIBUTION,GO:BP,0.661350382357104,0.936385294631929,16,1,0.392231574158326,1,16,FALSE,FALSE
GOBP_MITOCHONDRION_LOCALIZATION,GO:BP,-1.19480419288458,0.265103962107511,53,1,0.82886672274967,7,53,FALSE,FALSE
GOBP_MITOCHONDRION_ORGANIZATION,GO:BP,1.58082603634234,0.000619626134397729,384,1,0.441260520928117,27,384,TRUE,FALSE
GOBP_MITOPHAGY,GO:BP,1.28621499514016,0.160932181959919,90,1,0.418380345768881,6,90,FALSE,FALSE
GOBP_MITOTIC_CELL_CYCLE_CHECKPOINT_SIGNALING,GO:BP,2.36206906116282,7.62329148500164e-10,139,0.0762698032840671,1.53506457800093,34,139,TRUE,FALSE
GOBP_MITOTIC_CELL_CYCLE_PHASE_TRANSITION,GO:BP,2.33892946503449,5.62646896937325e-20,432,0.627782812120181,1.08953215043979,75,432,TRUE,FALSE
GOBP_MITOTIC_CHROMOSOME_CONDENSATION,GO:BP,2.16960503356294,0.000706726627750559,17,0.703534865988356,1.4766365144784,4,17,TRUE,FALSE
GOBP_MITOTIC_CYTOKINESIS,GO:BP,1.7595726991448,0.00386889197089632,99,0.937040972683617,1.01425538368214,16,99,TRUE,FALSE
GOBP_MITOTIC_CYTOKINETIC_PROCESS,GO:BP,1.74879173049376,0.0150213880169498,38,0.978587630542299,0.990900818926297,6,38,TRUE,FALSE
GOBP_MITOTIC_DNA_INTEGRITY_CHECKPOINT_SIGNALING,GO:BP,1.68974049454936,0.0117034851948564,73,0.920870789027557,1.03162277038902,12,73,TRUE,FALSE
GOBP_MITOTIC_DNA_REPLICATION,GO:BP,1.94180500634418,0.0102872859465368,17,0.24615437055853,2.2149547717176,6,17,TRUE,FALSE
GOBP_MITOTIC_DNA_REPLICATION_CHECKPOINT_SIGNALING,GO:BP,2.02869880264664,0.0017356525966621,12,0.430749153033336,2.0919017288444,4,12,TRUE,FALSE
GOBP_MITOTIC_G1_S_TRANSITION_CHECKPOINT_SIGNALING,GO:BP,0.935795495645277,0.64990303170946,17,1,0.738318257239201,2,17,FALSE,FALSE
GOBP_MITOTIC_G2_DNA_DAMAGE_CHECKPOINT_SIGNALING,GO:BP,1.59060162106607,0.0564517705413993,33,0.868087644964407,1.1410373066424,6,33,FALSE,FALSE
GOBP_MITOTIC_G2_M_TRANSITION_CHECKPOINT,GO:BP,2.02836723989214,0.000499209090526714,51,0.868087644964407,1.1074773858588,9,51,TRUE,FALSE
GOBP_MITOTIC_INTRA_S_DNA_DAMAGE_CHECKPOINT_SIGNALING,GO:BP,1.48681729188804,0.116215503851931,19,1,0.660600545950864,2,19,FALSE,FALSE
GOBP_MITOTIC_METAPHASE_CHROMOSOME_ALIGNMENT,GO:BP,2.31530519080482,1.22653996608399e-06,66,0.188057689508049,1.6164695177434,17,66,TRUE,FALSE
GOBP_MITOTIC_NUCLEAR_DIVISION,GO:BP,2.54781655392116,1.5655903082644e-19,279,0.00267510581791136,1.57454968837751,70,279,TRUE,TRUE
GOBP_MITOTIC_NUCLEAR_MEMBRANE_ORGANIZATION,GO:BP,1.44383924033324,0.149867745766081,10,1,0.627570518653321,1,10,FALSE,FALSE
GOBP_MITOTIC_RECOMBINATION,GO:BP,1.49060461540921,0.112207905414826,26,0.99198586966751,0.965493105620494,4,26,FALSE,FALSE
GOBP_MITOTIC_SISTER_CHROMATID_COHESION,GO:BP,1.76624992303375,0.0216530274914362,31,0.8068601672033,1.21465261674836,6,31,TRUE,FALSE
GOBP_MITOTIC_SISTER_CHROMATID_SEGREGATION,GO:BP,2.85321948196071,7.19963237434291e-24,197,0.00290082121530356,1.68838768977797,53,197,TRUE,TRUE
GOBP_MITOTIC_SISTER_CHROMATID_SEPARATION,GO:BP,2.7226189450874,2.31531258676627e-12,70,0.00247639472143327,2.24132328090472,25,70,TRUE,TRUE
GOBP_MITOTIC_SPINDLE_ASSEMBLY,GO:BP,2.30787779657811,3.41108671189632e-07,75,0.257342377811975,1.50616924476797,18,75,TRUE,FALSE
GOBP_MITOTIC_SPINDLE_ELONGATION,GO:BP,2.21480129890063,7.72715761665851e-05,12,0.0231134546169715,3.66082802547771,7,12,TRUE,TRUE
GOBP_MITOTIC_SPINDLE_ORGANIZATION,GO:BP,2.4717399488866,7.23320162200626e-12,132,0.180728032559177,1.426296633303,30,132,TRUE,FALSE
GOBP_MITRAL_VALVE_DEVELOPMENT,GO:BP,-1.32728057202666,0.250994887738103,13,,,,,FALSE,FALSE
GOBP_MODIFICATION_OF_POSTSYNAPTIC_ACTIN_CYTOSKELETON,GO:BP,-1.15099235843064,0.403311875034288,17,1,0.369159128619601,1,17,FALSE,FALSE
GOBP_MODIFICATION_OF_POSTSYNAPTIC_STRUCTURE,GO:BP,-1.50847333485655,0.078915006805918,29,1,0.649210881365505,3,29,FALSE,FALSE
GOBP_MODIFICATION_OF_SYNAPTIC_STRUCTURE,GO:BP,-1.40118568183337,0.123589288590149,36,1,0.522975432211101,3,36,FALSE,FALSE
GOBP_MODIFIED_AMINO_ACID_BIOSYNTHETIC_PROCESS,GO:BP,1.41086955278058,0.144591697781886,46,0.588991216311528,1.36428373620287,10,46,FALSE,FALSE
GOBP_MODIFIED_AMINO_ACID_CATABOLIC_PROCESS,GO:BP,-0.963825811940019,0.615640808012222,30,0.0641331716346204,2.30109190172884,11,30,FALSE,FALSE
GOBP_MODIFIED_AMINO_ACID_METABOLIC_PROCESS,GO:BP,1.66314094711892,0.00313709081218971,179,0.00107049492788727,1.7880500810793,51,179,TRUE,TRUE
GOBP_MODIFIED_AMINO_ACID_TRANSPORT,GO:BP,1.11710203227303,0.425089981665249,35,0.579919469899798,1.43444689977902,8,35,FALSE,FALSE
GOBP_MODULATION_BY_SYMBIONT_OF_ENTRY_INTO_HOST,GO:BP,1.92780190190068,0.0068984036863047,24,0.77384671492533,1.30743858052775,5,24,TRUE,FALSE
GOBP_MODULATION_OF_EXCITATORY_POSTSYNAPTIC_POTENTIAL,GO:BP,-1.78157315745237,0.00670029281223587,48,0.333939623817606,1.5689262966333,12,48,FALSE,FALSE
GOBP_MODULATION_OF_PROCESS_OF_ANOTHER_ORGANISM,GO:BP,1.84981863670351,0.000926583851688354,106,0.762207358717267,1.12489055230312,19,106,TRUE,FALSE
GOBP_MOLTING_CYCLE,GO:BP,1.18305354099145,0.288848404520046,120,1.1615452543916e-05,2.24879435850773,43,120,FALSE,TRUE
GOBP_MOLTING_CYCLE_PROCESS,GO:BP,1.13798785702322,0.348971049877921,99,0.027973375332501,1.77494692144374,28,99,FALSE,TRUE
GOBP_MONOACYLGLYCEROL_METABOLIC_PROCESS,GO:BP,-1.68281690627894,0.0643917006246891,13,0.250411825363178,2.41373276405124,5,13,FALSE,FALSE
GOBP_MONOAMINE_TRANSPORT,GO:BP,-1.40994594703631,0.0944147303912175,50,0.544976826914864,1.38065514103731,11,50,FALSE,FALSE
GOBP_MONOATOMIC_ANION_HOMEOSTASIS,GO:BP,-0.671977875136295,0.948605072189949,17,0.937040972683617,1.1074773858588,3,17,FALSE,FALSE
GOBP_MONOATOMIC_ANION_TRANSPORT,GO:BP,0.991186169874757,0.574832240914338,134,0.0334883605303751,1.63917672782584,35,134,FALSE,TRUE
GOBP_MONOCARBOXYLIC_ACID_BIOSYNTHETIC_PROCESS,GO:BP,-1.28929592184843,0.072962770378206,203,0.0626293965258465,1.45299578210375,47,203,FALSE,FALSE
GOBP_MONOCARBOXYLIC_ACID_CATABOLIC_PROCESS,GO:BP,-1.16354600460987,0.267080829961445,113,1,0.72198378252152,13,113,FALSE,FALSE
GOBP_MONOCARBOXYLIC_ACID_TRANSPORT,GO:BP,1.2870484725666,0.172585328257158,135,0.216718817007343,1.39460115256294,30,135,FALSE,FALSE
GOBP_MONOCYTE_ACTIVATION,GO:BP,1.41136009172329,0.178125246906752,11,0.655369444735246,1.7115559599636,3,11,FALSE,FALSE
GOBP_MONOCYTE_CHEMOTACTIC_PROTEIN_1_PRODUCTION,GO:BP,1.75367013961009,0.0287492726683481,19,0.164778477597013,2.31210191082803,7,19,TRUE,FALSE
GOBP_MONOCYTE_CHEMOTAXIS,GO:BP,1.39549382646325,0.118050505050505,46,0.426982662077329,1.50071210982316,11,46,FALSE,FALSE
GOBP_MONOCYTE_DIFFERENTIATION,GO:BP,0.890714439202598,0.71406972522643,38,0.65691649481654,1.32120109190173,8,38,FALSE,FALSE
GOBP_MONONUCLEAR_CELL_MIGRATION,GO:BP,1.64461292689899,0.00224787513886224,212,0.174986401862336,1.33210723299054,45,212,TRUE,FALSE
GOBP_MONOSACCHARIDE_BIOSYNTHETIC_PROCESS,GO:BP,0.981050775448268,0.601128663940291,89,1,0.846162497060658,12,89,FALSE,FALSE
GOBP_MONOSACCHARIDE_CATABOLIC_PROCESS,GO:BP,2.13279795284455,0.000114113598869353,53,0.610175830929717,1.3025048500352,11,53,TRUE,FALSE
GOBP_MONOSACCHARIDE_METABOLIC_PROCESS,GO:BP,1.34781595596039,0.0702578627712286,246,0.777355997263282,1.07146186111543,42,246,FALSE,FALSE
GOBP_MONOSACCHARIDE_TRANSMEMBRANE_TRANSPORT,GO:BP,-1.16551373416068,0.259051026255905,103,0.594213709778933,1.21858353136567,20,103,FALSE,FALSE
GOBP_MORPHOGENESIS_OF_AN_ENDOTHELIUM,GO:BP,0.761733717597087,0.85449369380093,17,0.937040972683617,1.1074773858588,3,17,FALSE,FALSE
GOBP_MORPHOGENESIS_OF_AN_EPITHELIAL_BUD,GO:BP,-1.19829948458504,0.35027158376215,12,0.430749153033336,2.0919017288444,4,12,FALSE,FALSE
GOBP_MORPHOGENESIS_OF_AN_EPITHELIAL_FOLD,GO:BP,-1.09615204930477,0.439376494439756,21,0.113957689073467,2.39074483296503,8,21,FALSE,FALSE
GOBP_MORPHOGENESIS_OF_AN_EPITHELIAL_SHEET,GO:BP,1.09489560549965,0.424393623152055,59,1,0.638207307105073,6,59,FALSE,FALSE
GOBP_MORPHOGENESIS_OF_AN_EPITHELIUM,GO:BP,-1.3415581737616,0.00509295142446047,476,0.0348968295724342,1.31842545935572,100,476,FALSE,TRUE
GOBP_MORPHOGENESIS_OF_A_BRANCHING_STRUCTURE,GO:BP,-1.40990734832726,0.030184575375363,182,0.258146887647247,1.31031207191353,38,182,FALSE,FALSE
GOBP_MORPHOGENESIS_OF_A_POLARIZED_EPITHELIUM,GO:BP,0.736425066507743,0.921343995510662,51,1,0.738318257239201,6,51,FALSE,FALSE
GOBP_MORPHOGENESIS_OF_EMBRYONIC_EPITHELIUM,GO:BP,-1.42687827317699,0.0480972966865556,141,0.831189429132839,1.06820513813331,24,141,FALSE,FALSE
GOBP_MOTILE_CILIUM_ASSEMBLY,GO:BP,-0.976925763068667,0.596145521413571,69,1,0.545713494481149,6,69,FALSE,FALSE
GOBP_MOTOR_BEHAVIOR,GO:BP,-1.48176010294657,0.145791618376914,28,1,0.896529312361887,4,28,FALSE,FALSE
GOBP_MOTOR_NEURON_APOPTOTIC_PROCESS,GO:BP,0.991118566285633,0.580160111544688,13,1,0.482746552810247,1,13,FALSE,FALSE
GOBP_MOTOR_NEURON_AXON_GUIDANCE,GO:BP,-1.21210028513945,0.320935339267122,21,1,0.597686208241258,2,21,FALSE,FALSE
GOBP_MRNA_3_END_PROCESSING,GO:BP,1.67559435620761,0.0321406084809129,43,1,0.291893264489917,2,43,TRUE,FALSE
GOBP_MRNA_CATABOLIC_PROCESS,GO:BP,1.81286085634607,3.47463980831622e-05,263,1,0.238619969069704,10,263,TRUE,FALSE
GOBP_MRNA_CIS_SPLICING_VIA_SPLICEOSOME,GO:BP,0.947677185724577,0.645392004240786,31,1,0.202442102791394,1,31,FALSE,FALSE
GOBP_MRNA_EXPORT_FROM_NUCLEUS,GO:BP,1.86051691268713,0.00232490683359272,70,1,0.179305862472378,2,70,TRUE,FALSE
GOBP_MRNA_METHYLGUANOSINE_CAP_DECAPPING,GO:BP,1.48728428631756,0.120039188472058,25,1,0.251028207461328,1,25,FALSE,FALSE
GOBP_MRNA_MODIFICATION,GO:BP,1.9291885069449,0.00670029281223587,26,1,0.241373276405124,1,26,TRUE,FALSE
GOBP_MRNA_PROCESSING,GO:BP,1.82858232082708,4.22211051306465e-08,465,1,0.202442102791394,15,465,TRUE,FALSE
GOBP_MRNA_PSEUDOURIDINE_SYNTHESIS,GO:BP,1.7268009706825,0.0472619176407337,10,,,,,TRUE,FALSE
GOBP_MRNA_SPLICE_SITE_RECOGNITION,GO:BP,0.682418233187049,0.948605072189949,31,1,0.202442102791394,1,31,FALSE,FALSE
GOBP_MRNA_TRANSCRIPTION,GO:BP,1.02921608334049,0.544318895166353,51,1,0.615265214366001,5,51,FALSE,FALSE
GOBP_MRNA_TRANSPORT,GO:BP,1.95672750627281,7.2898125550713e-05,126,1,0.249035920100524,5,126,TRUE,FALSE
GOBP_MUCOSA_ASSOCIATED_LYMPHOID_TISSUE_DEVELOPMENT,GO:BP,-1.14520126195361,0.424280470606012,10,0.906741278758732,1.25514103730664,2,10,FALSE,FALSE
GOBP_MUCUS_SECRETION,GO:BP,0.811242674630284,0.776495345490477,15,1,0.836760691537762,2,15,FALSE,FALSE
GOBP_MULTICELLULAR_ORGANISMAL_LEVEL_CHEMICAL_HOMEOSTASIS,GO:BP,-1.05839461232757,0.454627675610491,79,0.812754648785268,1.11215028622108,14,79,FALSE,FALSE
GOBP_MULTICELLULAR_ORGANISMAL_LEVEL_IRON_ION_HOMEOSTASIS,GO:BP,-1.17936666211317,0.370177346747636,25,0.801635301593806,1.25514103730664,5,25,FALSE,FALSE
GOBP_MULTICELLULAR_ORGANISMAL_LEVEL_WATER_HOMEOSTASIS,GO:BP,-1.45308109229889,0.0875432319490595,37,0.950154516639891,1.01768192214052,6,37,FALSE,FALSE
GOBP_MULTICELLULAR_ORGANISMAL_MOVEMENT,GO:BP,-1.87487965667873,0.00243885357911462,56,0.00875227507304461,2.24132328090472,20,56,FALSE,TRUE
GOBP_MULTICELLULAR_ORGANISMAL_RESPONSE_TO_STRESS,GO:BP,-1.33817802170279,0.147537073572864,82,0.138214156280246,1.60719279167314,21,82,FALSE,FALSE
GOBP_MULTICELLULAR_ORGANISM_GROWTH,GO:BP,-1.30380547165516,0.0850433630267306,154,1,0.815026647601716,20,154,FALSE,FALSE
GOBP_MULTIVESICULAR_BODY_LYSOSOME_FUSION,GO:BP,0.751195412841249,0.85110846179821,12,1,0.522975432211101,1,12,FALSE,FALSE
GOBP_MULTIVESICULAR_BODY_ORGANIZATION,GO:BP,1.23661468693111,0.286848430900429,33,1,0.1901728844404,1,33,FALSE,FALSE
GOBP_MULTIVESICULAR_BODY_SORTING_PATHWAY,GO:BP,1.1507724004664,0.359133126934985,50,1,0.251028207461328,2,50,FALSE,FALSE
GOBP_MULTI_CILIATED_EPITHELIAL_CELL_DIFFERENTIATION,GO:BP,1.04835903195227,0.530073639379214,10,,,,,FALSE,FALSE
GOBP_MULTI_MULTICELLULAR_ORGANISM_PROCESS,GO:BP,-1.04290701194136,0.452482269503546,176,0.111441516833357,1.426296633303,40,176,FALSE,FALSE
GOBP_MUSCLE_ADAPTATION,GO:BP,-1.50205040067765,0.0215793174421302,96,0.185777112684281,1.50355436760692,23,96,FALSE,FALSE
GOBP_MUSCLE_CELL_APOPTOTIC_PROCESS,GO:BP,1.11288717766857,0.396750779745655,70,0.752302801814948,1.16548810607045,13,70,FALSE,FALSE
GOBP_MUSCLE_CELL_CELLULAR_HOMEOSTASIS,GO:BP,-1.34632842939328,0.20450137788026,19,0.556679392684558,1.65150136487716,5,19,FALSE,FALSE
GOBP_MUSCLE_CELL_DEVELOPMENT,GO:BP,-2.25658479867581,4.02103248382355e-09,165,0.0553767058292946,1.5213830755232,40,165,FALSE,FALSE
GOBP_MUSCLE_CELL_DIFFERENTIATION,GO:BP,-1.99659830425346,1.30134636996767e-11,405,0.499747367215725,1.13117649041216,73,405,FALSE,FALSE
GOBP_MUSCLE_CELL_MIGRATION,GO:BP,-1.35063770772753,0.111467358842072,77,0.978587630542299,0.978031977122059,12,77,FALSE,FALSE
GOBP_MUSCLE_CELL_PROLIFERATION,GO:BP,-1.2602436682079,0.145759905881972,175,0.00975936664011243,1.64961393474587,46,175,FALSE,TRUE
GOBP_MUSCLE_CONTRACTION,GO:BP,-2.08950592217151,3.92777070662753e-12,354,6.68704469564583e-06,1.70188615228019,96,354,FALSE,TRUE
GOBP_MUSCLE_HYPERTROPHY,GO:BP,-1.1367040713269,0.318462594371997,79,0.579919469899798,1.27102889853837,16,79,FALSE,FALSE
GOBP_MUSCLE_HYPERTROPHY_IN_RESPONSE_TO_STRESS,GO:BP,-1.09220932252877,0.4494055523936,22,0.906741278758732,1.1410373066424,4,22,FALSE,FALSE
GOBP_MUSCLE_ORGAN_DEVELOPMENT,GO:BP,-2.05700581975928,6.69125539325874e-11,302,0.399114075245348,1.18448740275627,57,302,FALSE,FALSE
GOBP_MUSCLE_ORGAN_MORPHOGENESIS,GO:BP,-2.10583628891056,0.000107868399765216,64,0.752228918772309,1.17669472247498,12,64,FALSE,FALSE
GOBP_MUSCLE_SYSTEM_PROCESS,GO:BP,-1.9868962412749,1.0621605099877e-11,443,1.41849158295858e-06,1.65746615535979,117,443,FALSE,TRUE
GOBP_MUSCLE_TISSUE_DEVELOPMENT,GO:BP,-1.96891118156509,1.0969318638704e-09,364,0.278910601158087,1.20686638202562,70,364,FALSE,FALSE
GOBP_MYD88_DEPENDENT_TOLL_LIKE_RECEPTOR_SIGNALING_PATHWAY,GO:BP,1.93856027301317,0.00513728666925296,20,0.594213709778933,1.5689262966333,5,20,TRUE,FALSE
GOBP_MYD88_INDEPENDENT_TOLL_LIKE_RECEPTOR_SIGNALING_PATHWAY,GO:BP,1.32849348654288,0.234332584708525,16,0.655369444735246,1.5689262966333,4,16,FALSE,FALSE
GOBP_MYELIN_ASSEMBLY,GO:BP,-1.5582456348944,0.0737482942251793,20,1,0.627570518653321,2,20,FALSE,FALSE
GOBP_MYELIN_MAINTENANCE,GO:BP,-1.02842239833829,0.523129501262842,16,0.906741278758732,1.17669472247498,3,16,FALSE,FALSE
GOBP_MYELOID_CELL_ACTIVATION_INVOLVED_IN_IMMUNE_RESPONSE,GO:BP,1.83254101275527,0.00167877687846165,99,0.738085904318976,1.1410373066424,18,99,TRUE,FALSE
GOBP_MYELOID_CELL_APOPTOTIC_PROCESS,GO:BP,1.60429146524524,0.0525156760130815,31,0.430749153033336,1.61953682233115,8,31,FALSE,FALSE
GOBP_MYELOID_CELL_DEVELOPMENT,GO:BP,1.15114361887145,0.323282117131775,84,1,0.597686208241258,8,84,FALSE,FALSE
GOBP_MYELOID_CELL_DIFFERENTIATION,GO:BP,1.52900923190856,0.00119075539027702,415,0.906741278758732,1.01318613854874,67,415,TRUE,FALSE
GOBP_MYELOID_CELL_HOMEOSTASIS,GO:BP,1.58031362556557,0.0100371357387062,173,1,0.906893813082834,25,173,TRUE,FALSE
GOBP_MYELOID_DENDRITIC_CELL_ACTIVATION,GO:BP,1.74875711579631,0.0297564351672861,28,0.322029029932338,1.79305862472377,8,28,TRUE,FALSE
GOBP_MYELOID_DENDRITIC_CELL_DIFFERENTIATION,GO:BP,1.3113059232574,0.228040158784601,18,0.752302801814948,1.39460115256294,4,18,FALSE,FALSE
GOBP_MYELOID_LEUKOCYTE_ACTIVATION,GO:BP,2.06382252106055,1.679738517803e-08,236,0.0115030237033943,1.54233432550393,58,236,TRUE,TRUE
GOBP_MYELOID_LEUKOCYTE_CYTOKINE_PRODUCTION,GO:BP,1.52790382556722,0.0965434856556038,29,0.918519119712341,1.08201813560917,5,29,FALSE,FALSE
GOBP_MYELOID_LEUKOCYTE_DIFFERENTIATION,GO:BP,1.51074840513358,0.0180403878648631,229,0.426982662077329,1.20581235025092,44,229,TRUE,FALSE
GOBP_MYELOID_LEUKOCYTE_MEDIATED_IMMUNITY,GO:BP,1.7047063394825,0.00674714464115484,110,0.825631269028654,1.08398544131028,19,110,TRUE,FALSE
GOBP_MYELOID_LEUKOCYTE_MIGRATION,GO:BP,1.54713190481646,0.00932634151917115,203,0.0862327966023495,1.4220809782292,46,203,TRUE,FALSE
GOBP_MYOBLAST_DIFFERENTIATION,GO:BP,-1.09798202368905,0.362096840748411,94,1,0.934679495866649,14,94,FALSE,FALSE
GOBP_MYOBLAST_FUSION,GO:BP,-1.22760071645455,0.23191766236839,81,1,0.77477841809052,10,81,FALSE,FALSE
GOBP_MYOBLAST_MIGRATION,GO:BP,-0.960851292597939,0.596145521413571,13,1,0.965493105620494,2,13,FALSE,FALSE
GOBP_MYOBLAST_PROLIFERATION,GO:BP,-1.03826336750954,0.534942304566878,19,0.556679392684558,1.65150136487716,5,19,FALSE,FALSE
GOBP_MYOFIBRIL_ASSEMBLY,GO:BP,-2.34552113376537,1.24742875139913e-06,60,0.0350954446155792,1.98730664240218,19,60,FALSE,TRUE
GOBP_MYOFIBROBLAST_DIFFERENTIATION,GO:BP,-0.815064090805421,0.773892235934311,10,,,,,FALSE,FALSE
GOBP_MYOTUBE_CELL_DEVELOPMENT,GO:BP,-1.44691648581865,0.124601813691906,31,1,0.607326308374182,3,31,FALSE,FALSE
GOBP_MYOTUBE_DIFFERENTIATION,GO:BP,-1.42702811241936,0.0473111254167645,150,1,0.753084622383986,18,150,FALSE,FALSE
GOBP_NADH_DEHYDROGENASE_COMPLEX_ASSEMBLY,GO:BP,1.36195748687099,0.172140450239828,38,,,,,FALSE,FALSE
GOBP_NADPH_REGENERATION,GO:BP,1.28277647951683,0.237419247805962,23,1,0.545713494481149,2,23,FALSE,FALSE
GOBP_NADPLUS_BIOSYNTHETIC_PROCESS,GO:BP,1.27489283609851,0.268028467351232,14,0.825631269028654,1.34479396854283,3,14,FALSE,FALSE
GOBP_NADPLUS_METABOLIC_PROCESS,GO:BP,1.47411147975393,0.0875432319490595,38,0.831189429132839,1.15605095541401,7,38,FALSE,FALSE
GOBP_NADPPLUS_METABOLIC_PROCESS,GO:BP,1.51210396855307,0.0826688214637877,39,1,0.643662070413663,4,39,FALSE,FALSE
GOBP_NAIL_DEVELOPMENT,GO:BP,0.974360580080485,0.590771400653105,11,,,,,FALSE,FALSE
GOBP_NATURAL_KILLER_CELL_ACTIVATION,GO:BP,2.10426321308209,2.35145430942686e-05,86,0.0843874707814046,1.67838627081702,23,86,TRUE,FALSE
GOBP_NATURAL_KILLER_CELL_ACTIVATION_INVOLVED_IN_IMMUNE_RESPONSE,GO:BP,1.40283022138857,0.178113742396504,14,0.55559567973604,1.79305862472377,4,14,FALSE,FALSE
GOBP_NATURAL_KILLER_CELL_DEGRANULATION,GO:BP,1.18919750693736,0.353059079775919,12,0.719442465053918,1.5689262966333,3,12,FALSE,FALSE
GOBP_NATURAL_KILLER_CELL_DIFFERENTIATION,GO:BP,1.32080340863194,0.203007064833166,25,0.594213709778933,1.50616924476797,6,25,FALSE,FALSE
GOBP_NATURAL_KILLER_CELL_MEDIATED_IMMUNE_RESPONSE_TO_TUMOR_CELL,GO:BP,1.65396699188851,0.0759969620487556,10,0.594213709778933,1.88271155595996,3,10,FALSE,FALSE
GOBP_NATURAL_KILLER_CELL_MEDIATED_IMMUNITY,GO:BP,2.20837664978495,2.93881326809076e-06,84,0.0128339622991919,1.94248017678409,26,84,TRUE,TRUE
GOBP_NATURAL_KILLER_CELL_PROLIFERATION,GO:BP,1.89764454825693,0.0168868779040079,15,0.0223852755813793,3.34704276615105,8,15,TRUE,TRUE
GOBP_NECROPTOTIC_PROCESS,GO:BP,1.88999785560292,0.00331946466190043,42,0.788143430599997,1.19537241648252,8,42,TRUE,FALSE
GOBP_NEGATIVE_ADAPTATION_OF_SIGNALING_PATHWAY,GO:BP,0.808972123888629,0.778107186309512,15,1,0.418380345768881,1,15,FALSE,FALSE
GOBP_NEGATIVE_CHEMOTAXIS,GO:BP,-1.46329762965473,0.11832175951717,45,0.55559567973604,1.39460115256294,10,45,FALSE,FALSE
GOBP_NEGATIVE_REGULATION_OF_ACTIN_FILAMENT_BUNDLE_ASSEMBLY,GO:BP,-1.59212432122456,0.0500203668502054,31,0.8068601672033,1.21465261674836,6,31,FALSE,FALSE
GOBP_NEGATIVE_REGULATION_OF_ACTIN_FILAMENT_DEPOLYMERIZATION,GO:BP,-1.76864487672467,0.0164890611395257,42,1,0.747107760301573,5,42,FALSE,FALSE
GOBP_NEGATIVE_REGULATION_OF_ACTIN_FILAMENT_POLYMERIZATION,GO:BP,-1.9459606412207,0.000977013492127473,53,1,0.947276254571051,8,53,FALSE,FALSE
GOBP_NEGATIVE_REGULATION_OF_ACTIVATED_T_CELL_PROLIFERATION,GO:BP,1.88237633674484,0.0191715633900434,15,0.594213709778933,1.67352138307552,4,15,TRUE,FALSE
GOBP_NEGATIVE_REGULATION_OF_ACTIVIN_RECEPTOR_SIGNALING_PATHWAY,GO:BP,-0.983788446855549,0.588773239839741,17,1,0.369159128619601,1,17,FALSE,FALSE
GOBP_NEGATIVE_REGULATION_OF_ADAPTIVE_IMMUNE_RESPONSE,GO:BP,2.04892328994794,0.000264812523002985,65,0.111441516833357,1.73788759011689,18,65,TRUE,FALSE
GOBP_NEGATIVE_REGULATION_OF_ADENYLATE_CYCLASE_ACTIVATING_G_PROTEIN_COUPLED_RECEPTOR_SIGNALING_PATHWAY,GO:BP,-1.41605409670002,0.174943436429136,14,1,0.448264656180944,1,14,FALSE,FALSE
GOBP_NEGATIVE_REGULATION_OF_ALCOHOL_BIOSYNTHETIC_PROCESS,GO:BP,-1.1417053533432,0.425616742035722,10,0.303676489292972,2.51028207461329,4,10,FALSE,FALSE
GOBP_NEGATIVE_REGULATION_OF_ALPHA_BETA_T_CELL_ACTIVATION,GO:BP,1.65388615732504,0.034933162728162,42,0.788143430599997,1.19537241648252,8,42,TRUE,FALSE
GOBP_NEGATIVE_REGULATION_OF_ALPHA_BETA_T_CELL_DIFFERENTIATION,GO:BP,1.51958592492819,0.122597521489807,25,0.978587630542299,1.00411282984531,4,25,FALSE,FALSE
GOBP_NEGATIVE_REGULATION_OF_ALPHA_BETA_T_CELL_PROLIFERATION,GO:BP,1.83628244779822,0.0221473189637727,13,0.777355997263282,1.44823965843074,3,13,TRUE,FALSE
GOBP_NEGATIVE_REGULATION_OF_AMIDE_METABOLIC_PROCESS,GO:BP,-1.36800028186242,0.165140906458994,25,1,0.251028207461328,1,25,FALSE,FALSE
GOBP_NEGATIVE_REGULATION_OF_AMINE_TRANSPORT,GO:BP,-1.66780188345177,0.0350581293748934,19,0.556679392684558,1.65150136487716,5,19,FALSE,FALSE
GOBP_NEGATIVE_REGULATION_OF_AMINO_ACID_TRANSPORT,GO:BP,-1.32868546514122,0.250994887738103,11,0.944829045454405,1.1410373066424,2,11,FALSE,FALSE
GOBP_NEGATIVE_REGULATION_OF_AMYLOID_FIBRIL_FORMATION,GO:BP,-0.838197209353668,0.736569744554339,12,0.430749153033336,2.0919017288444,4,12,FALSE,FALSE
GOBP_NEGATIVE_REGULATION_OF_AMYLOID_PRECURSOR_PROTEIN_CATABOLIC_PROCESS,GO:BP,-1.62105974797597,0.0495774839043513,19,1,0.330300272975432,1,19,FALSE,FALSE
GOBP_NEGATIVE_REGULATION_OF_ANDROGEN_RECEPTOR_SIGNALING_PATHWAY,GO:BP,0.611335002997011,0.955991521568703,15,,,,,FALSE,FALSE
GOBP_NEGATIVE_REGULATION_OF_ANOIKIS,GO:BP,-1.31887382717181,0.234096778926036,18,,,,,FALSE,FALSE
GOBP_NEGATIVE_REGULATION_OF_ANTIGEN_RECEPTOR_MEDIATED_SIGNALING_PATHWAY,GO:BP,2.2312513821868,3.7189251898037e-05,49,0.150186238435891,1.79305862472377,14,49,TRUE,FALSE
GOBP_NEGATIVE_REGULATION_OF_APOPTOTIC_SIGNALING_PATHWAY,GO:BP,1.49115283407404,0.0222720512188476,206,1,0.67022094225112,22,206,TRUE,FALSE
GOBP_NEGATIVE_REGULATION_OF_ASTROCYTE_DIFFERENTIATION,GO:BP,-1.18684778564714,0.392227549417063,10,0.117262721583506,3.13785259326661,5,10,FALSE,FALSE
GOBP_NEGATIVE_REGULATION_OF_ATP_DEPENDENT_ACTIVITY,GO:BP,-1.12113511655234,0.423636189012678,14,0.303676489292972,2.24132328090472,5,14,FALSE,FALSE
GOBP_NEGATIVE_REGULATION_OF_AUTOPHAGOSOME_ASSEMBLY,GO:BP,-0.809577915761217,0.800187760849822,13,,,,,FALSE,FALSE
GOBP_NEGATIVE_REGULATION_OF_AUTOPHAGY,GO:BP,1.20305859541733,0.262913853222778,93,1,0.674807009304646,10,93,FALSE,FALSE
GOBP_NEGATIVE_REGULATION_OF_AUTOPHAGY_OF_MITOCHONDRION,GO:BP,0.623798167555003,0.961887688297703,11,1,0.570518653321201,1,11,FALSE,FALSE
GOBP_NEGATIVE_REGULATION_OF_AXONOGENESIS,GO:BP,-1.31367051074301,0.157424275101295,47,0.906741278758732,1.06820513813331,8,47,FALSE,FALSE
GOBP_NEGATIVE_REGULATION_OF_AXON_EXTENSION,GO:BP,-1.10205565325846,0.450431761695379,29,1,0.649210881365505,3,29,FALSE,FALSE
GOBP_NEGATIVE_REGULATION_OF_BINDING,GO:BP,1.16146439041008,0.344323307155001,39,1,0.643662070413663,4,39,FALSE,FALSE
GOBP_NEGATIVE_REGULATION_OF_BIOMINERAL_TISSUE_DEVELOPMENT,GO:BP,-0.91987772935332,0.669157884589128,25,0.594213709778933,1.50616924476797,6,25,FALSE,FALSE
GOBP_NEGATIVE_REGULATION_OF_BLOOD_CIRCULATION,GO:BP,-1.03310031876627,0.525760843082137,20,0.594213709778933,1.5689262966333,5,20,FALSE,FALSE
GOBP_NEGATIVE_REGULATION_OF_BLOOD_PRESSURE,GO:BP,0.866793031390797,0.750414461976487,34,0.364288399923891,1.6612160787882,9,34,FALSE,FALSE
GOBP_NEGATIVE_REGULATION_OF_BLOOD_VESSEL_ENDOTHELIAL_CELL_MIGRATION,GO:BP,-1.61202057308559,0.0401820927064696,36,1,0.522975432211101,3,36,FALSE,FALSE
GOBP_NEGATIVE_REGULATION_OF_BMP_SIGNALING_PATHWAY,GO:BP,-1.45107253911831,0.0730204963443521,50,0.678923552532195,1.25514103730664,10,50,FALSE,FALSE
GOBP_NEGATIVE_REGULATION_OF_BONE_MINERALIZATION,GO:BP,0.870331640794898,0.709261354359589,15,0.355067484635544,2.0919017288444,5,15,FALSE,FALSE
GOBP_NEGATIVE_REGULATION_OF_BONE_REMODELING,GO:BP,1.25348370692263,0.292114791071456,13,0.777355997263282,1.44823965843074,3,13,FALSE,FALSE
GOBP_NEGATIVE_REGULATION_OF_B_CELL_ACTIVATION,GO:BP,1.74481318339985,0.0241666639612614,32,0.470180903258393,1.5689262966333,8,32,TRUE,FALSE
GOBP_NEGATIVE_REGULATION_OF_B_CELL_APOPTOTIC_PROCESS,GO:BP,0.972580254873113,0.609436634595072,12,0.978587630542299,1.0459508644222,2,12,FALSE,FALSE
GOBP_NEGATIVE_REGULATION_OF_B_CELL_MEDIATED_IMMUNITY,GO:BP,0.991253057054557,0.586693735555523,10,1,0.627570518653321,1,10,FALSE,FALSE
GOBP_NEGATIVE_REGULATION_OF_B_CELL_PROLIFERATION,GO:BP,1.66668553360829,0.0734273532970292,16,0.408568153127978,1.96115787079163,5,16,FALSE,FALSE
GOBP_NEGATIVE_REGULATION_OF_B_CELL_RECEPTOR_SIGNALING_PATHWAY,GO:BP,1.64730956620753,0.0657721572856849,11,0.655369444735246,1.7115559599636,3,11,FALSE,FALSE
GOBP_NEGATIVE_REGULATION_OF_CALCINEURIN_MEDIATED_SIGNALING,GO:BP,0.682264413513463,0.923686359733724,13,,,,,FALSE,FALSE
GOBP_NEGATIVE_REGULATION_OF_CALCIUM_ION_TRANSMEMBRANE_TRANSPORT,GO:BP,0.887236184962167,0.728608733892969,32,1,0.784463148316652,4,32,FALSE,FALSE
GOBP_NEGATIVE_REGULATION_OF_CALCIUM_ION_TRANSMEMBRANE_TRANSPORTER_ACTIVITY,GO:BP,-0.964636137510314,0.611523267796884,12,0.719442465053918,1.5689262966333,3,12,FALSE,FALSE
GOBP_NEGATIVE_REGULATION_OF_CALCIUM_ION_TRANSPORT,GO:BP,-1.02388491801731,0.535558178162427,42,1,0.896529312361887,6,42,FALSE,FALSE
GOBP_NEGATIVE_REGULATION_OF_CALCIUM_MEDIATED_SIGNALING,GO:BP,0.908617329911229,0.674455342219113,20,1,0.627570518653321,2,20,FALSE,FALSE
GOBP_NEGATIVE_REGULATION_OF_CAMP_PKA_SIGNAL_TRANSDUCTION,GO:BP,-1.36360370296559,0.160932181959919,27,1,0.464867050854312,2,27,FALSE,FALSE
GOBP_NEGATIVE_REGULATION_OF_CANONICAL_NF_KAPPAB_SIGNAL_TRANSDUCTION,GO:BP,1.68846910077743,0.0230759688048084,81,0.729611641695668,1.16216762713578,15,81,TRUE,FALSE
GOBP_NEGATIVE_REGULATION_OF_CANONICAL_WNT_SIGNALING_PATHWAY,GO:BP,-1.6456973878092,0.00369714391993878,129,0.360971312864223,1.31351969020463,27,129,FALSE,FALSE
GOBP_NEGATIVE_REGULATION_OF_CARBOHYDRATE_METABOLIC_PROCESS,GO:BP,1.01962813199347,0.538024293436057,47,0.906741278758732,1.06820513813331,8,47,FALSE,FALSE
GOBP_NEGATIVE_REGULATION_OF_CARDIAC_MUSCLE_TISSUE_GROWTH,GO:BP,-1.07909765672472,0.48659163927424,18,1,0.697300576281468,2,18,FALSE,FALSE
GOBP_NEGATIVE_REGULATION_OF_CARDIOCYTE_DIFFERENTIATION,GO:BP,-1.66738858236389,0.0875455579717771,11,1,0.570518653321201,1,11,FALSE,FALSE
GOBP_NEGATIVE_REGULATION_OF_CARTILAGE_DEVELOPMENT,GO:BP,-1.88503878344438,0.0113326670686195,25,0.978587630542299,1.00411282984531,4,25,FALSE,FALSE
GOBP_NEGATIVE_REGULATION_OF_CATABOLIC_PROCESS,GO:BP,1.33243307976306,0.052396647580019,345,1,0.618475293745302,34,345,FALSE,FALSE
GOBP_NEGATIVE_REGULATION_OF_CATALYTIC_ACTIVITY,GO:BP,1.5387160574307,0.020216068279981,136,1,0.738318257239201,16,136,TRUE,FALSE
GOBP_NEGATIVE_REGULATION_OF_CD4_POSITIVE_ALPHA_BETA_T_CELL_ACTIVATION,GO:BP,1.81632268423136,0.0171834710818662,30,0.594213709778933,1.46433121019108,7,30,TRUE,FALSE
GOBP_NEGATIVE_REGULATION_OF_CD4_POSITIVE_ALPHA_BETA_T_CELL_DIFFERENTIATION,GO:BP,1.4894555631714,0.104252508438641,22,0.906741278758732,1.1410373066424,4,22,FALSE,FALSE
GOBP_NEGATIVE_REGULATION_OF_CELLULAR_RESPONSE_TO_GROWTH_FACTOR_STIMULUS,GO:BP,-1.58502960618804,0.0154976469175368,93,0.620382805200111,1.21465261674836,18,93,FALSE,FALSE
GOBP_NEGATIVE_REGULATION_OF_CELLULAR_RESPONSE_TO_HYPOXIA,GO:BP,0.823437569530666,0.763421187567116,13,1,0.482746552810247,1,13,FALSE,FALSE
GOBP_NEGATIVE_REGULATION_OF_CELLULAR_RESPONSE_TO_INSULIN_STIMULUS,GO:BP,1.28830347851402,0.213314845673639,43,0.812509594366598,1.16757305795967,8,43,FALSE,FALSE
GOBP_NEGATIVE_REGULATION_OF_CELLULAR_RESPONSE_TO_VASCULAR_ENDOTHELIAL_GROWTH_FACTOR_STIMULUS,GO:BP,-1.36916893589327,0.214690476579858,13,0.777355997263282,1.44823965843074,3,13,FALSE,FALSE
GOBP_NEGATIVE_REGULATION_OF_CELLULAR_SENESCENCE,GO:BP,1.17837510205629,0.383459305894113,19,,,,,FALSE,FALSE
GOBP_NEGATIVE_REGULATION_OF_CELL_ACTIVATION,GO:BP,1.91830777105314,5.77018639704812e-06,214,0.246950246734608,1.2903319075115,44,214,TRUE,FALSE
GOBP_NEGATIVE_REGULATION_OF_CELL_ADHESION,GO:BP,1.59518015127723,0.00213657679180306,284,0.788143430599997,1.06068256673801,48,284,TRUE,FALSE
GOBP_NEGATIVE_REGULATION_OF_CELL_ADHESION_MEDIATED_BY_INTEGRIN,GO:BP,-1.09019282222635,0.451635032823525,13,1,0.965493105620494,2,13,FALSE,FALSE
GOBP_NEGATIVE_REGULATION_OF_CELL_CELL_ADHESION,GO:BP,1.93423307810525,8.34867223865537e-06,194,0.719442465053918,1.09986585743366,34,194,TRUE,FALSE
GOBP_NEGATIVE_REGULATION_OF_CELL_CYCLE,GO:BP,2.01715004437567,3.07031422295095e-10,358,0.231141125594018,1.22709319289756,70,358,TRUE,FALSE
GOBP_NEGATIVE_REGULATION_OF_CELL_CYCLE_G1_S_PHASE_TRANSITION,GO:BP,-1.41702912132712,0.102098791261264,61,0.54691317550477,1.33744536762183,13,61,FALSE,FALSE
GOBP_NEGATIVE_REGULATION_OF_CELL_CYCLE_G2_M_PHASE_TRANSITION,GO:BP,1.98720798160064,0.000445406190340955,68,0.944829045454405,1.0151876037039,11,68,TRUE,FALSE
GOBP_NEGATIVE_REGULATION_OF_CELL_CYCLE_PROCESS,GO:BP,2.24800858841649,6.63059576315856e-13,291,0.095403699953036,1.33709182668405,62,291,TRUE,FALSE
GOBP_NEGATIVE_REGULATION_OF_CELL_DEVELOPMENT,GO:BP,1.40796365874342,0.0515723444222062,235,0.426982662077329,1.20173078039998,45,235,FALSE,FALSE
GOBP_NEGATIVE_REGULATION_OF_CELL_DIVISION,GO:BP,1.55745153877441,0.13238377227157,14,0.0511469267416555,3.13785259326661,7,14,FALSE,FALSE
GOBP_NEGATIVE_REGULATION_OF_CELL_FATE_COMMITMENT,GO:BP,-1.13284852534393,0.397710555110546,14,0.55559567973604,1.79305862472377,4,14,FALSE,FALSE
GOBP_NEGATIVE_REGULATION_OF_CELL_GROWTH,GO:BP,-1.38105886258453,0.0639373760122314,150,1,0.794922656960874,19,150,FALSE,FALSE
GOBP_NEGATIVE_REGULATION_OF_CELL_GROWTH_INVOLVED_IN_CARDIAC_MUSCLE_CELL_DEVELOPMENT,GO:BP,-0.685885981974258,0.906962062973469,11,,,,,FALSE,FALSE
GOBP_NEGATIVE_REGULATION_OF_CELL_JUNCTION_ASSEMBLY,GO:BP,-1.10812446621809,0.405941550822071,36,0.937040972683617,1.0459508644222,6,36,FALSE,FALSE
GOBP_NEGATIVE_REGULATION_OF_CELL_KILLING,GO:BP,1.89026981452859,0.00640107872711438,32,0.831189429132839,1.17669472247498,6,32,TRUE,FALSE
GOBP_NEGATIVE_REGULATION_OF_CELL_MATRIX_ADHESION,GO:BP,-1.28546876618399,0.209332526345253,36,1,0.871625720351835,5,36,FALSE,FALSE
GOBP_NEGATIVE_REGULATION_OF_CELL_MIGRATION_INVOLVED_IN_SPROUTING_ANGIOGENESIS,GO:BP,-1.53381217259604,0.107853781008343,18,,,,,FALSE,FALSE
GOBP_NEGATIVE_REGULATION_OF_CELL_PROJECTION_ORGANIZATION,GO:BP,-1.56375986291904,0.0061048957435497,168,1,0.709752372286494,19,168,FALSE,FALSE
GOBP_NEGATIVE_REGULATION_OF_CELL_SUBSTRATE_ADHESION,GO:BP,-1.58441112372774,0.0464308445959986,58,1,0.86561450848734,8,58,FALSE,FALSE
GOBP_NEGATIVE_REGULATION_OF_CELL_SUBSTRATE_JUNCTION_ORGANIZATION,GO:BP,-1.52239436171177,0.0878258996722945,20,1,0.313785259326661,1,20,FALSE,FALSE
GOBP_NEGATIVE_REGULATION_OF_CENTROSOME_DUPLICATION,GO:BP,1.65767613299361,0.0612151860185259,11,,,,,FALSE,FALSE
GOBP_NEGATIVE_REGULATION_OF_CGAS_STING_SIGNALING_PATHWAY,GO:BP,1.13671991358077,0.425578181226401,14,1,0.448264656180944,1,14,FALSE,FALSE
GOBP_NEGATIVE_REGULATION_OF_CHEMOKINE_PRODUCTION,GO:BP,1.6138074733274,0.0975150638558618,23,0.0790869845048119,2.45571072516517,9,23,FALSE,FALSE
GOBP_NEGATIVE_REGULATION_OF_CHEMOTAXIS,GO:BP,1.06201552987183,0.507993964085402,43,0.944829045454405,1.02162642571471,7,43,FALSE,FALSE
GOBP_NEGATIVE_REGULATION_OF_CHOLESTEROL_STORAGE,GO:BP,-0.93319578295539,0.629493997544896,10,0.303676489292972,2.51028207461329,4,10,FALSE,FALSE
GOBP_NEGATIVE_REGULATION_OF_CHONDROCYTE_DIFFERENTIATION,GO:BP,-1.7109313858835,0.0265510898316855,19,1,0.660600545950864,2,19,FALSE,FALSE
GOBP_NEGATIVE_REGULATION_OF_CHROMATIN_ORGANIZATION,GO:BP,0.932573096636799,0.654903816708889,10,,,,,FALSE,FALSE
GOBP_NEGATIVE_REGULATION_OF_CHROMOSOME_ORGANIZATION,GO:BP,2.56696563691169,9.14265372457885e-12,102,0.138214156280246,1.538163035915,25,102,TRUE,FALSE
GOBP_NEGATIVE_REGULATION_OF_CILIUM_ASSEMBLY,GO:BP,1.41865858311127,0.144194181104936,24,1,0.261487716105551,1,24,FALSE,FALSE
GOBP_NEGATIVE_REGULATION_OF_CIRCADIAN_RHYTHM,GO:BP,-1.40110185447998,0.20086484158464,10,0.906741278758732,1.25514103730664,2,10,FALSE,FALSE
GOBP_NEGATIVE_REGULATION_OF_COAGULATION,GO:BP,-0.717400597159813,0.926021564972036,40,1,0.627570518653321,4,40,FALSE,FALSE
GOBP_NEGATIVE_REGULATION_OF_COLD_INDUCED_THERMOGENESIS,GO:BP,-0.996825046732551,0.583224932805351,46,0.99390583878195,0.954998615342011,7,46,FALSE,FALSE
GOBP_NEGATIVE_REGULATION_OF_COLLAGEN_METABOLIC_PROCESS,GO:BP,1.11653521537812,0.430187727755061,12,0.719442465053918,1.5689262966333,3,12,FALSE,FALSE
GOBP_NEGATIVE_REGULATION_OF_COLLATERAL_SPROUTING,GO:BP,-1.38471887665319,0.209332526345253,10,0.594213709778933,1.88271155595996,3,10,FALSE,FALSE
GOBP_NEGATIVE_REGULATION_OF_COMPLEMENT_ACTIVATION,GO:BP,-1.07048881624233,0.48999378905578,10,,,,,FALSE,FALSE
GOBP_NEGATIVE_REGULATION_OF_CYTOKINE_PRODUCTION,GO:BP,1.96656300861519,7.43936285274547e-08,282,0.00142189548998615,1.60230770719997,72,282,TRUE,TRUE
GOBP_NEGATIVE_REGULATION_OF_CYTOKINE_PRODUCTION_INVOLVED_IN_IMMUNE_RESPONSE,GO:BP,1.82592927943838,0.0174743562022399,24,0.190629659906675,2.0919017288444,8,24,TRUE,FALSE
GOBP_NEGATIVE_REGULATION_OF_CYTOKINE_PRODUCTION_INVOLVED_IN_INFLAMMATORY_RESPONSE,GO:BP,1.8968661435201,0.00635545532326224,29,0.111451036438771,2.16403627121835,10,29,TRUE,FALSE
GOBP_NEGATIVE_REGULATION_OF_CYTOPLASMIC_PATTERN_RECOGNITION_RECEPTOR_SIGNALING_PATHWAY,GO:BP,1.75603440262081,0.010361823449294,58,1,0.86561450848734,8,58,TRUE,FALSE
GOBP_NEGATIVE_REGULATION_OF_CYTOPLASMIC_TRANSLATION,GO:BP,-0.83888646161625,0.739207577594103,10,1,0.627570518653321,1,10,FALSE,FALSE
GOBP_NEGATIVE_REGULATION_OF_CYTOSKELETON_ORGANIZATION,GO:BP,-1.66463768184859,0.00320119457397128,145,1,0.779053057638606,18,145,FALSE,FALSE
GOBP_NEGATIVE_REGULATION_OF_CYTOSOLIC_CALCIUM_ION_CONCENTRATION,GO:BP,-1.40121070508643,0.20188790560472,11,0.944829045454405,1.1410373066424,2,11,FALSE,FALSE
GOBP_NEGATIVE_REGULATION_OF_DEFENSE_RESPONSE,GO:BP,2.11738702726698,7.04392804339869e-10,265,0.0788294468207709,1.37355056912802,58,265,TRUE,FALSE
GOBP_NEGATIVE_REGULATION_OF_DEFENSE_RESPONSE_TO_VIRUS,GO:BP,1.36643109614396,0.196981289160345,15,1,0.418380345768881,1,15,FALSE,FALSE
GOBP_NEGATIVE_REGULATION_OF_DENDRITIC_SPINE_DEVELOPMENT,GO:BP,-1.57937175434437,0.103990233253031,10,0.906741278758732,1.25514103730664,2,10,FALSE,FALSE
GOBP_NEGATIVE_REGULATION_OF_DEVELOPMENTAL_GROWTH,GO:BP,-1.45179729114232,0.0666735486143962,82,0.868087644964407,1.07146186111543,14,82,FALSE,FALSE
GOBP_NEGATIVE_REGULATION_OF_DNA_BINDING,GO:BP,1.07910133206494,0.494492254733219,10,1,0.627570518653321,1,10,FALSE,FALSE
GOBP_NEGATIVE_REGULATION_OF_DNA_BINDING_TRANSCRIPTION_FACTOR_ACTIVITY,GO:BP,1.27015631547015,0.210702242285008,61,1,0.925923716045884,9,61,FALSE,FALSE
GOBP_NEGATIVE_REGULATION_OF_DNA_BIOSYNTHETIC_PROCESS,GO:BP,1.42802945532195,0.148667731555432,26,1,0.724119829215371,3,26,FALSE,FALSE
GOBP_NEGATIVE_REGULATION_OF_DNA_DAMAGE_RESPONSE_SIGNAL_TRANSDUCTION_BY_P53_CLASS_MEDIATOR,GO:BP,1.02007410185012,0.553626436678561,13,,,,,FALSE,FALSE
GOBP_NEGATIVE_REGULATION_OF_DNA_METABOLIC_PROCESS,GO:BP,2.03042210405921,3.7390891389661e-05,110,1,0.741674249317561,13,110,TRUE,FALSE
GOBP_NEGATIVE_REGULATION_OF_DNA_RECOMBINATION,GO:BP,1.73458253176026,0.0188546813725234,33,1,0.950864422202002,5,33,TRUE,FALSE
GOBP_NEGATIVE_REGULATION_OF_DNA_REPAIR,GO:BP,1.56955517892854,0.0734273532970292,32,1,0.588347361237489,3,32,FALSE,FALSE
GOBP_NEGATIVE_REGULATION_OF_DNA_REPLICATION,GO:BP,1.68997653653153,0.0493471892592979,25,0.801635301593806,1.25514103730664,5,25,TRUE,FALSE
GOBP_NEGATIVE_REGULATION_OF_DNA_TEMPLATED_DNA_REPLICATION,GO:BP,1.47883069868188,0.118050505050505,15,0.868087644964407,1.25514103730664,3,15,FALSE,FALSE
GOBP_NEGATIVE_REGULATION_OF_DNA_TEMPLATED_TRANSCRIPTION_ELONGATION,GO:BP,1.71036966889589,0.0338904944180164,26,1,0.241373276405124,1,26,TRUE,FALSE
GOBP_NEGATIVE_REGULATION_OF_DOUBLE_STRAND_BREAK_REPAIR_VIA_HOMOLOGOUS_RECOMBINATION,GO:BP,1.69400928076938,0.040156271853857,20,1,0.941355777979982,3,20,TRUE,FALSE
GOBP_NEGATIVE_REGULATION_OF_D_GLUCOSE_IMPORT,GO:BP,-0.692528236315342,0.894036973785478,12,1,0.522975432211101,1,12,FALSE,FALSE
GOBP_NEGATIVE_REGULATION_OF_D_GLUCOSE_TRANSMEMBRANE_TRANSPORT,GO:BP,0.952663166866589,0.624750845964863,18,0.752302801814948,1.39460115256294,4,18,FALSE,FALSE
GOBP_NEGATIVE_REGULATION_OF_ENDOCYTOSIS,GO:BP,1.20055551380869,0.278986258577135,65,1,0.772394484496395,8,65,FALSE,FALSE
GOBP_NEGATIVE_REGULATION_OF_ENDOPLASMIC_RETICULUM_STRESS_INDUCED_INTRINSIC_APOPTOTIC_SIGNALING_PATHWAY,GO:BP,0.722549451108188,0.883423509852877,18,1,0.697300576281468,2,18,FALSE,FALSE
GOBP_NEGATIVE_REGULATION_OF_ENDOPLASMIC_RETICULUM_UNFOLDED_PROTEIN_RESPONSE,GO:BP,0.688001098693881,0.92438221771712,21,1,0.298843104120629,1,21,FALSE,FALSE
GOBP_NEGATIVE_REGULATION_OF_ENDOTHELIAL_CELL_APOPTOTIC_PROCESS,GO:BP,-0.996562411962139,0.575747248631585,27,0.65691649481654,1.39460115256294,6,27,FALSE,FALSE
GOBP_NEGATIVE_REGULATION_OF_ENDOTHELIAL_CELL_MIGRATION,GO:BP,-1.69718689778165,0.0112388121404382,51,1,0.738318257239201,6,51,FALSE,FALSE
GOBP_NEGATIVE_REGULATION_OF_ENDOTHELIAL_CELL_PROLIFERATION,GO:BP,-1.071492878233,0.477094219459068,37,0.632546716946981,1.35690922952069,8,37,FALSE,FALSE
GOBP_NEGATIVE_REGULATION_OF_EPIDERMAL_GROWTH_FACTOR_ACTIVATED_RECEPTOR_ACTIVITY,GO:BP,1.13857420855994,0.412035227502349,10,,,,,FALSE,FALSE
GOBP_NEGATIVE_REGULATION_OF_EPIDERMIS_DEVELOPMENT,GO:BP,1.16544268036413,0.388099374771006,10,1,0.627570518653321,1,10,FALSE,FALSE
GOBP_NEGATIVE_REGULATION_OF_EPITHELIAL_CELL_APOPTOTIC_PROCESS,GO:BP,-0.922412402539537,0.64152478240409,16,0.906741278758732,1.17669472247498,3,16,FALSE,FALSE
GOBP_NEGATIVE_REGULATION_OF_EPITHELIAL_CELL_DIFFERENTIATION,GO:BP,-1.2794946500586,0.211408268440529,35,0.908893334837639,1.07583517483427,6,35,FALSE,FALSE
GOBP_NEGATIVE_REGULATION_OF_EPITHELIAL_CELL_MIGRATION,GO:BP,-1.08321036118021,0.48183307776019,15,,,,,FALSE,FALSE
GOBP_NEGATIVE_REGULATION_OF_EPITHELIAL_CELL_PROLIFERATION,GO:BP,-1.28549440279857,0.155289877812484,114,0.49205981530415,1.26615104640582,23,114,FALSE,FALSE
GOBP_NEGATIVE_REGULATION_OF_EPITHELIAL_TO_MESENCHYMAL_TRANSITION,GO:BP,-1.35796818422497,0.137100349028873,39,0.868087644964407,1.12640862322391,7,39,FALSE,FALSE
GOBP_NEGATIVE_REGULATION_OF_ERBB_SIGNALING_PATHWAY,GO:BP,0.947358346882611,0.649498046504323,35,1,0.179305862472378,1,35,FALSE,FALSE
GOBP_NEGATIVE_REGULATION_OF_ERK1_AND_ERK2_CASCADE,GO:BP,1.20438945283356,0.276370305991646,68,0.703534865988356,1.1997671680137,13,68,FALSE,FALSE
GOBP_NEGATIVE_REGULATION_OF_ERYTHROCYTE_DIFFERENTIATION,GO:BP,-1.0740853478306,0.48999378905578,10,,,,,FALSE,FALSE
GOBP_NEGATIVE_REGULATION_OF_ESTABLISHMENT_OF_PROTEIN_LOCALIZATION,GO:BP,-1.13918716143208,0.321557629673495,116,0.719442465053918,1.13611904238963,21,116,FALSE,FALSE
GOBP_NEGATIVE_REGULATION_OF_EXCITATORY_POSTSYNAPTIC_POTENTIAL,GO:BP,0.808037841106832,0.787846973049763,10,1,0.627570518653321,1,10,FALSE,FALSE
GOBP_NEGATIVE_REGULATION_OF_EXOCYTOSIS,GO:BP,0.716082404997892,0.921343995510662,34,1,0.1845795643098,1,34,FALSE,FALSE
GOBP_NEGATIVE_REGULATION_OF_EXTRACELLULAR_MATRIX_ORGANIZATION,GO:BP,-1.51459167439038,0.125802349625068,16,0.655369444735246,1.5689262966333,4,16,FALSE,FALSE
GOBP_NEGATIVE_REGULATION_OF_EXTRINSIC_APOPTOTIC_SIGNALING_PATHWAY,GO:BP,0.98071283676831,0.615691693658861,88,1,0.499203821656051,7,88,FALSE,FALSE
GOBP_NEGATIVE_REGULATION_OF_EXTRINSIC_APOPTOTIC_SIGNALING_PATHWAY_VIA_DEATH_DOMAIN_RECEPTORS,GO:BP,1.5779484618216,0.0785776575013479,26,1,0.482746552810247,2,26,FALSE,FALSE
GOBP_NEGATIVE_REGULATION_OF_FATTY_ACID_BIOSYNTHETIC_PROCESS,GO:BP,-1.46158510126669,0.137340915361799,18,0.506693934048772,1.74325144070367,5,18,FALSE,FALSE
GOBP_NEGATIVE_REGULATION_OF_FATTY_ACID_METABOLIC_PROCESS,GO:BP,1.24466519978692,0.268219935272183,39,0.0161861131223204,2.41373276405124,15,39,FALSE,TRUE
GOBP_NEGATIVE_REGULATION_OF_FATTY_ACID_OXIDATION,GO:BP,-1.28318081007052,0.288311291811873,14,0.825631269028654,1.34479396854283,3,14,FALSE,FALSE
GOBP_NEGATIVE_REGULATION_OF_FAT_CELL_DIFFERENTIATION,GO:BP,-1.04885047824562,0.47052050600594,55,1,0.798726114649682,7,55,FALSE,FALSE
GOBP_NEGATIVE_REGULATION_OF_FERROPTOSIS,GO:BP,1.50687319710724,0.13238377227157,19,1,0.660600545950864,2,19,FALSE,FALSE
GOBP_NEGATIVE_REGULATION_OF_FIBROBLAST_GROWTH_FACTOR_RECEPTOR_SIGNALING_PATHWAY,GO:BP,-1.20963575853116,0.331885739185736,18,0.506693934048772,1.74325144070367,5,18,FALSE,FALSE
GOBP_NEGATIVE_REGULATION_OF_FIBROBLAST_PROLIFERATION,GO:BP,1.3149647760353,0.209332526345253,28,1,0.896529312361887,4,28,FALSE,FALSE
GOBP_NEGATIVE_REGULATION_OF_GENE_EXPRESSION_EPIGENETIC,GO:BP,1.57599939860081,0.00803044859037949,177,1,0.425471538070048,12,177,TRUE,FALSE
GOBP_NEGATIVE_REGULATION_OF_GENE_EXPRESSION_VIA_CHROMOSOMAL_CPG_ISLAND_METHYLATION,GO:BP,1.75219082604077,0.0411132949256452,14,1,0.896529312361887,2,14,TRUE,FALSE
GOBP_NEGATIVE_REGULATION_OF_GENE_SILENCING_BY_REGULATORY_NCRNA,GO:BP,1.64921645369106,0.0798169214863614,17,0.937040972683617,1.1074773858588,3,17,FALSE,FALSE
GOBP_NEGATIVE_REGULATION_OF_GLIAL_CELL_DIFFERENTIATION,GO:BP,-1.63578666265265,0.0486991281412067,20,0.373914079428919,1.88271155595996,6,20,FALSE,FALSE
GOBP_NEGATIVE_REGULATION_OF_GLIAL_CELL_PROLIFERATION,GO:BP,-1.22166433498427,0.324952114336231,12,1,0.522975432211101,1,12,FALSE,FALSE
GOBP_NEGATIVE_REGULATION_OF_GLIOGENESIS,GO:BP,-1.67346733628909,0.0303577000784859,31,0.610175830929717,1.41709471953976,7,31,FALSE,FALSE
GOBP_NEGATIVE_REGULATION_OF_GLUCONEOGENESIS,GO:BP,-1.38508247313126,0.192925135986258,15,0.868087644964407,1.25514103730664,3,15,FALSE,FALSE
GOBP_NEGATIVE_REGULATION_OF_GLYCOPROTEIN_METABOLIC_PROCESS,GO:BP,-1.12197872731667,0.435067157266365,15,0.868087644964407,1.25514103730664,3,15,FALSE,FALSE
GOBP_NEGATIVE_REGULATION_OF_GRANULOCYTE_DIFFERENTIATION,GO:BP,0.515613125870584,0.982396638884546,10,1,0.627570518653321,1,10,FALSE,FALSE
GOBP_NEGATIVE_REGULATION_OF_GROWTH,GO:BP,-1.53257455333917,0.00671234177504312,196,0.906741278758732,1.02460492841359,32,196,FALSE,FALSE
GOBP_NEGATIVE_REGULATION_OF_GTPASE_ACTIVITY,GO:BP,0.645519987670809,0.941163544943677,15,,,,,FALSE,FALSE
GOBP_NEGATIVE_REGULATION_OF_G_PROTEIN_COUPLED_RECEPTOR_SIGNALING_PATHWAY,GO:BP,-1.05841457429185,0.4494055523936,64,0.978587630542299,0.980578935395814,10,64,FALSE,FALSE
GOBP_NEGATIVE_REGULATION_OF_HEART_RATE,GO:BP,-1.37626318424646,0.219680670190732,10,0.594213709778933,1.88271155595996,3,10,FALSE,FALSE
GOBP_NEGATIVE_REGULATION_OF_HEMATOPOIETIC_PROGENITOR_CELL_DIFFERENTIATION,GO:BP,0.599488740355142,0.966750991584012,11,,,,,FALSE,FALSE
GOBP_NEGATIVE_REGULATION_OF_HEMOPOIESIS,GO:BP,2.00003839633687,3.80006841159932e-05,115,0.8068601672033,1.0914269889623,20,115,TRUE,FALSE
GOBP_NEGATIVE_REGULATION_OF_HIPPO_SIGNALING,GO:BP,1.80153394086403,0.0234718468980325,25,1,0.251028207461328,1,25,TRUE,FALSE
GOBP_NEGATIVE_REGULATION_OF_HOMOTYPIC_CELL_CELL_ADHESION,GO:BP,-0.665272246291935,0.929491880300816,13,,,,,FALSE,FALSE
GOBP_NEGATIVE_REGULATION_OF_HORMONE_SECRETION,GO:BP,-1.50093900793596,0.0586318134410975,56,0.113957689073467,1.79305862472377,16,56,FALSE,FALSE
GOBP_NEGATIVE_REGULATION_OF_HUMORAL_IMMUNE_RESPONSE,GO:BP,-1.03333928980363,0.526697985752886,14,,,,,FALSE,FALSE
GOBP_NEGATIVE_REGULATION_OF_HYDROGEN_PEROXIDE_MEDIATED_PROGRAMMED_CELL_DEATH,GO:BP,-1.19300154793212,0.389701978572599,10,1,0.627570518653321,1,10,FALSE,FALSE
GOBP_NEGATIVE_REGULATION_OF_HYDROLASE_ACTIVITY,GO:BP,1.04221144794464,0.507555265940443,30,1,0.418380345768881,2,30,FALSE,FALSE
GOBP_NEGATIVE_REGULATION_OF_IMMUNE_EFFECTOR_PROCESS,GO:BP,1.92377196643288,0.000153516161982661,114,0.594213709778933,1.21110100090992,22,114,TRUE,FALSE
GOBP_NEGATIVE_REGULATION_OF_IMMUNE_RESPONSE,GO:BP,2.36782785220524,3.69891026874842e-12,200,0.0964724554308064,1.41203366696997,45,200,TRUE,FALSE
GOBP_NEGATIVE_REGULATION_OF_IMMUNOGLOBULIN_PRODUCTION,GO:BP,0.860802413426406,0.734886199817946,11,0.944829045454405,1.1410373066424,2,11,FALSE,FALSE
GOBP_NEGATIVE_REGULATION_OF_INFLAMMASOME_MEDIATED_SIGNALING_PATHWAY,GO:BP,1.79404585267086,0.0221017567460884,19,0.788586078744843,1.32120109190173,4,19,TRUE,FALSE
GOBP_NEGATIVE_REGULATION_OF_INFLAMMATORY_RESPONSE,GO:BP,1.66591547864746,0.00324469045598879,175,0.104005071892923,1.43444689977902,40,175,TRUE,FALSE
GOBP_NEGATIVE_REGULATION_OF_INFLAMMATORY_RESPONSE_TO_ANTIGENIC_STIMULUS,GO:BP,1.57101908733331,0.0656175386792811,31,0.610175830929717,1.41709471953976,7,31,FALSE,FALSE
GOBP_NEGATIVE_REGULATION_OF_INNATE_IMMUNE_RESPONSE,GO:BP,2.4738251260133,1.30393018518443e-09,89,0.322724609926365,1.41027082843443,20,89,TRUE,FALSE
GOBP_NEGATIVE_REGULATION_OF_INTERFERON_BETA_PRODUCTION,GO:BP,1.56120230801093,0.121448295874845,16,0.655369444735246,1.5689262966333,4,16,FALSE,FALSE
GOBP_NEGATIVE_REGULATION_OF_INTERLEUKIN_10_PRODUCTION,GO:BP,2.36440538127105,8.8684008142792e-06,20,0.0123209416968642,3.13785259326661,10,20,TRUE,TRUE
GOBP_NEGATIVE_REGULATION_OF_INTERLEUKIN_12_PRODUCTION,GO:BP,2.21738459464432,0.000134415917605911,16,0.00902581585317264,3.53008416742493,9,16,TRUE,TRUE
GOBP_NEGATIVE_REGULATION_OF_INTERLEUKIN_17_PRODUCTION,GO:BP,1.60593188789362,0.0983927205989345,13,0.777355997263282,1.44823965843074,3,13,FALSE,FALSE
GOBP_NEGATIVE_REGULATION_OF_INTERLEUKIN_1_BETA_PRODUCTION,GO:BP,1.90259495807835,0.00799480026525055,31,0.150628381051794,2.02442102791394,10,31,TRUE,FALSE
GOBP_NEGATIVE_REGULATION_OF_INTERLEUKIN_1_PRODUCTION,GO:BP,1.8548806305977,0.00997575373054437,37,0.181075873523002,1.86575019059096,11,37,TRUE,FALSE
GOBP_NEGATIVE_REGULATION_OF_INTERLEUKIN_2_PRODUCTION,GO:BP,1.55802049846789,0.106130475275508,25,0.221856837380877,2.00822565969063,8,25,FALSE,FALSE
GOBP_NEGATIVE_REGULATION_OF_INTERLEUKIN_6_PRODUCTION,GO:BP,1.76925920478671,0.0130142023301792,41,0.594213709778933,1.37759382143412,9,41,TRUE,FALSE
GOBP_NEGATIVE_REGULATION_OF_INTERLEUKIN_8_PRODUCTION,GO:BP,0.812529249505632,0.789207165867112,16,0.408568153127978,1.96115787079163,5,16,FALSE,FALSE
GOBP_NEGATIVE_REGULATION_OF_INTRACELLULAR_ESTROGEN_RECEPTOR_SIGNALING_PATHWAY,GO:BP,1.42418570587259,0.160707593719161,15,1,0.836760691537762,2,15,FALSE,FALSE
GOBP_NEGATIVE_REGULATION_OF_INTRACELLULAR_PROTEIN_TRANSPORT,GO:BP,1.04231190394496,0.520893406382161,37,1,0.848068268450434,5,37,FALSE,FALSE
GOBP_NEGATIVE_REGULATION_OF_INTRACELLULAR_STEROID_HORMONE_RECEPTOR_SIGNALING_PATHWAY,GO:BP,0.987171772222886,0.595547771761483,37,1,0.678454614760347,4,37,FALSE,FALSE
GOBP_NEGATIVE_REGULATION_OF_INTRACELLULAR_TRANSPORT,GO:BP,0.96157935997287,0.63753479398687,56,0.691540082275992,1.2327278044976,11,56,FALSE,FALSE
GOBP_NEGATIVE_REGULATION_OF_INTRINSIC_APOPTOTIC_SIGNALING_PATHWAY,GO:BP,1.50775339347709,0.0694725725218519,100,1,0.815841674249318,13,100,FALSE,FALSE
GOBP_NEGATIVE_REGULATION_OF_INTRINSIC_APOPTOTIC_SIGNALING_PATHWAY_BY_P53_CLASS_MEDIATOR,GO:BP,0.926461484971638,0.662942442627371,21,1,0.298843104120629,1,21,FALSE,FALSE
GOBP_NEGATIVE_REGULATION_OF_INTRINSIC_APOPTOTIC_SIGNALING_PATHWAY_IN_RESPONSE_TO_DNA_DAMAGE,GO:BP,1.02393872543069,0.541666666666667,30,1,0.418380345768881,2,30,FALSE,FALSE
GOBP_NEGATIVE_REGULATION_OF_JNK_CASCADE,GO:BP,-0.802217467655798,0.843743563310382,34,1,0.738318257239201,4,34,FALSE,FALSE
GOBP_NEGATIVE_REGULATION_OF_KERATINOCYTE_PROLIFERATION,GO:BP,-0.766895866206061,0.844141066184775,14,1,0.896529312361887,2,14,FALSE,FALSE
GOBP_NEGATIVE_REGULATION_OF_KINASE_ACTIVITY,GO:BP,1.43537828519107,0.118050505050505,71,1,0.707121711158672,8,71,FALSE,FALSE
GOBP_NEGATIVE_REGULATION_OF_LEUKOCYTE_APOPTOTIC_PROCESS,GO:BP,1.37985092840144,0.123083443431913,48,0.0201134248506957,2.22264558689718,17,48,FALSE,TRUE
GOBP_NEGATIVE_REGULATION_OF_LEUKOCYTE_CELL_CELL_ADHESION,GO:BP,2.08977898242964,2.51694196038777e-06,146,0.553228151642349,1.20355989878719,28,146,TRUE,FALSE
GOBP_NEGATIVE_REGULATION_OF_LEUKOCYTE_CHEMOTAXIS,GO:BP,-0.71212101588012,0.914526255707763,20,0.831189429132839,1.25514103730664,4,20,FALSE,FALSE
GOBP_NEGATIVE_REGULATION_OF_LEUKOCYTE_DEGRANULATION,GO:BP,1.50613016356402,0.117490080107091,13,,,,,FALSE,FALSE
GOBP_NEGATIVE_REGULATION_OF_LEUKOCYTE_MEDIATED_IMMUNITY,GO:BP,2.20932530415874,8.96405671140496e-06,71,0.283563902715584,1.50263363621218,17,71,TRUE,FALSE
GOBP_NEGATIVE_REGULATION_OF_LEUKOCYTE_MIGRATION,GO:BP,-0.788200605813726,0.887408087313291,47,0.906741278758732,1.06820513813331,8,47,FALSE,FALSE
GOBP_NEGATIVE_REGULATION_OF_LEUKOCYTE_PROLIFERATION,GO:BP,1.86052520845465,0.00202771049229125,88,0.0637265575191418,1.7115559599636,24,88,TRUE,FALSE
GOBP_NEGATIVE_REGULATION_OF_LIPID_BIOSYNTHETIC_PROCESS,GO:BP,-1.58160130877284,0.0320573835565611,54,0.917896469790517,1.0459508644222,9,54,FALSE,FALSE
GOBP_NEGATIVE_REGULATION_OF_LIPID_CATABOLIC_PROCESS,GO:BP,-0.806363633952602,0.809921117330488,25,0.390446532360793,1.7571974522293,7,25,FALSE,FALSE
GOBP_NEGATIVE_REGULATION_OF_LIPID_LOCALIZATION,GO:BP,-1.42034189397178,0.111280641902124,42,0.111441516833357,1.94248017678409,13,42,FALSE,FALSE
GOBP_NEGATIVE_REGULATION_OF_LIPID_METABOLIC_PROCESS,GO:BP,1.00859301739572,0.544365533824149,98,0.0425660678632253,1.72902081669793,27,98,FALSE,TRUE
GOBP_NEGATIVE_REGULATION_OF_LIPID_STORAGE,GO:BP,1.05981411142466,0.50871767308797,19,0.331528691535675,1.98180163785259,6,19,FALSE,FALSE
GOBP_NEGATIVE_REGULATION_OF_LIPID_TRANSPORT,GO:BP,-1.78064019474128,0.0215793174421302,28,0.506693934048772,1.5689262966333,7,28,FALSE,FALSE
GOBP_NEGATIVE_REGULATION_OF_LIPOPOLYSACCHARIDE_MEDIATED_SIGNALING_PATHWAY,GO:BP,0.960678514475425,0.619194899124477,14,1,0.896529312361887,2,14,FALSE,FALSE
GOBP_NEGATIVE_REGULATION_OF_LIPOPROTEIN_PARTICLE_CLEARANCE,GO:BP,1.12533324609674,0.432591683620198,13,0.104005071892923,2.89647931686148,6,13,FALSE,FALSE
GOBP_NEGATIVE_REGULATION_OF_LOCOMOTION,GO:BP,-1.42006273256773,0.00671476220546798,311,1,0.908060235993552,45,311,FALSE,FALSE
GOBP_NEGATIVE_REGULATION_OF_LONG_TERM_SYNAPTIC_POTENTIATION,GO:BP,-1.53453244035679,0.137672273172849,12,0.978587630542299,1.0459508644222,2,12,FALSE,FALSE
GOBP_NEGATIVE_REGULATION_OF_LOW_DENSITY_LIPOPROTEIN_PARTICLE_CLEARANCE,GO:BP,1.33214987094518,0.237115862118732,10,0.303676489292972,2.51028207461329,4,10,FALSE,FALSE
GOBP_NEGATIVE_REGULATION_OF_LYMPHOCYTE_ACTIVATION,GO:BP,2.12400541735275,1.31641647816299e-07,168,0.291310471998139,1.30743858052775,35,168,TRUE,FALSE
GOBP_NEGATIVE_REGULATION_OF_LYMPHOCYTE_APOPTOTIC_PROCESS,GO:BP,1.18852952138389,0.323282117131775,31,0.0788294468207709,2.22686313070533,11,31,FALSE,FALSE
GOBP_NEGATIVE_REGULATION_OF_LYMPHOCYTE_DIFFERENTIATION,GO:BP,2.28542132232944,3.33474473109956e-06,65,0.777355997263282,1.15859172674459,12,65,TRUE,FALSE
GOBP_NEGATIVE_REGULATION_OF_LYMPHOCYTE_MIGRATION,GO:BP,0.794239299053018,0.800708650889157,15,1,0.836760691537762,2,15,FALSE,FALSE
GOBP_NEGATIVE_REGULATION_OF_MACROAUTOPHAGY,GO:BP,1.27227368247373,0.238204942764713,39,1,0.321831035206831,2,39,FALSE,FALSE
GOBP_NEGATIVE_REGULATION_OF_MACROPHAGE_ACTIVATION,GO:BP,1.18844040834669,0.344323307155001,16,0.203413740636149,2.35338944494995,6,16,FALSE,FALSE
GOBP_NEGATIVE_REGULATION_OF_MACROPHAGE_DERIVED_FOAM_CELL_DIFFERENTIATION,GO:BP,-1.13581308977016,0.390010092775902,13,1,0.965493105620494,2,13,FALSE,FALSE
GOBP_NEGATIVE_REGULATION_OF_MACROPHAGE_MIGRATION,GO:BP,-0.712913786421258,0.863446760662635,10,1,0.627570518653321,1,10,FALSE,FALSE
GOBP_NEGATIVE_REGULATION_OF_MAPK_CASCADE,GO:BP,1.30688072975808,0.14066780613043,150,0.694578751869041,1.12962693357598,27,150,FALSE,FALSE
GOBP_NEGATIVE_REGULATION_OF_MAP_KINASE_ACTIVITY,GO:BP,0.896958435000249,0.687509406491297,18,0.506693934048772,1.74325144070367,5,18,FALSE,FALSE
GOBP_NEGATIVE_REGULATION_OF_MEIOTIC_CELL_CYCLE,GO:BP,1.78914661160315,0.0339600815742466,16,0.0888265983378271,2.74562101910828,7,16,TRUE,FALSE
GOBP_NEGATIVE_REGULATION_OF_MEMBRANE_PERMEABILITY,GO:BP,1.50606786411341,0.145759905881972,18,1,0.697300576281468,2,18,FALSE,FALSE
GOBP_NEGATIVE_REGULATION_OF_MEMBRANE_POTENTIAL,GO:BP,1.30989849580902,0.247406290734703,11,0.944829045454405,1.1410373066424,2,11,FALSE,FALSE
GOBP_NEGATIVE_REGULATION_OF_MICROTUBULE_DEPOLYMERIZATION,GO:BP,1.32756861690584,0.196751758114442,28,1,0.672396984271416,3,28,FALSE,FALSE
GOBP_NEGATIVE_REGULATION_OF_MICROTUBULE_POLYMERIZATION,GO:BP,-1.32035622497081,0.248594018475897,14,1,0.448264656180944,1,14,FALSE,FALSE
GOBP_NEGATIVE_REGULATION_OF_MICROTUBULE_POLYMERIZATION_OR_DEPOLYMERIZATION,GO:BP,1.04082922565937,0.518287855446343,41,1,0.612263920637387,4,41,FALSE,FALSE
GOBP_NEGATIVE_REGULATION_OF_MIRNA_METABOLIC_PROCESS,GO:BP,-1.28906674038475,0.23093622748617,28,1,0.896529312361887,4,28,FALSE,FALSE
GOBP_NEGATIVE_REGULATION_OF_MITOCHONDRIAL_OUTER_MEMBRANE_PERMEABILIZATION_INVOLVED_IN_APOPTOTIC_SIGNALING_PATHWAY,GO:BP,1.08141089593647,0.468700258372803,12,1,0.522975432211101,1,12,FALSE,FALSE
GOBP_NEGATIVE_REGULATION_OF_MITOTIC_CELL_CYCLE,GO:BP,2.06045454793433,5.99237257268229e-08,222,0.132979612873735,1.35690922952069,48,222,TRUE,FALSE
GOBP_NEGATIVE_REGULATION_OF_MITOTIC_CELL_CYCLE_PHASE_TRANSITION,GO:BP,2.21388129146468,1.04955270167003e-08,176,0.0574377528364345,1.49761146496815,42,176,TRUE,FALSE
GOBP_NEGATIVE_REGULATION_OF_MOLECULAR_FUNCTION,GO:BP,1.44423918277125,0.0227323936144905,260,1,0.844806467417932,35,260,TRUE,FALSE
GOBP_NEGATIVE_REGULATION_OF_MONOATOMIC_ION_TRANSMEMBRANE_TRANSPORT,GO:BP,1.10370016400749,0.404592720970537,60,0.908893334837639,1.0459508644222,10,60,FALSE,FALSE
GOBP_NEGATIVE_REGULATION_OF_MONOATOMIC_ION_TRANSPORT,GO:BP,-1.05423011823249,0.464458153291482,81,0.854278272082229,1.08468978532673,14,81,FALSE,FALSE
GOBP_NEGATIVE_REGULATION_OF_MONONUCLEAR_CELL_MIGRATION,GO:BP,-1.04340466901309,0.517374724743542,29,0.918519119712341,1.08201813560917,5,29,FALSE,FALSE
GOBP_NEGATIVE_REGULATION_OF_MRNA_CATABOLIC_PROCESS,GO:BP,1.8541954721539,0.00203442465628415,74,1,0.25442048053513,3,74,TRUE,FALSE
GOBP_NEGATIVE_REGULATION_OF_MRNA_METABOLIC_PROCESS,GO:BP,2.01523276714004,6.84152307922771e-05,108,1,0.174325144070367,3,108,TRUE,FALSE
GOBP_NEGATIVE_REGULATION_OF_MRNA_PROCESSING,GO:BP,1.69882580958628,0.0325549427556821,34,,,,,TRUE,FALSE
GOBP_NEGATIVE_REGULATION_OF_MULTICELLULAR_ORGANISM_GROWTH,GO:BP,-1.74765000090424,0.0568102642179768,12,0.430749153033336,2.0919017288444,4,12,FALSE,FALSE
GOBP_NEGATIVE_REGULATION_OF_MUSCLE_ADAPTATION,GO:BP,-1.43169145651424,0.187601350175732,13,1,0.965493105620494,2,13,FALSE,FALSE
GOBP_NEGATIVE_REGULATION_OF_MUSCLE_CELL_APOPTOTIC_PROCESS,GO:BP,-0.819177506120708,0.823683075440465,40,0.902674157598632,1.09824840764331,7,40,FALSE,FALSE
GOBP_NEGATIVE_REGULATION_OF_MUSCLE_CELL_DIFFERENTIATION,GO:BP,-1.45251828038599,0.0937950983199772,59,0.99198586966751,0.957310960657609,9,59,FALSE,FALSE
GOBP_NEGATIVE_REGULATION_OF_MUSCLE_CONTRACTION,GO:BP,-1.21048674901558,0.331885739185736,18,0.752302801814948,1.39460115256294,4,18,FALSE,FALSE
GOBP_NEGATIVE_REGULATION_OF_MUSCLE_HYPERTROPHY,GO:BP,-1.02708716899298,0.547175548976067,32,1,0.784463148316652,4,32,FALSE,FALSE
GOBP_NEGATIVE_REGULATION_OF_MUSCLE_ORGAN_DEVELOPMENT,GO:BP,-0.719743313950785,0.856659404502542,10,,,,,FALSE,FALSE
GOBP_NEGATIVE_REGULATION_OF_MUSCLE_TISSUE_DEVELOPMENT,GO:BP,-1.09197297225641,0.475081568354327,10,1,0.627570518653321,1,10,FALSE,FALSE
GOBP_NEGATIVE_REGULATION_OF_MYELOID_CELL_APOPTOTIC_PROCESS,GO:BP,1.15095276882085,0.40316269907652,13,0.777355997263282,1.44823965843074,3,13,FALSE,FALSE
GOBP_NEGATIVE_REGULATION_OF_MYELOID_CELL_DIFFERENTIATION,GO:BP,1.16187091638493,0.320641151455676,77,0.902674157598632,1.05953464188223,13,77,FALSE,FALSE
GOBP_NEGATIVE_REGULATION_OF_MYELOID_LEUKOCYTE_DIFFERENTIATION,GO:BP,1.29641072563949,0.187587250288457,48,0.788586078744843,1.17669472247498,9,48,FALSE,FALSE
GOBP_NEGATIVE_REGULATION_OF_MYELOID_LEUKOCYTE_MEDIATED_IMMUNITY,GO:BP,1.32563872512426,0.237369547089394,11,,,,,FALSE,FALSE
GOBP_NEGATIVE_REGULATION_OF_MYOBLAST_DIFFERENTIATION,GO:BP,-1.17123901474598,0.372111344537815,24,0.55559567973604,1.5689262966333,6,24,FALSE,FALSE
GOBP_NEGATIVE_REGULATION_OF_MYOTUBE_DIFFERENTIATION,GO:BP,-0.938602954055418,0.612133716716627,14,0.825631269028654,1.34479396854283,3,14,FALSE,FALSE
GOBP_NEGATIVE_REGULATION_OF_NATURAL_KILLER_CELL_ACTIVATION,GO:BP,1.48509702447681,0.136489298915913,10,0.906741278758732,1.25514103730664,2,10,FALSE,FALSE
GOBP_NEGATIVE_REGULATION_OF_NATURAL_KILLER_CELL_MEDIATED_IMMUNITY,GO:BP,2.05911161598198,0.0016018690250687,24,0.77384671492533,1.30743858052775,5,24,TRUE,FALSE
GOBP_NEGATIVE_REGULATION_OF_NERVOUS_SYSTEM_DEVELOPMENT,GO:BP,-1.41623789734638,0.0542604384671245,113,0.470180903258393,1.27735592292269,23,113,FALSE,FALSE
GOBP_NEGATIVE_REGULATION_OF_NERVOUS_SYSTEM_PROCESS,GO:BP,1.10497500980305,0.454627675610491,10,0.906741278758732,1.25514103730664,2,10,FALSE,FALSE
GOBP_NEGATIVE_REGULATION_OF_NEURAL_PRECURSOR_CELL_PROLIFERATION,GO:BP,-1.13844552097886,0.412035227502349,19,0.788586078744843,1.32120109190173,4,19,FALSE,FALSE
GOBP_NEGATIVE_REGULATION_OF_NEUROINFLAMMATORY_RESPONSE,GO:BP,1.44921149619045,0.150022192632046,13,0.499747367215725,1.93098621124099,4,13,FALSE,FALSE
GOBP_NEGATIVE_REGULATION_OF_NEURON_APOPTOTIC_PROCESS,GO:BP,0.908803334057561,0.732542867924158,150,0.694578751869041,1.12962693357598,27,150,FALSE,FALSE
GOBP_NEGATIVE_REGULATION_OF_NEURON_DIFFERENTIATION,GO:BP,-1.4505100577282,0.0878747872118374,53,1,0.947276254571051,8,53,FALSE,FALSE
GOBP_NEGATIVE_REGULATION_OF_NEURON_MIGRATION,GO:BP,-1.44577533262448,0.162320977840996,10,0.303676489292972,2.51028207461329,4,10,FALSE,FALSE
GOBP_NEGATIVE_REGULATION_OF_NEURON_PROJECTION_DEVELOPMENT,GO:BP,-1.62582713633586,0.0101589590223651,118,1,0.850943076140097,16,118,FALSE,FALSE
GOBP_NEGATIVE_REGULATION_OF_NEURON_PROJECTION_REGENERATION,GO:BP,-0.992057052451637,0.556110916379062,14,1,0.896529312361887,2,14,FALSE,FALSE
GOBP_NEGATIVE_REGULATION_OF_NEUROTRANSMITTER_TRANSPORT,GO:BP,-1.41870720913528,0.183487131565627,10,1,0.627570518653321,1,10,FALSE,FALSE
GOBP_NEGATIVE_REGULATION_OF_NF_KAPPAB_TRANSCRIPTION_FACTOR_ACTIVITY,GO:BP,1.41383205578691,0.134640545320307,40,0.719442465053918,1.25514103730664,8,40,FALSE,FALSE
GOBP_NEGATIVE_REGULATION_OF_NITRIC_OXIDE_BIOSYNTHETIC_PROCESS,GO:BP,1.28156162333252,0.268524298251622,13,0.499747367215725,1.93098621124099,4,13,FALSE,FALSE
GOBP_NEGATIVE_REGULATION_OF_NLRP3_INFLAMMASOME_COMPLEX_ASSEMBLY,GO:BP,1.63832180610119,0.082988566873854,16,0.906741278758732,1.17669472247498,3,16,FALSE,FALSE
GOBP_NEGATIVE_REGULATION_OF_NON_CANONICAL_NF_KAPPAB_SIGNAL_TRANSDUCTION,GO:BP,1.572529927791,0.0920319065573765,28,1,0.896529312361887,4,28,FALSE,FALSE
GOBP_NEGATIVE_REGULATION_OF_NOTCH_SIGNALING_PATHWAY,GO:BP,-0.642063452113823,0.96483360595226,37,1,0.678454614760347,4,37,FALSE,FALSE
GOBP_NEGATIVE_REGULATION_OF_NUCLEAR_DIVISION,GO:BP,2.4801870710481,1.12278930479948e-08,67,0.00290082121530356,2.24801379816115,24,67,TRUE,TRUE
GOBP_NEGATIVE_REGULATION_OF_NUCLEOCYTOPLASMIC_TRANSPORT,GO:BP,1.33044055256144,0.187472373655518,30,1,0.836760691537762,4,30,FALSE,FALSE
GOBP_NEGATIVE_REGULATION_OF_NUCLEOTIDE_CATABOLIC_PROCESS,GO:BP,1.34367871947285,0.210652747000841,19,0.984968811334459,0.990900818926297,3,19,FALSE,FALSE
GOBP_NEGATIVE_REGULATION_OF_NUCLEOTIDE_METABOLIC_PROCESS,GO:BP,1.10362627482684,0.44243342284241,25,0.978587630542299,1.00411282984531,4,25,FALSE,FALSE
GOBP_NEGATIVE_REGULATION_OF_OLIGODENDROCYTE_DIFFERENTIATION,GO:BP,-1.79260166194398,0.0397152212033172,12,0.978587630542299,1.0459508644222,2,12,FALSE,FALSE
GOBP_NEGATIVE_REGULATION_OF_ORGANELLE_ASSEMBLY,GO:BP,1.13420863040263,0.377796663402738,48,1,0.130743858052775,1,48,FALSE,FALSE
GOBP_NEGATIVE_REGULATION_OF_ORGANELLE_ORGANIZATION,GO:BP,1.60982951531425,0.000521776482230228,341,1,0.956999031377499,52,341,TRUE,FALSE
GOBP_NEGATIVE_REGULATION_OF_ORGANIC_ACID_TRANSPORT,GO:BP,-1.56118076041434,0.0695395638675082,19,1,0.660600545950864,2,19,FALSE,FALSE
GOBP_NEGATIVE_REGULATION_OF_ORGAN_GROWTH,GO:BP,-0.840777354958595,0.798468556533073,27,1,0.697300576281468,3,27,FALSE,FALSE
GOBP_NEGATIVE_REGULATION_OF_OSSIFICATION,GO:BP,-1.34792908107045,0.138799207023506,38,0.203413740636149,1.81665150136488,11,38,FALSE,FALSE
GOBP_NEGATIVE_REGULATION_OF_OSTEOBLAST_DIFFERENTIATION,GO:BP,-1.34066808602049,0.144194181104936,49,0.506693934048772,1.40883177656868,11,49,FALSE,FALSE
GOBP_NEGATIVE_REGULATION_OF_OSTEOBLAST_PROLIFERATION,GO:BP,-1.65516796541244,0.0639373760122314,10,0.594213709778933,1.88271155595996,3,10,FALSE,FALSE
GOBP_NEGATIVE_REGULATION_OF_OSTEOCLAST_DIFFERENTIATION,GO:BP,0.8786620350236,0.715848213860919,28,0.906741278758732,1.12066164045236,5,28,FALSE,FALSE
GOBP_NEGATIVE_REGULATION_OF_OXIDATIVE_STRESS_INDUCED_INTRINSIC_APOPTOTIC_SIGNALING_PATHWAY,GO:BP,0.909379136197339,0.694105928458808,27,1,0.929734101708624,4,27,FALSE,FALSE
GOBP_NEGATIVE_REGULATION_OF_OXIDATIVE_STRESS_INDUCED_NEURON_INTRINSIC_APOPTOTIC_SIGNALING_PATHWAY,GO:BP,-0.724782688607541,0.856449747594242,12,0.978587630542299,1.0459508644222,2,12,FALSE,FALSE
GOBP_NEGATIVE_REGULATION_OF_PEPTIDASE_ACTIVITY,GO:BP,1.57217489823909,0.109605514442227,10,0.906741278758732,1.25514103730664,2,10,FALSE,FALSE
GOBP_NEGATIVE_REGULATION_OF_PEPTIDE_SECRETION,GO:BP,-1.47637957992683,0.0937950983199772,39,0.365103546059801,1.60915517603416,10,39,FALSE,FALSE
GOBP_NEGATIVE_REGULATION_OF_PEPTIDYL_TYROSINE_PHOSPHORYLATION,GO:BP,1.50470495185832,0.155742851061624,23,0.9287787116854,1.0914269889623,4,23,FALSE,FALSE
GOBP_NEGATIVE_REGULATION_OF_PERK_MEDIATED_UNFOLDED_PROTEIN_RESPONSE,GO:BP,1.20275385792251,0.329497531099667,12,,,,,FALSE,FALSE
GOBP_NEGATIVE_REGULATION_OF_PHAGOCYTOSIS,GO:BP,1.73437908256749,0.032758185803494,19,0.984968811334459,0.990900818926297,3,19,TRUE,FALSE
GOBP_NEGATIVE_REGULATION_OF_PHOSPHATIDYLINOSITOL_3_KINASE_PROTEIN_KINASE_B_SIGNAL_TRANSDUCTION,GO:BP,-0.676367460875934,0.977399237393094,58,1,0.86561450848734,8,58,FALSE,FALSE
GOBP_NEGATIVE_REGULATION_OF_PHOSPHORUS_METABOLIC_PROCESS,GO:BP,1.4381874236319,0.0589526254148442,156,1,0.844806467417932,21,156,FALSE,FALSE
GOBP_NEGATIVE_REGULATION_OF_PHOSPHORYLATION,GO:BP,1.5052581882683,0.0402169662766117,116,1,0.811513601706881,15,116,TRUE,FALSE
GOBP_NEGATIVE_REGULATION_OF_PLASMA_MEMBRANE_BOUNDED_CELL_PROJECTION_ASSEMBLY,GO:BP,-0.960946860916619,0.619194899124477,42,1,0.298843104120629,2,42,FALSE,FALSE
GOBP_NEGATIVE_REGULATION_OF_PLATELET_ACTIVATION,GO:BP,-1.27908545340869,0.270092796310191,17,1,0.369159128619601,1,17,FALSE,FALSE
GOBP_NEGATIVE_REGULATION_OF_PLATELET_AGGREGATION,GO:BP,0.617441030567621,0.963493409673623,11,,,,,FALSE,FALSE
GOBP_NEGATIVE_REGULATION_OF_PLATELET_DERIVED_GROWTH_FACTOR_RECEPTOR_SIGNALING_PATHWAY,GO:BP,-1.16512630549297,0.355759629762859,13,0.250411825363178,2.41373276405124,5,13,FALSE,FALSE
GOBP_NEGATIVE_REGULATION_OF_POST_TRANSCRIPTIONAL_GENE_SILENCING,GO:BP,1.43834248470554,0.153809942254582,14,0.825631269028654,1.34479396854283,3,14,FALSE,FALSE
GOBP_NEGATIVE_REGULATION_OF_POST_TRANSLATIONAL_PROTEIN_MODIFICATION,GO:BP,1.18564092670005,0.292114791071456,79,1,0.635514449269186,8,79,FALSE,FALSE
GOBP_NEGATIVE_REGULATION_OF_POTASSIUM_ION_TRANSMEMBRANE_TRANSPORT,GO:BP,-1.01491458355866,0.544365533824149,15,1,0.418380345768881,1,15,FALSE,FALSE
GOBP_NEGATIVE_REGULATION_OF_POTASSIUM_ION_TRANSPORT,GO:BP,-1.0670225195597,0.478397429957063,22,1,0.855777979981802,3,22,FALSE,FALSE
GOBP_NEGATIVE_REGULATION_OF_PRODUCTION_OF_MOLECULAR_MEDIATOR_OF_IMMUNE_RESPONSE,GO:BP,1.68326937211511,0.034926703714274,34,0.364288399923891,1.6612160787882,9,34,TRUE,FALSE
GOBP_NEGATIVE_REGULATION_OF_PROGRAMMED_NECROTIC_CELL_DEATH,GO:BP,-0.762631708288512,0.874031468572025,20,1,0.313785259326661,1,20,FALSE,FALSE
GOBP_NEGATIVE_REGULATION_OF_PROTEASOMAL_PROTEIN_CATABOLIC_PROCESS,GO:BP,0.83532644898341,0.825948063963817,53,1,0.355228595464144,3,53,FALSE,FALSE
GOBP_NEGATIVE_REGULATION_OF_PROTEASOMAL_UBIQUITIN_DEPENDENT_PROTEIN_CATABOLIC_PROCESS,GO:BP,1.01696133209635,0.548828740647345,40,1,0.15689262966333,1,40,FALSE,FALSE
GOBP_NEGATIVE_REGULATION_OF_PROTEIN_BINDING,GO:BP,1.05452148373438,0.500362409300903,26,1,0.724119829215371,3,26,FALSE,FALSE
GOBP_NEGATIVE_REGULATION_OF_PROTEIN_CATABOLIC_PROCESS,GO:BP,-0.8899971741673,0.809815850587119,111,1,0.73499249932371,13,111,FALSE,FALSE
GOBP_NEGATIVE_REGULATION_OF_PROTEIN_CONTAINING_COMPLEX_ASSEMBLY,GO:BP,-1.58058619037869,0.0112370579789994,136,1,0.922897821549002,20,136,FALSE,FALSE
GOBP_NEGATIVE_REGULATION_OF_PROTEIN_CONTAINING_COMPLEX_DISASSEMBLY,GO:BP,-1.18399168481745,0.253373313343328,79,1,0.714953755427834,9,79,FALSE,FALSE
GOBP_NEGATIVE_REGULATION_OF_PROTEIN_EXIT_FROM_ENDOPLASMIC_RETICULUM,GO:BP,-0.945305413020553,0.613307669846794,10,0.906741278758732,1.25514103730664,2,10,FALSE,FALSE
GOBP_NEGATIVE_REGULATION_OF_PROTEIN_IMPORT_INTO_NUCLEUS,GO:BP,0.899382901850001,0.68008944557003,19,0.984968811334459,0.990900818926297,3,19,FALSE,FALSE
GOBP_NEGATIVE_REGULATION_OF_PROTEIN_LOCALIZATION,GO:BP,1.02875068127281,0.528649091772015,185,1,0.949836460664486,28,185,FALSE,FALSE
GOBP_NEGATIVE_REGULATION_OF_PROTEIN_LOCALIZATION_TO_CELL_SURFACE,GO:BP,-0.892177715783176,0.683381038883574,11,0.944829045454405,1.1410373066424,2,11,FALSE,FALSE
GOBP_NEGATIVE_REGULATION_OF_PROTEIN_LOCALIZATION_TO_CHROMATIN,GO:BP,1.60998250596942,0.0933999977618402,10,1,0.627570518653321,1,10,FALSE,FALSE
GOBP_NEGATIVE_REGULATION_OF_PROTEIN_LOCALIZATION_TO_MEMBRANE,GO:BP,1.17422140609602,0.351151663118336,34,1,0.553738692929401,3,34,FALSE,FALSE
GOBP_NEGATIVE_REGULATION_OF_PROTEIN_LOCALIZATION_TO_NUCLEUS,GO:BP,1.02897340961031,0.544241105139253,39,1,0.804577588017079,5,39,FALSE,FALSE
GOBP_NEGATIVE_REGULATION_OF_PROTEIN_MATURATION,GO:BP,1.10862820363565,0.454186833323148,18,0.962721081755926,1.0459508644222,3,18,FALSE,FALSE
GOBP_NEGATIVE_REGULATION_OF_PROTEIN_MODIFICATION_PROCESS,GO:BP,1.39143559460433,0.0816672744675488,188,1,0.867916674733317,26,188,FALSE,FALSE
GOBP_NEGATIVE_REGULATION_OF_PROTEIN_POLYMERIZATION,GO:BP,-2.00710435980198,0.000270060424321185,67,1,0.843005174310432,9,67,FALSE,FALSE
GOBP_NEGATIVE_REGULATION_OF_PROTEIN_SECRETION,GO:BP,-1.41498314453007,0.09775106658242,57,0.303676489292972,1.54140127388535,14,57,FALSE,FALSE
GOBP_NEGATIVE_REGULATION_OF_PROTEIN_SERINE_THREONINE_KINASE_ACTIVITY,GO:BP,1.203765185055,0.315267550319097,32,0.654722182695088,1.37281050955414,7,32,FALSE,FALSE
GOBP_NEGATIVE_REGULATION_OF_PROTEIN_TYROSINE_KINASE_ACTIVITY,GO:BP,1.23275373709237,0.31460434388104,12,,,,,FALSE,FALSE
GOBP_NEGATIVE_REGULATION_OF_PROTEIN_UBIQUITINATION,GO:BP,1.22804101870458,0.243903652831691,65,1,0.675845173934346,7,65,FALSE,FALSE
GOBP_NEGATIVE_REGULATION_OF_PROTEOLYSIS,GO:BP,1.32095074986619,0.134419176879917,117,1,0.750939082149273,14,117,FALSE,FALSE
GOBP_NEGATIVE_REGULATION_OF_PROTEOLYSIS_INVOLVED_IN_PROTEIN_CATABOLIC_PROCESS,GO:BP,0.945125402731195,0.638197807153528,70,1,0.358611724944755,4,70,FALSE,FALSE
GOBP_NEGATIVE_REGULATION_OF_RAS_PROTEIN_SIGNAL_TRANSDUCTION,GO:BP,-0.601927330377491,0.973817504291545,25,1,0.753084622383986,3,25,FALSE,FALSE
GOBP_NEGATIVE_REGULATION_OF_REACTIVE_OXYGEN_SPECIES_BIOSYNTHETIC_PROCESS,GO:BP,-0.855386217882496,0.724628468577929,16,0.906741278758732,1.17669472247498,3,16,FALSE,FALSE
GOBP_NEGATIVE_REGULATION_OF_REACTIVE_OXYGEN_SPECIES_METABOLIC_PROCESS,GO:BP,1.29073237884523,0.237784130445607,36,0.430749153033336,1.5689262966333,9,36,FALSE,FALSE
GOBP_NEGATIVE_REGULATION_OF_RECEPTOR_INTERNALIZATION,GO:BP,1.01966949290566,0.54574488193692,15,1,0.418380345768881,1,15,FALSE,FALSE
GOBP_NEGATIVE_REGULATION_OF_RECEPTOR_MEDIATED_ENDOCYTOSIS,GO:BP,1.03213435874203,0.528510650561103,29,0.918519119712341,1.08201813560917,5,29,FALSE,FALSE
GOBP_NEGATIVE_REGULATION_OF_RECEPTOR_SIGNALING_PATHWAY_VIA_JAK_STAT,GO:BP,1.7747524448427,0.0214823693316909,21,0.644324793180605,1.49421552060315,5,21,TRUE,FALSE
GOBP_NEGATIVE_REGULATION_OF_RECEPTOR_SIGNALING_PATHWAY_VIA_STAT,GO:BP,1.5866878996164,0.0937807703457235,25,0.390446532360793,1.7571974522293,7,25,FALSE,FALSE
GOBP_NEGATIVE_REGULATION_OF_REGULATED_SECRETORY_PATHWAY,GO:BP,1.00171406211933,0.56161191749427,24,,,,,FALSE,FALSE
GOBP_NEGATIVE_REGULATION_OF_REGULATORY_T_CELL_DIFFERENTIATION,GO:BP,2.37199982586011,4.85839687248376e-06,19,0.984968811334459,0.990900818926297,3,19,TRUE,FALSE
GOBP_NEGATIVE_REGULATION_OF_RELEASE_OF_CYTOCHROME_C_FROM_MITOCHONDRIA,GO:BP,1.79535814896825,0.0221017567460884,19,0.788586078744843,1.32120109190173,4,19,TRUE,FALSE
GOBP_NEGATIVE_REGULATION_OF_REPRODUCTIVE_PROCESS,GO:BP,1.6749049171881,0.02458767621757,51,0.180728032559177,1.7227426002248,14,51,TRUE,FALSE
GOBP_NEGATIVE_REGULATION_OF_RESPONSE_TO_BIOTIC_STIMULUS,GO:BP,2.45931070466993,2.7468154280969e-11,123,0.269719038198026,1.37759382143412,27,123,TRUE,FALSE
GOBP_NEGATIVE_REGULATION_OF_RESPONSE_TO_CYTOKINE_STIMULUS,GO:BP,1.80235736008861,0.00495630067067206,88,0.524504222588345,1.2836669699727,18,88,TRUE,FALSE
GOBP_NEGATIVE_REGULATION_OF_RESPONSE_TO_ENDOPLASMIC_RETICULUM_STRESS,GO:BP,0.626005670313593,0.987107007085691,48,1,0.392231574158326,3,48,FALSE,FALSE
GOBP_NEGATIVE_REGULATION_OF_RESPONSE_TO_EXTERNAL_STIMULUS,GO:BP,1.90123642568757,2.21266732122458e-08,373,0.213362138375746,1.22822112229738,73,373,TRUE,FALSE
GOBP_NEGATIVE_REGULATION_OF_RESPONSE_TO_TUMOR_CELL,GO:BP,1.77703719485942,0.0248320688473746,11,0.367902175932515,2.2820746132848,4,11,TRUE,FALSE
GOBP_NEGATIVE_REGULATION_OF_RESPONSE_TO_WOUNDING,GO:BP,-0.825278316371901,0.859777142241866,78,1,0.804577588017079,10,78,FALSE,FALSE
GOBP_NEGATIVE_REGULATION_OF_RHO_PROTEIN_SIGNAL_TRANSDUCTION,GO:BP,-0.853929517808656,0.752224486138037,19,1,0.330300272975432,1,19,FALSE,FALSE
GOBP_NEGATIVE_REGULATION_OF_RNA_CATABOLIC_PROCESS,GO:BP,1.94616292803894,0.000674551277756593,87,1,0.216403627121835,3,87,TRUE,FALSE
GOBP_NEGATIVE_REGULATION_OF_RNA_SPLICING,GO:BP,1.80367821898105,0.0129850965827048,39,,,,,TRUE,FALSE
GOBP_NEGATIVE_REGULATION_OF_SECRETION,GO:BP,-1.33483822079222,0.0761859101972376,140,0.449435302168702,1.25514103730664,28,140,FALSE,FALSE
GOBP_NEGATIVE_REGULATION_OF_SIGNALING_RECEPTOR_ACTIVITY,GO:BP,0.864989372623862,0.716914196456737,13,,,,,FALSE,FALSE
GOBP_NEGATIVE_REGULATION_OF_SIGNAL_TRANSDUCTION_BY_P53_CLASS_MEDIATOR,GO:BP,0.908778927706346,0.692456784120257,36,1,0.348650288140734,2,36,FALSE,FALSE
GOBP_NEGATIVE_REGULATION_OF_SIGNAL_TRANSDUCTION_IN_ABSENCE_OF_LIGAND,GO:BP,-0.792575540299336,0.856449747594242,31,1,0.607326308374182,3,31,FALSE,FALSE
GOBP_NEGATIVE_REGULATION_OF_SMAD_PROTEIN_SIGNAL_TRANSDUCTION,GO:BP,-1.80327153864468,0.0128164619158244,22,0.470180903258393,1.7115559599636,6,22,FALSE,FALSE
GOBP_NEGATIVE_REGULATION_OF_SMALL_GTPASE_MEDIATED_SIGNAL_TRANSDUCTION,GO:BP,-1.01470081101666,0.533821827521119,61,1,0.514402064469935,5,61,FALSE,FALSE
GOBP_NEGATIVE_REGULATION_OF_SMALL_MOLECULE_METABOLIC_PROCESS,GO:BP,1.32167002684175,0.133735262886252,100,0.0523112466277283,1.69444040036397,27,100,FALSE,FALSE
GOBP_NEGATIVE_REGULATION_OF_SMOOTHENED_SIGNALING_PATHWAY,GO:BP,-0.888730851562683,0.740563357148723,34,1,0.369159128619601,2,34,FALSE,FALSE
GOBP_NEGATIVE_REGULATION_OF_SMOOTH_MUSCLE_CELL_APOPTOTIC_PROCESS,GO:BP,0.922893194471553,0.659084068194649,11,0.944829045454405,1.1410373066424,2,11,FALSE,FALSE
GOBP_NEGATIVE_REGULATION_OF_SMOOTH_MUSCLE_CELL_DIFFERENTIATION,GO:BP,-1.48745743168874,0.137672273172849,16,0.655369444735246,1.5689262966333,4,16,FALSE,FALSE
GOBP_NEGATIVE_REGULATION_OF_SMOOTH_MUSCLE_CELL_MIGRATION,GO:BP,-0.940276237437182,0.654055816180478,24,0.55559567973604,1.5689262966333,6,24,FALSE,FALSE
GOBP_NEGATIVE_REGULATION_OF_SMOOTH_MUSCLE_CELL_PROLIFERATION,GO:BP,-1.41267059391334,0.111478068380842,46,0.00209202955552662,2.59213909878546,19,46,FALSE,TRUE
GOBP_NEGATIVE_REGULATION_OF_SMOOTH_MUSCLE_CONTRACTION,GO:BP,-1.50286257515925,0.136489298915913,10,1,0.627570518653321,1,10,FALSE,FALSE
GOBP_NEGATIVE_REGULATION_OF_SODIUM_ION_TRANSPORT,GO:BP,0.722686461075881,0.881012029766253,12,0.978587630542299,1.0459508644222,2,12,FALSE,FALSE
GOBP_NEGATIVE_REGULATION_OF_SPROUTING_ANGIOGENESIS,GO:BP,-1.14420506953347,0.378817391003238,13,1,0.965493105620494,2,13,FALSE,FALSE
GOBP_NEGATIVE_REGULATION_OF_STEM_CELL_DIFFERENTIATION,GO:BP,1.05568168024533,0.518339223539883,21,1,0.298843104120629,1,21,FALSE,FALSE
GOBP_NEGATIVE_REGULATION_OF_STEM_CELL_POPULATION_MAINTENANCE,GO:BP,0.720964723871004,0.897922026187913,22,,,,,FALSE,FALSE
GOBP_NEGATIVE_REGULATION_OF_STEROID_BIOSYNTHETIC_PROCESS,GO:BP,-1.13593797206935,0.383459305894113,21,0.868087644964407,1.19537241648252,4,21,FALSE,FALSE
GOBP_NEGATIVE_REGULATION_OF_STEROID_METABOLIC_PROCESS,GO:BP,0.894193833931023,0.705530414158134,26,0.430749153033336,1.68961293483586,7,26,FALSE,FALSE
GOBP_NEGATIVE_REGULATION_OF_STEROL_TRANSPORT,GO:BP,-1.159670884739,0.388074411520914,12,0.0788294468207709,3.13785259326661,6,12,FALSE,FALSE
GOBP_NEGATIVE_REGULATION_OF_STRIATED_MUSCLE_CELL_APOPTOTIC_PROCESS,GO:BP,-1.0459271069265,0.514832180859461,24,0.944829045454405,1.0459508644222,4,24,FALSE,FALSE
GOBP_NEGATIVE_REGULATION_OF_STRIATED_MUSCLE_CELL_DIFFERENTIATION,GO:BP,-1.1314647545533,0.383818810684669,35,1,0.896529312361887,5,35,FALSE,FALSE
GOBP_NEGATIVE_REGULATION_OF_SUBSTRATE_ADHESION_DEPENDENT_CELL_SPREADING,GO:BP,-1.20227428280345,0.333900387096774,13,1,0.965493105620494,2,13,FALSE,FALSE
GOBP_NEGATIVE_REGULATION_OF_SUPRAMOLECULAR_FIBER_ORGANIZATION,GO:BP,-1.72543698460042,0.0014933742934893,146,1,0.945654206189936,22,146,FALSE,FALSE
GOBP_NEGATIVE_REGULATION_OF_SYNAPSE_ASSEMBLY,GO:BP,0.869415903918733,0.712568166668904,10,0.303676489292972,2.51028207461329,4,10,FALSE,FALSE
GOBP_NEGATIVE_REGULATION_OF_SYNAPSE_ORGANIZATION,GO:BP,-1.28156083810042,0.273612472766885,15,0.164778477597013,2.51028207461329,6,15,FALSE,FALSE
GOBP_NEGATIVE_REGULATION_OF_SYNAPTIC_TRANSMISSION,GO:BP,-1.1621371491915,0.289252543480089,54,0.359721532327085,1.51081791527651,13,54,FALSE,FALSE
GOBP_NEGATIVE_REGULATION_OF_SYNCYTIUM_FORMATION_BY_PLASMA_MEMBRANE_FUSION,GO:BP,-1.2793617741509,0.16761623111433,49,1,0.128075616051698,1,49,FALSE,FALSE
GOBP_NEGATIVE_REGULATION_OF_SYSTEMIC_ARTERIAL_BLOOD_PRESSURE,GO:BP,-1.10394314148467,0.461486584499963,17,0.24615437055853,2.2149547717176,6,17,FALSE,FALSE
GOBP_NEGATIVE_REGULATION_OF_TELOMERE_MAINTENANCE,GO:BP,1.80481337427649,0.0082180831020615,38,1,0.165150136487716,1,38,TRUE,FALSE
GOBP_NEGATIVE_REGULATION_OF_TELOMERE_MAINTENANCE_VIA_TELOMERASE,GO:BP,1.64606905226445,0.0491948143282417,21,1,0.298843104120629,1,21,TRUE,FALSE
GOBP_NEGATIVE_REGULATION_OF_TELOMERE_MAINTENANCE_VIA_TELOMERE_LENGTHENING,GO:BP,1.83833517372654,0.0105519739860274,29,1,0.216403627121835,1,29,TRUE,FALSE
GOBP_NEGATIVE_REGULATION_OF_TISSUE_REMODELING,GO:BP,1.0672348355099,0.493850892499862,18,0.752302801814948,1.39460115256294,4,18,FALSE,FALSE
GOBP_NEGATIVE_REGULATION_OF_TOLL_LIKE_RECEPTOR_4_SIGNALING_PATHWAY,GO:BP,1.21526133183797,0.323282117131775,12,0.430749153033336,2.0919017288444,4,12,FALSE,FALSE
GOBP_NEGATIVE_REGULATION_OF_TOLL_LIKE_RECEPTOR_SIGNALING_PATHWAY,GO:BP,0.960970703436496,0.614728491047976,18,1,0.348650288140734,1,18,FALSE,FALSE
GOBP_NEGATIVE_REGULATION_OF_TORC1_SIGNALING,GO:BP,1.30464555722815,0.187897432372048,45,1,0.139460115256294,1,45,FALSE,FALSE
GOBP_NEGATIVE_REGULATION_OF_TOR_SIGNALING,GO:BP,1.14081798867349,0.354765130316428,67,1,0.187334483180096,2,67,FALSE,FALSE
GOBP_NEGATIVE_REGULATION_OF_TRANSCRIPTION_BY_COMPETITIVE_PROMOTER_BINDING,GO:BP,-1.22424734486201,0.324952114336231,12,0.719442465053918,1.5689262966333,3,12,FALSE,FALSE
GOBP_NEGATIVE_REGULATION_OF_TRANSCRIPTION_ELONGATION_BY_RNA_POLYMERASE_II,GO:BP,1.90045265881122,0.00764390594863789,20,1,0.313785259326661,1,20,TRUE,FALSE
GOBP_NEGATIVE_REGULATION_OF_TRANSFORMING_GROWTH_FACTOR_BETA_PRODUCTION,GO:BP,-1.21490758314429,0.324879808530978,13,0.0351505500795784,3.37922586967173,7,13,FALSE,TRUE
GOBP_NEGATIVE_REGULATION_OF_TRANSFORMING_GROWTH_FACTOR_BETA_RECEPTOR_SIGNALING_PATHWAY,GO:BP,-1.26872011019331,0.175099685130868,90,1,0.767030633909615,11,90,FALSE,FALSE
GOBP_NEGATIVE_REGULATION_OF_TRANSLATION,GO:BP,1.38386211529378,0.101137529926851,129,1,0.389191019319889,8,129,FALSE,FALSE
GOBP_NEGATIVE_REGULATION_OF_TRANSLATIONAL_INITIATION,GO:BP,1.39838837576401,0.147880116088408,28,1,0.448264656180944,2,28,FALSE,FALSE
GOBP_NEGATIVE_REGULATION_OF_TRANSMEMBRANE_RECEPTOR_PROTEIN_SERINE_THREONINE_KINASE_SIGNALING_PATHWAY,GO:BP,-1.51664577950516,0.0128775174781751,140,1,0.941355777979982,21,140,FALSE,FALSE
GOBP_NEGATIVE_REGULATION_OF_TRANSMEMBRANE_TRANSPORT,GO:BP,1.01681283942636,0.53422071907111,91,0.906741278758732,1.0344568988791,15,91,FALSE,FALSE
GOBP_NEGATIVE_REGULATION_OF_TRANSPORT,GO:BP,-1.13502496566871,0.229878048780488,355,0.916992213202331,1.00764843840111,57,355,FALSE,FALSE
GOBP_NEGATIVE_REGULATION_OF_TRANSPORTER_ACTIVITY,GO:BP,0.619562721299134,0.955366913021089,20,0.831189429132839,1.25514103730664,4,20,FALSE,FALSE
GOBP_NEGATIVE_REGULATION_OF_TRIGLYCERIDE_METABOLIC_PROCESS,GO:BP,-1.12909195727441,0.401396153858459,13,0.499747367215725,1.93098621124099,4,13,FALSE,FALSE
GOBP_NEGATIVE_REGULATION_OF_TUMOR_NECROSIS_FACTOR_MEDIATED_SIGNALING_PATHWAY,GO:BP,1.02284355987117,0.543017007368013,26,1,0.724119829215371,3,26,FALSE,FALSE
GOBP_NEGATIVE_REGULATION_OF_TUMOR_NECROSIS_FACTOR_SUPERFAMILY_CYTOKINE_PRODUCTION,GO:BP,1.84270326567128,0.00471154571725445,59,0.0561070527927801,1.91462192131522,18,59,TRUE,FALSE
GOBP_NEGATIVE_REGULATION_OF_TYPE_2_IMMUNE_RESPONSE,GO:BP,1.08426301298553,0.468700258372803,12,0.978587630542299,1.0459508644222,2,12,FALSE,FALSE
GOBP_NEGATIVE_REGULATION_OF_TYPE_II_INTERFERON_PRODUCTION,GO:BP,1.98881145380998,0.00182426354347584,39,0.036012254022514,2.25281724644782,14,39,TRUE,TRUE
GOBP_NEGATIVE_REGULATION_OF_TYPE_I_INTERFERON_MEDIATED_SIGNALING_PATHWAY,GO:BP,2.19167620408842,0.000171955367189929,21,0.426982662077329,1.79305862472378,6,21,TRUE,FALSE
GOBP_NEGATIVE_REGULATION_OF_TYPE_I_INTERFERON_PRODUCTION,GO:BP,1.71275336848897,0.033632090458603,45,0.868087644964407,1.11568092205035,8,45,TRUE,FALSE
GOBP_NEGATIVE_REGULATION_OF_T_CELL_APOPTOTIC_PROCESS,GO:BP,1.09576991440303,0.482895487620515,20,0.0377464127708868,2.82406733393995,9,20,FALSE,TRUE
GOBP_NEGATIVE_REGULATION_OF_T_CELL_CYTOKINE_PRODUCTION,GO:BP,1.71198853015733,0.0408953864512807,11,0.157795262997224,2.85259326660601,5,11,TRUE,FALSE
GOBP_NEGATIVE_REGULATION_OF_T_CELL_MEDIATED_IMMUNITY,GO:BP,2.03190277897384,0.000802773277836498,33,0.0236878641904892,2.47224749772521,13,33,TRUE,TRUE
GOBP_NEGATIVE_REGULATION_OF_T_CELL_PROLIFERATION,GO:BP,1.96739627316459,0.000563844309615909,70,0.0700677182471965,1.79305862472377,20,70,TRUE,FALSE
GOBP_NEGATIVE_REGULATION_OF_T_CELL_RECEPTOR_SIGNALING_PATHWAY,GO:BP,2.08890620667324,0.000452568129601072,39,0.23178473761861,1.77007069363757,11,39,TRUE,FALSE
GOBP_NEGATIVE_REGULATION_OF_T_HELPER_17_TYPE_IMMUNE_RESPONSE,GO:BP,1.61198686225574,0.106954420161702,14,0.55559567973604,1.79305862472377,4,14,FALSE,FALSE
GOBP_NEGATIVE_REGULATION_OF_T_HELPER_1_TYPE_IMMUNE_RESPONSE,GO:BP,1.39969295647496,0.183487131565627,14,0.825631269028654,1.34479396854283,3,14,FALSE,FALSE
GOBP_NEGATIVE_REGULATION_OF_T_HELPER_CELL_DIFFERENTIATION,GO:BP,1.43773984346517,0.133180554171686,18,0.752302801814948,1.39460115256294,4,18,FALSE,FALSE
GOBP_NEGATIVE_REGULATION_OF_UBIQUITIN_DEPENDENT_PROTEIN_CATABOLIC_PROCESS,GO:BP,1.12641174433168,0.378817391003238,56,1,0.224132328090472,2,56,FALSE,FALSE
GOBP_NEGATIVE_REGULATION_OF_VASCULAR_ASSOCIATED_SMOOTH_MUSCLE_CELL_MIGRATION,GO:BP,-1.61435260076562,0.104732341566802,11,0.655369444735246,1.7115559599636,3,11,FALSE,FALSE
GOBP_NEGATIVE_REGULATION_OF_VASCULAR_ASSOCIATED_SMOOTH_MUSCLE_CELL_PROLIFERATION,GO:BP,-1.49380128224216,0.108924496839015,22,0.274059271715015,1.9968152866242,7,22,FALSE,FALSE
GOBP_NEGATIVE_REGULATION_OF_VASCULAR_ENDOTHELIAL_GROWTH_FACTOR_RECEPTOR_SIGNALING_PATHWAY,GO:BP,-0.748936344900686,0.855007300881313,11,,,,,FALSE,FALSE
GOBP_NEGATIVE_REGULATION_OF_VASCULAR_PERMEABILITY,GO:BP,-1.83517332769682,0.0168780026170358,18,0.962721081755926,1.0459508644222,3,18,FALSE,FALSE
GOBP_NEGATIVE_REGULATION_OF_VASCULATURE_DEVELOPMENT,GO:BP,-1.29786870659157,0.114993018089984,102,0.276011524323241,1.4151099930418,23,102,FALSE,FALSE
GOBP_NEGATIVE_REGULATION_OF_VASOCONSTRICTION,GO:BP,-1.26503140782684,0.283584259133812,12,0.978587630542299,1.0459508644222,2,12,FALSE,FALSE
GOBP_NEGATIVE_REGULATION_OF_VIRAL_GENOME_REPLICATION,GO:BP,2.69437683015272,1.30713087028408e-10,43,0.0163990782147818,2.33514611591934,16,43,TRUE,TRUE
GOBP_NEGATIVE_REGULATION_OF_VIRAL_PROCESS,GO:BP,2.7962868914876,1.77943759019778e-13,66,0.0439514499216131,1.901728844404,20,66,TRUE,TRUE
GOBP_NEGATIVE_REGULATION_OF_VIRAL_TRANSCRIPTION,GO:BP,1.77569783226268,0.0387845695148765,16,1,0.392231574158326,1,16,TRUE,FALSE
GOBP_NEGATIVE_REGULATION_OF_WNT_SIGNALING_PATHWAY,GO:BP,-1.70918904248267,0.000919052316657866,159,0.310504309409784,1.3025048500352,33,159,FALSE,FALSE
GOBP_NEGATIVE_REGULATION_OF_WOUND_HEALING,GO:BP,-0.839400871796756,0.856659404502542,57,1,0.550500454959054,5,57,FALSE,FALSE
GOBP_NEGATIVE_T_CELL_SELECTION,GO:BP,1.65115630876887,0.0650303079967779,11,0.367902175932515,2.2820746132848,4,11,FALSE,FALSE
GOBP_NEPHRIC_DUCT_DEVELOPMENT,GO:BP,-1.92060594460874,0.0110654421878604,12,0.201710248379816,2.61487716105551,5,12,FALSE,FALSE
GOBP_NEPHRON_DEVELOPMENT,GO:BP,-1.96974080448949,1.84561902006775e-05,141,0.651821185004018,1.15722223297776,26,141,FALSE,FALSE
GOBP_NEPHRON_EPITHELIUM_DEVELOPMENT,GO:BP,-2.01191919466063,4.2173749390454e-05,102,0.276011524323241,1.4151099930418,23,102,FALSE,FALSE
GOBP_NEPHRON_MORPHOGENESIS,GO:BP,-1.98249005428631,0.000463576317993312,66,0.119870678450995,1.7115559599636,18,66,FALSE,FALSE
GOBP_NEPHRON_TUBULE_EPITHELIAL_CELL_DIFFERENTIATION,GO:BP,1.18940626512532,0.353059079775919,12,0.430749153033336,2.0919017288444,4,12,FALSE,FALSE
GOBP_NEPHRON_TUBULE_FORMATION,GO:BP,-1.84674543656939,0.0250048334492856,17,0.462054378260411,1.845795643098,5,17,FALSE,FALSE
GOBP_NERVE_DEVELOPMENT,GO:BP,-1.33941975137131,0.13581147805291,78,0.906741278758732,1.0459508644222,13,78,FALSE,FALSE
GOBP_NERVE_GROWTH_FACTOR_SIGNALING_PATHWAY,GO:BP,-1.47944498614163,0.156310385447657,13,1,0.482746552810247,1,13,FALSE,FALSE
GOBP_NERVOUS_SYSTEM_PROCESS_INVOLVED_IN_REGULATION_OF_SYSTEMIC_ARTERIAL_BLOOD_PRESSURE,GO:BP,0.946408442896736,0.628904156257097,11,0.367902175932515,2.2820746132848,4,11,FALSE,FALSE
GOBP_NEURAL_CREST_CELL_DIFFERENTIATION,GO:BP,-1.45603659599346,0.0402552341043409,92,0.499747367215725,1.29606954939273,19,92,FALSE,FALSE
GOBP_NEURAL_CREST_FORMATION,GO:BP,1.2640454629246,0.284618381958989,14,1,0.448264656180944,1,14,FALSE,FALSE
GOBP_NEURAL_NUCLEUS_DEVELOPMENT,GO:BP,1.27781800534816,0.213807394481405,54,1,0.813517338995046,7,54,FALSE,FALSE
GOBP_NEURAL_PRECURSOR_CELL_PROLIFERATION,GO:BP,-1.53788100868932,0.0181811817330799,134,0.627782812120181,1.1708405198756,25,134,FALSE,FALSE
GOBP_NEURAL_RETINA_DEVELOPMENT,GO:BP,-1.30597096928903,0.160998845265589,58,0.978587630542299,0.973816322048257,9,58,FALSE,FALSE
GOBP_NEURAL_TUBE_DEVELOPMENT,GO:BP,-1.46492647087206,0.0335130444872328,152,1,0.743175614194723,18,152,FALSE,FALSE
GOBP_NEURAL_TUBE_FORMATION,GO:BP,-0.919927761468634,0.732722034696473,100,1,0.753084622383986,12,100,FALSE,FALSE
GOBP_NEURAL_TUBE_PATTERNING,GO:BP,-1.97004964673643,0.00339639170466616,27,1,0.464867050854312,2,27,FALSE,FALSE
GOBP_NEUROBLAST_DIVISION,GO:BP,-0.920000498330947,0.638279727095517,14,1,0.896529312361887,2,14,FALSE,FALSE
GOBP_NEUROBLAST_PROLIFERATION,GO:BP,-1.19030317123345,0.254244102351278,52,1,0.724119829215371,6,52,FALSE,FALSE
GOBP_NEUROEPITHELIAL_CELL_DIFFERENTIATION,GO:BP,-1.2652626821836,0.255400616740671,29,1,0.43280725424367,2,29,FALSE,FALSE
GOBP_NEUROFILAMENT_CYTOSKELETON_ORGANIZATION,GO:BP,0.965655173166553,0.627029255394763,10,0.906741278758732,1.25514103730664,2,10,FALSE,FALSE
GOBP_NEUROINFLAMMATORY_RESPONSE,GO:BP,1.26291712490017,0.206087561255681,78,0.788586078744843,1.12640862322391,14,78,FALSE,FALSE
GOBP_NEUROMUSCULAR_JUNCTION_DEVELOPMENT,GO:BP,-1.37143611576521,0.143146732943667,60,1,0.732165605095541,7,60,FALSE,FALSE
GOBP_NEUROMUSCULAR_PROCESS,GO:BP,-1.74490640809535,0.0003940857072962,155,0.00534837333522179,1.74100208400599,43,155,FALSE,TRUE
GOBP_NEUROMUSCULAR_PROCESS_CONTROLLING_BALANCE,GO:BP,0.888066801478594,0.742582611130083,47,0.594213709778933,1.33525642266664,10,47,FALSE,FALSE
GOBP_NEUROMUSCULAR_PROCESS_CONTROLLING_POSTURE,GO:BP,-1.12834064499476,0.425769418281399,15,1,0.836760691537762,2,15,FALSE,FALSE
GOBP_NEUROMUSCULAR_SYNAPTIC_TRANSMISSION,GO:BP,-1.2188101371824,0.30270687802769,28,0.322029029932338,1.79305862472377,8,28,FALSE,FALSE
GOBP_NEURONAL_ACTION_POTENTIAL,GO:BP,-1.85321097762573,0.00987400899935529,31,0.268017021100583,1.82197892512255,9,31,FALSE,FALSE
GOBP_NEURONAL_ION_CHANNEL_CLUSTERING,GO:BP,-1.43172202588425,0.187601350175732,13,0.250411825363178,2.41373276405124,5,13,FALSE,FALSE
GOBP_NEURONAL_STEM_CELL_POPULATION_MAINTENANCE,GO:BP,0.883340978408338,0.716115882591855,22,1,0.570518653321201,2,22,FALSE,FALSE
GOBP_NEURON_APOPTOTIC_PROCESS,GO:BP,1.26289949705182,0.133735262886252,265,0.906741278758732,1.01832197366388,43,265,FALSE,FALSE
GOBP_NEURON_CELLULAR_HOMEOSTASIS,GO:BP,1.18639054019692,0.301243498817967,46,0.426982662077329,1.50071210982316,11,46,FALSE,FALSE
GOBP_NEURON_CELL_CELL_ADHESION,GO:BP,-1.30072839892623,0.244631679827495,18,0.05847470453086,2.78920230512587,8,18,FALSE,FALSE
GOBP_NEURON_FATE_COMMITMENT,GO:BP,-1.31327200853978,0.16425430355964,34,0.906741278758732,1.1074773858588,6,34,FALSE,FALSE
GOBP_NEURON_FATE_SPECIFICATION,GO:BP,-1.56375344188469,0.12822010763669,14,1,0.896529312361887,2,14,FALSE,FALSE
GOBP_NEURON_INTRINSIC_APOPTOTIC_SIGNALING_PATHWAY_IN_RESPONSE_TO_OXIDATIVE_STRESS,GO:BP,1.06237782318468,0.520893406382161,20,1,0.941355777979982,3,20,FALSE,FALSE
GOBP_NEURON_MATURATION,GO:BP,-1.45183867129146,0.0862678294512761,48,1,0.784463148316652,6,48,FALSE,FALSE
GOBP_NEURON_MIGRATION,GO:BP,-1.94843626532127,8.20914464591954e-06,161,0.344889297813619,1.28632466556271,33,161,FALSE,FALSE
GOBP_NEURON_PROJECTION_ARBORIZATION,GO:BP,1.02672130563062,0.540551470588235,33,1,0.570518653321201,3,33,FALSE,FALSE
GOBP_NEURON_PROJECTION_EXTENSION,GO:BP,-1.36488695455145,0.0584589894985601,149,0.506693934048772,1.22144597590244,29,149,FALSE,FALSE
GOBP_NEURON_PROJECTION_EXTENSION_INVOLVED_IN_NEURON_PROJECTION_GUIDANCE,GO:BP,-1.00664284204553,0.585181519941436,19,1,0.660600545950864,2,19,FALSE,FALSE
GOBP_NEURON_PROJECTION_GUIDANCE,GO:BP,-2.11346281969697,2.69368321244702e-08,206,0.0762698032840671,1.43183564935467,47,206,FALSE,FALSE
GOBP_NEURON_PROJECTION_MAINTENANCE,GO:BP,-0.908834020780674,0.652267241914255,10,1,0.627570518653321,1,10,FALSE,FALSE
GOBP_NEURON_PROJECTION_ORGANIZATION,GO:BP,-1.0291527621447,0.493238483225455,89,0.777355997263282,1.12821666274754,16,89,FALSE,FALSE
GOBP_NEURON_PROJECTION_REGENERATION,GO:BP,-1.40814272961957,0.109853567048,53,0.906741278758732,1.06568578639243,9,53,FALSE,FALSE
GOBP_NEURON_RECOGNITION,GO:BP,-1.11555672484077,0.411606617955824,46,0.174223812953573,1.77356885706373,13,46,FALSE,FALSE
GOBP_NEURON_REMODELING,GO:BP,0.85642598425138,0.732930312313985,13,1,0.482746552810247,1,13,FALSE,FALSE
GOBP_NEUROPEPTIDE_SIGNALING_PATHWAY,GO:BP,-1.33607082955364,0.140786653408463,58,0.0123209416968642,2.16403627121835,20,58,FALSE,TRUE
GOBP_NEUROTRANSMITTER_GATED_ION_CHANNEL_CLUSTERING,GO:BP,-1.38260945555245,0.196130655947638,15,0.355067484635544,2.0919017288444,5,15,FALSE,FALSE
GOBP_NEUROTRANSMITTER_RECEPTOR_LOCALIZATION_TO_POSTSYNAPTIC_SPECIALIZATION_MEMBRANE,GO:BP,-1.38324546250045,0.178999111351595,32,0.168405964690509,1.96115787079163,10,32,FALSE,FALSE
GOBP_NEUROTRANSMITTER_RECEPTOR_TRANSPORT,GO:BP,0.803544895481775,0.801518234263933,19,1,0.660600545950864,2,19,FALSE,FALSE
GOBP_NEUROTRANSMITTER_RECEPTOR_TRANSPORT_ENDOSOME_TO_POSTSYNAPTIC_MEMBRANE,GO:BP,0.826903213572787,0.761869864534755,10,1,0.627570518653321,1,10,FALSE,FALSE
GOBP_NEUROTRANSMITTER_RECEPTOR_TRANSPORT_TO_PLASMA_MEMBRANE,GO:BP,0.971885104814416,0.593861921629261,15,1,0.418380345768881,1,15,FALSE,FALSE
GOBP_NEUROTRANSMITTER_REUPTAKE,GO:BP,-1.42950649097767,0.146896261118112,25,0.978587630542299,1.00411282984531,4,25,FALSE,FALSE
GOBP_NEUROTRANSMITTER_SECRETION,GO:BP,-1.21615642848322,0.188466862969148,140,0.360564929623152,1.29996750292474,29,140,FALSE,FALSE
GOBP_NEUROTRANSMITTER_TRANSPORT,GO:BP,-1.39897551872995,0.0398699898749585,187,0.394553229981629,1.2417170689932,37,187,FALSE,FALSE
GOBP_NEUROTRANSMITTER_UPTAKE,GO:BP,-1.61791923316328,0.0368455408426419,38,0.978587630542299,0.990900818926297,6,38,FALSE,FALSE
GOBP_NEUROTROPHIN_SIGNALING_PATHWAY,GO:BP,-1.85486913996048,0.00518603650940103,37,0.950154516639891,1.01768192214052,6,37,FALSE,FALSE
GOBP_NEUROTROPHIN_TRK_RECEPTOR_SIGNALING_PATHWAY,GO:BP,-1.38912186849091,0.162011173184358,24,1,0.784463148316652,3,24,FALSE,FALSE
GOBP_NEUTRAL_AMINO_ACID_TRANSPORT,GO:BP,1.71203868278054,0.0178339704898194,47,0.770725625257377,1.20173078039998,9,47,TRUE,FALSE
GOBP_NEUTRAL_LIPID_BIOSYNTHETIC_PROCESS,GO:BP,-1.29923176170157,0.169359743455063,46,0.732357696090346,1.22785536258259,9,46,FALSE,FALSE
GOBP_NEUTRAL_LIPID_CATABOLIC_PROCESS,GO:BP,-1.3203720003672,0.176589146937682,39,0.365103546059801,1.60915517603416,10,39,FALSE,FALSE
GOBP_NEUTRAL_LIPID_METABOLIC_PROCESS,GO:BP,-1.51646783480732,0.0171834710818662,121,0.414818977723766,1.29663330300273,25,121,FALSE,FALSE
GOBP_NEUTROPHIL_ACTIVATION_INVOLVED_IN_IMMUNE_RESPONSE,GO:BP,1.48373103741932,0.113502041693531,20,1,0.941355777979982,3,20,FALSE,FALSE
GOBP_NEUTROPHIL_CHEMOTAXIS,GO:BP,1.89479403237044,0.000839838794471645,76,0.0807201328560962,1.73407643312102,21,76,TRUE,FALSE
GOBP_NEUTROPHIL_DEGRANULATION,GO:BP,1.13618786700006,0.422256939616273,13,1,0.482746552810247,1,13,FALSE,FALSE
GOBP_NEUTROPHIL_DIFFERENTIATION,GO:BP,0.974656305364926,0.615640808012222,10,1,0.627570518653321,1,10,FALSE,FALSE
GOBP_NEUTROPHIL_EXTRAVASATION,GO:BP,0.841017307822836,0.756658274925149,12,0.719442465053918,1.5689262966333,3,12,FALSE,FALSE
GOBP_NEUTROPHIL_HOMEOSTASIS,GO:BP,-0.895767547538375,0.694999858192235,20,0.831189429132839,1.25514103730664,4,20,FALSE,FALSE
GOBP_NEUTROPHIL_MEDIATED_CYTOTOXICITY,GO:BP,1.49501428278057,0.120559899742351,13,0.250411825363178,2.41373276405124,5,13,FALSE,FALSE
GOBP_NEUTROPHIL_MEDIATED_IMMUNITY,GO:BP,1.59200860316042,0.061601643970905,35,0.752302801814948,1.25514103730664,7,35,FALSE,FALSE
GOBP_NEUTROPHIL_MIGRATION,GO:BP,1.8796806806354,0.000851434860281225,96,0.0555898164014189,1.69967015468608,26,96,TRUE,FALSE
GOBP_NICOTINATE_METABOLIC_PROCESS,GO:BP,1.86817418154042,0.0116896292684715,11,0.655369444735246,1.7115559599636,3,11,TRUE,FALSE
GOBP_NITRIC_OXIDE_MEDIATED_SIGNAL_TRANSDUCTION,GO:BP,-1.56620377832533,0.0680803530557931,20,0.0377464127708868,2.82406733393995,9,20,FALSE,TRUE
GOBP_NITROGEN_CYCLE_METABOLIC_PROCESS,GO:BP,1.54446249070242,0.134080741733785,12,0.978587630542299,1.0459508644222,2,12,FALSE,FALSE
GOBP_NK_T_CELL_ACTIVATION,GO:BP,1.80198816802339,0.020679442692086,24,0.190629659906675,2.0919017288444,8,24,TRUE,FALSE
GOBP_NK_T_CELL_DIFFERENTIATION,GO:BP,1.25350376412395,0.284452041037252,11,0.655369444735246,1.7115559599636,3,11,FALSE,FALSE
GOBP_NK_T_CELL_PROLIFERATION,GO:BP,1.87928181079844,0.0122439677401211,10,0.303676489292972,2.51028207461329,4,10,TRUE,FALSE
GOBP_NLS_BEARING_PROTEIN_IMPORT_INTO_NUCLEUS,GO:BP,1.43058992059961,0.13581147805291,18,1,0.348650288140734,1,18,FALSE,FALSE
GOBP_NODAL_SIGNALING_PATHWAY,GO:BP,-1.03961996203577,0.517374724743542,14,1,0.448264656180944,1,14,FALSE,FALSE
GOBP_NONRIBOSOMAL_PEPTIDE_BIOSYNTHETIC_PROCESS,GO:BP,0.829471835553088,0.765562975762387,16,1,0.392231574158326,1,16,FALSE,FALSE
GOBP_NON_CANONICAL_NF_KAPPAB_SIGNAL_TRANSDUCTION,GO:BP,1.84671559050484,0.000481723228258974,124,0.56419465890021,1.21465261674836,24,124,TRUE,FALSE
GOBP_NON_CANONICAL_WNT_SIGNALING_PATHWAY,GO:BP,-1.47781349657423,0.0438747618453099,68,1,0.922897821549002,10,68,FALSE,FALSE
GOBP_NON_LYTIC_VIRAL_RELEASE,GO:BP,0.822814661879199,0.759514273417526,15,,,,,FALSE,FALSE
GOBP_NON_MOTILE_CILIUM_ASSEMBLY,GO:BP,-1.36175261748978,0.151296563078823,59,1,0.106367884517512,1,59,FALSE,FALSE
GOBP_NON_PROTEINOGENIC_AMINO_ACID_BIOSYNTHETIC_PROCESS,GO:BP,-0.807736751335812,0.791374642700088,15,1,0.418380345768881,1,15,FALSE,FALSE
GOBP_NON_PROTEINOGENIC_AMINO_ACID_CATABOLIC_PROCESS,GO:BP,1.38711507230944,0.184378868104907,15,0.355067484635544,2.0919017288444,5,15,FALSE,FALSE
GOBP_NON_PROTEINOGENIC_AMINO_ACID_METABOLIC_PROCESS,GO:BP,1.21048119244253,0.286894286700187,52,0.892380128876136,1.08617974382306,9,52,FALSE,FALSE
GOBP_NOREPINEPHRINE_METABOLIC_PROCESS,GO:BP,-1.055021086657,0.495447666234678,13,0.777355997263282,1.44823965843074,3,13,FALSE,FALSE
GOBP_NOREPINEPHRINE_TRANSPORT,GO:BP,-1.47652317229048,0.150324333523303,15,0.594213709778933,1.67352138307552,4,15,FALSE,FALSE
GOBP_NOSE_DEVELOPMENT,GO:BP,1.37110805323134,0.20188790560472,14,1,0.448264656180944,1,14,FALSE,FALSE
GOBP_NOTCH_SIGNALING_PATHWAY,GO:BP,-1.26186492560881,0.165140906458994,166,1,0.945136323273074,25,166,FALSE,FALSE
GOBP_NOTOCHORD_DEVELOPMENT,GO:BP,1.29982871633022,0.249608763693271,14,0.303676489292972,2.24132328090472,5,14,FALSE,FALSE
GOBP_NUCLEAR_BODY_ORGANIZATION,GO:BP,1.2632833914464,0.280533352579254,16,1,0.784463148316652,2,16,FALSE,FALSE
GOBP_NUCLEAR_CHROMOSOME_SEGREGATION,GO:BP,2.66276065596252,1.87611388994073e-24,306,0.0102678454452317,1.4766365144784,72,306,TRUE,TRUE
GOBP_NUCLEAR_ENVELOPE_ORGANIZATION,GO:BP,1.16701222172471,0.321557629673495,58,1,0.757412694926422,7,58,FALSE,FALSE
GOBP_NUCLEAR_EXPORT,GO:BP,1.9380386209041,2.16150997221257e-05,169,1,0.297074801729383,8,169,TRUE,FALSE
GOBP_NUCLEAR_HISTONE_MRNA_CATABOLIC_PROCESS,GO:BP,1.90142118903083,0.0101813055020501,12,,,,,TRUE,FALSE
GOBP_NUCLEAR_MEMBRANE_ORGANIZATION,GO:BP,1.01711077644418,0.544365533824149,47,1,0.534102569066656,4,47,FALSE,FALSE
GOBP_NUCLEAR_MEMBRANE_REASSEMBLY,GO:BP,1.31684168270124,0.197758825862753,26,1,0.241373276405124,1,26,FALSE,FALSE
GOBP_NUCLEAR_MRNA_SURVEILLANCE,GO:BP,0.896075838935442,0.689166959988538,11,1,0.570518653321201,1,11,FALSE,FALSE
GOBP_NUCLEAR_PORE_COMPLEX_ASSEMBLY,GO:BP,0.978075394843531,0.589176698888885,11,,,,,FALSE,FALSE
GOBP_NUCLEAR_PORE_ORGANIZATION,GO:BP,1.15897386892843,0.405326163627652,15,,,,,FALSE,FALSE
GOBP_NUCLEAR_RECEPTOR_MEDIATED_CORTICOSTEROID_SIGNALING_PATHWAY,GO:BP,-1.20494887200493,0.336563578784445,12,0.719442465053918,1.5689262966333,3,12,FALSE,FALSE
GOBP_NUCLEAR_RECEPTOR_MEDIATED_SIGNALING_PATHWAY,GO:BP,-1.02505321591811,0.495447666234678,182,0.99198586966751,0.965493105620494,28,182,FALSE,FALSE
GOBP_NUCLEAR_TRANSCRIBED_MRNA_CATABOLIC_PROCESS,GO:BP,1.94200619890998,8.51646740712502e-05,136,1,0.1845795643098,4,136,TRUE,FALSE
GOBP_NUCLEAR_TRANSCRIBED_MRNA_CATABOLIC_PROCESS_DEADENYLATION_DEPENDENT_DECAY,GO:BP,1.52536584931786,0.0765973126880305,65,1,0.193098621124099,2,65,FALSE,FALSE
GOBP_NUCLEAR_TRANSCRIBED_MRNA_CATABOLIC_PROCESS_NONSENSE_MEDIATED_DECAY,GO:BP,1.58172646519149,0.0553986345210994,40,1,0.313785259326661,2,40,FALSE,FALSE
GOBP_NUCLEAR_TRANSCRIBED_MRNA_POLY_A_TAIL_SHORTENING,GO:BP,0.980624608519657,0.596406438222958,32,1,0.196115787079163,1,32,FALSE,FALSE
GOBP_NUCLEAR_TRANSPORT,GO:BP,1.98462442325206,1.56496279063561e-08,324,1,0.58108381356789,30,324,TRUE,FALSE
GOBP_NUCLEIC_ACID_CATABOLIC_PROCESS,GO:BP,1.99272945430052,7.54151532690529e-10,369,1,0.357153953705142,21,369,TRUE,FALSE
GOBP_NUCLEOBASE_BIOSYNTHETIC_PROCESS,GO:BP,1.73076394397094,0.0280781993378753,21,1,0.896529312361887,3,21,TRUE,FALSE
GOBP_NUCLEOBASE_CONTAINING_COMPOUND_TRANSPORT,GO:BP,1.90333101140686,9.11317542038345e-06,212,1,0.325626212508799,11,212,TRUE,FALSE
GOBP_NUCLEOBASE_CONTAINING_SMALL_MOLECULE_CATABOLIC_PROCESS,GO:BP,1.84311754604936,0.0199440082923066,13,0.104005071892923,2.89647931686148,6,13,TRUE,FALSE
GOBP_NUCLEOBASE_METABOLIC_PROCESS,GO:BP,1.66012743336979,0.0374569812177476,36,0.782598341187005,1.22027600849257,7,36,TRUE,FALSE
GOBP_NUCLEOBASE_TRANSPORT,GO:BP,-1.1840636410468,0.377796663402738,11,0.944829045454405,1.1410373066424,2,11,FALSE,FALSE
GOBP_NUCLEOLAR_CHROMATIN_ORGANIZATION,GO:BP,0.860679120855867,0.722426776752036,10,,,,,FALSE,FALSE
GOBP_NUCLEOLAR_LARGE_RRNA_TRANSCRIPTION_BY_RNA_POLYMERASE_I,GO:BP,1.91786309294508,0.0069667885507855,26,,,,,TRUE,FALSE
GOBP_NUCLEOLUS_ORGANIZATION,GO:BP,1.27931557531678,0.242327648255359,17,,,,,FALSE,FALSE
GOBP_NUCLEOPHAGY,GO:BP,1.7390524060278,0.0462402273950025,23,,,,,TRUE,FALSE
GOBP_NUCLEOSIDE_BIOSYNTHETIC_PROCESS,GO:BP,1.5363821810504,0.137609689036449,16,0.906741278758732,1.17669472247498,3,16,FALSE,FALSE
GOBP_NUCLEOSIDE_DIPHOSPHATE_BIOSYNTHETIC_PROCESS,GO:BP,1.67025945818213,0.0720104706076468,13,1,0.482746552810247,1,13,FALSE,FALSE
GOBP_NUCLEOSIDE_DIPHOSPHATE_CATABOLIC_PROCESS,GO:BP,1.38969999022179,0.0960565762423403,102,1,0.861371300112402,14,102,FALSE,FALSE
GOBP_NUCLEOSIDE_DIPHOSPHATE_METABOLIC_PROCESS,GO:BP,1.65950868820282,0.0075070555825359,129,1,0.875679793469751,18,129,TRUE,FALSE
GOBP_NUCLEOSIDE_METABOLIC_PROCESS,GO:BP,1.66536998232135,0.0380632212595897,39,0.365103546059801,1.60915517603416,10,39,TRUE,FALSE
GOBP_NUCLEOSIDE_MONOPHOSPHATE_BIOSYNTHETIC_PROCESS,GO:BP,1.94391463424934,0.00378856266542326,37,1,0.848068268450434,5,37,TRUE,FALSE
GOBP_NUCLEOSIDE_MONOPHOSPHATE_CATABOLIC_PROCESS,GO:BP,2.2313423231031,0.000144019101473334,18,0.138214156280246,2.44055201698514,7,18,TRUE,FALSE
GOBP_NUCLEOSIDE_MONOPHOSPHATE_METABOLIC_PROCESS,GO:BP,2.12252581266758,4.60880838280505e-05,71,0.514476726561972,1.32585320842251,15,71,TRUE,FALSE
GOBP_NUCLEOSIDE_MONOPHOSPHATE_PHOSPHORYLATION,GO:BP,0.95747889951255,0.638043069576824,10,0.906741278758732,1.25514103730664,2,10,FALSE,FALSE
GOBP_NUCLEOSIDE_PHOSPHATE_BIOSYNTHETIC_PROCESS,GO:BP,1.46434909336179,0.0200461711918083,272,1,0.622956029545576,27,272,TRUE,FALSE
GOBP_NUCLEOSIDE_PHOSPHATE_CATABOLIC_PROCESS,GO:BP,1.64077233725574,0.00473690039200469,176,1,0.891435395814377,25,176,TRUE,FALSE
GOBP_NUCLEOSIDE_SALVAGE,GO:BP,1.5239509670266,0.123648236786534,11,0.944829045454405,1.1410373066424,2,11,FALSE,FALSE
GOBP_NUCLEOSIDE_TRIPHOSPHATE_BIOSYNTHETIC_PROCESS,GO:BP,1.59442703247555,0.0208272953137259,102,1,0.369159128619601,6,102,TRUE,FALSE
GOBP_NUCLEOSIDE_TRIPHOSPHATE_CATABOLIC_PROCESS,GO:BP,1.00704355399219,0.568968788137057,13,1,0.482746552810247,1,13,FALSE,FALSE
GOBP_NUCLEOSIDE_TRIPHOSPHATE_METABOLIC_PROCESS,GO:BP,1.68046366552562,0.000616287429772585,246,1,0.586752923944162,23,246,TRUE,FALSE
GOBP_NUCLEOSOME_ORGANIZATION,GO:BP,1.28238307344891,0.19163367969652,68,1,0.461448910774501,5,68,FALSE,FALSE
GOBP_NUCLEOTIDE_BINDING_DOMAIN_LEUCINE_RICH_REPEAT_CONTAINING_RECEPTOR_SIGNALING_PATHWAY,GO:BP,1.40128670151216,0.145248080841738,27,1,0.929734101708624,4,27,FALSE,FALSE
GOBP_NUCLEOTIDE_BINDING_OLIGOMERIZATION_DOMAIN_CONTAINING_2_SIGNALING_PATHWAY,GO:BP,1.37787759366011,0.177816494686586,17,1,0.738318257239201,2,17,FALSE,FALSE
GOBP_NUCLEOTIDE_BIOSYNTHETIC_PROCESS,GO:BP,1.63795319730486,0.00462217338412275,183,1,0.685869419293247,20,183,TRUE,FALSE
GOBP_NUCLEOTIDE_EXCISION_REPAIR,GO:BP,1.05529185587666,0.478397429957063,87,1,0.216403627121835,3,87,FALSE,FALSE
GOBP_NUCLEOTIDE_METABOLIC_PROCESS,GO:BP,1.7106044715573,5.62621718255956e-06,433,1,0.811638546064342,56,433,TRUE,FALSE
GOBP_NUCLEOTIDE_SALVAGE,GO:BP,1.5731577730394,0.0701559038838719,21,1,0.896529312361887,3,21,FALSE,FALSE
GOBP_NUCLEOTIDE_SUGAR_BIOSYNTHETIC_PROCESS,GO:BP,1.47092051152702,0.120039188472058,26,,,,,FALSE,FALSE
GOBP_NUCLEOTIDE_SUGAR_METABOLIC_PROCESS,GO:BP,1.22589701077801,0.274888197550068,40,1,0.313785259326661,2,40,FALSE,FALSE
GOBP_NUCLEOTIDE_SUGAR_TRANSMEMBRANE_TRANSPORT,GO:BP,1.62936803682959,0.0813064957520868,12,1,0.522975432211101,1,12,FALSE,FALSE
GOBP_NUCLEOTIDE_TRANSMEMBRANE_TRANSPORT,GO:BP,0.928052734684058,0.672271188419332,24,1,0.522975432211101,2,24,FALSE,FALSE
GOBP_NUCLEOTIDE_TRANSPORT,GO:BP,1.35223469861181,0.177513232861297,41,1,0.612263920637387,4,41,FALSE,FALSE
GOBP_NUCLEUS_LOCALIZATION,GO:BP,0.949877559009914,0.639929368876737,31,0.962721081755926,1.01221051395697,5,31,FALSE,FALSE
GOBP_NUCLEUS_ORGANIZATION,GO:BP,1.16633685252652,0.308231454856101,141,1,0.66762821133332,15,141,FALSE,FALSE
GOBP_NUTRIENT_STORAGE,GO:BP,0.999291771702641,0.563428348937106,85,0.172091878473813,1.55046834020232,21,85,FALSE,FALSE
GOBP_N_ACETYLGLUCOSAMINE_METABOLIC_PROCESS,GO:BP,-0.869065806595704,0.693985314714121,15,1,0.836760691537762,2,15,FALSE,FALSE
GOBP_N_ACETYLNEURAMINATE_METABOLIC_PROCESS,GO:BP,0.988822820819536,0.581284822811078,13,,,,,FALSE,FALSE
GOBP_N_GLYCAN_PROCESSING,GO:BP,-1.28700177606213,0.231954118965479,24,1,0.261487716105551,1,24,FALSE,FALSE
GOBP_N_TERMINAL_PROTEIN_AMINO_ACID_MODIFICATION,GO:BP,-0.633430731617522,0.956082942807641,13,1,0.482746552810247,1,13,FALSE,FALSE
GOBP_ODONTOBLAST_DIFFERENTIATION,GO:BP,-0.997770176401498,0.564955828499639,17,1,0.369159128619601,1,17,FALSE,FALSE
GOBP_ODONTOGENESIS,GO:BP,-1.52038308991104,0.0190233713118031,109,0.221246407488936,1.43938192351679,25,109,FALSE,FALSE
GOBP_ODONTOGENESIS_OF_DENTIN_CONTAINING_TOOTH,GO:BP,-1.28270904758351,0.164367719097817,72,0.20348743292344,1.5689262966333,18,72,FALSE,FALSE
GOBP_OLEFINIC_COMPOUND_BIOSYNTHETIC_PROCESS,GO:BP,-1.28497563380016,0.242385576549777,26,0.99198586966751,0.965493105620494,4,26,FALSE,FALSE
GOBP_OLEFINIC_COMPOUND_METABOLIC_PROCESS,GO:BP,-1.23261975950018,0.165591300133285,143,0.00214192680300512,1.84321411073003,42,143,FALSE,TRUE
GOBP_OLFACTORY_BEHAVIOR,GO:BP,-1.21726610618228,0.331885739185736,11,0.0555898164014189,3.42311191992721,6,11,FALSE,FALSE
GOBP_OLFACTORY_BULB_INTERNEURON_DIFFERENTIATION,GO:BP,1.02544668530544,0.543171799569665,11,0.944829045454405,1.1410373066424,2,11,FALSE,FALSE
GOBP_OLFACTORY_LOBE_DEVELOPMENT,GO:BP,1.24263047236994,0.274388371336712,32,0.168405964690509,1.96115787079163,10,32,FALSE,FALSE
GOBP_OLIGODENDROCYTE_DEVELOPMENT,GO:BP,-1.59837898687346,0.043628704320842,40,0.902674157598632,1.09824840764331,7,40,FALSE,FALSE
GOBP_OLIGODENDROCYTE_DIFFERENTIATION,GO:BP,-1.6104876137712,0.0221211086395191,88,0.7592803140333,1.1410373066424,16,88,FALSE,FALSE
GOBP_OLIGOPEPTIDE_TRANSMEMBRANE_TRANSPORT,GO:BP,1.62204619413382,0.0937807703457235,16,1,0.784463148316652,2,16,FALSE,FALSE
GOBP_OLIGOPEPTIDE_TRANSPORT,GO:BP,1.57919911487422,0.109752956048054,18,0.962721081755926,1.0459508644222,3,18,FALSE,FALSE
GOBP_OLIGOSACCHARIDE_BIOSYNTHETIC_PROCESS,GO:BP,1.6196354762673,0.0766717757188868,25,0.0212190172986437,2.76131028207461,11,25,FALSE,TRUE
GOBP_OLIGOSACCHARIDE_CATABOLIC_PROCESS,GO:BP,1.12381287525833,0.42461786001609,12,0.978587630542299,1.0459508644222,2,12,FALSE,FALSE
GOBP_OLIGOSACCHARIDE_METABOLIC_PROCESS,GO:BP,1.37550981053452,0.125532872229342,54,0.0529531247051942,1.97568496613083,17,54,FALSE,FALSE
GOBP_ONE_CARBON_COMPOUND_TRANSPORT,GO:BP,-1.2607589585162,0.301243498817967,14,0.303676489292972,2.24132328090472,5,14,FALSE,FALSE
GOBP_ONE_CARBON_METABOLIC_PROCESS,GO:BP,1.82196546614299,0.017903186650474,24,0.944829045454405,1.0459508644222,4,24,TRUE,FALSE
GOBP_OOCYTE_DIFFERENTIATION,GO:BP,1.48578751339457,0.0954836021654214,53,0.0814019498323071,1.8945525091421,16,53,FALSE,FALSE
GOBP_OOCYTE_MATURATION,GO:BP,1.84514036993636,0.0117429616879181,27,0.157795262997224,2.0919017288444,9,27,TRUE,FALSE
GOBP_OOGENESIS,GO:BP,1.28696071406912,0.186021417920564,82,0.0906408551819579,1.68372578175281,22,82,FALSE,FALSE
GOBP_OPSONIZATION,GO:BP,1.08018374438083,0.47751994729522,16,0.408568153127978,1.96115787079163,5,16,FALSE,FALSE
GOBP_OPTIC_NERVE_DEVELOPMENT,GO:BP,1.01960181276,0.553112418551512,12,0.978587630542299,1.0459508644222,2,12,FALSE,FALSE
GOBP_ORGANELLE_DISASSEMBLY,GO:BP,1.77076857700078,0.00730509662178547,67,1,0.281001724770144,3,67,TRUE,FALSE
GOBP_ORGANELLE_FISSION,GO:BP,2.37419957848923,4.94573088413961e-22,457,0.00940427272096494,1.38697204341325,101,457,TRUE,TRUE
GOBP_ORGANELLE_FUSION,GO:BP,1.17270469706291,0.286848430900429,171,1,0.734000606612072,20,171,FALSE,FALSE
GOBP_ORGANELLE_INHERITANCE,GO:BP,1.7701196662275,0.0401490403033268,16,1,0.784463148316652,2,16,TRUE,FALSE
GOBP_ORGANELLE_MEMBRANE_FUSION,GO:BP,0.888747914425785,0.76812078840362,128,1,0.637376308007279,13,128,FALSE,FALSE
GOBP_ORGANELLE_TRANSPORT_ALONG_MICROTUBULE,GO:BP,-0.861638315596709,0.832347287600616,94,1,0.734391032466652,11,94,FALSE,FALSE
GOBP_ORGANIC_ACID_BIOSYNTHETIC_PROCESS,GO:BP,1.01488653504266,0.530332631703774,291,0.154378785480294,1.29395983227489,60,291,FALSE,FALSE
GOBP_ORGANIC_ACID_CATABOLIC_PROCESS,GO:BP,-1.1589313144056,0.224750883888236,218,1,0.949992069521082,33,218,FALSE,FALSE
GOBP_ORGANIC_ACID_TRANSPORT,GO:BP,1.38141240451425,0.0504146660164926,277,0.0626293965258465,1.38201449956147,61,277,FALSE,FALSE
GOBP_ORGANIC_ANION_TRANSPORT,GO:BP,1.42193792900827,0.00989088607285012,354,0.0297636355943426,1.38278249872766,78,354,TRUE,TRUE
GOBP_ORGANIC_CATION_TRANSPORT,GO:BP,1.32029774018843,0.150022192632046,92,0.594213709778933,1.22785536258259,18,92,FALSE,FALSE
GOBP_ORGANIC_HYDROXY_COMPOUND_TRANSPORT,GO:BP,-1.19861165956004,0.182397591544433,215,0.157795262997224,1.34270901665362,46,215,FALSE,FALSE
GOBP_ORGANISM_EMERGENCE_FROM_PROTECTIVE_STRUCTURE,GO:BP,-0.909794394067133,0.693855782230585,28,1,0.896529312361887,4,28,FALSE,FALSE
GOBP_ORGANOPHOSPHATE_CATABOLIC_PROCESS,GO:BP,1.62756816262656,0.00273979773159063,233,0.906741278758732,1.02350556690241,38,233,TRUE,FALSE
GOBP_ORGANOPHOSPHATE_ESTER_TRANSPORT,GO:BP,1.40769841760748,0.0646018974335189,155,1,0.769279990607297,19,155,FALSE,FALSE
GOBP_ORGAN_GROWTH,GO:BP,-1.6412105032242,0.00335615473280981,148,0.588991216311528,1.18729557583061,28,148,FALSE,FALSE
GOBP_ORGAN_INDUCTION,GO:BP,-1.85801270449579,0.00899849201034937,21,0.644324793180605,1.49421552060315,5,21,FALSE,FALSE
GOBP_ORGAN_OR_TISSUE_SPECIFIC_IMMUNE_RESPONSE,GO:BP,1.06901421359472,0.481714723000344,23,0.303676489292972,1.90999723068402,7,23,FALSE,FALSE
GOBP_OSSIFICATION,GO:BP,-1.42899695229584,0.00304492636392175,380,0.0807201328560962,1.30468607825296,79,380,FALSE,FALSE
GOBP_OSTEOBLAST_DEVELOPMENT,GO:BP,-1.47767385781571,0.150324333523303,15,0.868087644964407,1.25514103730664,3,15,FALSE,FALSE
GOBP_OSTEOBLAST_DIFFERENTIATION,GO:BP,-1.23448537715826,0.163101363083141,214,0.449194369048182,1.20235473199935,41,214,FALSE,FALSE
GOBP_OSTEOBLAST_PROLIFERATION,GO:BP,-1.18790795770945,0.328380098717271,31,0.150628381051794,2.02442102791394,10,31,FALSE,FALSE
GOBP_OSTEOCLAST_DIFFERENTIATION,GO:BP,1.45287061628612,0.0816746859614527,101,0.559114312538003,1.24271389832341,20,101,FALSE,FALSE
GOBP_OTIC_VESICLE_DEVELOPMENT,GO:BP,-1.35416267787344,0.237246656211605,11,1,0.570518653321201,1,11,FALSE,FALSE
GOBP_OUTER_MITOCHONDRIAL_MEMBRANE_ORGANIZATION,GO:BP,1.46790063658299,0.136260955995301,14,,,,,FALSE,FALSE
GOBP_OUTFLOW_TRACT_MORPHOGENESIS,GO:BP,-1.93148448976442,0.000336576865181453,75,1,0.920436760691538,11,75,FALSE,FALSE
GOBP_OUTFLOW_TRACT_SEPTUM_MORPHOGENESIS,GO:BP,-1.56968947809199,0.0911000327234837,24,1,0.261487716105551,1,24,FALSE,FALSE
GOBP_OVARIAN_FOLLICLE_DEVELOPMENT,GO:BP,-1.65419332915177,0.0248828224334348,52,0.984968811334459,0.965493105620494,8,52,FALSE,FALSE
GOBP_OVULATION,GO:BP,-1.03118352400522,0.528782615462984,15,0.594213709778933,1.67352138307552,4,15,FALSE,FALSE
GOBP_OVULATION_CYCLE,GO:BP,-1.61049146899638,0.0250749738082117,55,0.937040972683617,1.02693357597816,9,55,FALSE,FALSE
GOBP_OVULATION_CYCLE_PROCESS,GO:BP,-1.71427868414821,0.0176456207961864,40,0.719442465053918,1.25514103730664,8,40,FALSE,FALSE
GOBP_OXALOACETATE_METABOLIC_PROCESS,GO:BP,0.984698959853579,0.585181519941436,11,0.944829045454405,1.1410373066424,2,11,FALSE,FALSE
GOBP_OXIDATIVE_PHOSPHORYLATION,GO:BP,1.74508751803613,0.00203748103979976,126,1,0.348650288140734,7,126,TRUE,FALSE
GOBP_P38MAPK_CASCADE,GO:BP,1.64879189305094,0.0316302363923454,53,0.610175830929717,1.3025048500352,11,53,TRUE,FALSE
GOBP_PALLIUM_DEVELOPMENT,GO:BP,-1.13960412098831,0.277911111111111,167,0.777355997263282,1.08979311622433,29,167,FALSE,FALSE
GOBP_PANCREAS_DEVELOPMENT,GO:BP,-1.64592509663169,0.0207116066020649,59,1,0.744575191622585,7,59,FALSE,FALSE
GOBP_PANCREATIC_JUICE_SECRETION,GO:BP,-1.49778671159379,0.136489298915913,10,1,0.627570518653321,1,10,FALSE,FALSE
GOBP_PARASYMPATHETIC_NERVOUS_SYSTEM_DEVELOPMENT,GO:BP,-1.55171223435723,0.131034989867322,15,1,0.418380345768881,1,15,FALSE,FALSE
GOBP_PARAXIAL_MESODERM_DEVELOPMENT,GO:BP,-1.0832399140607,0.481714723000344,17,1,0.738318257239201,2,17,FALSE,FALSE
GOBP_PARAXIAL_MESODERM_MORPHOGENESIS,GO:BP,-0.850228971992807,0.720872081988992,11,0.944829045454405,1.1410373066424,2,11,FALSE,FALSE
GOBP_PARENTAL_BEHAVIOR,GO:BP,-1.20005615745686,0.346189164370983,12,0.719442465053918,1.5689262966333,3,12,FALSE,FALSE
GOBP_PARTURITION,GO:BP,-1.08919378520577,0.482097651627736,12,0.719442465053918,1.5689262966333,3,12,FALSE,FALSE
GOBP_PATTERN_SPECIFICATION_PROCESS,GO:BP,-2.09958741841363,4.11226476864008e-13,385,0.594213709778933,1.10843624073833,68,385,FALSE,FALSE
GOBP_PENTOSE_METABOLIC_PROCESS,GO:BP,0.947352345514543,0.62563584544897,11,1,0.570518653321201,1,11,FALSE,FALSE
GOBP_PENTOSE_PHOSPHATE_SHUNT,GO:BP,1.58422485726204,0.106489393187848,18,1,0.348650288140734,1,18,FALSE,FALSE
GOBP_PEPTIDE_ANTIGEN_ASSEMBLY_WITH_MHC_CLASS_II_PROTEIN_COMPLEX,GO:BP,1.33949366363578,0.224065269072833,14,,,,,FALSE,FALSE
GOBP_PEPTIDE_ANTIGEN_ASSEMBLY_WITH_MHC_PROTEIN_COMPLEX,GO:BP,1.64613861628759,0.0569919112408451,19,,,,,FALSE,FALSE
GOBP_PEPTIDE_BIOSYNTHETIC_PROCESS,GO:BP,0.894256660352274,0.706382475046943,27,1,0.929734101708624,4,27,FALSE,FALSE
GOBP_PEPTIDE_CATABOLIC_PROCESS,GO:BP,-0.870760127558209,0.722426776752036,19,0.984968811334459,0.990900818926297,3,19,FALSE,FALSE
GOBP_PEPTIDE_CROSS_LINKING,GO:BP,1.97101919875917,0.00762489872833549,15,0.0223852755813793,3.34704276615105,8,15,TRUE,TRUE
GOBP_PEPTIDE_METABOLIC_PROCESS,GO:BP,-0.780055527337137,0.920522276438712,60,1,0.941355777979982,9,60,FALSE,FALSE
GOBP_PEPTIDE_TRANSPORT,GO:BP,1.14696315895737,0.277911111111111,225,0.367902175932515,1.22724901425538,44,225,FALSE,FALSE
GOBP_PEPTIDYL_AMINO_ACID_MODIFICATION,GO:BP,1.35148913799766,0.0260500944334811,372,1,0.809768411165576,48,372,TRUE,FALSE
GOBP_PEPTIDYL_CYSTEINE_MODIFICATION,GO:BP,1.34792809619797,0.207059646498227,20,0.373914079428919,1.88271155595996,6,20,FALSE,FALSE
GOBP_PEPTIDYL_GLUTAMIC_ACID_MODIFICATION,GO:BP,-0.943532876380948,0.636629436617548,18,1,0.348650288140734,1,18,FALSE,FALSE
GOBP_PEPTIDYL_LYSINE_ACETYLATION,GO:BP,-1.10990887044014,0.431900889112054,14,1,0.448264656180944,1,14,FALSE,FALSE
GOBP_PEPTIDYL_LYSINE_METHYLATION,GO:BP,1.47532769370968,0.1434433193361,12,,,,,FALSE,FALSE
GOBP_PEPTIDYL_LYSINE_MODIFICATION,GO:BP,0.957695545432854,0.631515612135031,116,1,0.43280725424367,8,116,FALSE,FALSE
GOBP_PEPTIDYL_L_CYSTEINE_S_PALMITOYLATION,GO:BP,-1.15141677909382,0.381636850091846,14,0.825631269028654,1.34479396854283,3,14,FALSE,FALSE
GOBP_PEPTIDYL_SERINE_MODIFICATION,GO:BP,1.08651135759752,0.442330666174965,66,1,0.760691537761602,8,66,FALSE,FALSE
GOBP_PEPTIDYL_THREONINE_PHOSPHORYLATION,GO:BP,1.16885500730922,0.340488407028679,31,1,0.809768411165576,4,31,FALSE,FALSE
GOBP_PEPTIDYL_TYROSINE_DEPHOSPHORYLATION,GO:BP,0.823254541145466,0.787876487792878,18,1,0.348650288140734,1,18,FALSE,FALSE
GOBP_PEPTIDYL_TYROSINE_MODIFICATION,GO:BP,1.24755571584465,0.193093666497346,117,0.434962383480247,1.28732414082733,24,117,FALSE,FALSE
GOBP_PERICARDIUM_DEVELOPMENT,GO:BP,1.14778011749462,0.423636189012678,15,0.868087644964407,1.25514103730664,3,15,FALSE,FALSE
GOBP_PERICYTE_CELL_DIFFERENTIATION,GO:BP,-1.36068107519834,0.237523784812316,10,0.594213709778933,1.88271155595996,3,10,FALSE,FALSE
GOBP_PERIPHERAL_NERVOUS_SYSTEM_AXON_ENSHEATHMENT,GO:BP,-2.0625999393941,0.00114407627333114,28,0.906741278758732,1.12066164045236,5,28,FALSE,FALSE
GOBP_PERIPHERAL_NERVOUS_SYSTEM_DEVELOPMENT,GO:BP,-2.06637856556063,5.88340999842562e-05,78,0.788586078744843,1.12640862322391,14,78,FALSE,FALSE
GOBP_PERIPHERAL_NERVOUS_SYSTEM_NEURON_DIFFERENTIATION,GO:BP,-0.747718477723027,0.835538380223553,12,1,0.522975432211101,1,12,FALSE,FALSE
GOBP_PERK_MEDIATED_UNFOLDED_PROTEIN_RESPONSE,GO:BP,1.32289442625639,0.217539606664846,24,1,0.261487716105551,1,24,FALSE,FALSE
GOBP_PEROXISOMAL_TRANSPORT,GO:BP,-0.584524139953365,0.982313242140842,22,1,0.285259326660601,1,22,FALSE,FALSE
GOBP_PEROXISOME_FISSION,GO:BP,-1.06060882207362,0.507105290386779,11,,,,,FALSE,FALSE
GOBP_PEROXISOME_ORGANIZATION,GO:BP,-0.615811293952768,0.979330813971952,34,1,0.1845795643098,1,34,FALSE,FALSE
GOBP_PEROXISOME_PROLIFERATOR_ACTIVATED_RECEPTOR_SIGNALING_PATHWAY,GO:BP,-0.967196990519703,0.607995282497829,29,0.918519119712341,1.08201813560917,5,29,FALSE,FALSE
GOBP_PHAGOCYTOSIS,GO:BP,1.60902881741986,0.00319559216853249,219,0.655369444735246,1.11759133458811,39,219,TRUE,FALSE
GOBP_PHAGOCYTOSIS_ENGULFMENT,GO:BP,1.05284042228451,0.487994351296689,46,0.588991216311528,1.36428373620287,10,46,FALSE,FALSE
GOBP_PHAGOCYTOSIS_RECOGNITION,GO:BP,1.14060493474457,0.410997098761895,28,0.0439514499216131,2.46545560899519,11,28,FALSE,TRUE
GOBP_PHAGOLYSOSOME_ASSEMBLY,GO:BP,0.907488789749256,0.674455342219113,19,,,,,FALSE,FALSE
GOBP_PHAGOSOME_LYSOSOME_FUSION,GO:BP,0.939086655452188,0.642533319698674,14,,,,,FALSE,FALSE
GOBP_PHAGOSOME_MATURATION,GO:BP,1.57527458448359,0.0638353003913901,31,1,0.607326308374182,3,31,FALSE,FALSE
GOBP_PHARYNGEAL_ARCH_ARTERY_MORPHOGENESIS,GO:BP,-1.73072249519765,0.0428714225079244,10,1,0.627570518653321,1,10,FALSE,FALSE
GOBP_PHARYNGEAL_SYSTEM_DEVELOPMENT,GO:BP,-2.0368746035052,0.00177324694511137,26,0.99198586966751,0.965493105620494,4,26,FALSE,FALSE
GOBP_PHASIC_SMOOTH_MUSCLE_CONTRACTION,GO:BP,-1.18050432064027,0.375754816577875,16,0.655369444735246,1.5689262966333,4,16,FALSE,FALSE
GOBP_PHENOL_CONTAINING_COMPOUND_BIOSYNTHETIC_PROCESS,GO:BP,1.39084259037339,0.14913309054103,42,0.303676489292972,1.64363707266346,11,42,FALSE,FALSE
GOBP_PHENOL_CONTAINING_COMPOUND_CATABOLIC_PROCESS,GO:BP,0.880057356643588,0.712519097959536,12,0.719442465053918,1.5689262966333,3,12,FALSE,FALSE
GOBP_PHENOL_CONTAINING_COMPOUND_METABOLIC_PROCESS,GO:BP,1.27252912997845,0.187897432372048,99,0.0087527667485165,1.901728844404,30,99,FALSE,TRUE
GOBP_PHOSPHATE_ION_HOMEOSTASIS,GO:BP,-0.594064344383482,0.948605072189949,10,0.594213709778933,1.88271155595996,3,10,FALSE,FALSE
GOBP_PHOSPHATE_ION_TRANSMEMBRANE_TRANSPORT,GO:BP,0.762863030641288,0.848476516355045,14,0.55559567973604,1.79305862472377,4,14,FALSE,FALSE
GOBP_PHOSPHATE_ION_TRANSPORT,GO:BP,-1.04591164394566,0.507993964085402,20,0.594213709778933,1.5689262966333,5,20,FALSE,FALSE
GOBP_PHOSPHATIDIC_ACID_METABOLIC_PROCESS,GO:BP,0.800569026562198,0.836487469471186,34,1,0.369159128619601,2,34,FALSE,FALSE
GOBP_PHOSPHATIDYLCHOLINE_ACYL_CHAIN_REMODELING,GO:BP,1.54641706380121,0.14212834956938,15,1,0.836760691537762,2,15,FALSE,FALSE
GOBP_PHOSPHATIDYLCHOLINE_BIOSYNTHETIC_PROCESS,GO:BP,1.09069880373132,0.459709726872958,24,1,0.784463148316652,3,24,FALSE,FALSE
GOBP_PHOSPHATIDYLCHOLINE_CATABOLIC_PROCESS,GO:BP,0.926175190054981,0.654513888888889,14,0.55559567973604,1.79305862472377,4,14,FALSE,FALSE
GOBP_PHOSPHATIDYLCHOLINE_METABOLIC_PROCESS,GO:BP,1.36746451958386,0.132874459888568,59,0.496872913326769,1.38278249872766,13,59,FALSE,FALSE
GOBP_PHOSPHATIDYLETHANOLAMINE_METABOLIC_PROCESS,GO:BP,0.977697621412539,0.615007069635914,22,0.678746825280159,1.426296633303,5,22,FALSE,FALSE
GOBP_PHOSPHATIDYLGLYCEROL_METABOLIC_PROCESS,GO:BP,1.2412515570867,0.277911111111111,30,0.594213709778933,1.46433121019108,7,30,FALSE,FALSE
GOBP_PHOSPHATIDYLINOSITOL_3_KINASE_PROTEIN_KINASE_B_SIGNAL_TRANSDUCTION,GO:BP,-1.31382149195281,0.0273034568939714,305,0.86839983263785,1.02880412893987,50,305,FALSE,FALSE
GOBP_PHOSPHATIDYLINOSITOL_3_PHOSPHATE_BIOSYNTHETIC_PROCESS,GO:BP,-1.03288689230616,0.526442638523845,24,1,0.261487716105551,1,24,FALSE,FALSE
GOBP_PHOSPHATIDYLINOSITOL_BIOSYNTHETIC_PROCESS,GO:BP,0.750100668965442,0.951090680849257,114,1,0.165150136487716,3,114,FALSE,FALSE
GOBP_PHOSPHATIDYLINOSITOL_DEPHOSPHORYLATION,GO:BP,-1.3537288969973,0.185482516139871,24,1,0.261487716105551,1,24,FALSE,FALSE
GOBP_PHOSPHATIDYLINOSITOL_MEDIATED_SIGNALING,GO:BP,-1.2351507987171,0.278327788253049,24,1,0.784463148316652,3,24,FALSE,FALSE
GOBP_PHOSPHATIDYLINOSITOL_METABOLIC_PROCESS,GO:BP,1.01494616741018,0.529339341719503,141,1,0.445085474222214,10,141,FALSE,FALSE
GOBP_PHOSPHATIDYLINOSITOL_PHOSPHATE_BIOSYNTHETIC_PROCESS,GO:BP,0.785049073507585,0.878485370051635,53,1,0.118409531821381,1,53,FALSE,FALSE
GOBP_PHOSPHATIDYLSERINE_METABOLIC_PROCESS,GO:BP,1.05901440877404,0.508821278690602,21,0.868087644964407,1.19537241648252,4,21,FALSE,FALSE
GOBP_PHOSPHOLIPASE_C_ACTIVATING_G_PROTEIN_COUPLED_RECEPTOR_SIGNALING_PATHWAY,GO:BP,-1.53323149662226,0.0199440082923066,111,0.000954948000375408,2.03536384428104,36,111,FALSE,TRUE
GOBP_PHOSPHOLIPASE_C_PROTEIN_KINASE_C_SIGNAL_TRANSDUCTION,GO:BP,1.08784796820856,0.464704811463161,12,1,0.522975432211101,1,12,FALSE,FALSE
GOBP_PHOSPHOLIPID_BIOSYNTHETIC_PROCESS,GO:BP,-0.85195861384925,0.942021376448213,239,1,0.393872710451875,15,239,FALSE,FALSE
GOBP_PHOSPHOLIPID_CATABOLIC_PROCESS,GO:BP,1.37281113341477,0.141530433370953,51,0.424386579053364,1.4766365144784,12,51,FALSE,FALSE
GOBP_PHOSPHOLIPID_DEPHOSPHORYLATION,GO:BP,-1.56866411682106,0.0392995969224979,35,1,0.537917587417133,3,35,FALSE,FALSE
GOBP_PHOSPHOLIPID_HOMEOSTASIS,GO:BP,-0.85904415968956,0.709871360534197,17,1,0.738318257239201,2,17,FALSE,FALSE
GOBP_PHOSPHOLIPID_METABOLIC_PROCESS,GO:BP,-0.919848739815779,0.800327772556391,346,1,0.761790802989581,42,346,FALSE,FALSE
GOBP_PHOSPHOLIPID_TRANSPORT,GO:BP,1.33672551400839,0.132554607957858,97,0.978587630542299,0.970469874206167,15,97,FALSE,FALSE
GOBP_PHOTOPERIODISM,GO:BP,-0.791781744246757,0.824846214399427,23,1,0.545713494481149,2,23,FALSE,FALSE
GOBP_PHOTORECEPTOR_CELL_DEVELOPMENT,GO:BP,-0.957894325198083,0.63605982933714,43,1,0.729733161224792,5,43,FALSE,FALSE
GOBP_PHOTORECEPTOR_CELL_DIFFERENTIATION,GO:BP,-0.928462583983654,0.694022339369322,60,1,0.836760691537762,8,60,FALSE,FALSE
GOBP_PHOTORECEPTOR_CELL_MAINTENANCE,GO:BP,-1.2627629734123,0.228243524900444,36,0.937040972683617,1.0459508644222,6,36,FALSE,FALSE
GOBP_PHOTORECEPTOR_CELL_OUTER_SEGMENT_ORGANIZATION,GO:BP,-0.958727847113887,0.623065018579025,12,0.978587630542299,1.0459508644222,2,12,FALSE,FALSE
GOBP_PHOTOTRANSDUCTION,GO:BP,-0.721243878764199,0.907689567973786,26,0.430749153033336,1.68961293483586,7,26,FALSE,FALSE
GOBP_PHOTOTRANSDUCTION_VISIBLE_LIGHT,GO:BP,-0.914283772500088,0.648934545693531,10,0.906741278758732,1.25514103730664,2,10,FALSE,FALSE
GOBP_PHYSIOLOGICAL_CARDIAC_MUSCLE_HYPERTROPHY,GO:BP,-1.15317053358344,0.386543472777633,19,1,0.660600545950864,2,19,FALSE,FALSE
GOBP_PIECEMEAL_MICROAUTOPHAGY_OF_THE_NUCLEUS,GO:BP,1.39303815256618,0.155560634050036,18,,,,,FALSE,FALSE
GOBP_PIGMENTATION,GO:BP,1.31566764103263,0.145090681676048,111,1,0.848068268450434,15,111,FALSE,FALSE
GOBP_PIGMENT_ACCUMULATION,GO:BP,1.63795673276201,0.0963958123489417,14,0.55559567973604,1.79305862472377,4,14,FALSE,FALSE
GOBP_PIGMENT_BIOSYNTHETIC_PROCESS,GO:BP,1.42278207575164,0.137340915361799,54,1,0.697300576281468,6,54,FALSE,FALSE
GOBP_PIGMENT_CELL_DIFFERENTIATION,GO:BP,1.00684658815505,0.559269389458069,31,1,0.809768411165576,4,31,FALSE,FALSE
GOBP_PIGMENT_GRANULE_LOCALIZATION,GO:BP,1.79228007203723,0.025427338305744,25,1,0.502056414922657,2,25,TRUE,FALSE
GOBP_PIGMENT_GRANULE_MATURATION,GO:BP,1.25768126182845,0.287347178082922,10,1,0.627570518653321,1,10,FALSE,FALSE
GOBP_PIGMENT_GRANULE_ORGANIZATION,GO:BP,1.29532819888734,0.218603064896423,40,1,0.941355777979982,6,40,FALSE,FALSE
GOBP_PIGMENT_METABOLIC_PROCESS,GO:BP,1.84299739609465,0.00175452570439486,76,0.383051910577596,1.40377616014559,17,76,TRUE,FALSE
GOBP_PINOCYTOSIS,GO:BP,1.05045826259095,0.526697985752886,22,1,0.570518653321201,2,22,FALSE,FALSE
GOBP_PIRNA_MEDIATED_HETEROCHROMATIN_FORMATION,GO:BP,-1.37115662482511,0.231139854437467,10,0.906741278758732,1.25514103730664,2,10,FALSE,FALSE
GOBP_PIRNA_PROCESSING,GO:BP,-1.00079722060299,0.551695743777516,14,0.825631269028654,1.34479396854283,3,14,FALSE,FALSE
GOBP_PITUITARY_GLAND_DEVELOPMENT,GO:BP,-1.43616348893853,0.133112999050373,27,0.290924701964477,1.85946820341725,8,27,FALSE,FALSE
GOBP_PLACENTA_BLOOD_VESSEL_DEVELOPMENT,GO:BP,0.816522928254507,0.821674788426874,31,0.8068601672033,1.21465261674836,6,31,FALSE,FALSE
GOBP_PLACENTA_DEVELOPMENT,GO:BP,1.04291638610005,0.491972389033557,145,0.0807201328560962,1.51482538985284,35,145,FALSE,FALSE
GOBP_PLASMA_LIPOPROTEIN_PARTICLE_CLEARANCE,GO:BP,1.07670753848957,0.462518403843963,41,0.0014292018120999,2.75518764286824,18,41,FALSE,TRUE
GOBP_PLASMA_MEMBRANE_FUSION,GO:BP,-1.49529112886716,0.152046783625731,14,0.303676489292972,2.24132328090472,5,14,FALSE,FALSE
GOBP_PLASMA_MEMBRANE_ORGANIZATION,GO:BP,-1.09517907334184,0.381501720299535,145,1,0.779053057638606,18,145,FALSE,FALSE
GOBP_PLASMA_MEMBRANE_PHOSPHOLIPID_SCRAMBLING,GO:BP,1.08778927074707,0.470251989859785,27,1,0.929734101708624,4,27,FALSE,FALSE
GOBP_PLASMA_MEMBRANE_RAFT_ORGANIZATION,GO:BP,-1.64920264760262,0.0857260242429089,12,1,0.522975432211101,1,12,FALSE,FALSE
GOBP_PLASMA_MEMBRANE_REPAIR,GO:BP,-0.793856526856255,0.846235783507582,29,1,0.216403627121835,1,29,FALSE,FALSE
GOBP_PLASMA_MEMBRANE_TO_ENDOSOME_TRANSPORT,GO:BP,1.52150704546683,0.141423185465593,10,,,,,FALSE,FALSE
GOBP_PLASMA_MEMBRANE_TUBULATION,GO:BP,0.859544397365004,0.736854121356852,18,1,0.348650288140734,1,18,FALSE,FALSE
GOBP_PLASMINOGEN_ACTIVATION,GO:BP,1.39928612700692,0.163101363083141,22,0.906741278758732,1.1410373066424,4,22,FALSE,FALSE
GOBP_PLATELET_ACTIVATION,GO:BP,1.01220308236873,0.54574488193692,130,1,0.868943795058445,18,130,FALSE,FALSE
GOBP_PLATELET_AGGREGATION,GO:BP,1.29495953861394,0.177919049469768,73,1,0.687748513592681,8,73,FALSE,FALSE
GOBP_PLATELET_DENSE_GRANULE_ORGANIZATION,GO:BP,1.38495105196265,0.164002798734485,24,1,0.522975432211101,2,24,FALSE,FALSE
GOBP_PLATELET_DERIVED_GROWTH_FACTOR_RECEPTOR_BETA_SIGNALING_PATHWAY,GO:BP,-1.25554079619948,0.313593639679925,15,0.868087644964407,1.25514103730664,3,15,FALSE,FALSE
GOBP_PLATELET_DERIVED_GROWTH_FACTOR_RECEPTOR_SIGNALING_PATHWAY,GO:BP,-1.45508074555364,0.102974217122129,58,0.141288281551109,1.73122901697468,16,58,FALSE,FALSE
GOBP_PLATELET_MORPHOGENESIS,GO:BP,0.759951996733807,0.868802151132641,25,,,,,FALSE,FALSE
GOBP_PODOSOME_ASSEMBLY,GO:BP,1.54727762554839,0.130387109893834,16,1,0.784463148316652,2,16,FALSE,FALSE
GOBP_POLARIZED_EPITHELIAL_CELL_DIFFERENTIATION,GO:BP,0.889318478527212,0.702669216986589,21,1,0.896529312361887,3,21,FALSE,FALSE
GOBP_POLYAMINE_BIOSYNTHETIC_PROCESS,GO:BP,1.60482244068015,0.108670312486346,14,0.825631269028654,1.34479396854283,3,14,FALSE,FALSE
GOBP_POLYAMINE_METABOLIC_PROCESS,GO:BP,1.44801302178357,0.140289005377015,19,0.984968811334459,0.990900818926297,3,19,FALSE,FALSE
GOBP_POLYAMINE_TRANSPORT,GO:BP,-1.14248825292372,0.388474952441344,14,1,0.448264656180944,1,14,FALSE,FALSE
GOBP_POLYKETIDE_METABOLIC_PROCESS,GO:BP,1.54352587969486,0.1277730315537,10,1,0.627570518653321,1,10,FALSE,FALSE
GOBP_POLYOL_BIOSYNTHETIC_PROCESS,GO:BP,1.43854554190524,0.133180554171686,58,0.331507256662576,1.51482538985284,14,58,FALSE,FALSE
GOBP_POLYOL_METABOLIC_PROCESS,GO:BP,1.13959098667098,0.354017824204616,97,0.138214156280246,1.55275179872987,24,97,FALSE,FALSE
GOBP_POLYSACCHARIDE_BIOSYNTHETIC_PROCESS,GO:BP,1.01684512244363,0.554449397017897,53,0.610175830929717,1.3025048500352,11,53,FALSE,FALSE
GOBP_POLYSACCHARIDE_CATABOLIC_PROCESS,GO:BP,0.953282178551731,0.645114475707756,30,1,0.627570518653321,3,30,FALSE,FALSE
GOBP_POLYSACCHARIDE_METABOLIC_PROCESS,GO:BP,0.900640311421553,0.732542867924158,98,0.918519119712341,1.02460492841359,16,98,FALSE,FALSE
GOBP_POLY_A_PLUS_MRNA_EXPORT_FROM_NUCLEUS,GO:BP,1.06564602518264,0.50639350264906,19,1,0.330300272975432,1,19,FALSE,FALSE
GOBP_PORE_COMPLEX_ASSEMBLY,GO:BP,1.18484029100002,0.365719641817123,20,,,,,FALSE,FALSE
GOBP_PORPHYRIN_CONTAINING_COMPOUND_METABOLIC_PROCESS,GO:BP,1.2304859426766,0.256824411480168,45,1,0.697300576281468,5,45,FALSE,FALSE
GOBP_POSITIVE_CHEMOTAXIS,GO:BP,0.984886211675429,0.598085601332198,58,0.331507256662576,1.51482538985284,14,58,FALSE,FALSE
GOBP_POSITIVE_REGULATION_BY_SYMBIONT_OF_ENTRY_INTO_HOST,GO:BP,1.57044098342449,0.111467358842072,12,0.978587630542299,1.0459508644222,2,12,FALSE,FALSE
GOBP_POSITIVE_REGULATION_OF_ACTIN_FILAMENT_BUNDLE_ASSEMBLY,GO:BP,-1.63731374100481,0.017811620770697,61,1,0.72016289025791,7,61,FALSE,FALSE
GOBP_POSITIVE_REGULATION_OF_ACTIN_FILAMENT_DEPOLYMERIZATION,GO:BP,1.04645721058241,0.518616545006681,13,1,0.965493105620494,2,13,FALSE,FALSE
GOBP_POSITIVE_REGULATION_OF_ACTIN_FILAMENT_POLYMERIZATION,GO:BP,1.33848525596287,0.156257567418822,46,1,0.545713494481149,4,46,FALSE,FALSE
GOBP_POSITIVE_REGULATION_OF_ACTIN_NUCLEATION,GO:BP,-1.53471724902328,0.13238377227157,13,0.777355997263282,1.44823965843074,3,13,FALSE,FALSE
GOBP_POSITIVE_REGULATION_OF_ACTIVATED_T_CELL_PROLIFERATION,GO:BP,1.79513045138689,0.0184114803793485,20,0.0932137217894551,2.51028207461329,8,20,TRUE,FALSE
GOBP_POSITIVE_REGULATION_OF_ACUTE_INFLAMMATORY_RESPONSE,GO:BP,1.77664736478043,0.0240143663665299,24,0.0425660678632253,2.61487716105551,10,24,TRUE,TRUE
GOBP_POSITIVE_REGULATION_OF_ADAPTIVE_IMMUNE_RESPONSE,GO:BP,2.09831998518097,2.48050005303558e-06,119,0.110445531054974,1.52937353285263,29,119,TRUE,FALSE
GOBP_POSITIVE_REGULATION_OF_ADIPOSE_TISSUE_DEVELOPMENT,GO:BP,0.814917520346792,0.790864073694619,12,0.719442465053918,1.5689262966333,3,12,FALSE,FALSE
GOBP_POSITIVE_REGULATION_OF_ALCOHOL_BIOSYNTHETIC_PROCESS,GO:BP,0.852333748054715,0.75958383029764,26,0.99198586966751,0.965493105620494,4,26,FALSE,FALSE
GOBP_POSITIVE_REGULATION_OF_ALPHA_BETA_T_CELL_ACTIVATION,GO:BP,2.24340182968339,6.06127104894418e-06,66,0.0439514499216131,1.901728844404,20,66,TRUE,TRUE
GOBP_POSITIVE_REGULATION_OF_ALPHA_BETA_T_CELL_DIFFERENTIATION,GO:BP,2.13956089509542,0.000111535854742992,51,0.180728032559177,1.7227426002248,14,51,TRUE,FALSE
GOBP_POSITIVE_REGULATION_OF_ALPHA_BETA_T_CELL_PROLIFERATION,GO:BP,1.83346476431475,0.00841230317415129,22,0.274059271715015,1.9968152866242,7,22,TRUE,FALSE
GOBP_POSITIVE_REGULATION_OF_AMIDE_METABOLIC_PROCESS,GO:BP,0.643233146001161,0.956082942807641,24,1,0.261487716105551,1,24,FALSE,FALSE
GOBP_POSITIVE_REGULATION_OF_AMINE_TRANSPORT,GO:BP,-1.37942953221956,0.160998845265589,29,0.359721532327085,1.73122901697468,8,29,FALSE,FALSE
GOBP_POSITIVE_REGULATION_OF_AMINO_ACID_TRANSPORT,GO:BP,-0.692518545865003,0.92035655893749,17,0.937040972683617,1.1074773858588,3,17,FALSE,FALSE
GOBP_POSITIVE_REGULATION_OF_AMYLOID_BETA_FORMATION,GO:BP,0.856217446044077,0.749705343281567,17,1,0.369159128619601,1,17,FALSE,FALSE
GOBP_POSITIVE_REGULATION_OF_AMYLOID_PRECURSOR_PROTEIN_CATABOLIC_PROCESS,GO:BP,1.0092151832648,0.561807379117055,23,1,0.545713494481149,2,23,FALSE,FALSE
GOBP_POSITIVE_REGULATION_OF_ANIMAL_ORGAN_MORPHOGENESIS,GO:BP,-2.07758456893394,0.000317499391658574,33,0.506693934048772,1.5213830755232,8,33,FALSE,FALSE
GOBP_POSITIVE_REGULATION_OF_ANTIGEN_PROCESSING_AND_PRESENTATION,GO:BP,1.79362232037946,0.0255077199255035,10,0.117262721583506,3.13785259326661,5,10,TRUE,FALSE
GOBP_POSITIVE_REGULATION_OF_ANTIGEN_RECEPTOR_MEDIATED_SIGNALING_PATHWAY,GO:BP,1.92691726153681,0.00566508650944708,27,0.65691649481654,1.39460115256294,6,27,TRUE,FALSE
GOBP_POSITIVE_REGULATION_OF_APOPTOTIC_SIGNALING_PATHWAY,GO:BP,1.72764772260765,0.00268845297457749,135,1,0.836760691537762,18,135,TRUE,FALSE
GOBP_POSITIVE_REGULATION_OF_ATP_DEPENDENT_ACTIVITY,GO:BP,0.908077305325028,0.674455342219113,19,0.984968811334459,0.990900818926297,3,19,FALSE,FALSE
GOBP_POSITIVE_REGULATION_OF_ATTACHMENT_OF_SPINDLE_MICROTUBULES_TO_KINETOCHORE,GO:BP,1.99525905049317,0.00296867430341866,11,0.367902175932515,2.2820746132848,4,11,TRUE,FALSE
GOBP_POSITIVE_REGULATION_OF_AUTOPHAGOSOME_ASSEMBLY,GO:BP,-0.806898505922133,0.822293458926381,20,,,,,FALSE,FALSE
GOBP_POSITIVE_REGULATION_OF_AUTOPHAGY,GO:BP,1.32295176771361,0.119808062328486,150,1,0.585732484076433,14,150,FALSE,FALSE
GOBP_POSITIVE_REGULATION_OF_AUTOPHAGY_OF_MITOCHONDRION,GO:BP,1.23917720744279,0.282584516263429,22,1,0.570518653321201,2,22,FALSE,FALSE
GOBP_POSITIVE_REGULATION_OF_AXONOGENESIS,GO:BP,-1.37155200240796,0.105070390903508,72,0.906741278758732,1.0459508644222,12,72,FALSE,FALSE
GOBP_POSITIVE_REGULATION_OF_AXON_EXTENSION,GO:BP,-1.32992590368662,0.171124130961561,35,0.579919469899798,1.43444689977902,8,35,FALSE,FALSE
GOBP_POSITIVE_REGULATION_OF_BEHAVIOR,GO:BP,0.764198319699932,0.838548156875184,16,1,0.392231574158326,1,16,FALSE,FALSE
GOBP_POSITIVE_REGULATION_OF_BINDING,GO:BP,1.06282846808919,0.48999378905578,34,0.719442465053918,1.2920569501686,7,34,FALSE,FALSE
GOBP_POSITIVE_REGULATION_OF_BIOMINERAL_TISSUE_DEVELOPMENT,GO:BP,-1.65023624080852,0.0303427476646701,47,0.303676489292972,1.60230770719997,12,47,FALSE,FALSE
GOBP_POSITIVE_REGULATION_OF_BLOOD_CIRCULATION,GO:BP,-1.06437796825851,0.496865964929847,36,0.0888265983378271,2.0919017288444,12,36,FALSE,FALSE
GOBP_POSITIVE_REGULATION_OF_BLOOD_PRESSURE,GO:BP,-1.50248780231446,0.107927186812302,27,0.868087644964407,1.16216762713578,5,27,FALSE,FALSE
GOBP_POSITIVE_REGULATION_OF_BLOOD_VESSEL_ENDOTHELIAL_CELL_MIGRATION,GO:BP,-0.919981598182231,0.715099407177636,55,1,0.798726114649682,7,55,FALSE,FALSE
GOBP_POSITIVE_REGULATION_OF_BLOOD_VESSEL_ENDOTHELIAL_CELL_PROLIFERATION_INVOLVED_IN_SPROUTING_ANGIOGENESIS,GO:BP,0.951168523871299,0.620787618145738,11,0.157795262997224,2.85259326660601,5,11,FALSE,FALSE
GOBP_POSITIVE_REGULATION_OF_BMP_SIGNALING_PATHWAY,GO:BP,-1.91090606964622,0.00684383718586156,30,1,0.836760691537762,4,30,FALSE,FALSE
GOBP_POSITIVE_REGULATION_OF_BONE_MINERALIZATION,GO:BP,-1.82591556298147,0.00684383718586156,40,0.398324147552931,1.5689262966333,10,40,FALSE,FALSE
GOBP_POSITIVE_REGULATION_OF_BONE_RESORPTION,GO:BP,0.947400296738652,0.622018643653647,13,0.250411825363178,2.41373276405124,5,13,FALSE,FALSE
GOBP_POSITIVE_REGULATION_OF_BROWN_FAT_CELL_DIFFERENTIATION,GO:BP,-0.973177352848823,0.578000767976605,16,1,0.784463148316652,2,16,FALSE,FALSE
GOBP_POSITIVE_REGULATION_OF_B_CELL_ACTIVATION,GO:BP,1.51671882469012,0.0658895133074592,79,0.812754648785268,1.11215028622108,14,79,FALSE,FALSE
GOBP_POSITIVE_REGULATION_OF_B_CELL_DIFFERENTIATION,GO:BP,1.34999286073932,0.203653177073796,17,1,0.738318257239201,2,17,FALSE,FALSE
GOBP_POSITIVE_REGULATION_OF_B_CELL_MEDIATED_IMMUNITY,GO:BP,1.73183037726337,0.0213355835090546,36,0.937040972683617,1.0459508644222,6,36,TRUE,FALSE
GOBP_POSITIVE_REGULATION_OF_B_CELL_PROLIFERATION,GO:BP,1.02534407530626,0.544365533824149,42,0.788143430599997,1.19537241648252,8,42,FALSE,FALSE
GOBP_POSITIVE_REGULATION_OF_CALCINEURIN_MEDIATED_SIGNALING,GO:BP,-0.767955598249483,0.827713201770325,18,1,0.697300576281468,2,18,FALSE,FALSE
GOBP_POSITIVE_REGULATION_OF_CALCIUM_ION_DEPENDENT_EXOCYTOSIS,GO:BP,-0.927972067448174,0.629578074135941,14,0.825631269028654,1.34479396854283,3,14,FALSE,FALSE
GOBP_POSITIVE_REGULATION_OF_CALCIUM_ION_IMPORT,GO:BP,0.943580503791112,0.624750845964863,20,0.831189429132839,1.25514103730664,4,20,FALSE,FALSE
GOBP_POSITIVE_REGULATION_OF_CALCIUM_ION_TRANSMEMBRANE_TRANSPORT,GO:BP,-0.992053120798157,0.588163398464353,46,0.588991216311528,1.36428373620287,10,46,FALSE,FALSE
GOBP_POSITIVE_REGULATION_OF_CALCIUM_ION_TRANSPORT,GO:BP,1.10697765052144,0.423636189012678,80,0.356644530834551,1.41203366696997,18,80,FALSE,FALSE
GOBP_POSITIVE_REGULATION_OF_CALCIUM_ION_TRANSPORT_INTO_CYTOSOL,GO:BP,-1.203784735593,0.378817391003238,10,0.906741278758732,1.25514103730664,2,10,FALSE,FALSE
GOBP_POSITIVE_REGULATION_OF_CALCIUM_MEDIATED_SIGNALING,GO:BP,0.904191599400901,0.729524660107842,48,0.788586078744843,1.17669472247498,9,48,FALSE,FALSE
GOBP_POSITIVE_REGULATION_OF_CAMP_PKA_SIGNAL_TRANSDUCTION,GO:BP,-1.65359017987561,0.0937807703457235,11,0.655369444735246,1.7115559599636,3,11,FALSE,FALSE
GOBP_POSITIVE_REGULATION_OF_CANONICAL_NF_KAPPAB_SIGNAL_TRANSDUCTION,GO:BP,1.92730074286476,2.51633032711185e-06,215,1,0.904869119918742,31,215,TRUE,FALSE
GOBP_POSITIVE_REGULATION_OF_CANONICAL_WNT_SIGNALING_PATHWAY,GO:BP,-1.39015042924167,0.0798251464602636,112,1,0.784463148316651,14,112,FALSE,FALSE
GOBP_POSITIVE_REGULATION_OF_CARBOHYDRATE_METABOLIC_PROCESS,GO:BP,-1.84770470926203,0.00250372419706968,72,0.655369444735246,1.22027600849257,14,72,FALSE,FALSE
GOBP_POSITIVE_REGULATION_OF_CARDIAC_MUSCLE_CELL_PROLIFERATION,GO:BP,-1.25415901464876,0.265103962107511,23,0.161234531076505,2.1828539779246,8,23,FALSE,FALSE
GOBP_POSITIVE_REGULATION_OF_CARDIOCYTE_DIFFERENTIATION,GO:BP,-1.86169412233214,0.0210780717493914,12,0.978587630542299,1.0459508644222,2,12,FALSE,FALSE
GOBP_POSITIVE_REGULATION_OF_CARTILAGE_DEVELOPMENT,GO:BP,-1.44641670594537,0.169656059144969,28,0.703534865988356,1.34479396854283,6,28,FALSE,FALSE
GOBP_POSITIVE_REGULATION_OF_CATALYTIC_ACTIVITY,GO:BP,1.49874430747674,0.00663233967827344,273,0.962666983931475,0.988481036706696,43,273,TRUE,FALSE
GOBP_POSITIVE_REGULATION_OF_CATION_CHANNEL_ACTIVITY,GO:BP,-1.11863055850116,0.450082041171503,17,0.462054378260411,1.845795643098,5,17,FALSE,FALSE
GOBP_POSITIVE_REGULATION_OF_CD4_POSITIVE_ALPHA_BETA_T_CELL_ACTIVATION,GO:BP,2.08889871679791,0.000276644719239104,41,0.167224041847327,1.83679176191216,12,41,TRUE,FALSE
GOBP_POSITIVE_REGULATION_OF_CD4_POSITIVE_ALPHA_BETA_T_CELL_DIFFERENTIATION,GO:BP,2.27754146468686,1.37369530075595e-05,35,0.141288281551109,1.97236448719615,11,35,TRUE,FALSE
GOBP_POSITIVE_REGULATION_OF_CELLULAR_COMPONENT_BIOGENESIS,GO:BP,1.04077547504254,0.448809195011579,474,0.914561039395129,1.00623121134288,76,474,FALSE,FALSE
GOBP_POSITIVE_REGULATION_OF_CELLULAR_EXTRAVASATION,GO:BP,-1.01722467794411,0.557547062488775,17,1,0.738318257239201,2,17,FALSE,FALSE
GOBP_POSITIVE_REGULATION_OF_CELLULAR_RESPIRATION,GO:BP,1.20951267309131,0.329497531099667,12,1,0.522975432211101,1,12,FALSE,FALSE
GOBP_POSITIVE_REGULATION_OF_CELLULAR_RESPONSE_TO_INSULIN_STIMULUS,GO:BP,-0.976663704277995,0.595547771761483,22,1,0.855777979981802,3,22,FALSE,FALSE
GOBP_POSITIVE_REGULATION_OF_CELLULAR_RESPONSE_TO_TRANSFORMING_GROWTH_FACTOR_BETA_STIMULUS,GO:BP,-1.08126061704192,0.462328201768752,30,0.944829045454405,1.0459508644222,5,30,FALSE,FALSE
GOBP_POSITIVE_REGULATION_OF_CELLULAR_SENESCENCE,GO:BP,1.45957393802826,0.1434433193361,12,,,,,FALSE,FALSE
GOBP_POSITIVE_REGULATION_OF_CELL_ACTIVATION,GO:BP,2.05435785064407,1.4716298932681e-10,355,0.0231252395501254,1.39656537953838,79,355,TRUE,TRUE
GOBP_POSITIVE_REGULATION_OF_CELL_ADHESION,GO:BP,1.62626442969168,5.67331164830702e-05,454,0.185300250750945,1.21643624760996,88,454,TRUE,FALSE
GOBP_POSITIVE_REGULATION_OF_CELL_ADHESION_MEDIATED_BY_INTEGRIN,GO:BP,0.962900896005405,0.628904156257097,23,0.9287787116854,1.0914269889623,4,23,FALSE,FALSE
GOBP_POSITIVE_REGULATION_OF_CELL_CELL_ADHESION,GO:BP,2.01143553470441,7.76132987738697e-09,310,0.0854261947687154,1.3361178784232,66,310,TRUE,FALSE
GOBP_POSITIVE_REGULATION_OF_CELL_CELL_ADHESION_MEDIATED_BY_CADHERIN,GO:BP,1.2705891625274,0.273612472766885,10,0.303676489292972,2.51028207461329,4,10,FALSE,FALSE
GOBP_POSITIVE_REGULATION_OF_CELL_CYCLE,GO:BP,2.31593511730149,5.77922685882816e-15,308,0.0589981558202085,1.36516963473287,67,308,TRUE,FALSE
GOBP_POSITIVE_REGULATION_OF_CELL_CYCLE_CHECKPOINT,GO:BP,1.99308869032275,0.00232834397723153,27,0.290924701964477,1.85946820341725,8,27,TRUE,FALSE
GOBP_POSITIVE_REGULATION_OF_CELL_CYCLE_G1_S_PHASE_TRANSITION,GO:BP,1.78402809436376,0.00681654552644424,56,0.944829045454405,1.00859547640712,9,56,TRUE,FALSE
GOBP_POSITIVE_REGULATION_OF_CELL_CYCLE_G2_M_PHASE_TRANSITION,GO:BP,1.81885438565097,0.0125083320873767,29,0.359721532327085,1.73122901697468,8,29,TRUE,FALSE
GOBP_POSITIVE_REGULATION_OF_CELL_CYCLE_PHASE_TRANSITION,GO:BP,2.38915608150031,3.17596457853867e-09,106,0.253397370517131,1.42091438185658,24,106,TRUE,FALSE
GOBP_POSITIVE_REGULATION_OF_CELL_CYCLE_PROCESS,GO:BP,2.41389540154056,2.60117942017075e-15,245,0.0159310483352246,1.51129226941004,59,245,TRUE,TRUE
GOBP_POSITIVE_REGULATION_OF_CELL_DEVELOPMENT,GO:BP,1.36896213655505,0.0257227481008243,387,0.322724609926365,1.18378935043133,73,387,TRUE,FALSE
GOBP_POSITIVE_REGULATION_OF_CELL_DIVISION,GO:BP,1.40202834070932,0.115324280089312,78,0.55559567973604,1.28732414082733,16,78,FALSE,FALSE
GOBP_POSITIVE_REGULATION_OF_CELL_FATE_COMMITMENT,GO:BP,1.15135524794519,0.381325704504427,11,0.367902175932515,2.2820746132848,4,11,FALSE,FALSE
GOBP_POSITIVE_REGULATION_OF_CELL_GROWTH,GO:BP,1.12959394718063,0.340488407028679,136,0.7625464988,1.1074773858588,24,136,FALSE,FALSE
GOBP_POSITIVE_REGULATION_OF_CELL_JUNCTION_ASSEMBLY,GO:BP,-1.69106862451743,0.00412417245756435,102,0.0231134546169715,1.7842691216614,29,102,FALSE,TRUE
GOBP_POSITIVE_REGULATION_OF_CELL_KILLING,GO:BP,1.96326882014323,0.00101706733548993,63,0.0533483656670967,1.89267299276399,19,63,TRUE,FALSE
GOBP_POSITIVE_REGULATION_OF_CELL_MATRIX_ADHESION,GO:BP,1.23664514142304,0.251528837366331,54,0.917896469790517,1.0459508644222,9,54,FALSE,FALSE
GOBP_POSITIVE_REGULATION_OF_CELL_MIGRATION_INVOLVED_IN_SPROUTING_ANGIOGENESIS,GO:BP,0.870237059562351,0.732542867924158,23,0.719442465053918,1.36428373620287,5,23,FALSE,FALSE
GOBP_POSITIVE_REGULATION_OF_CELL_MORPHOGENESIS,GO:BP,-1.04670477202004,0.510777070552392,35,0.908893334837639,1.07583517483427,6,35,FALSE,FALSE
GOBP_POSITIVE_REGULATION_OF_CELL_PROJECTION_ORGANIZATION,GO:BP,-1.32336242807525,0.0325155633489513,321,1,0.957973688910054,49,321,FALSE,FALSE
GOBP_POSITIVE_REGULATION_OF_CELL_SIZE,GO:BP,-1.65449148190907,0.0639373760122314,10,1,0.627570518653321,1,10,FALSE,FALSE
GOBP_POSITIVE_REGULATION_OF_CELL_SUBSTRATE_ADHESION,GO:BP,1.01458040597507,0.53285761699303,111,0.835980749942331,1.07421980670388,19,111,FALSE,FALSE
GOBP_POSITIVE_REGULATION_OF_CELL_SUBSTRATE_JUNCTION_ORGANIZATION,GO:BP,-1.08358455653222,0.468284885334931,31,1,0.404884205582788,2,31,FALSE,FALSE
GOBP_POSITIVE_REGULATION_OF_CENTRIOLE_REPLICATION,GO:BP,1.47762955599682,0.136489298915913,10,1,0.627570518653321,1,10,FALSE,FALSE
GOBP_POSITIVE_REGULATION_OF_CHEMOKINE_C_X_C_MOTIF_LIGAND_2_PRODUCTION,GO:BP,0.634938746410169,0.942021376448213,10,1,0.627570518653321,1,10,FALSE,FALSE
GOBP_POSITIVE_REGULATION_OF_CHEMOKINE_PRODUCTION,GO:BP,2.10148861654337,0.000115855894527127,65,0.0377464127708868,1.93098621124099,20,65,TRUE,TRUE
GOBP_POSITIVE_REGULATION_OF_CHEMOTAXIS,GO:BP,1.27928351911792,0.179647193585338,135,0.367902175932515,1.30162774239207,28,135,FALSE,FALSE
GOBP_POSITIVE_REGULATION_OF_CHOLESTEROL_BIOSYNTHETIC_PROCESS,GO:BP,1.31807537012025,0.237369547089394,14,1,0.448264656180944,1,14,FALSE,FALSE
GOBP_POSITIVE_REGULATION_OF_CHOLESTEROL_EFFLUX,GO:BP,-1.17810381263545,0.366751522865715,24,0.190629659906675,2.0919017288444,8,24,FALSE,FALSE
GOBP_POSITIVE_REGULATION_OF_CHOLESTEROL_METABOLIC_PROCESS,GO:BP,0.987382559833137,0.584446337308348,20,0.594213709778933,1.5689262966333,5,20,FALSE,FALSE
GOBP_POSITIVE_REGULATION_OF_CHONDROCYTE_DIFFERENTIATION,GO:BP,-1.82262663994639,0.0104685323367539,19,0.556679392684558,1.65150136487716,5,19,FALSE,FALSE
GOBP_POSITIVE_REGULATION_OF_CHROMOSOME_ORGANIZATION,GO:BP,2.39666921432944,5.44696606775504e-09,102,1,0.615265214366001,10,102,TRUE,FALSE
GOBP_POSITIVE_REGULATION_OF_CHROMOSOME_SEGREGATION,GO:BP,2.35113703789903,5.26048980572754e-06,29,0.111451036438771,2.16403627121835,10,29,TRUE,FALSE
GOBP_POSITIVE_REGULATION_OF_CHROMOSOME_SEPARATION,GO:BP,2.47140276922215,5.58120717230358e-07,32,0.0189134426916267,2.54950523202912,13,32,TRUE,TRUE
GOBP_POSITIVE_REGULATION_OF_CILIUM_ASSEMBLY,GO:BP,-1.20760821878205,0.329497531099667,26,1,0.241373276405124,1,26,FALSE,FALSE
GOBP_POSITIVE_REGULATION_OF_CIRCADIAN_RHYTHM,GO:BP,-0.838657796898181,0.739207577594103,10,1,0.627570518653321,1,10,FALSE,FALSE
GOBP_POSITIVE_REGULATION_OF_COAGULATION,GO:BP,1.09751000211387,0.444043688811385,25,0.594213709778933,1.50616924476797,6,25,FALSE,FALSE
GOBP_POSITIVE_REGULATION_OF_COLD_INDUCED_THERMOGENESIS,GO:BP,-1.171459444174,0.253852444864467,94,0.015203514462938,1.8693589917333,28,94,FALSE,TRUE
GOBP_POSITIVE_REGULATION_OF_COLLAGEN_METABOLIC_PROCESS,GO:BP,-1.36444629434983,0.184946187866987,19,1,0.660600545950864,2,19,FALSE,FALSE
GOBP_POSITIVE_REGULATION_OF_COLLATERAL_SPROUTING,GO:BP,0.830317458280271,0.772090482331044,11,0.944829045454405,1.1410373066424,2,11,FALSE,FALSE
GOBP_POSITIVE_REGULATION_OF_CYCLASE_ACTIVITY,GO:BP,-0.949163529007389,0.627653409283522,21,1,0.597686208241258,2,21,FALSE,FALSE
GOBP_POSITIVE_REGULATION_OF_CYTOKINESIS,GO:BP,1.96426598280393,0.00225255404744792,39,0.695816679641844,1.28732414082733,8,39,TRUE,FALSE
GOBP_POSITIVE_REGULATION_OF_CYTOKINE_PRODUCTION,GO:BP,2.4477278577858,1.37994127088311e-24,473,5.26812220284037e-07,1.65848445732907,125,473,TRUE,TRUE
GOBP_POSITIVE_REGULATION_OF_CYTOKINE_PRODUCTION_INVOLVED_IN_IMMUNE_RESPONSE,GO:BP,2.04241760024202,0.000150247975214631,69,0.0626293965258465,1.81904498160383,20,69,TRUE,FALSE
GOBP_POSITIVE_REGULATION_OF_CYTOKINE_PRODUCTION_INVOLVED_IN_INFLAMMATORY_RESPONSE,GO:BP,2.17289700909431,0.000134415917605911,34,0.0014292018120999,2.95327302895681,16,34,TRUE,TRUE
GOBP_POSITIVE_REGULATION_OF_CYTOPLASMIC_TRANSLATION,GO:BP,1.3885441117159,0.186091753774681,14,1,0.448264656180944,1,14,FALSE,FALSE
GOBP_POSITIVE_REGULATION_OF_CYTOSKELETON_ORGANIZATION,GO:BP,-1.11144530089435,0.307896483078965,176,1,0.820120564149227,23,176,FALSE,FALSE
GOBP_POSITIVE_REGULATION_OF_CYTOSOLIC_CALCIUM_ION_CONCENTRATION,GO:BP,1.22636294461607,0.224700589353997,137,0.00570193601273705,1.78651461514449,39,137,FALSE,TRUE
GOBP_POSITIVE_REGULATION_OF_DEFENSE_RESPONSE,GO:BP,2.44611023271938,5.86661239860654e-26,491,0.00289271177884798,1.41874394237309,111,491,TRUE,TRUE
GOBP_POSITIVE_REGULATION_OF_DEFENSE_RESPONSE_TO_BACTERIUM,GO:BP,0.976630836459326,0.609436634595072,10,1,0.627570518653321,1,10,FALSE,FALSE
GOBP_POSITIVE_REGULATION_OF_DEFENSE_RESPONSE_TO_VIRUS_BY_HOST,GO:BP,2.27914405591955,3.41269332738964e-05,27,0.0128339622991919,2.78920230512587,12,27,TRUE,TRUE
GOBP_POSITIVE_REGULATION_OF_DENDRITE_DEVELOPMENT,GO:BP,-1.36413798589922,0.217564368156259,13,0.250411825363178,2.41373276405124,5,13,FALSE,FALSE
GOBP_POSITIVE_REGULATION_OF_DENDRITIC_CELL_CYTOKINE_PRODUCTION,GO:BP,1.27030672042042,0.273612472766885,10,1,0.627570518653321,1,10,FALSE,FALSE
GOBP_POSITIVE_REGULATION_OF_DENDRITIC_SPINE_DEVELOPMENT,GO:BP,-1.23192750545907,0.264070569578008,39,0.365103546059801,1.60915517603416,10,39,FALSE,FALSE
GOBP_POSITIVE_REGULATION_OF_DENDRITIC_SPINE_MORPHOGENESIS,GO:BP,-1.03283745654675,0.545690061418771,18,0.290924701964477,2.0919017288444,6,18,FALSE,FALSE
GOBP_POSITIVE_REGULATION_OF_DEVELOPMENTAL_GROWTH,GO:BP,-1.51627219879087,0.0128775174781751,140,0.21127914358361,1.38962043416093,31,140,FALSE,FALSE
GOBP_POSITIVE_REGULATION_OF_DNA_BINDING,GO:BP,-1.17780181460276,0.373928037354656,17,0.462054378260411,1.845795643098,5,17,FALSE,FALSE
GOBP_POSITIVE_REGULATION_OF_DNA_BINDING_TRANSCRIPTION_FACTOR_ACTIVITY,GO:BP,1.89301994390592,0.000710409899721316,99,1,0.950864422202002,15,99,TRUE,FALSE
GOBP_POSITIVE_REGULATION_OF_DNA_BIOSYNTHETIC_PROCESS,GO:BP,1.78055573218949,0.0160881064854401,44,1,0.1426296633303,1,44,TRUE,FALSE
GOBP_POSITIVE_REGULATION_OF_DNA_DAMAGE_RESPONSE_SIGNAL_TRANSDUCTION_BY_P53_CLASS_MEDIATOR,GO:BP,0.749589171138159,0.853803664451231,16,1,0.784463148316652,2,16,FALSE,FALSE
GOBP_POSITIVE_REGULATION_OF_DNA_METABOLIC_PROCESS,GO:BP,1.98443492427029,1.52098042073098e-07,263,1,0.548825928860319,23,263,TRUE,FALSE
GOBP_POSITIVE_REGULATION_OF_DNA_RECOMBINATION,GO:BP,1.75998554861113,0.00711124499615441,68,1,0.369159128619601,4,68,TRUE,FALSE
GOBP_POSITIVE_REGULATION_OF_DNA_REPAIR,GO:BP,1.5044353276507,0.0363096675787813,128,1,0.245144733848954,5,128,TRUE,FALSE
GOBP_POSITIVE_REGULATION_OF_DNA_REPLICATION,GO:BP,1.7584450203056,0.0144944954084074,41,0.594213709778933,1.37759382143412,9,41,TRUE,FALSE
GOBP_POSITIVE_REGULATION_OF_DNA_TEMPLATED_DNA_REPLICATION,GO:BP,1.56151267541563,0.131049712944624,14,1,0.896529312361887,2,14,FALSE,FALSE
GOBP_POSITIVE_REGULATION_OF_DNA_TEMPLATED_TRANSCRIPTION_ELONGATION,GO:BP,1.79920920928402,0.00658698639875482,61,,,,,TRUE,FALSE
GOBP_POSITIVE_REGULATION_OF_DNA_TEMPLATED_TRANSCRIPTION_INITIATION,GO:BP,1.39546483936757,0.11711271932819,73,1,0.0859685641990851,1,73,FALSE,FALSE
GOBP_POSITIVE_REGULATION_OF_DOUBLE_STRAND_BREAK_REPAIR,GO:BP,1.38859765178735,0.107274696744902,92,1,0.204642560430431,3,92,FALSE,FALSE
GOBP_POSITIVE_REGULATION_OF_DOUBLE_STRAND_BREAK_REPAIR_VIA_HOMOLOGOUS_RECOMBINATION,GO:BP,1.70565810046856,0.0214823693316909,41,1,0.306131960318693,2,41,TRUE,FALSE
GOBP_POSITIVE_REGULATION_OF_DOUBLE_STRAND_BREAK_REPAIR_VIA_NONHOMOLOGOUS_END_JOINING,GO:BP,0.719538483567555,0.883423509852877,13,,,,,FALSE,FALSE
GOBP_POSITIVE_REGULATION_OF_D_GLUCOSE_IMPORT,GO:BP,-1.64815842803702,0.0370875079959967,29,1,0.86561450848734,4,29,FALSE,FALSE
GOBP_POSITIVE_REGULATION_OF_D_GLUCOSE_TRANSMEMBRANE_TRANSPORT,GO:BP,-1.60951262214935,0.0401820927064696,36,1,0.871625720351835,5,36,FALSE,FALSE
GOBP_POSITIVE_REGULATION_OF_EMBRYONIC_DEVELOPMENT,GO:BP,-0.861106089505237,0.734860110356466,18,1,0.697300576281468,2,18,FALSE,FALSE
GOBP_POSITIVE_REGULATION_OF_ENDOCYTOSIS,GO:BP,1.36574305850308,0.0986269628637454,145,0.533037858176504,1.21186031188228,28,145,FALSE,FALSE
GOBP_POSITIVE_REGULATION_OF_ENDOPLASMIC_RETICULUM_STRESS_INDUCED_INTRINSIC_APOPTOTIC_SIGNALING_PATHWAY,GO:BP,0.896505588148816,0.675502508750278,10,,,,,FALSE,FALSE
GOBP_POSITIVE_REGULATION_OF_ENDOPLASMIC_RETICULUM_UNFOLDED_PROTEIN_RESPONSE,GO:BP,1.28622709014236,0.25838610673512,14,1,0.896529312361887,2,14,FALSE,FALSE
GOBP_POSITIVE_REGULATION_OF_ENDOTHELIAL_CELL_APOPTOTIC_PROCESS,GO:BP,-0.996482120671597,0.562712027374792,22,1,0.855777979981802,3,22,FALSE,FALSE
GOBP_POSITIVE_REGULATION_OF_ENDOTHELIAL_CELL_CHEMOTAXIS,GO:BP,-1.28191909140109,0.290579439473981,14,,,,,FALSE,FALSE
GOBP_POSITIVE_REGULATION_OF_ENDOTHELIAL_CELL_DIFFERENTIATION,GO:BP,-1.82930271356545,0.0161906907403838,10,1,0.627570518653321,1,10,FALSE,FALSE
GOBP_POSITIVE_REGULATION_OF_ENDOTHELIAL_CELL_MIGRATION,GO:BP,-0.994817207204281,0.569877696853099,104,0.825631269028654,1.08617974382306,18,104,FALSE,FALSE
GOBP_POSITIVE_REGULATION_OF_ENDOTHELIAL_CELL_PROLIFERATION,GO:BP,-0.999603418062375,0.551828204727689,85,0.99198586966751,0.959813734410962,13,85,FALSE,FALSE
GOBP_POSITIVE_REGULATION_OF_EPIDERMIS_DEVELOPMENT,GO:BP,1.6593547718355,0.059336708622662,27,0.0350954446155792,2.55676877969872,11,27,FALSE,TRUE
GOBP_POSITIVE_REGULATION_OF_EPITHELIAL_CELL_APOPTOTIC_PROCESS,GO:BP,-1.08134306167198,0.495447666234678,12,0.719442465053918,1.5689262966333,3,12,FALSE,FALSE
GOBP_POSITIVE_REGULATION_OF_EPITHELIAL_CELL_DIFFERENTIATION,GO:BP,1.13128092408768,0.374152263645614,52,0.594213709778933,1.32755302022818,11,52,FALSE,FALSE
GOBP_POSITIVE_REGULATION_OF_EPITHELIAL_CELL_MIGRATION,GO:BP,0.858496971447821,0.772124044813979,43,1,0.729733161224792,5,43,FALSE,FALSE
GOBP_POSITIVE_REGULATION_OF_EPITHELIAL_CELL_PROLIFERATION,GO:BP,1.01442564182065,0.532692894557525,171,0.328241249719332,1.28450106157113,35,171,FALSE,FALSE
GOBP_POSITIVE_REGULATION_OF_EPITHELIAL_TO_MESENCHYMAL_TRANSITION,GO:BP,-1.23398217427141,0.206087561255681,54,1,0.929734101708624,8,54,FALSE,FALSE
GOBP_POSITIVE_REGULATION_OF_ERAD_PATHWAY,GO:BP,-1.11927830776138,0.439422907035925,18,,,,,FALSE,FALSE
GOBP_POSITIVE_REGULATION_OF_ERBB_SIGNALING_PATHWAY,GO:BP,1.08183000151883,0.455380458683105,32,0.831189429132839,1.17669472247498,6,32,FALSE,FALSE
GOBP_POSITIVE_REGULATION_OF_ERK1_AND_ERK2_CASCADE,GO:BP,1.01519088611178,0.538657527676751,164,0.181623673878376,1.37759382143412,36,164,FALSE,FALSE
GOBP_POSITIVE_REGULATION_OF_ERYTHROCYTE_DIFFERENTIATION,GO:BP,1.2083176062155,0.315446490412657,33,1,0.950864422202002,5,33,FALSE,FALSE
GOBP_POSITIVE_REGULATION_OF_ER_TO_GOLGI_VESICLE_MEDIATED_TRANSPORT,GO:BP,0.769244431899325,0.837197272626661,13,,,,,FALSE,FALSE
GOBP_POSITIVE_REGULATION_OF_ESTABLISHMENT_OF_PROTEIN_LOCALIZATION,GO:BP,1.13118088319837,0.276487054836758,289,1,0.738318257239201,34,289,FALSE,FALSE
GOBP_POSITIVE_REGULATION_OF_ESTABLISHMENT_OF_PROTEIN_LOCALIZATION_TO_MITOCHONDRION,GO:BP,1.25683961610902,0.256442692905281,35,1,0.358611724944755,2,35,FALSE,FALSE
GOBP_POSITIVE_REGULATION_OF_EXCITATORY_POSTSYNAPTIC_POTENTIAL,GO:BP,-1.89816400810413,0.00832085700888479,32,0.470180903258393,1.5689262966333,8,32,FALSE,FALSE
GOBP_POSITIVE_REGULATION_OF_EXECUTION_PHASE_OF_APOPTOSIS,GO:BP,1.60976924869773,0.0685695828466425,19,0.984968811334459,0.990900818926297,3,19,FALSE,FALSE
GOBP_POSITIVE_REGULATION_OF_EXOCYTOSIS,GO:BP,1.19785508891337,0.274370441679176,77,0.902674157598632,1.05953464188223,13,77,FALSE,FALSE
GOBP_POSITIVE_REGULATION_OF_EXOSOMAL_SECRETION,GO:BP,1.01438996101155,0.564998791394731,14,1,0.896529312361887,2,14,FALSE,FALSE
GOBP_POSITIVE_REGULATION_OF_EXTRACELLULAR_MATRIX_DISASSEMBLY,GO:BP,1.68147351130268,0.0554137317326062,12,0.430749153033336,2.0919017288444,4,12,FALSE,FALSE
GOBP_POSITIVE_REGULATION_OF_EXTRACELLULAR_MATRIX_ORGANIZATION,GO:BP,1.13847646232992,0.388074411520914,30,0.777355997263282,1.25514103730664,6,30,FALSE,FALSE
GOBP_POSITIVE_REGULATION_OF_EXTRINSIC_APOPTOTIC_SIGNALING_PATHWAY,GO:BP,1.56057275699231,0.0524350605288873,56,0.944829045454405,1.00859547640712,9,56,FALSE,FALSE
GOBP_POSITIVE_REGULATION_OF_EXTRINSIC_APOPTOTIC_SIGNALING_PATHWAY_IN_ABSENCE_OF_LIGAND,GO:BP,0.850103159957234,0.747272901528221,11,,,,,FALSE,FALSE
GOBP_POSITIVE_REGULATION_OF_EXTRINSIC_APOPTOTIC_SIGNALING_PATHWAY_VIA_DEATH_DOMAIN_RECEPTORS,GO:BP,-0.757847895500957,0.821289911749194,10,1,0.627570518653321,1,10,FALSE,FALSE
GOBP_POSITIVE_REGULATION_OF_FATTY_ACID_BIOSYNTHETIC_PROCESS,GO:BP,-0.831770583733658,0.790481158266444,21,0.426982662077329,1.79305862472378,6,21,FALSE,FALSE
GOBP_POSITIVE_REGULATION_OF_FATTY_ACID_METABOLIC_PROCESS,GO:BP,-1.27011951606217,0.224326423649278,35,0.141288281551109,1.97236448719615,11,35,FALSE,FALSE
GOBP_POSITIVE_REGULATION_OF_FATTY_ACID_OXIDATION,GO:BP,-1.30348960139856,0.270092796310191,14,0.825631269028654,1.34479396854283,3,14,FALSE,FALSE
GOBP_POSITIVE_REGULATION_OF_FATTY_ACID_TRANSPORT,GO:BP,0.759246214193785,0.84539120812114,16,1,0.784463148316652,2,16,FALSE,FALSE
GOBP_POSITIVE_REGULATION_OF_FAT_CELL_DIFFERENTIATION,GO:BP,-1.12639591726235,0.354783941634166,64,0.483841443553513,1.37281050955414,14,64,FALSE,FALSE
GOBP_POSITIVE_REGULATION_OF_FIBROBLAST_MIGRATION,GO:BP,-1.86701084903227,0.0198831943595473,14,1,0.448264656180944,1,14,FALSE,FALSE
GOBP_POSITIVE_REGULATION_OF_FIBROBLAST_PROLIFERATION,GO:BP,1.06839708891963,0.469422761361841,46,0.588991216311528,1.36428373620287,10,46,FALSE,FALSE
GOBP_POSITIVE_REGULATION_OF_FILOPODIUM_ASSEMBLY,GO:BP,-1.16254386352988,0.348971049877921,27,0.470180903258393,1.62703467799009,7,27,FALSE,FALSE
GOBP_POSITIVE_REGULATION_OF_FOCAL_ADHESION_ASSEMBLY,GO:BP,-0.978301567671706,0.596406438222958,24,1,0.522975432211101,2,24,FALSE,FALSE
GOBP_POSITIVE_REGULATION_OF_G1_S_TRANSITION_OF_MITOTIC_CELL_CYCLE,GO:BP,1.67979051582006,0.0317194296074475,43,1,0.875679793469751,6,43,TRUE,FALSE
GOBP_POSITIVE_REGULATION_OF_GAMMA_DELTA_T_CELL_ACTIVATION,GO:BP,1.44001673100769,0.152809460287338,11,0.655369444735246,1.7115559599636,3,11,FALSE,FALSE
GOBP_POSITIVE_REGULATION_OF_GENE_EXPRESSION_EPIGENETIC,GO:BP,1.03284984698907,0.532691335749882,58,1,0.43280725424367,4,58,FALSE,FALSE
GOBP_POSITIVE_REGULATION_OF_GENE_EXPRESSION_VIA_CHROMOSOMAL_CPG_ISLAND_DEMETHYLATION,GO:BP,0.997323528140964,0.571022956636926,11,0.944829045454405,1.1410373066424,2,11,FALSE,FALSE
GOBP_POSITIVE_REGULATION_OF_GLIAL_CELL_DIFFERENTIATION,GO:BP,-1.04902417437189,0.518616545006681,33,1,0.950864422202002,5,33,FALSE,FALSE
GOBP_POSITIVE_REGULATION_OF_GLIAL_CELL_PROLIFERATION,GO:BP,1.82507523973502,0.0319228510396877,15,0.355067484635544,2.0919017288444,5,15,TRUE,FALSE
GOBP_POSITIVE_REGULATION_OF_GLIOGENESIS,GO:BP,1.11249360514886,0.401762558832005,50,0.544976826914864,1.38065514103731,11,50,FALSE,FALSE
GOBP_POSITIVE_REGULATION_OF_GLUCONEOGENESIS,GO:BP,-1.39652945447996,0.166294214726476,21,1,0.597686208241258,2,21,FALSE,FALSE
GOBP_POSITIVE_REGULATION_OF_GLUCOSE_METABOLIC_PROCESS,GO:BP,-1.63963103162667,0.0419578434937095,42,1,0.597686208241258,4,42,FALSE,FALSE
GOBP_POSITIVE_REGULATION_OF_GLUTAMATE_RECEPTOR_SIGNALING_PATHWAY,GO:BP,1.34055848550729,0.230433664661069,10,0.036012254022514,3.76542311191993,6,10,FALSE,TRUE
GOBP_POSITIVE_REGULATION_OF_GLYCOGEN_BIOSYNTHETIC_PROCESS,GO:BP,-1.84180538174747,0.02458767621757,15,1,0.836760691537762,2,15,FALSE,FALSE
GOBP_POSITIVE_REGULATION_OF_GLYCOGEN_METABOLIC_PROCESS,GO:BP,-1.65742707983277,0.0594268578712119,18,1,0.697300576281468,2,18,FALSE,FALSE
GOBP_POSITIVE_REGULATION_OF_GLYCOPROTEIN_BIOSYNTHETIC_PROCESS,GO:BP,-1.29612858725434,0.244631679827495,18,1,0.697300576281468,2,18,FALSE,FALSE
GOBP_POSITIVE_REGULATION_OF_GLYCOPROTEIN_METABOLIC_PROCESS,GO:BP,-1.19431521855558,0.330346776490175,21,1,0.597686208241258,2,21,FALSE,FALSE
GOBP_POSITIVE_REGULATION_OF_GRANULOCYTE_CHEMOTAXIS,GO:BP,1.80763890670733,0.0180403878648631,26,0.627782812120181,1.44823965843074,6,26,TRUE,FALSE
GOBP_POSITIVE_REGULATION_OF_GROWTH,GO:BP,0.951202784766916,0.643918935322772,211,0.491796423757099,1.18970714436649,40,211,FALSE,FALSE
GOBP_POSITIVE_REGULATION_OF_GTPASE_ACTIVITY,GO:BP,1.21837287011219,0.252259663902418,75,1,0.836760691537761,10,75,FALSE,FALSE
GOBP_POSITIVE_REGULATION_OF_G_PROTEIN_COUPLED_RECEPTOR_SIGNALING_PATHWAY,GO:BP,-1.152249055221,0.366414213999727,33,0.868087644964407,1.1410373066424,6,33,FALSE,FALSE
GOBP_POSITIVE_REGULATION_OF_HAIR_FOLLICLE_DEVELOPMENT,GO:BP,1.35087213428389,0.21725350083559,12,0.201710248379816,2.61487716105551,5,12,FALSE,FALSE
GOBP_POSITIVE_REGULATION_OF_HEART_GROWTH,GO:BP,-1.23203705995675,0.299041290538282,29,0.207308535086846,1.94763264409651,9,29,FALSE,FALSE
GOBP_POSITIVE_REGULATION_OF_HEART_RATE,GO:BP,-0.999155582966953,0.580216557841343,25,0.221856837380877,2.00822565969063,8,25,FALSE,FALSE
GOBP_POSITIVE_REGULATION_OF_HEAT_GENERATION,GO:BP,0.951984394524848,0.647612092947145,10,1,0.627570518653321,1,10,FALSE,FALSE
GOBP_POSITIVE_REGULATION_OF_HEMOPOIESIS,GO:BP,1.7890071217082,0.000355424184548846,183,0.209897287996474,1.33744536762183,39,183,TRUE,FALSE
GOBP_POSITIVE_REGULATION_OF_HEPATOCYTE_PROLIFERATION,GO:BP,-1.02706724321104,0.532692894557525,10,0.906741278758732,1.25514103730664,2,10,FALSE,FALSE
GOBP_POSITIVE_REGULATION_OF_HETEROTYPIC_CELL_CELL_ADHESION,GO:BP,1.31351406933131,0.246940310688155,10,0.594213709778933,1.88271155595996,3,10,FALSE,FALSE
GOBP_POSITIVE_REGULATION_OF_HIPPO_SIGNALING,GO:BP,-0.89652748126339,0.674840712506415,13,1,0.482746552810247,1,13,FALSE,FALSE
GOBP_POSITIVE_REGULATION_OF_HOMOTYPIC_CELL_CELL_ADHESION,GO:BP,0.844531589408062,0.747272901528221,20,1,0.941355777979982,3,20,FALSE,FALSE
GOBP_POSITIVE_REGULATION_OF_HORMONE_BIOSYNTHETIC_PROCESS,GO:BP,-0.914192955483404,0.648934545693531,10,1,0.627570518653321,1,10,FALSE,FALSE
GOBP_POSITIVE_REGULATION_OF_HORMONE_METABOLIC_PROCESS,GO:BP,-1.06809742091705,0.496012378176261,15,0.868087644964407,1.25514103730664,3,15,FALSE,FALSE
GOBP_POSITIVE_REGULATION_OF_HORMONE_SECRETION,GO:BP,-1.17659701360814,0.237369547089394,113,0.367902175932515,1.33289313696281,24,113,FALSE,FALSE
GOBP_POSITIVE_REGULATION_OF_HUMORAL_IMMUNE_RESPONSE,GO:BP,1.95325161853703,0.00667669686286899,16,0.0324674001007954,3.13785259326661,8,16,TRUE,TRUE
GOBP_POSITIVE_REGULATION_OF_HYDROLASE_ACTIVITY,GO:BP,1.13148611497184,0.349190623443057,93,1,0.809768411165576,12,93,FALSE,FALSE
GOBP_POSITIVE_REGULATION_OF_IMMUNE_EFFECTOR_PROCESS,GO:BP,2.21293735463769,3.52296936364554e-11,237,0.000407296237366418,1.72118496677071,65,237,TRUE,TRUE
GOBP_POSITIVE_REGULATION_OF_IMMUNOGLOBULIN_PRODUCTION,GO:BP,1.94249421481584,0.00258226240507551,49,0.655369444735246,1.28075616051698,10,49,TRUE,FALSE
GOBP_POSITIVE_REGULATION_OF_INFLAMMASOME_MEDIATED_SIGNALING_PATHWAY,GO:BP,1.81255169331958,0.0183960062523673,28,0.906741278758732,1.12066164045236,5,28,TRUE,FALSE
GOBP_POSITIVE_REGULATION_OF_INFLAMMATORY_RESPONSE,GO:BP,2.24245506117075,5.20294447476387e-09,155,0.000209677614302107,1.94344418679738,48,155,TRUE,TRUE
GOBP_POSITIVE_REGULATION_OF_INFLAMMATORY_RESPONSE_TO_ANTIGENIC_STIMULUS,GO:BP,1.47834418205042,0.1434433193361,12,0.430749153033336,2.0919017288444,4,12,FALSE,FALSE
GOBP_POSITIVE_REGULATION_OF_INSULIN_SECRETION,GO:BP,0.930020339617257,0.674840712506415,67,0.928031217331903,1.03033965749053,11,67,FALSE,FALSE
GOBP_POSITIVE_REGULATION_OF_INSULIN_SECRETION_INVOLVED_IN_CELLULAR_RESPONSE_TO_GLUCOSE_STIMULUS,GO:BP,1.38025113271098,0.159692867509264,30,0.398324147552931,1.67352138307552,8,30,FALSE,FALSE
GOBP_POSITIVE_REGULATION_OF_INTEGRIN_ACTIVATION,GO:BP,1.33661212690656,0.232726249963473,10,0.594213709778933,1.88271155595996,3,10,FALSE,FALSE
GOBP_POSITIVE_REGULATION_OF_INTEGRIN_MEDIATED_SIGNALING_PATHWAY,GO:BP,-1.38457634883249,0.214286963517437,12,1,0.522975432211101,1,12,FALSE,FALSE
GOBP_POSITIVE_REGULATION_OF_INTERFERON_ALPHA_PRODUCTION,GO:BP,1.86581036086171,0.0129379841315376,24,0.944829045454405,1.0459508644222,4,24,TRUE,FALSE
GOBP_POSITIVE_REGULATION_OF_INTERFERON_BETA_PRODUCTION,GO:BP,2.10908086001024,0.00022078082117016,41,0.762207358717267,1.22452784127477,8,41,TRUE,FALSE
GOBP_POSITIVE_REGULATION_OF_INTERLEUKIN_10_PRODUCTION,GO:BP,2.30324436138901,5.02737938590096e-06,40,0.0010548502021409,2.82406733393995,18,40,TRUE,TRUE
GOBP_POSITIVE_REGULATION_OF_INTERLEUKIN_12_PRODUCTION,GO:BP,2.06698675616641,0.000368159374812681,41,0.284857917031218,1.68372578175281,11,41,TRUE,FALSE
GOBP_POSITIVE_REGULATION_OF_INTERLEUKIN_13_PRODUCTION,GO:BP,-0.736536129077087,0.86152032241468,19,0.788586078744843,1.32120109190173,4,19,FALSE,FALSE
GOBP_POSITIVE_REGULATION_OF_INTERLEUKIN_17_PRODUCTION,GO:BP,2.12472467781856,0.000463856200295015,21,0.0178036260904953,2.98843104120629,10,21,TRUE,TRUE
GOBP_POSITIVE_REGULATION_OF_INTERLEUKIN_1_PRODUCTION,GO:BP,2.39348816089012,2.3525794789501e-07,65,0.00203103221427833,2.31718345348919,24,65,TRUE,TRUE
GOBP_POSITIVE_REGULATION_OF_INTERLEUKIN_2_PRODUCTION,GO:BP,2.37776018239815,9.40098200441743e-07,49,0.506693934048772,1.40883177656868,11,49,TRUE,FALSE
GOBP_POSITIVE_REGULATION_OF_INTERLEUKIN_4_PRODUCTION,GO:BP,1.6938947974238,0.0429360489010023,28,0.181075873523002,2.01719095281425,9,28,TRUE,FALSE
GOBP_POSITIVE_REGULATION_OF_INTERLEUKIN_5_PRODUCTION,GO:BP,-0.685397745180225,0.915928668818552,13,0.499747367215725,1.93098621124099,4,13,FALSE,FALSE
GOBP_POSITIVE_REGULATION_OF_INTERLEUKIN_6_PRODUCTION,GO:BP,1.95109442028233,0.00023135705898245,95,0.334291942056646,1.38726114649682,21,95,TRUE,FALSE
GOBP_POSITIVE_REGULATION_OF_INTERLEUKIN_8_PRODUCTION,GO:BP,2.04416079678198,0.000371925668128132,59,0.015203514462938,2.12735769035024,20,59,TRUE,TRUE
GOBP_POSITIVE_REGULATION_OF_INTRACELLULAR_ESTROGEN_RECEPTOR_SIGNALING_PATHWAY,GO:BP,0.923565492751782,0.662942442627371,12,0.978587630542299,1.0459508644222,2,12,FALSE,FALSE
GOBP_POSITIVE_REGULATION_OF_INTRACELLULAR_PROTEIN_TRANSPORT,GO:BP,1.10923151564182,0.383637034193631,94,1,0.600865390199988,9,94,FALSE,FALSE
GOBP_POSITIVE_REGULATION_OF_INTRACELLULAR_STEROID_HORMONE_RECEPTOR_SIGNALING_PATHWAY,GO:BP,0.769650839088748,0.827693384172312,15,0.868087644964407,1.25514103730664,3,15,FALSE,FALSE
GOBP_POSITIVE_REGULATION_OF_INTRACELLULAR_TRANSPORT,GO:BP,1.30097377416078,0.137340915361799,143,1,0.702176804087632,16,143,FALSE,FALSE
GOBP_POSITIVE_REGULATION_OF_INTRINSIC_APOPTOTIC_SIGNALING_PATHWAY,GO:BP,1.75164926840964,0.0107686481301544,58,1,0.541009067804587,5,58,TRUE,FALSE
GOBP_POSITIVE_REGULATION_OF_ISOTYPE_SWITCHING,GO:BP,1.59958351348636,0.0780758949783479,24,1,0.522975432211101,2,24,FALSE,FALSE
GOBP_POSITIVE_REGULATION_OF_JNK_CASCADE,GO:BP,1.04649924676003,0.478925081433225,100,0.868087644964407,1.06686988171065,17,100,FALSE,FALSE
GOBP_POSITIVE_REGULATION_OF_JUN_KINASE_ACTIVITY,GO:BP,0.72987171927601,0.876499323834349,12,,,,,FALSE,FALSE
GOBP_POSITIVE_REGULATION_OF_KERATINOCYTE_DIFFERENTIATION,GO:BP,1.68538525512368,0.0657721572856849,16,0.203413740636149,2.35338944494995,6,16,FALSE,FALSE
GOBP_POSITIVE_REGULATION_OF_KERATINOCYTE_PROLIFERATION,GO:BP,1.8562828888896,0.016196065840594,12,0.430749153033336,2.0919017288444,4,12,TRUE,FALSE
GOBP_POSITIVE_REGULATION_OF_KINASE_ACTIVITY,GO:BP,1.66671842971992,0.00630971028409973,130,0.295880242983568,1.35169034786869,28,130,TRUE,FALSE
GOBP_POSITIVE_REGULATION_OF_LAMELLIPODIUM_ASSEMBLY,GO:BP,1.40982570713281,0.148667731555432,26,1,0.724119829215371,3,26,FALSE,FALSE
GOBP_POSITIVE_REGULATION_OF_LAMELLIPODIUM_ORGANIZATION,GO:BP,1.2411118450612,0.268230413371857,34,1,0.553738692929401,3,34,FALSE,FALSE
GOBP_POSITIVE_REGULATION_OF_LEUKOCYTE_ADHESION_TO_VASCULAR_ENDOTHELIAL_CELL,GO:BP,0.989580005131332,0.589972346980124,23,0.719442465053918,1.36428373620287,5,23,FALSE,FALSE
GOBP_POSITIVE_REGULATION_OF_LEUKOCYTE_APOPTOTIC_PROCESS,GO:BP,2.0430446279047,0.00126079293864591,27,0.290924701964477,1.85946820341725,8,27,TRUE,FALSE
GOBP_POSITIVE_REGULATION_OF_LEUKOCYTE_CELL_CELL_ADHESION,GO:BP,2.10290919598495,2.86277396467173e-09,262,0.112551618067915,1.3413721009384,56,262,TRUE,FALSE
GOBP_POSITIVE_REGULATION_OF_LEUKOCYTE_CHEMOTAXIS,GO:BP,1.58882072726097,0.026774912900071,91,0.187119699845837,1.51720345168935,22,91,TRUE,FALSE
GOBP_POSITIVE_REGULATION_OF_LEUKOCYTE_DEGRANULATION,GO:BP,1.27426506855331,0.25425566425925,24,0.944829045454405,1.0459508644222,4,24,FALSE,FALSE
GOBP_POSITIVE_REGULATION_OF_LEUKOCYTE_MEDIATED_IMMUNITY,GO:BP,2.07427475880732,2.65219458785027e-06,137,0.0437542277685056,1.60328234692454,35,137,TRUE,TRUE
GOBP_POSITIVE_REGULATION_OF_LEUKOCYTE_MIGRATION,GO:BP,1.51942676769286,0.030033830248301,143,0.321892452468277,1.31658150766431,30,143,TRUE,FALSE
GOBP_POSITIVE_REGULATION_OF_LEUKOCYTE_PROLIFERATION,GO:BP,1.86212933863626,0.000180575650915687,148,0.031380129163735,1.61132971005582,38,148,TRUE,TRUE
GOBP_POSITIVE_REGULATION_OF_LEUKOCYTE_TETHERING_OR_ROLLING,GO:BP,0.942862466978275,0.652207859888141,10,0.594213709778933,1.88271155595996,3,10,FALSE,FALSE
GOBP_POSITIVE_REGULATION_OF_LIPID_BIOSYNTHETIC_PROCESS,GO:BP,-1.15104216139668,0.304938750927074,86,0.594213709778933,1.24054637408215,17,86,FALSE,FALSE
GOBP_POSITIVE_REGULATION_OF_LIPID_CATABOLIC_PROCESS,GO:BP,-0.918296299780566,0.667817841805043,21,1,0.896529312361887,3,21,FALSE,FALSE
GOBP_POSITIVE_REGULATION_OF_LIPID_LOCALIZATION,GO:BP,1.06995132525316,0.458954391012128,87,0.138214156280246,1.58695993222679,22,87,FALSE,FALSE
GOBP_POSITIVE_REGULATION_OF_LIPID_METABOLIC_PROCESS,GO:BP,-1.28939797489193,0.15163692852139,114,0.218870741636747,1.43130118289354,26,114,FALSE,FALSE
GOBP_POSITIVE_REGULATION_OF_LIPID_STORAGE,GO:BP,1.30552615442385,0.232098572741619,17,0.24615437055853,2.2149547717176,6,17,FALSE,FALSE
GOBP_POSITIVE_REGULATION_OF_LIPID_TRANSPORT,GO:BP,-1.03234380894313,0.498675682618562,72,0.418061545586848,1.39460115256294,16,72,FALSE,FALSE
GOBP_POSITIVE_REGULATION_OF_LIPOPOLYSACCHARIDE_MEDIATED_SIGNALING_PATHWAY,GO:BP,-0.684426547918886,0.908154636233203,11,,,,,FALSE,FALSE
GOBP_POSITIVE_REGULATION_OF_LONG_TERM_SYNAPTIC_POTENTIATION,GO:BP,-1.0287657375607,0.526669374856816,21,1,0.597686208241258,2,21,FALSE,FALSE
GOBP_POSITIVE_REGULATION_OF_LYASE_ACTIVITY,GO:BP,-1.23150624524029,0.299041290538282,19,1,0.660600545950864,2,19,FALSE,FALSE
GOBP_POSITIVE_REGULATION_OF_LYMPHOCYTE_APOPTOTIC_PROCESS,GO:BP,1.96133353763642,0.00845859548760557,17,0.462054378260411,1.845795643098,5,17,TRUE,FALSE
GOBP_POSITIVE_REGULATION_OF_LYMPHOCYTE_CHEMOTAXIS,GO:BP,1.96326234612307,0.00742149638745194,18,0.506693934048772,1.74325144070367,5,18,TRUE,FALSE
GOBP_POSITIVE_REGULATION_OF_LYMPHOCYTE_DIFFERENTIATION,GO:BP,1.80432688367632,0.000876610680804495,130,0.373914079428919,1.30341569258767,27,130,TRUE,FALSE
GOBP_POSITIVE_REGULATION_OF_LYMPHOCYTE_MIGRATION,GO:BP,1.89691480069218,0.00369714391993878,41,0.594213709778933,1.37759382143412,9,41,TRUE,FALSE
GOBP_POSITIVE_REGULATION_OF_MACROAUTOPHAGY,GO:BP,1.30288899073785,0.161549585029831,87,1,0.649210881365505,9,87,FALSE,FALSE
GOBP_POSITIVE_REGULATION_OF_MACROPHAGE_ACTIVATION,GO:BP,2.00810569266275,0.00220802396571873,21,0.237102536494907,2.0919017288444,7,21,TRUE,FALSE
GOBP_POSITIVE_REGULATION_OF_MACROPHAGE_CHEMOTAXIS,GO:BP,-0.736335239017925,0.889699229488074,20,0.594213709778933,1.5689262966333,5,20,FALSE,FALSE
GOBP_POSITIVE_REGULATION_OF_MACROPHAGE_CYTOKINE_PRODUCTION,GO:BP,1.45188165716553,0.145759905881972,12,0.430749153033336,2.0919017288444,4,12,FALSE,FALSE
GOBP_POSITIVE_REGULATION_OF_MACROPHAGE_DERIVED_FOAM_CELL_DIFFERENTIATION,GO:BP,1.26768214245458,0.256824411480168,17,0.044017851570693,2.95327302895681,8,17,FALSE,TRUE
GOBP_POSITIVE_REGULATION_OF_MACROPHAGE_DIFFERENTIATION,GO:BP,-1.12179830141064,0.405256445729297,13,1,0.965493105620494,2,13,FALSE,FALSE
GOBP_POSITIVE_REGULATION_OF_MACROPHAGE_MIGRATION,GO:BP,0.887849526691108,0.716915595553746,27,0.470180903258393,1.62703467799009,7,27,FALSE,FALSE
GOBP_POSITIVE_REGULATION_OF_MAPK_CASCADE,GO:BP,-1.11585158914478,0.236588034628134,413,0.0166069205555442,1.38278249872766,91,413,FALSE,TRUE
GOBP_POSITIVE_REGULATION_OF_MAP_KINASE_ACTIVITY,GO:BP,0.812432006469915,0.817143545234765,35,0.908893334837639,1.07583517483427,6,35,FALSE,FALSE
GOBP_POSITIVE_REGULATION_OF_MAST_CELL_DEGRANULATION,GO:BP,1.00967437976819,0.555603626580984,15,0.868087644964407,1.25514103730664,3,15,FALSE,FALSE
GOBP_POSITIVE_REGULATION_OF_MEGAKARYOCYTE_DIFFERENTIATION,GO:BP,-1.3378050697453,0.238815061161032,11,0.367902175932515,2.2820746132848,4,11,FALSE,FALSE
GOBP_POSITIVE_REGULATION_OF_MEIOTIC_CELL_CYCLE,GO:BP,1.4951312908432,0.108670312486346,21,0.237102536494907,2.0919017288444,7,21,FALSE,FALSE
GOBP_POSITIVE_REGULATION_OF_MEIOTIC_NUCLEAR_DIVISION,GO:BP,1.12703840985247,0.416312259961424,12,0.719442465053918,1.5689262966333,3,12,FALSE,FALSE
GOBP_POSITIVE_REGULATION_OF_MEMBRANE_DEPOLARIZATION,GO:BP,-1.05726768959071,0.517374724743542,12,0.978587630542299,1.0459508644222,2,12,FALSE,FALSE
GOBP_POSITIVE_REGULATION_OF_MEMBRANE_PERMEABILITY,GO:BP,1.4185020191445,0.137100349028873,38,1,0.330300272975432,2,38,FALSE,FALSE
GOBP_POSITIVE_REGULATION_OF_MEMBRANE_PROTEIN_ECTODOMAIN_PROTEOLYSIS,GO:BP,-0.943990087695717,0.606867811557613,15,0.868087644964407,1.25514103730664,3,15,FALSE,FALSE
GOBP_POSITIVE_REGULATION_OF_MESENCHYMAL_CELL_PROLIFERATION,GO:BP,-1.25354922182077,0.278693453792831,25,0.978587630542299,1.00411282984531,4,25,FALSE,FALSE
GOBP_POSITIVE_REGULATION_OF_METAPHASE_ANAPHASE_TRANSITION_OF_CELL_CYCLE,GO:BP,2.16075926444916,0.000423965354581953,18,0.138214156280246,2.44055201698514,7,18,TRUE,FALSE
GOBP_POSITIVE_REGULATION_OF_MHC_CLASS_II_BIOSYNTHETIC_PROCESS,GO:BP,1.56473971523911,0.114955751987534,12,0.978587630542299,1.0459508644222,2,12,FALSE,FALSE
GOBP_POSITIVE_REGULATION_OF_MICROTUBULE_POLYMERIZATION_OR_DEPOLYMERIZATION,GO:BP,1.04539889351185,0.514053298524876,35,0.908893334837639,1.07583517483427,6,35,FALSE,FALSE
GOBP_POSITIVE_REGULATION_OF_MIRNA_METABOLIC_PROCESS,GO:BP,1.01511966280011,0.551695743777516,58,0.331507256662576,1.51482538985284,14,58,FALSE,FALSE
GOBP_POSITIVE_REGULATION_OF_MITOCHONDRIAL_FISSION,GO:BP,1.1327302403999,0.440315193679975,19,1,0.660600545950864,2,19,FALSE,FALSE
GOBP_POSITIVE_REGULATION_OF_MITOCHONDRIAL_MEMBRANE_PERMEABILITY,GO:BP,1.51496061973123,0.079460847191284,36,1,0.348650288140734,2,36,FALSE,FALSE
GOBP_POSITIVE_REGULATION_OF_MITOCHONDRIAL_TRANSLATION,GO:BP,1.57681552273605,0.123589288590149,15,,,,,FALSE,FALSE
GOBP_POSITIVE_REGULATION_OF_MITOTIC_CELL_CYCLE,GO:BP,2.23281375598584,1.3115645172085e-07,120,0.303676489292972,1.35973612374886,26,120,TRUE,FALSE
GOBP_POSITIVE_REGULATION_OF_MITOTIC_CELL_CYCLE_PHASE_TRANSITION,GO:BP,2.4174295648867,1.69361131079852e-08,87,0.201710248379816,1.51482538985284,21,87,TRUE,FALSE
GOBP_POSITIVE_REGULATION_OF_MITOTIC_CYTOKINESIS,GO:BP,1.94021553283003,0.00658460858661,12,0.430749153033336,2.0919017288444,4,12,TRUE,FALSE
GOBP_POSITIVE_REGULATION_OF_MITOTIC_NUCLEAR_DIVISION,GO:BP,1.93345021382149,0.00204821062560862,42,0.000605768209108002,2.83900948914598,19,42,TRUE,TRUE
GOBP_POSITIVE_REGULATION_OF_MITOTIC_SISTER_CHROMATID_SEPARATION,GO:BP,2.33365450900009,7.64744175737941e-06,21,0.0178036260904953,2.98843104120629,10,21,TRUE,TRUE
GOBP_POSITIVE_REGULATION_OF_MOLECULAR_FUNCTION,GO:BP,1.56248234868858,0.000281544313621003,429,0.77384671492533,1.05326520613145,72,429,TRUE,FALSE
GOBP_POSITIVE_REGULATION_OF_MONOATOMIC_ION_TRANSMEMBRANE_TRANSPORT,GO:BP,-1.36922344315597,0.072962770378206,98,0.101790474376526,1.60094520064623,25,98,FALSE,FALSE
GOBP_POSITIVE_REGULATION_OF_MONOATOMIC_ION_TRANSPORT,GO:BP,-1.39217368465191,0.0424666842619192,154,0.00837637109759954,1.7115559599636,42,154,FALSE,TRUE
GOBP_POSITIVE_REGULATION_OF_MONOCYTE_CHEMOTACTIC_PROTEIN_1_PRODUCTION,GO:BP,1.88494083523573,0.0141317960555962,14,0.134052103493028,2.68958793708566,6,14,TRUE,FALSE
GOBP_POSITIVE_REGULATION_OF_MONOCYTE_CHEMOTAXIS,GO:BP,1.51961911128056,0.0942202184834177,20,0.594213709778933,1.5689262966333,5,20,FALSE,FALSE
GOBP_POSITIVE_REGULATION_OF_MONONUCLEAR_CELL_MIGRATION,GO:BP,1.71253035175892,0.00922129165974998,91,0.594213709778933,1.24134827865492,18,91,TRUE,FALSE
GOBP_POSITIVE_REGULATION_OF_MORPHOGENESIS_OF_AN_EPITHELIUM,GO:BP,-1.57169785823307,0.0679431578946123,34,0.364288399923891,1.6612160787882,9,34,FALSE,FALSE
GOBP_POSITIVE_REGULATION_OF_MRNA_METABOLIC_PROCESS,GO:BP,1.61014792303159,0.0132655556308971,133,1,0.283114519693228,6,133,TRUE,FALSE
GOBP_POSITIVE_REGULATION_OF_MRNA_PROCESSING,GO:BP,1.83066096979514,0.00846137205921868,22,1,0.285259326660601,1,22,TRUE,FALSE
GOBP_POSITIVE_REGULATION_OF_MRNA_SPLICING_VIA_SPLICEOSOME,GO:BP,1.64755450508192,0.0780758949783479,18,,,,,FALSE,FALSE
GOBP_POSITIVE_REGULATION_OF_MULTICELLULAR_ORGANISM_GROWTH,GO:BP,-1.40130716181941,0.136489298915913,26,1,0.241373276405124,1,26,FALSE,FALSE
GOBP_POSITIVE_REGULATION_OF_MUSCLE_CELL_APOPTOTIC_PROCESS,GO:BP,1.17518402458257,0.353059079775919,23,0.303676489292972,1.90999723068402,7,23,FALSE,FALSE
GOBP_POSITIVE_REGULATION_OF_MUSCLE_CELL_DIFFERENTIATION,GO:BP,-1.65516378717219,0.0190233713118031,56,1,0.336198492135708,3,56,FALSE,FALSE
GOBP_POSITIVE_REGULATION_OF_MUSCLE_CONTRACTION,GO:BP,-1.69572573207714,0.0316133123897601,44,0.0807201328560962,1.9968152866242,14,44,FALSE,FALSE
GOBP_POSITIVE_REGULATION_OF_MUSCLE_HYPERTROPHY,GO:BP,-0.955400810091066,0.626067996508726,25,0.594213709778933,1.50616924476797,6,25,FALSE,FALSE
GOBP_POSITIVE_REGULATION_OF_MUSCLE_ORGAN_DEVELOPMENT,GO:BP,-1.82003314230621,0.0264055450388433,13,1,0.482746552810247,1,13,FALSE,FALSE
GOBP_POSITIVE_REGULATION_OF_MYELINATION,GO:BP,-1.1533997774812,0.393060921847731,20,0.831189429132839,1.25514103730664,4,20,FALSE,FALSE
GOBP_POSITIVE_REGULATION_OF_MYELOID_CELL_DIFFERENTIATION,GO:BP,1.37322324957854,0.109605514442227,96,0.464668345225814,1.30743858052775,20,96,FALSE,FALSE
GOBP_POSITIVE_REGULATION_OF_MYELOID_LEUKOCYTE_CYTOKINE_PRODUCTION_INVOLVED_IN_IMMUNE_RESPONSE,GO:BP,1.59195767454527,0.111467358842072,23,0.719442465053918,1.36428373620287,5,23,FALSE,FALSE
GOBP_POSITIVE_REGULATION_OF_MYELOID_LEUKOCYTE_DIFFERENTIATION,GO:BP,1.45343695585642,0.111562922152703,53,0.332969660693139,1.53932391367796,13,53,FALSE,FALSE
GOBP_POSITIVE_REGULATION_OF_MYELOID_LEUKOCYTE_MEDIATED_IMMUNITY,GO:BP,1.73744728638288,0.0269868704347012,21,1,0.896529312361887,3,21,TRUE,FALSE
GOBP_POSITIVE_REGULATION_OF_MYOBLAST_DIFFERENTIATION,GO:BP,-0.8015828673912,0.850039846832663,38,1,0.660600545950864,4,38,FALSE,FALSE
GOBP_POSITIVE_REGULATION_OF_MYOBLAST_FUSION,GO:BP,1.09369819120311,0.454203574355172,11,0.367902175932515,2.2820746132848,4,11,FALSE,FALSE
GOBP_POSITIVE_REGULATION_OF_MYOTUBE_DIFFERENTIATION,GO:BP,-0.827851123964119,0.759616288359415,10,,,,,FALSE,FALSE
GOBP_POSITIVE_REGULATION_OF_NATURAL_KILLER_CELL_ACTIVATION,GO:BP,1.52352173220221,0.0924470506655059,21,0.426982662077329,1.79305862472378,6,21,FALSE,FALSE
GOBP_POSITIVE_REGULATION_OF_NATURAL_KILLER_CELL_MEDIATED_CYTOTOXICITY,GO:BP,1.74801058622452,0.0264286132817832,27,0.157795262997224,2.0919017288444,9,27,TRUE,FALSE
GOBP_POSITIVE_REGULATION_OF_NATURAL_KILLER_CELL_MEDIATED_IMMUNITY,GO:BP,1.74878532149721,0.0245919870620535,31,0.150628381051794,2.02442102791394,10,31,TRUE,FALSE
GOBP_POSITIVE_REGULATION_OF_NERVOUS_SYSTEM_DEVELOPMENT,GO:BP,-1.56348510311654,0.00183326352750385,243,0.25764086535866,1.26547141621452,49,243,FALSE,FALSE
GOBP_POSITIVE_REGULATION_OF_NERVOUS_SYSTEM_PROCESS,GO:BP,-1.19796808549665,0.318303593174106,31,0.610175830929717,1.41709471953976,7,31,FALSE,FALSE
GOBP_POSITIVE_REGULATION_OF_NEURAL_PRECURSOR_CELL_PROLIFERATION,GO:BP,-1.03957066138988,0.5184784464208,43,1,0.875679793469751,6,43,FALSE,FALSE
GOBP_POSITIVE_REGULATION_OF_NEUROBLAST_PROLIFERATION,GO:BP,0.679792379267485,0.917570211581951,20,1,0.627570518653321,2,20,FALSE,FALSE
GOBP_POSITIVE_REGULATION_OF_NEUROGENESIS,GO:BP,-1.31362398153525,0.104819371789707,194,0.806093190501509,1.06751686162678,33,194,FALSE,FALSE
GOBP_POSITIVE_REGULATION_OF_NEUROINFLAMMATORY_RESPONSE,GO:BP,1.75995560202371,0.0403629514428283,17,0.462054378260411,1.845795643098,5,17,TRUE,FALSE
GOBP_POSITIVE_REGULATION_OF_NEURON_APOPTOTIC_PROCESS,GO:BP,1.71525123838339,0.0159613115135083,60,0.788586078744843,1.15054595086442,11,60,TRUE,FALSE
GOBP_POSITIVE_REGULATION_OF_NEURON_DIFFERENTIATION,GO:BP,-1.90192291489614,0.00119167549487407,65,0.170376708302047,1.64133827955484,17,65,FALSE,FALSE
GOBP_POSITIVE_REGULATION_OF_NEURON_MIGRATION,GO:BP,-1.26387004571546,0.295377163350645,16,,,,,FALSE,FALSE
GOBP_POSITIVE_REGULATION_OF_NEURON_PROJECTION_DEVELOPMENT,GO:BP,-1.52956486882447,0.0208678693199403,134,0.441243492192329,1.26450776146565,27,134,FALSE,FALSE
GOBP_POSITIVE_REGULATION_OF_NEUROTRANSMITTER_SECRETION,GO:BP,-1.15078050114822,0.386543472777633,19,0.556679392684558,1.65150136487716,5,19,FALSE,FALSE
GOBP_POSITIVE_REGULATION_OF_NEUROTRANSMITTER_TRANSPORT,GO:BP,-1.47788491172984,0.160932181959919,23,0.303676489292972,1.90999723068402,7,23,FALSE,FALSE
GOBP_POSITIVE_REGULATION_OF_NEUTROPHIL_MIGRATION,GO:BP,1.24618029551163,0.268412635821942,33,0.868087644964407,1.1410373066424,6,33,FALSE,FALSE
GOBP_POSITIVE_REGULATION_OF_NF_KAPPAB_TRANSCRIPTION_FACTOR_ACTIVITY,GO:BP,2.21542634922116,7.04475145462519e-06,74,1,0.932875095295478,11,74,TRUE,FALSE
GOBP_POSITIVE_REGULATION_OF_NITRIC_OXIDE_BIOSYNTHETIC_PROCESS,GO:BP,-0.917458903301475,0.693640457944079,35,0.908893334837639,1.07583517483427,6,35,FALSE,FALSE
GOBP_POSITIVE_REGULATION_OF_NON_CANONICAL_NF_KAPPAB_SIGNAL_TRANSDUCTION,GO:BP,1.3464640758621,0.140278887261165,59,0.496872913326769,1.38278249872766,13,59,FALSE,FALSE
GOBP_POSITIVE_REGULATION_OF_NON_CANONICAL_WNT_SIGNALING_PATHWAY,GO:BP,-0.949815028319742,0.591336872586873,15,0.868087644964407,1.25514103730664,3,15,FALSE,FALSE
GOBP_POSITIVE_REGULATION_OF_NOTCH_SIGNALING_PATHWAY,GO:BP,-0.951562889412853,0.655872236773802,39,1,0.643662070413663,4,39,FALSE,FALSE
GOBP_POSITIVE_REGULATION_OF_NUCLEAR_DIVISION,GO:BP,1.95439541645023,0.00210791580229761,54,0.000893719456466455,2.55676877969872,22,54,TRUE,TRUE
GOBP_POSITIVE_REGULATION_OF_NUCLEAR_TRANSCRIBED_MRNA_CATABOLIC_PROCESS_DEADENYLATION_DEPENDENT_DECAY,GO:BP,1.01375438521562,0.559201190056807,13,,,,,FALSE,FALSE
GOBP_POSITIVE_REGULATION_OF_NUCLEOCYTOPLASMIC_TRANSPORT,GO:BP,1.42844400590786,0.133180554171686,58,1,0.86561450848734,8,58,FALSE,FALSE
GOBP_POSITIVE_REGULATION_OF_NUCLEOTIDE_BIOSYNTHETIC_PROCESS,GO:BP,1.14439115779243,0.408324510093208,10,0.906741278758732,1.25514103730664,2,10,FALSE,FALSE
GOBP_POSITIVE_REGULATION_OF_NUCLEOTIDE_CATABOLIC_PROCESS,GO:BP,-1.5602721619935,0.0695395638675082,19,0.331528691535675,1.98180163785259,6,19,FALSE,FALSE
GOBP_POSITIVE_REGULATION_OF_NUCLEOTIDE_METABOLIC_PROCESS,GO:BP,-1.1147990567712,0.406881411940193,31,0.268017021100583,1.82197892512255,9,31,FALSE,FALSE
GOBP_POSITIVE_REGULATION_OF_OLIGODENDROCYTE_DIFFERENTIATION,GO:BP,0.977185979821352,0.595547771761483,18,0.962721081755926,1.0459508644222,3,18,FALSE,FALSE
GOBP_POSITIVE_REGULATION_OF_ORGANELLE_ASSEMBLY,GO:BP,0.839560167984534,0.800465911923735,80,1,0.392231574158326,5,80,FALSE,FALSE
GOBP_POSITIVE_REGULATION_OF_ORGANELLE_ORGANIZATION,GO:BP,1.60451182351135,7.61816947091244e-05,467,1,0.886930497454373,66,467,TRUE,FALSE
GOBP_POSITIVE_REGULATION_OF_ORGANIC_ACID_TRANSPORT,GO:BP,0.833264649863724,0.800766344106424,32,0.978587630542299,0.980578935395814,5,32,FALSE,FALSE
GOBP_POSITIVE_REGULATION_OF_ORGAN_GROWTH,GO:BP,-1.26025907081104,0.230495271321807,39,0.23178473761861,1.77007069363757,11,39,FALSE,FALSE
GOBP_POSITIVE_REGULATION_OF_OSSIFICATION,GO:BP,-1.73685491503457,0.0179123695653359,47,0.195645729969086,1.73583334946663,13,47,FALSE,FALSE
GOBP_POSITIVE_REGULATION_OF_OSTEOBLAST_DIFFERENTIATION,GO:BP,-1.35699573632788,0.123083443431913,64,1,0.882521041856233,9,64,FALSE,FALSE
GOBP_POSITIVE_REGULATION_OF_OSTEOBLAST_PROLIFERATION,GO:BP,1.13258587521152,0.409668431317916,12,0.430749153033336,2.0919017288444,4,12,FALSE,FALSE
GOBP_POSITIVE_REGULATION_OF_OSTEOCLAST_DIFFERENTIATION,GO:BP,1.79252604474486,0.0216530274914362,26,0.134052103493028,2.17235948764611,9,26,TRUE,FALSE
GOBP_POSITIVE_REGULATION_OF_P38MAPK_CASCADE,GO:BP,1.43438275434185,0.127215061526107,23,0.303676489292972,1.90999723068402,7,23,FALSE,FALSE
GOBP_POSITIVE_REGULATION_OF_PATTERN_RECOGNITION_RECEPTOR_SIGNALING_PATHWAY,GO:BP,1.78697665047425,0.00394637111756605,75,0.725070275827155,1.17146496815287,14,75,TRUE,FALSE
GOBP_POSITIVE_REGULATION_OF_PEPTIDE_SECRETION,GO:BP,0.942387098819558,0.670476914307429,84,0.788586078744843,1.12066164045236,15,84,FALSE,FALSE
GOBP_POSITIVE_REGULATION_OF_PEPTIDYL_SERINE_PHOSPHORYLATION,GO:BP,-1.0195309309439,0.54574488193692,20,0.831189429132839,1.25514103730664,4,20,FALSE,FALSE
GOBP_POSITIVE_REGULATION_OF_PEPTIDYL_TYROSINE_PHOSPHORYLATION,GO:BP,1.03724850176223,0.51497014741953,49,0.0483131171753652,2.04920985682717,16,49,FALSE,TRUE
GOBP_POSITIVE_REGULATION_OF_PEROXISOME_PROLIFERATOR_ACTIVATED_RECEPTOR_SIGNALING_PATHWAY,GO:BP,0.830283619556634,0.758950031625553,10,0.303676489292972,2.51028207461329,4,10,FALSE,FALSE
GOBP_POSITIVE_REGULATION_OF_PHAGOCYTOSIS,GO:BP,1.83439595450674,0.00423032625481879,66,0.188057689508049,1.6164695177434,17,66,TRUE,FALSE
GOBP_POSITIVE_REGULATION_OF_PHOSPHATIDYLINOSITOL_3_KINASE_PROTEIN_KINASE_B_SIGNAL_TRANSDUCTION,GO:BP,-1.46671665953992,0.0248320688473746,190,0.35875717000351,1.25514103730664,38,190,FALSE,FALSE
GOBP_POSITIVE_REGULATION_OF_PHOSPHOLIPID_METABOLIC_PROCESS,GO:BP,0.739940642979533,0.862685715926949,12,0.978587630542299,1.0459508644222,2,12,FALSE,FALSE
GOBP_POSITIVE_REGULATION_OF_PHOSPHOLIPID_TRANSPORT,GO:BP,-0.918025867164702,0.654055816180478,13,0.777355997263282,1.44823965843074,3,13,FALSE,FALSE
GOBP_POSITIVE_REGULATION_OF_PHOSPHORUS_METABOLIC_PROCESS,GO:BP,1.2678699479633,0.118050505050505,286,0.0225416902705012,1.44823965843074,66,286,FALSE,TRUE
GOBP_POSITIVE_REGULATION_OF_PHOSPHORYLATION,GO:BP,1.38685409345945,0.0636715504882003,235,0.0869825200077341,1.38866667957331,52,235,FALSE,FALSE
GOBP_POSITIVE_REGULATION_OF_PLASMA_MEMBRANE_BOUNDED_CELL_PROJECTION_ASSEMBLY,GO:BP,0.856661122914816,0.827713201770325,106,1,0.710457190928288,12,106,FALSE,FALSE
GOBP_POSITIVE_REGULATION_OF_PLATELET_ACTIVATION,GO:BP,-0.701342837257393,0.88924781917997,11,0.944829045454405,1.1410373066424,2,11,FALSE,FALSE
GOBP_POSITIVE_REGULATION_OF_PLATELET_AGGREGATION,GO:BP,0.988939907507853,0.581284822811078,13,1,0.965493105620494,2,13,FALSE,FALSE
GOBP_POSITIVE_REGULATION_OF_POST_TRANSCRIPTIONAL_GENE_SILENCING,GO:BP,-0.785634406848626,0.820049825059085,11,,,,,FALSE,FALSE
GOBP_POSITIVE_REGULATION_OF_POST_TRANSLATIONAL_PROTEIN_MODIFICATION,GO:BP,1.74794006635549,0.001720433088569,121,1,0.726114649681529,14,121,TRUE,FALSE
GOBP_POSITIVE_REGULATION_OF_POTASSIUM_ION_TRANSMEMBRANE_TRANSPORT,GO:BP,-1.16394494153173,0.372761347069306,19,0.331528691535675,1.98180163785259,6,19,FALSE,FALSE
GOBP_POSITIVE_REGULATION_OF_POTASSIUM_ION_TRANSPORT,GO:BP,-1.33085580188695,0.194310904085136,27,0.157795262997224,2.0919017288444,9,27,FALSE,FALSE
GOBP_POSITIVE_REGULATION_OF_PRODUCTION_OF_MOLECULAR_MEDIATOR_OF_IMMUNE_RESPONSE,GO:BP,2.11137125228302,3.48034629764046e-06,115,0.0812355094152937,1.58256913399533,29,115,TRUE,FALSE
GOBP_POSITIVE_REGULATION_OF_PROTEASOMAL_PROTEIN_CATABOLIC_PROCESS,GO:BP,1.0299817371867,0.513220029963953,102,1,0.2461060857464,4,102,FALSE,FALSE
GOBP_POSITIVE_REGULATION_OF_PROTEASOMAL_UBIQUITIN_DEPENDENT_PROTEIN_CATABOLIC_PROCESS,GO:BP,1.18142949711284,0.320899832801338,72,1,0.261487716105551,3,72,FALSE,FALSE
GOBP_POSITIVE_REGULATION_OF_PROTEIN_CATABOLIC_PROCESS,GO:BP,1.03169608402672,0.51172078928722,191,1,0.492856428261771,15,191,FALSE,FALSE
GOBP_POSITIVE_REGULATION_OF_PROTEIN_CONTAINING_COMPLEX_ASSEMBLY,GO:BP,1.57475877918439,0.0122439677401211,190,1,0.891810737033667,27,190,TRUE,FALSE
GOBP_POSITIVE_REGULATION_OF_PROTEIN_CONTAINING_COMPLEX_DISASSEMBLY,GO:BP,1.15262576615187,0.357779960446503,39,1,0.804577588017079,5,39,FALSE,FALSE
GOBP_POSITIVE_REGULATION_OF_PROTEIN_DEPOLYMERIZATION,GO:BP,1.25520096719857,0.280121170553269,20,0.831189429132839,1.25514103730664,4,20,FALSE,FALSE
GOBP_POSITIVE_REGULATION_OF_PROTEIN_EXIT_FROM_ENDOPLASMIC_RETICULUM,GO:BP,1.07128629766526,0.497653072354692,19,,,,,FALSE,FALSE
GOBP_POSITIVE_REGULATION_OF_PROTEIN_EXPORT_FROM_NUCLEUS,GO:BP,0.790799951216747,0.824846214399427,18,1,0.697300576281468,2,18,FALSE,FALSE
GOBP_POSITIVE_REGULATION_OF_PROTEIN_IMPORT_INTO_NUCLEUS,GO:BP,1.34186802210567,0.186472706980519,37,0.950154516639891,1.01768192214052,6,37,FALSE,FALSE
GOBP_POSITIVE_REGULATION_OF_PROTEIN_LOCALIZATION,GO:BP,1.19273412397388,0.171686656546616,398,1,0.851477588122597,54,398,FALSE,FALSE
GOBP_POSITIVE_REGULATION_OF_PROTEIN_LOCALIZATION_TO_CAJAL_BODY,GO:BP,1.95111533589744,0.00457229377815564,10,,,,,TRUE,FALSE
GOBP_POSITIVE_REGULATION_OF_PROTEIN_LOCALIZATION_TO_CELL_PERIPHERY,GO:BP,-1.17476398020791,0.278556001503983,72,1,0.784463148316652,9,72,FALSE,FALSE
GOBP_POSITIVE_REGULATION_OF_PROTEIN_LOCALIZATION_TO_CELL_SURFACE,GO:BP,1.02090913181687,0.563428348937106,21,0.644324793180605,1.49421552060315,5,21,FALSE,FALSE
GOBP_POSITIVE_REGULATION_OF_PROTEIN_LOCALIZATION_TO_EARLY_ENDOSOME,GO:BP,-0.868074295534126,0.694728417698086,10,0.594213709778933,1.88271155595996,3,10,FALSE,FALSE
GOBP_POSITIVE_REGULATION_OF_PROTEIN_LOCALIZATION_TO_MEMBRANE,GO:BP,-1.29475730249147,0.147537073572864,79,1,0.873832367745131,11,79,FALSE,FALSE
GOBP_POSITIVE_REGULATION_OF_PROTEIN_LOCALIZATION_TO_NUCLEUS,GO:BP,1.67453987492216,0.013229407251843,90,1,0.836760691537762,12,90,TRUE,FALSE
GOBP_POSITIVE_REGULATION_OF_PROTEIN_LOCALIZATION_TO_PLASMA_MEMBRANE,GO:BP,-1.13678955472435,0.330346776490175,61,1,0.823043303151897,8,61,FALSE,FALSE
GOBP_POSITIVE_REGULATION_OF_PROTEIN_MATURATION,GO:BP,1.01108259210477,0.548828740647345,26,0.253647312636177,1.93098621124099,8,26,FALSE,FALSE
GOBP_POSITIVE_REGULATION_OF_PROTEIN_MODIFICATION_PROCESS,GO:BP,1.60783287989831,0.00027559050909027,342,0.506693934048772,1.13770094024871,62,342,TRUE,FALSE
GOBP_POSITIVE_REGULATION_OF_PROTEIN_POLYMERIZATION,GO:BP,1.1091278646982,0.397444278606965,82,1,0.841862890876407,11,82,FALSE,FALSE
GOBP_POSITIVE_REGULATION_OF_PROTEIN_POLYUBIQUITINATION,GO:BP,1.69908493076181,0.0584589894985601,16,0.655369444735246,1.5689262966333,4,16,FALSE,FALSE
GOBP_POSITIVE_REGULATION_OF_PROTEIN_SECRETION,GO:BP,-1.04045262683833,0.48659163927424,120,1,0.784463148316651,15,120,FALSE,FALSE
GOBP_POSITIVE_REGULATION_OF_PROTEIN_SERINE_THREONINE_KINASE_ACTIVITY,GO:BP,1.23344911835693,0.256424106026507,50,0.831189429132839,1.12962693357598,9,50,FALSE,FALSE
GOBP_POSITIVE_REGULATION_OF_PROTEIN_SUMOYLATION,GO:BP,0.829182725193778,0.752753652787775,13,1,0.482746552810247,1,13,FALSE,FALSE
GOBP_POSITIVE_REGULATION_OF_PROTEIN_TARGETING_TO_MEMBRANE,GO:BP,1.24084832524489,0.29972150874519,27,0.65691649481654,1.39460115256294,6,27,FALSE,FALSE
GOBP_POSITIVE_REGULATION_OF_PROTEIN_TRANSPORT,GO:BP,0.973501302036521,0.607511626914708,222,1,0.706723557042028,25,222,FALSE,FALSE
GOBP_POSITIVE_REGULATION_OF_PROTEIN_UBIQUITINATION,GO:BP,1.58714063747742,0.0208678693199403,98,1,0.70441588828434,11,98,TRUE,FALSE
GOBP_POSITIVE_REGULATION_OF_PROTEOLYSIS,GO:BP,1.34291825682952,0.113203340465803,187,1,0.704758336455601,21,187,FALSE,FALSE
GOBP_POSITIVE_REGULATION_OF_PROTEOLYSIS_INVOLVED_IN_PROTEIN_CATABOLIC_PROCESS,GO:BP,1.1119399142396,0.394445850115911,123,1,0.45919794047804,9,123,FALSE,FALSE
GOBP_POSITIVE_REGULATION_OF_PSEUDOPODIUM_ASSEMBLY,GO:BP,1.0615196543988,0.504835250063622,13,1,0.482746552810247,1,13,FALSE,FALSE
GOBP_POSITIVE_REGULATION_OF_RAC_PROTEIN_SIGNAL_TRANSDUCTION,GO:BP,0.890867671101864,0.72504395697673,25,0.978587630542299,1.00411282984531,4,25,FALSE,FALSE
GOBP_POSITIVE_REGULATION_OF_RAS_PROTEIN_SIGNAL_TRANSDUCTION,GO:BP,0.677381204104793,0.917570211581951,20,1,0.313785259326661,1,20,FALSE,FALSE
GOBP_POSITIVE_REGULATION_OF_REACTIVE_OXYGEN_SPECIES_BIOSYNTHETIC_PROCESS,GO:BP,1.8702197299856,0.0117347943511423,19,0.164778477597013,2.31210191082803,7,19,TRUE,FALSE
GOBP_POSITIVE_REGULATION_OF_REACTIVE_OXYGEN_SPECIES_METABOLIC_PROCESS,GO:BP,1.64346377683352,0.0299333784468476,65,0.261131795862841,1.54478896899279,16,65,TRUE,FALSE
GOBP_POSITIVE_REGULATION_OF_RECEPTOR_CLUSTERING,GO:BP,-1.5680075611791,0.131062611688664,11,1,0.570518653321201,1,11,FALSE,FALSE
GOBP_POSITIVE_REGULATION_OF_RECEPTOR_INTERNALIZATION,GO:BP,-1.16502554472567,0.354419712283375,28,0.703534865988356,1.34479396854283,6,28,FALSE,FALSE
GOBP_POSITIVE_REGULATION_OF_RECEPTOR_MEDIATED_ENDOCYTOSIS,GO:BP,0.96318316632157,0.635162654476145,49,1,0.896529312361887,7,49,FALSE,FALSE
GOBP_POSITIVE_REGULATION_OF_RECEPTOR_RECYCLING,GO:BP,0.718025718811554,0.886509937605009,13,,,,,FALSE,FALSE
GOBP_POSITIVE_REGULATION_OF_RECEPTOR_SIGNALING_PATHWAY_VIA_STAT,GO:BP,1.43825493320453,0.120039188472058,41,0.0243619050697895,2.2959897023902,15,41,FALSE,TRUE
GOBP_POSITIVE_REGULATION_OF_REGULATED_SECRETORY_PATHWAY,GO:BP,1.27093262030807,0.214805399719495,44,0.831189429132839,1.1410373066424,8,44,FALSE,FALSE
GOBP_POSITIVE_REGULATION_OF_REGULATORY_T_CELL_DIFFERENTIATION,GO:BP,1.40112614507076,0.163101363083141,22,0.906741278758732,1.1410373066424,4,22,FALSE,FALSE
GOBP_POSITIVE_REGULATION_OF_RELEASE_OF_CYTOCHROME_C_FROM_MITOCHONDRIA,GO:BP,1.88851986447546,0.0124106633591276,23,0.506693934048772,1.63714048344345,6,23,TRUE,FALSE
GOBP_POSITIVE_REGULATION_OF_RELEASE_OF_SEQUESTERED_CALCIUM_ION_INTO_CYTOSOL,GO:BP,1.28034069650104,0.23639783908933,27,0.65691649481654,1.39460115256294,6,27,FALSE,FALSE
GOBP_POSITIVE_REGULATION_OF_REPRODUCTIVE_PROCESS,GO:BP,1.38853605339957,0.13099921650387,59,0.157795262997224,1.70188615228019,16,59,FALSE,FALSE
GOBP_POSITIVE_REGULATION_OF_RESPONSE_TO_BIOTIC_STIMULUS,GO:BP,2.44377341650383,2.9399603184693e-21,389,0.140777622336656,1.2583676209501,78,389,TRUE,FALSE
GOBP_POSITIVE_REGULATION_OF_RESPONSE_TO_CYTOKINE_STIMULUS,GO:BP,2.0904738392017,0.00013899889380338,65,0.261131795862841,1.54478896899279,16,65,TRUE,FALSE
GOBP_POSITIVE_REGULATION_OF_RESPONSE_TO_ENDOPLASMIC_RETICULUM_STRESS,GO:BP,-0.943725657995545,0.665987226525343,40,1,0.313785259326661,2,40,FALSE,FALSE
GOBP_POSITIVE_REGULATION_OF_RESPONSE_TO_TUMOR_CELL,GO:BP,1.26415407019868,0.27761610411312,13,1,0.965493105620494,2,13,FALSE,FALSE
GOBP_POSITIVE_REGULATION_OF_RESPONSE_TO_WOUNDING,GO:BP,-1.1770462336234,0.273982558139535,59,0.245179769008937,1.59551826776268,15,59,FALSE,FALSE
GOBP_POSITIVE_REGULATION_OF_RHO_PROTEIN_SIGNAL_TRANSDUCTION,GO:BP,-0.912310048337885,0.695569745606445,27,,,,,FALSE,FALSE
GOBP_POSITIVE_REGULATION_OF_RIG_I_SIGNALING_PATHWAY,GO:BP,1.68038749290981,0.0663483484250797,10,0.594213709778933,1.88271155595996,3,10,FALSE,FALSE
GOBP_POSITIVE_REGULATION_OF_RNA_SPLICING,GO:BP,1.22773905042753,0.280121170553269,32,,,,,FALSE,FALSE
GOBP_POSITIVE_REGULATION_OF_RRNA_PROCESSING,GO:BP,1.89150490323404,0.0116505690991258,12,,,,,TRUE,FALSE
GOBP_POSITIVE_REGULATION_OF_RUFFLE_ASSEMBLY,GO:BP,0.995077706328958,0.565534180637291,15,1,0.418380345768881,1,15,FALSE,FALSE
GOBP_POSITIVE_REGULATION_OF_SECONDARY_METABOLITE_BIOSYNTHETIC_PROCESS,GO:BP,1.41814987725241,0.156659180188592,12,0.430749153033336,2.0919017288444,4,12,FALSE,FALSE
GOBP_POSITIVE_REGULATION_OF_SECRETION,GO:BP,-1.09481607410815,0.312405758874602,265,0.778044222948429,1.06568578639243,45,265,FALSE,FALSE
GOBP_POSITIVE_REGULATION_OF_SIGNAL_TRANSDUCTION_BY_P53_CLASS_MEDIATOR,GO:BP,0.951847163028769,0.641243243730994,34,1,0.553738692929401,3,34,FALSE,FALSE
GOBP_POSITIVE_REGULATION_OF_SMAD_PROTEIN_SIGNAL_TRANSDUCTION,GO:BP,-1.6299553289562,0.0384211252378588,36,0.937040972683617,1.0459508644222,6,36,FALSE,FALSE
GOBP_POSITIVE_REGULATION_OF_SMALL_GTPASE_MEDIATED_SIGNAL_TRANSDUCTION,GO:BP,-1.01801977265951,0.536204611542399,78,1,0.643662070413663,8,78,FALSE,FALSE
GOBP_POSITIVE_REGULATION_OF_SMALL_MOLECULE_METABOLIC_PROCESS,GO:BP,-1.39294684036559,0.058869133119742,136,0.12061535158227,1.4766365144784,32,136,FALSE,FALSE
GOBP_POSITIVE_REGULATION_OF_SMOOTHENED_SIGNALING_PATHWAY,GO:BP,-1.41861188326884,0.127459771834827,33,1,0.950864422202002,5,33,FALSE,FALSE
GOBP_POSITIVE_REGULATION_OF_SMOOTH_MUSCLE_CELL_APOPTOTIC_PROCESS,GO:BP,1.31716361717505,0.237115862118732,12,0.430749153033336,2.0919017288444,4,12,FALSE,FALSE
GOBP_POSITIVE_REGULATION_OF_SMOOTH_MUSCLE_CELL_DIFFERENTIATION,GO:BP,-1.12220122406908,0.435179418188462,16,1,0.784463148316652,2,16,FALSE,FALSE
GOBP_POSITIVE_REGULATION_OF_SMOOTH_MUSCLE_CELL_MIGRATION,GO:BP,-1.25478317563507,0.253736378439314,30,1,0.836760691537762,4,30,FALSE,FALSE
GOBP_POSITIVE_REGULATION_OF_SMOOTH_MUSCLE_CELL_PROLIFERATION,GO:BP,1.14155533720748,0.373928037354656,73,0.678923552532195,1.20355989878719,14,73,FALSE,FALSE
GOBP_POSITIVE_REGULATION_OF_SMOOTH_MUSCLE_CONTRACTION,GO:BP,-2.06095208264657,0.00232490683359272,23,0.303676489292972,1.90999723068402,7,23,FALSE,FALSE
GOBP_POSITIVE_REGULATION_OF_SODIUM_ION_TRANSMEMBRANE_TRANSPORT,GO:BP,-1.53413810263562,0.107853781008343,18,0.290924701964477,2.0919017288444,6,18,FALSE,FALSE
GOBP_POSITIVE_REGULATION_OF_SODIUM_ION_TRANSPORT,GO:BP,-1.70319206292955,0.0358844875133421,32,0.303676489292972,1.76504208371247,9,32,FALSE,FALSE
GOBP_POSITIVE_REGULATION_OF_SPINDLE_CHECKPOINT,GO:BP,2.05306233375121,0.00131862141129409,21,0.113957689073467,2.39074483296503,8,21,TRUE,FALSE
GOBP_POSITIVE_REGULATION_OF_SPROUTING_ANGIOGENESIS,GO:BP,0.797860066755055,0.817259357202576,22,0.678746825280159,1.426296633303,5,22,FALSE,FALSE
GOBP_POSITIVE_REGULATION_OF_STEM_CELL_DIFFERENTIATION,GO:BP,-1.51720764792275,0.11634472850327,18,0.752302801814948,1.39460115256294,4,18,FALSE,FALSE
GOBP_POSITIVE_REGULATION_OF_STEM_CELL_POPULATION_MAINTENANCE,GO:BP,0.978284776285885,0.615640808012222,43,1,0.145946632244958,1,43,FALSE,FALSE
GOBP_POSITIVE_REGULATION_OF_STEM_CELL_PROLIFERATION,GO:BP,0.786945995454224,0.826668595938194,17,0.937040972683617,1.1074773858588,3,17,FALSE,FALSE
GOBP_POSITIVE_REGULATION_OF_STEROID_BIOSYNTHETIC_PROCESS,GO:BP,1.03777488052599,0.52440315979102,26,0.99198586966751,0.965493105620494,4,26,FALSE,FALSE
GOBP_POSITIVE_REGULATION_OF_STEROID_HORMONE_SECRETION,GO:BP,-1.41073173887618,0.186118431046211,10,0.303676489292972,2.51028207461329,4,10,FALSE,FALSE
GOBP_POSITIVE_REGULATION_OF_STEROID_METABOLIC_PROCESS,GO:BP,-0.998469093265603,0.579043420894806,32,0.470180903258393,1.5689262966333,8,32,FALSE,FALSE
GOBP_POSITIVE_REGULATION_OF_STEROL_TRANSPORT,GO:BP,-0.992991366313321,0.595463402837364,33,0.331507256662576,1.7115559599636,9,33,FALSE,FALSE
GOBP_POSITIVE_REGULATION_OF_STRESS_ACTIVATED_PROTEIN_KINASE_SIGNALING_CASCADE,GO:BP,1.30732488781192,0.238204942764713,20,1,0.941355777979982,3,20,FALSE,FALSE
GOBP_POSITIVE_REGULATION_OF_STRESS_FIBER_ASSEMBLY,GO:BP,-1.73121477116445,0.00790369745233989,51,1,0.615265214366001,5,51,FALSE,FALSE
GOBP_POSITIVE_REGULATION_OF_STRIATED_MUSCLE_CELL_APOPTOTIC_PROCESS,GO:BP,-0.925904370897598,0.64936359670953,11,0.655369444735246,1.7115559599636,3,11,FALSE,FALSE
GOBP_POSITIVE_REGULATION_OF_STRIATED_MUSCLE_CELL_DIFFERENTIATION,GO:BP,-1.78631813332298,0.015075775866553,29,1,0.43280725424367,2,29,FALSE,FALSE
GOBP_POSITIVE_REGULATION_OF_STRIATED_MUSCLE_CONTRACTION,GO:BP,-1.00358028005665,0.5606071730308,11,0.655369444735246,1.7115559599636,3,11,FALSE,FALSE
GOBP_POSITIVE_REGULATION_OF_SUBSTRATE_ADHESION_DEPENDENT_CELL_SPREADING,GO:BP,0.90914434119233,0.694728417698086,38,1,0.495450409463148,3,38,FALSE,FALSE
GOBP_POSITIVE_REGULATION_OF_SYNAPSE_ASSEMBLY,GO:BP,-1.887173688503,0.00204458250007174,62,0.0245863451695887,2.02442102791394,20,62,FALSE,TRUE
GOBP_POSITIVE_REGULATION_OF_SYNAPTIC_TRANSMISSION,GO:BP,-1.7219450478388,0.001168284067517,144,0.594213709778933,1.17669472247498,27,144,FALSE,FALSE
GOBP_POSITIVE_REGULATION_OF_SYNAPTIC_TRANSMISSION_GABAERGIC,GO:BP,-1.60932385512828,0.0979909133877509,13,0.499747367215725,1.93098621124099,4,13,FALSE,FALSE
GOBP_POSITIVE_REGULATION_OF_SYNAPTIC_TRANSMISSION_GLUTAMATERGIC,GO:BP,-1.46858687208469,0.166246851213722,23,0.506693934048772,1.63714048344345,6,23,FALSE,FALSE
GOBP_POSITIVE_REGULATION_OF_SYNAPTIC_VESICLE_FUSION_TO_PRESYNAPTIC_ACTIVE_ZONE_MEMBRANE,GO:BP,-1.17826390130039,0.348971049877921,13,0.250411825363178,2.41373276405124,5,13,FALSE,FALSE
GOBP_POSITIVE_REGULATION_OF_SYNCYTIUM_FORMATION_BY_PLASMA_MEMBRANE_FUSION,GO:BP,0.983528225222452,0.605069279288595,16,0.408568153127978,1.96115787079163,5,16,FALSE,FALSE
GOBP_POSITIVE_REGULATION_OF_SYSTEMIC_ARTERIAL_BLOOD_PRESSURE,GO:BP,-0.977172587949828,0.564955828499639,14,1,0.448264656180944,1,14,FALSE,FALSE
GOBP_POSITIVE_REGULATION_OF_TELOMERE_MAINTENANCE,GO:BP,2.18068267151093,1.17649695132649e-05,74,1,0.339227307380174,4,74,TRUE,FALSE
GOBP_POSITIVE_REGULATION_OF_TELOMERE_MAINTENANCE_VIA_TELOMERE_LENGTHENING,GO:BP,2.01961836073642,0.00256567874703282,26,,,,,TRUE,FALSE
GOBP_POSITIVE_REGULATION_OF_TISSUE_REMODELING,GO:BP,1.0562294588661,0.518339223539883,10,0.906741278758732,1.25514103730664,2,10,FALSE,FALSE
GOBP_POSITIVE_REGULATION_OF_TOLERANCE_INDUCTION,GO:BP,1.65858855737053,0.0696217563577753,12,0.430749153033336,2.0919017288444,4,12,FALSE,FALSE
GOBP_POSITIVE_REGULATION_OF_TOLL_LIKE_RECEPTOR_4_SIGNALING_PATHWAY,GO:BP,1.60042300854013,0.103150021184542,16,0.408568153127978,1.96115787079163,5,16,FALSE,FALSE
GOBP_POSITIVE_REGULATION_OF_TORC1_SIGNALING,GO:BP,1.4654206793604,0.123954257548326,52,1,0.241373276405124,2,52,FALSE,FALSE
GOBP_POSITIVE_REGULATION_OF_TOR_SIGNALING,GO:BP,1.08299403213986,0.445686010630344,72,1,0.610138004246285,7,72,FALSE,FALSE
GOBP_POSITIVE_REGULATION_OF_TRANSCRIPTION_BY_RNA_POLYMERASE_I,GO:BP,1.97365171570626,0.00176288854454384,33,,,,,TRUE,FALSE
GOBP_POSITIVE_REGULATION_OF_TRANSCRIPTION_BY_RNA_POLYMERASE_III,GO:BP,0.863369962742704,0.734886199817946,21,1,0.298843104120629,1,21,FALSE,FALSE
GOBP_POSITIVE_REGULATION_OF_TRANSFORMING_GROWTH_FACTOR_BETA_PRODUCTION,GO:BP,0.99814178826552,0.576830380667821,18,1,0.697300576281468,2,18,FALSE,FALSE
GOBP_POSITIVE_REGULATION_OF_TRANSLATION,GO:BP,1.87276545601254,0.000209849650711017,130,1,0.289647931686148,6,130,TRUE,FALSE
GOBP_POSITIVE_REGULATION_OF_TRANSLATIONAL_INITIATION,GO:BP,1.71991571491206,0.030731791433485,32,,,,,TRUE,FALSE
GOBP_POSITIVE_REGULATION_OF_TRANSMEMBRANE_RECEPTOR_PROTEIN_SERINE_THREONINE_KINASE_SIGNALING_PATHWAY,GO:BP,-1.7652199381334,0.00306830867833898,93,0.937040972683617,1.01221051395697,15,93,FALSE,FALSE
GOBP_POSITIVE_REGULATION_OF_TRANSMEMBRANE_TRANSPORT,GO:BP,-1.47859797266218,0.0250542976381372,146,0.161234531076505,1.4184813092849,33,146,FALSE,FALSE
GOBP_POSITIVE_REGULATION_OF_TRANSPORTER_ACTIVITY,GO:BP,-1.11439958278774,0.411964135612216,30,0.239810150254111,1.88271155595996,9,30,FALSE,FALSE
GOBP_POSITIVE_REGULATION_OF_TRIGLYCERIDE_BIOSYNTHETIC_PROCESS,GO:BP,-0.762880896784214,0.837283239001354,13,1,0.965493105620494,2,13,FALSE,FALSE
GOBP_POSITIVE_REGULATION_OF_TRIGLYCERIDE_METABOLIC_PROCESS,GO:BP,0.724702351082594,0.883423509852877,20,0.831189429132839,1.25514103730664,4,20,FALSE,FALSE
GOBP_POSITIVE_REGULATION_OF_TUMOR_NECROSIS_FACTOR_MEDIATED_SIGNALING_PATHWAY,GO:BP,1.77416565541356,0.0362624102641629,14,1,0.896529312361887,2,14,TRUE,FALSE
GOBP_POSITIVE_REGULATION_OF_TUMOR_NECROSIS_FACTOR_SUPERFAMILY_CYTOKINE_PRODUCTION,GO:BP,2.4928505170279,3.14394636219388e-11,120,0.0553578043960906,1.62122383985441,31,120,TRUE,FALSE
GOBP_POSITIVE_REGULATION_OF_TYPE_2_IMMUNE_RESPONSE,GO:BP,1.19518528446683,0.333163816722426,16,0.408568153127978,1.96115787079163,5,16,FALSE,FALSE
GOBP_POSITIVE_REGULATION_OF_TYPE_II_INTERFERON_PRODUCTION,GO:BP,2.61093078812599,1.36360974093958e-11,82,0.0338233532182864,1.83679176191216,24,82,TRUE,TRUE
GOBP_POSITIVE_REGULATION_OF_TYPE_I_INTERFERON_MEDIATED_SIGNALING_PATHWAY,GO:BP,1.96011703338522,0.00787260161587726,18,0.506693934048772,1.74325144070367,5,18,TRUE,FALSE
GOBP_POSITIVE_REGULATION_OF_TYPE_I_INTERFERON_PRODUCTION,GO:BP,2.46117801867378,1.28405550804084e-08,74,0.594213709778933,1.27210240267565,15,74,TRUE,FALSE
GOBP_POSITIVE_REGULATION_OF_T_CELL_APOPTOTIC_PROCESS,GO:BP,1.90428674860266,0.0100371357387062,12,0.430749153033336,2.0919017288444,4,12,TRUE,FALSE
GOBP_POSITIVE_REGULATION_OF_T_CELL_CYTOKINE_PRODUCTION,GO:BP,1.44204087796932,0.1277730315537,27,0.157795262997224,2.0919017288444,9,27,FALSE,FALSE
GOBP_POSITIVE_REGULATION_OF_T_CELL_MEDIATED_CYTOTOXICITY,GO:BP,1.73827156418922,0.0179181259348391,33,0.194705879028141,1.901728844404,10,33,TRUE,FALSE
GOBP_POSITIVE_REGULATION_OF_T_CELL_MEDIATED_IMMUNITY,GO:BP,1.84763502641259,0.00391406431066644,65,0.0377464127708868,1.93098621124099,20,65,TRUE,TRUE
GOBP_POSITIVE_REGULATION_OF_T_CELL_MIGRATION,GO:BP,1.92737667344383,0.00431866486039123,36,0.782598341187005,1.22027600849257,7,36,TRUE,FALSE
GOBP_POSITIVE_REGULATION_OF_T_CELL_PROLIFERATION,GO:BP,2.12203135020029,1.46836433204706e-05,93,0.0647235940833433,1.68701752326162,25,93,TRUE,FALSE
GOBP_POSITIVE_REGULATION_OF_T_CELL_RECEPTOR_SIGNALING_PATHWAY,GO:BP,1.87957929063937,0.0098606892322626,20,0.373914079428919,1.88271155595996,6,20,TRUE,FALSE
GOBP_POSITIVE_REGULATION_OF_T_CELL_TOLERANCE_INDUCTION,GO:BP,1.51206782516814,0.144531324563692,10,0.303676489292972,2.51028207461329,4,10,FALSE,FALSE
GOBP_POSITIVE_REGULATION_OF_T_HELPER_17_CELL_DIFFERENTIATION,GO:BP,1.97613857478861,0.00341777637805413,10,0.303676489292972,2.51028207461329,4,10,TRUE,FALSE
GOBP_POSITIVE_REGULATION_OF_T_HELPER_17_TYPE_IMMUNE_RESPONSE,GO:BP,2.21028544794541,0.00028878643987788,15,0.164778477597013,2.51028207461329,6,15,TRUE,FALSE
GOBP_POSITIVE_REGULATION_OF_T_HELPER_1_TYPE_IMMUNE_RESPONSE,GO:BP,1.7531300637648,0.0419578434937095,17,0.24615437055853,2.2149547717176,6,17,TRUE,FALSE
GOBP_POSITIVE_REGULATION_OF_T_HELPER_CELL_DIFFERENTIATION,GO:BP,1.95329015178794,0.00516718264949453,24,0.35318075340106,1.83041401273885,7,24,TRUE,FALSE
GOBP_POSITIVE_REGULATION_OF_UBIQUITIN_DEPENDENT_PROTEIN_CATABOLIC_PROCESS,GO:BP,1.05267779810899,0.475081568354327,97,1,0.452885941296211,7,97,FALSE,FALSE
GOBP_POSITIVE_REGULATION_OF_UNSATURATED_FATTY_ACID_BIOSYNTHETIC_PROCESS,GO:BP,1.03303290960667,0.553626436678561,10,0.594213709778933,1.88271155595996,3,10,FALSE,FALSE
GOBP_POSITIVE_REGULATION_OF_URINE_VOLUME,GO:BP,-0.585697277060412,0.953793087249898,10,1,0.627570518653321,1,10,FALSE,FALSE
GOBP_POSITIVE_REGULATION_OF_VACUOLE_ORGANIZATION,GO:BP,-0.764925200218437,0.8461761553496,24,,,,,FALSE,FALSE
GOBP_POSITIVE_REGULATION_OF_VASCULAR_ASSOCIATED_SMOOTH_MUSCLE_CELL_MIGRATION,GO:BP,-0.901003413201825,0.667701064167966,13,0.777355997263282,1.44823965843074,3,13,FALSE,FALSE
GOBP_POSITIVE_REGULATION_OF_VASCULAR_ASSOCIATED_SMOOTH_MUSCLE_CELL_PROLIFERATION,GO:BP,0.821572024008723,0.820202815168621,33,1,0.950864422202002,5,33,FALSE,FALSE
GOBP_POSITIVE_REGULATION_OF_VASCULAR_ENDOTHELIAL_CELL_PROLIFERATION,GO:BP,0.986074890132383,0.582227230987562,14,1,0.448264656180944,1,14,FALSE,FALSE
GOBP_POSITIVE_REGULATION_OF_VASCULAR_ENDOTHELIAL_GROWTH_FACTOR_PRODUCTION,GO:BP,1.40557286213905,0.146861032517325,30,0.594213709778933,1.46433121019108,7,30,FALSE,FALSE
GOBP_POSITIVE_REGULATION_OF_VASCULAR_ENDOTHELIAL_GROWTH_FACTOR_RECEPTOR_SIGNALING_PATHWAY,GO:BP,-1.18910841765601,0.339667606754911,13,0.499747367215725,1.93098621124099,4,13,FALSE,FALSE
GOBP_POSITIVE_REGULATION_OF_VASCULAR_ENDOTHELIAL_GROWTH_FACTOR_SIGNALING_PATHWAY,GO:BP,-1.42562920290829,0.194419834710744,12,0.719442465053918,1.5689262966333,3,12,FALSE,FALSE
GOBP_POSITIVE_REGULATION_OF_VASCULAR_PERMEABILITY,GO:BP,-1.52747908438953,0.109985633486447,18,0.962721081755926,1.0459508644222,3,18,FALSE,FALSE
GOBP_POSITIVE_REGULATION_OF_VASCULATURE_DEVELOPMENT,GO:BP,0.974158360245367,0.603753629107439,159,0.186363873958209,1.38144453791612,35,159,FALSE,FALSE
GOBP_POSITIVE_REGULATION_OF_VASCULOGENESIS,GO:BP,-1.36150102130188,0.232626052692395,11,1,0.570518653321201,1,11,FALSE,FALSE
GOBP_POSITIVE_REGULATION_OF_VASOCONSTRICTION,GO:BP,-1.00856773527763,0.55342605156038,21,1,0.896529312361887,3,21,FALSE,FALSE
GOBP_POSITIVE_REGULATION_OF_VESICLE_FUSION,GO:BP,-1.1278204181434,0.403794298730993,21,0.644324793180605,1.49421552060315,5,21,FALSE,FALSE
GOBP_POSITIVE_REGULATION_OF_VIRAL_GENOME_REPLICATION,GO:BP,1.86528855032712,0.00875901891924808,29,1,0.649210881365505,3,29,TRUE,FALSE
GOBP_POSITIVE_REGULATION_OF_VIRAL_LIFE_CYCLE,GO:BP,1.61271521856606,0.04666491869061,22,1,0.855777979981802,3,22,TRUE,FALSE
GOBP_POSITIVE_REGULATION_OF_VIRAL_PROCESS,GO:BP,1.89541821426011,0.00232886165885602,58,1,0.649210881365505,6,58,TRUE,FALSE
GOBP_POSITIVE_REGULATION_OF_WNT_SIGNALING_PATHWAY,GO:BP,-1.27814094237796,0.132874459888568,144,1,0.784463148316652,18,144,FALSE,FALSE
GOBP_POSITIVE_THYMIC_T_CELL_SELECTION,GO:BP,1.58832477692342,0.117490080107091,14,0.825631269028654,1.34479396854283,3,14,FALSE,FALSE
GOBP_POSITIVE_T_CELL_SELECTION,GO:BP,1.99808611747072,0.000755344067214056,48,0.0772203180500778,1.96115787079163,15,48,TRUE,FALSE
GOBP_POSTSYNAPSE_ASSEMBLY,GO:BP,-1.4342316440689,0.0800284160457662,81,0.854278272082229,1.08468978532673,14,81,FALSE,FALSE
GOBP_POSTSYNAPSE_ORGANIZATION,GO:BP,-1.34728557086706,0.0471600403118613,227,0.607762807190399,1.13349741254565,41,227,FALSE,FALSE
GOBP_POSTSYNAPTIC_ACTIN_CYTOSKELETON_ORGANIZATION,GO:BP,-0.864723409054025,0.704275499449235,17,1,0.369159128619601,1,17,FALSE,FALSE
GOBP_POSTSYNAPTIC_CYTOSKELETON_ORGANIZATION,GO:BP,1.0589491387475,0.508821278690602,21,0.868087644964407,1.19537241648252,4,21,FALSE,FALSE
GOBP_POSTSYNAPTIC_DENSITY_ASSEMBLY,GO:BP,-1.66196256166741,0.0452480029986497,27,0.868087644964407,1.16216762713578,5,27,FALSE,FALSE
GOBP_POSTSYNAPTIC_DENSITY_ORGANIZATION,GO:BP,-1.68966036614528,0.0189150280276837,46,0.898786748746454,1.0914269889623,8,46,FALSE,FALSE
GOBP_POSTSYNAPTIC_DENSITY_PROTEIN_95_CLUSTERING,GO:BP,-1.45933226549679,0.159692867509264,10,0.906741278758732,1.25514103730664,2,10,FALSE,FALSE
GOBP_POSTSYNAPTIC_MEMBRANE_ORGANIZATION,GO:BP,-1.48870446826089,0.0965434856556038,41,0.430749153033336,1.53065980159347,10,41,FALSE,FALSE
GOBP_POSTSYNAPTIC_MODULATION_OF_CHEMICAL_SYNAPTIC_TRANSMISSION,GO:BP,1.10994772968672,0.442972633693196,29,0.553228151642349,1.51482538985284,7,29,FALSE,FALSE
GOBP_POSTSYNAPTIC_NEUROTRANSMITTER_RECEPTOR_INTERNALIZATION,GO:BP,-1.19723125438683,0.317551131928181,32,1,0.588347361237489,3,32,FALSE,FALSE
GOBP_POSTSYNAPTIC_SIGNAL_TRANSDUCTION,GO:BP,1.26718520047781,0.219680670190732,44,0.00321591901274498,2.56733393994541,18,44,FALSE,TRUE
GOBP_POSTSYNAPTIC_SPECIALIZATION_ASSEMBLY,GO:BP,-1.83215817642027,0.010361823449294,34,0.906741278758732,1.1074773858588,6,34,FALSE,FALSE
GOBP_POSTSYNAPTIC_SPECIALIZATION_ORGANIZATION,GO:BP,-1.87518965761967,0.00204714988059964,54,0.788586078744843,1.16216762713578,10,54,FALSE,FALSE
GOBP_POST_ANAL_TAIL_MORPHOGENESIS,GO:BP,1.20753075000897,0.320899832801338,17,0.937040972683617,1.1074773858588,3,17,FALSE,FALSE
GOBP_POST_EMBRYONIC_DEVELOPMENT,GO:BP,-1.02354785462719,0.516490322966654,80,1,0.784463148316651,10,80,FALSE,FALSE
GOBP_POST_GOLGI_VESICLE_MEDIATED_TRANSPORT,GO:BP,0.924620366261783,0.685511631780579,114,1,0.220200181983622,4,114,FALSE,FALSE
GOBP_POST_TRANSLATIONAL_PROTEIN_TARGETING_TO_ENDOPLASMIC_RETICULUM_MEMBRANE,GO:BP,1.23411027018615,0.308231454856101,19,,,,,FALSE,FALSE
GOBP_POST_TRANSLATIONAL_PROTEIN_TARGETING_TO_MEMBRANE_TRANSLOCATION,GO:BP,1.25169045627867,0.288848404520046,12,,,,,FALSE,FALSE
GOBP_POTASSIUM_ION_EXPORT_ACROSS_PLASMA_MEMBRANE,GO:BP,-1.48531928086733,0.0965434856556038,19,0.788586078744843,1.32120109190173,4,19,FALSE,FALSE
GOBP_POTASSIUM_ION_HOMEOSTASIS,GO:BP,-1.18279065112179,0.33284168953652,32,0.168405964690509,1.96115787079163,10,32,FALSE,FALSE
GOBP_POTASSIUM_ION_IMPORT_ACROSS_PLASMA_MEMBRANE,GO:BP,-1.32305411733443,0.163941868422159,40,0.020252202350695,2.35338944494995,15,40,FALSE,TRUE
GOBP_POTASSIUM_ION_TRANSPORT,GO:BP,-1.48831197860502,0.0168780026170358,176,0.0269419235257211,1.5689262966333,44,176,FALSE,TRUE
GOBP_PRENYLATION,GO:BP,1.17901087715176,0.374371884330403,10,1,0.627570518653321,1,10,FALSE,FALSE
GOBP_PRESYNAPSE_ASSEMBLY,GO:BP,-1.65220910863253,0.0290293678183301,38,0.332969660693139,1.65150136487716,10,38,FALSE,FALSE
GOBP_PRESYNAPSE_ORGANIZATION,GO:BP,-1.63054954968891,0.0358844875133421,49,0.506693934048772,1.40883177656868,11,49,FALSE,FALSE
GOBP_PRESYNAPTIC_ACTIVE_ZONE_ORGANIZATION,GO:BP,-0.714075031136576,0.873229205628343,11,0.655369444735246,1.7115559599636,3,11,FALSE,FALSE
GOBP_PRESYNAPTIC_ENDOCYTOSIS,GO:BP,-1.08043667610388,0.412035227502349,73,1,0.687748513592681,8,73,FALSE,FALSE
GOBP_PRESYNAPTIC_MEMBRANE_ORGANIZATION,GO:BP,-1.88136276934106,0.00858487270008963,10,0.117262721583506,3.13785259326661,5,10,FALSE,FALSE
GOBP_PRESYNAPTIC_MODULATION_OF_CHEMICAL_SYNAPTIC_TRANSMISSION,GO:BP,-1.22145209982736,0.290338170276186,31,0.8068601672033,1.21465261674836,6,31,FALSE,FALSE
GOBP_PRE_MIRNA_PROCESSING,GO:BP,0.864826863989273,0.716914196456737,13,1,0.482746552810247,1,13,FALSE,FALSE
GOBP_PRIMARY_ALCOHOL_BIOSYNTHETIC_PROCESS,GO:BP,-1.55646529226777,0.131315731122018,14,0.825631269028654,1.34479396854283,3,14,FALSE,FALSE
GOBP_PRIMARY_ALCOHOL_CATABOLIC_PROCESS,GO:BP,0.905141495756257,0.666627177394586,15,0.868087644964407,1.25514103730664,3,15,FALSE,FALSE
GOBP_PRIMARY_ALCOHOL_METABOLIC_PROCESS,GO:BP,-1.09802001675464,0.382243598076173,96,0.00550129454038073,1.96115787079163,30,96,FALSE,TRUE
GOBP_PRIMARY_MIRNA_PROCESSING,GO:BP,1.44458530874699,0.131049712944624,18,1,0.697300576281468,2,18,FALSE,FALSE
GOBP_PRODUCTION_OF_MOLECULAR_MEDIATOR_INVOLVED_IN_INFLAMMATORY_RESPONSE,GO:BP,2.23281794291729,1.3544152137128e-06,100,9.82462945024665e-05,2.25925386715196,36,100,TRUE,TRUE
GOBP_PRODUCTION_OF_MOLECULAR_MEDIATOR_OF_IMMUNE_RESPONSE,GO:BP,2.21531012298034,4.94279655642299e-09,188,0.204308603249953,1.33525642266664,40,188,TRUE,FALSE
GOBP_PROGESTERONE_METABOLIC_PROCESS,GO:BP,-0.88260060864935,0.676579574517554,15,1,0.836760691537762,2,15,FALSE,FALSE
GOBP_PROGESTERONE_RECEPTOR_SIGNALING_PATHWAY,GO:BP,0.921232843601344,0.660516297464218,11,1,0.570518653321201,1,11,FALSE,FALSE
GOBP_PROGRAMMED_CELL_DEATH_INVOLVED_IN_CELL_DEVELOPMENT,GO:BP,0.795362167311005,0.801518234263933,10,0.906741278758732,1.25514103730664,2,10,FALSE,FALSE
GOBP_PROGRAMMED_CELL_DEATH_IN_RESPONSE_TO_REACTIVE_OXYGEN_SPECIES,GO:BP,-0.657748049874184,0.95745853603854,17,1,0.369159128619601,1,17,FALSE,FALSE
GOBP_PROGRAMMED_NECROTIC_CELL_DEATH,GO:BP,1.78320130447494,0.0102710441991225,55,1,0.912829845313922,8,55,TRUE,FALSE
GOBP_PROLINE_TRANSPORT,GO:BP,1.75934438858942,0.0357105942779926,10,0.594213709778933,1.88271155595996,3,10,TRUE,FALSE
GOBP_PROSTAGLANDIN_SECRETION,GO:BP,1.16242506841093,0.403546161479631,15,0.594213709778933,1.67352138307552,4,15,FALSE,FALSE
GOBP_PROSTAGLANDIN_TRANSPORT,GO:BP,1.02015630619928,0.553626436678561,19,0.788586078744843,1.32120109190173,4,19,FALSE,FALSE
GOBP_PROSTANOID_BIOSYNTHETIC_PROCESS,GO:BP,1.16811737643147,0.374659779945942,28,0.703534865988356,1.34479396854283,6,28,FALSE,FALSE
GOBP_PROSTANOID_METABOLIC_PROCESS,GO:BP,1.19493491021928,0.301243498817967,45,0.706051944562791,1.25514103730664,9,45,FALSE,FALSE
GOBP_PROSTATE_GLAND_DEVELOPMENT,GO:BP,-1.57145434021891,0.0398490231301411,46,0.426982662077329,1.50071210982316,11,46,FALSE,FALSE
GOBP_PROSTATE_GLAND_GROWTH,GO:BP,-1.82737313817183,0.0250361513016349,11,0.655369444735246,1.7115559599636,3,11,FALSE,FALSE
GOBP_PROSTATE_GLAND_MORPHOGENESIS,GO:BP,-1.16146651733881,0.393065638647397,25,0.390446532360793,1.7571974522293,7,25,FALSE,FALSE
GOBP_PROTEASOMAL_UBIQUITIN_INDEPENDENT_PROTEIN_CATABOLIC_PROCESS,GO:BP,2.25002506291748,6.70041114255949e-05,19,,,,,TRUE,FALSE
GOBP_PROTEASOME_ASSEMBLY,GO:BP,1.83426763620539,0.0248828224334348,14,,,,,TRUE,FALSE
GOBP_PROTEASOME_MEDIATED_UBIQUITIN_DEPENDENT_PROTEIN_CATABOLIC_PROCESS,GO:BP,1.53425049217684,0.000700287363729451,470,1,0.360519234119993,27,470,TRUE,FALSE
GOBP_PROTEINOGENIC_AMINO_ACID_BIOSYNTHETIC_PROCESS,GO:BP,1.54455680006646,0.0592518794950033,41,1,0.765329900796733,5,41,FALSE,FALSE
GOBP_PROTEIN_ACETYLATION,GO:BP,-0.827648596265584,0.810390809261748,30,1,0.418380345768881,2,30,FALSE,FALSE
GOBP_PROTEIN_ACTIVATION_CASCADE,GO:BP,-1.27136574704187,0.278151028683007,21,0.237102536494907,2.0919017288444,7,21,FALSE,FALSE
GOBP_PROTEIN_ACYLATION,GO:BP,-0.965852223479134,0.623065018579025,57,1,0.660600545950865,6,57,FALSE,FALSE
GOBP_PROTEIN_AUTOPHOSPHORYLATION,GO:BP,-0.877538778624596,0.84153910641328,115,1,0.709427542825494,13,115,FALSE,FALSE
GOBP_PROTEIN_AUTOPROCESSING,GO:BP,1.63346291846152,0.042271819800002,22,0.470180903258393,1.7115559599636,6,22,TRUE,FALSE
GOBP_PROTEIN_AUTOUBIQUITINATION,GO:BP,1.2946780126474,0.197758825862753,66,1,0.380345768880801,4,66,FALSE,FALSE
GOBP_PROTEIN_AUTO_ADP_RIBOSYLATION,GO:BP,1.28282088104143,0.273241254974032,12,1,0.522975432211101,1,12,FALSE,FALSE
GOBP_PROTEIN_BRANCHED_POLYUBIQUITINATION,GO:BP,0.580001465675069,0.974897054536321,19,,,,,FALSE,FALSE
GOBP_PROTEIN_CATABOLIC_PROCESS_IN_THE_VACUOLE,GO:BP,1.04856945727884,0.515914484764967,24,0.77384671492533,1.30743858052775,5,24,FALSE,FALSE
GOBP_PROTEIN_COMPLEX_OLIGOMERIZATION,GO:BP,1.35138361891647,0.0641842048683162,252,0.627782812120181,1.12066164045236,45,252,FALSE,FALSE
GOBP_PROTEIN_CONTAINING_COMPLEX_DISASSEMBLY,GO:BP,1.3572234600991,0.0558357603159042,251,1,0.525058999670109,21,251,FALSE,FALSE
GOBP_PROTEIN_CONTAINING_COMPLEX_LOCALIZATION,GO:BP,1.21136950770418,0.25828186711353,86,0.9287787116854,1.02162642571471,14,86,FALSE,FALSE
GOBP_PROTEIN_CONTAINING_COMPLEX_REMODELING,GO:BP,1.08810236806014,0.464870434929432,28,0.00583647553202201,2.91372026517613,13,28,FALSE,TRUE
GOBP_PROTEIN_DEACETYLATION,GO:BP,-1.01503460972708,0.547915649087482,29,1,0.216403627121835,1,29,FALSE,FALSE
GOBP_PROTEIN_DEACYLATION,GO:BP,-0.90515389190735,0.708979499892172,36,1,0.522975432211101,3,36,FALSE,FALSE
GOBP_PROTEIN_DEGLYCOSYLATION,GO:BP,0.853142790553665,0.728022002754846,15,,,,,FALSE,FALSE
GOBP_PROTEIN_DEMANNOSYLATION,GO:BP,0.880998386139853,0.695396825396825,14,,,,,FALSE,FALSE
GOBP_PROTEIN_DENEDDYLATION,GO:BP,1.51830428630386,0.126617573833538,11,,,,,FALSE,FALSE
GOBP_PROTEIN_DEPHOSPHORYLATION,GO:BP,1.06376675255955,0.489947473365758,80,1,0.470677888989991,6,80,FALSE,FALSE
GOBP_PROTEIN_DEPOLYMERIZATION,GO:BP,1.14471360218878,0.338958257932199,112,1,0.952562394384505,17,112,FALSE,FALSE
GOBP_PROTEIN_DESTABILIZATION,GO:BP,1.30138519013151,0.181135347590922,53,1,0.592047659106907,5,53,FALSE,FALSE
GOBP_PROTEIN_DNA_COMPLEX_DISASSEMBLY,GO:BP,1.43187836903279,0.143565758253347,20,,,,,FALSE,FALSE
GOBP_PROTEIN_DNA_COMPLEX_ORGANIZATION,GO:BP,1.38476990958469,0.0744155158864837,155,1,0.404884205582788,10,155,FALSE,FALSE
GOBP_PROTEIN_DNA_COVALENT_CROSS_LINKING_REPAIR,GO:BP,1.62987789048124,0.0867856902045024,10,0.906741278758732,1.25514103730664,2,10,FALSE,FALSE
GOBP_PROTEIN_EXIT_FROM_ENDOPLASMIC_RETICULUM,GO:BP,1.28803703437126,0.196178721631635,52,1,0.362059914607685,3,52,FALSE,FALSE
GOBP_PROTEIN_EXPORT_FROM_NUCLEUS,GO:BP,1.49274786440361,0.101896705794147,59,1,0.638207307105073,6,59,FALSE,FALSE
GOBP_PROTEIN_FOLDING,GO:BP,1.88473009361985,1.91832636595983e-05,213,1,0.324097450947725,11,213,TRUE,FALSE
GOBP_PROTEIN_FOLDING_IN_ENDOPLASMIC_RETICULUM,GO:BP,1.67258172295127,0.0601843746377117,12,0.978587630542299,1.0459508644222,2,12,FALSE,FALSE
GOBP_PROTEIN_HETEROOLIGOMERIZATION,GO:BP,1.15323145054442,0.40075175078802,28,1,0.672396984271416,3,28,FALSE,FALSE
GOBP_PROTEIN_HETEROTETRAMERIZATION,GO:BP,1.33476806615059,0.221415868869695,15,1,0.418380345768881,1,15,FALSE,FALSE
GOBP_PROTEIN_HEXAMERIZATION,GO:BP,1.26861242417136,0.281912695200153,12,,,,,FALSE,FALSE
GOBP_PROTEIN_HOMOOLIGOMERIZATION,GO:BP,1.15868076472809,0.294177671068427,183,0.499747367215725,1.20027148376318,35,183,FALSE,FALSE
GOBP_PROTEIN_HOMOTETRAMERIZATION,GO:BP,1.08215467944416,0.44243342284241,60,0.908893334837639,1.0459508644222,10,60,FALSE,FALSE
GOBP_PROTEIN_HOMOTRIMERIZATION,GO:BP,1.02054968060772,0.553626436678561,13,0.777355997263282,1.44823965843074,3,13,FALSE,FALSE
GOBP_PROTEIN_HYDROXYLATION,GO:BP,1.23420310653522,0.322951722449979,15,1,0.418380345768881,1,15,FALSE,FALSE
GOBP_PROTEIN_IMPORT,GO:BP,-0.88065112070935,0.694728417698086,12,0.430749153033336,2.0919017288444,4,12,FALSE,FALSE
GOBP_PROTEIN_IMPORT_INTO_MITOCHONDRIAL_MATRIX,GO:BP,1.85108851433792,0.0149021453647178,24,,,,,TRUE,FALSE
GOBP_PROTEIN_INSERTION_INTO_ER_MEMBRANE,GO:BP,1.17221949591169,0.371451861787687,28,,,,,FALSE,FALSE
GOBP_PROTEIN_INSERTION_INTO_ER_MEMBRANE_BY_STOP_TRANSFER_MEMBRANE_ANCHOR_SEQUENCE,GO:BP,1.12316242410015,0.425455808145449,11,,,,,FALSE,FALSE
GOBP_PROTEIN_INSERTION_INTO_MEMBRANE,GO:BP,1.44908155080527,0.120061195574356,66,1,0.1901728844404,2,66,FALSE,FALSE
GOBP_PROTEIN_INSERTION_INTO_MITOCHONDRIAL_INNER_MEMBRANE,GO:BP,1.65398073740753,0.0762261536491598,18,,,,,FALSE,FALSE
GOBP_PROTEIN_K11_LINKED_DEUBIQUITINATION,GO:BP,-0.909118730632812,0.650267967569053,10,1,0.627570518653321,1,10,FALSE,FALSE
GOBP_PROTEIN_K11_LINKED_UBIQUITINATION,GO:BP,1.58657215630989,0.0606770950234427,37,1,0.678454614760347,4,37,FALSE,FALSE
GOBP_PROTEIN_K27_LINKED_UBIQUITINATION,GO:BP,1.37632122804176,0.185366007406824,12,0.978587630542299,1.0459508644222,2,12,FALSE,FALSE
GOBP_PROTEIN_K48_LINKED_DEUBIQUITINATION,GO:BP,0.876553991401095,0.739642937417718,24,1,0.261487716105551,1,24,FALSE,FALSE
GOBP_PROTEIN_K48_LINKED_UBIQUITINATION,GO:BP,1.76669103393308,0.0034533530698658,101,1,0.434949864413193,7,101,TRUE,FALSE
GOBP_PROTEIN_K63_LINKED_DEUBIQUITINATION,GO:BP,1.24708055726403,0.283857850070721,24,1,0.261487716105551,1,24,FALSE,FALSE
GOBP_PROTEIN_K63_LINKED_UBIQUITINATION,GO:BP,1.85274535233482,0.0021754820926964,77,0.978587630542299,0.978031977122059,12,77,TRUE,FALSE
GOBP_PROTEIN_K6_LINKED_UBIQUITINATION,GO:BP,1.3673336016403,0.196981289160345,15,1,0.836760691537762,2,15,FALSE,FALSE
GOBP_PROTEIN_LIPID_COMPLEX_ASSEMBLY,GO:BP,-0.82966718921522,0.785259518056218,24,0.77384671492533,1.30743858052775,5,24,FALSE,FALSE
GOBP_PROTEIN_LIPID_COMPLEX_ORGANIZATION,GO:BP,0.992248523907419,0.591336872586873,45,0.0922141452050571,1.95244161358811,14,45,FALSE,FALSE
GOBP_PROTEIN_LOCALIZATION_TO_AXON,GO:BP,-0.893040559836595,0.681640507634483,11,0.944829045454405,1.1410373066424,2,11,FALSE,FALSE
GOBP_PROTEIN_LOCALIZATION_TO_CELL_CELL_JUNCTION,GO:BP,-0.910035565129203,0.691053829452878,26,0.627782812120181,1.44823965843074,6,26,FALSE,FALSE
GOBP_PROTEIN_LOCALIZATION_TO_CELL_CORTEX,GO:BP,-0.805064969916086,0.79570153842767,11,1,0.570518653321201,1,11,FALSE,FALSE
GOBP_PROTEIN_LOCALIZATION_TO_CELL_JUNCTION,GO:BP,-1.47397335924237,0.0287492726683481,117,0.258710621093823,1.39460115256294,26,117,FALSE,FALSE
GOBP_PROTEIN_LOCALIZATION_TO_CELL_PERIPHERY,GO:BP,-1.24137604848475,0.0961338559383064,340,1,0.885981908687042,48,340,FALSE,FALSE
GOBP_PROTEIN_LOCALIZATION_TO_CELL_SURFACE,GO:BP,-0.909702901259815,0.728844139332816,65,0.506693934048772,1.35169034786869,14,65,FALSE,FALSE
GOBP_PROTEIN_LOCALIZATION_TO_CHROMATIN,GO:BP,1.5708362108853,0.0831623593784064,45,1,0.836760691537762,6,45,FALSE,FALSE
GOBP_PROTEIN_LOCALIZATION_TO_CHROMOSOME,GO:BP,1.9470769107485,0.000366510749723923,93,1,0.674807009304646,10,93,TRUE,FALSE
GOBP_PROTEIN_LOCALIZATION_TO_CHROMOSOME_CENTROMERIC_REGION,GO:BP,1.91672244817404,0.00972073724603731,23,0.719442465053918,1.36428373620287,5,23,TRUE,FALSE
GOBP_PROTEIN_LOCALIZATION_TO_CHROMOSOME_TELOMERIC_REGION,GO:BP,1.73436255817757,0.048199969317173,14,,,,,TRUE,FALSE
GOBP_PROTEIN_LOCALIZATION_TO_CILIARY_MEMBRANE,GO:BP,-1.64964150329323,0.0937807703457235,11,,,,,FALSE,FALSE
GOBP_PROTEIN_LOCALIZATION_TO_CILIARY_TRANSITION_ZONE,GO:BP,-1.74017257821365,0.0197978244902254,22,,,,,FALSE,FALSE
GOBP_PROTEIN_LOCALIZATION_TO_CILIUM,GO:BP,-1.71357266901486,0.00594566430790478,82,1,0.535730930557713,7,82,FALSE,FALSE
GOBP_PROTEIN_LOCALIZATION_TO_CONDENSED_CHROMOSOME,GO:BP,1.7950361845475,0.0389195779907078,15,0.594213709778933,1.67352138307552,4,15,TRUE,FALSE
GOBP_PROTEIN_LOCALIZATION_TO_CYTOSKELETON,GO:BP,1.56422609073158,0.0627450330544898,66,1,0.855777979981802,9,66,FALSE,FALSE
GOBP_PROTEIN_LOCALIZATION_TO_EARLY_ENDOSOME,GO:BP,0.939097663783087,0.631135508536487,13,0.777355997263282,1.44823965843074,3,13,FALSE,FALSE
GOBP_PROTEIN_LOCALIZATION_TO_ENDOPLASMIC_RETICULUM,GO:BP,-0.930254834258665,0.653771405641654,28,1,0.224132328090472,1,28,FALSE,FALSE
GOBP_PROTEIN_LOCALIZATION_TO_ENDOSOME,GO:BP,1.46744129975244,0.122597521489807,28,0.906741278758732,1.12066164045236,5,28,FALSE,FALSE
GOBP_PROTEIN_LOCALIZATION_TO_EXTRACELLULAR_REGION,GO:BP,0.975170972638283,0.638279727095517,320,1,0.960967356687898,49,320,FALSE,FALSE
GOBP_PROTEIN_LOCALIZATION_TO_GOLGI_APPARATUS,GO:BP,0.910449413750781,0.677493489342269,28,1,0.448264656180944,2,28,FALSE,FALSE
GOBP_PROTEIN_LOCALIZATION_TO_LYSOSOME,GO:BP,0.928342219790772,0.678781775458513,51,1,0.2461060857464,2,51,FALSE,FALSE
GOBP_PROTEIN_LOCALIZATION_TO_MEMBRANE,GO:BP,-1.28803702083743,0.0337435794660239,425,0.99198586966751,0.974580099555746,66,425,FALSE,FALSE
GOBP_PROTEIN_LOCALIZATION_TO_MEMBRANE_RAFT,GO:BP,-0.940608152911963,0.615640808012222,10,0.594213709778933,1.88271155595996,3,10,FALSE,FALSE
GOBP_PROTEIN_LOCALIZATION_TO_MICROTUBULE,GO:BP,1.20068148266141,0.353493025181583,19,1,0.330300272975432,1,19,FALSE,FALSE
GOBP_PROTEIN_LOCALIZATION_TO_MICROTUBULE_ORGANIZING_CENTER,GO:BP,1.55347430133494,0.0464236886280833,38,1,0.82575068243858,5,38,TRUE,FALSE
GOBP_PROTEIN_LOCALIZATION_TO_MITOCHONDRION,GO:BP,2.06734940151358,0.000150247975214631,67,1,0.187334483180096,2,67,TRUE,FALSE
GOBP_PROTEIN_LOCALIZATION_TO_NON_MOTILE_CILIUM,GO:BP,-1.53000041453367,0.143796163441772,12,,,,,FALSE,FALSE
GOBP_PROTEIN_LOCALIZATION_TO_NUCLEAR_ENVELOPE,GO:BP,1.46447629533999,0.140278887261165,13,1,0.965493105620494,2,13,FALSE,FALSE
GOBP_PROTEIN_LOCALIZATION_TO_NUCLEOLUS,GO:BP,2.10485924371587,0.00078036200333499,19,1,0.660600545950864,2,19,TRUE,FALSE
GOBP_PROTEIN_LOCALIZATION_TO_NUCLEOPLASM,GO:BP,1.98288949238963,0.00519706365581364,13,,,,,TRUE,FALSE
GOBP_PROTEIN_LOCALIZATION_TO_NUCLEUS,GO:BP,1.88936023148301,6.71752244437972e-07,310,1,0.607326308374182,30,310,TRUE,FALSE
GOBP_PROTEIN_LOCALIZATION_TO_PHAGOPHORE_ASSEMBLY_SITE,GO:BP,1.2989342743487,0.234319158854302,17,,,,,FALSE,FALSE
GOBP_PROTEIN_LOCALIZATION_TO_PLASMA_MEMBRANE,GO:BP,0.966206761955108,0.634324958721701,277,1,0.770303163689997,34,277,FALSE,FALSE
GOBP_PROTEIN_LOCALIZATION_TO_POSTSYNAPSE,GO:BP,-1.36883361713748,0.116832850765799,50,0.261131795862841,1.63168334849864,13,50,FALSE,FALSE
GOBP_PROTEIN_LOCALIZATION_TO_PRESYNAPSE,GO:BP,-1.18659399633954,0.3739484645017,11,0.944829045454405,1.1410373066424,2,11,FALSE,FALSE
GOBP_PROTEIN_LOCALIZATION_TO_SITE_OF_DOUBLE_STRAND_BREAK,GO:BP,1.05881915277187,0.50871767308797,14,,,,,FALSE,FALSE
GOBP_PROTEIN_LOCALIZATION_TO_SYNAPSE,GO:BP,-1.43936462443247,0.0937807703457235,83,0.220473793902861,1.51221811723692,20,83,FALSE,FALSE
GOBP_PROTEIN_LOCALIZATION_TO_VACUOLE,GO:BP,1.08244569957965,0.450431761695379,78,1,0.321831035206831,4,78,FALSE,FALSE
GOBP_PROTEIN_METHYLATION,GO:BP,1.77589585311947,0.0138218519883153,35,1,0.179305862472378,1,35,TRUE,FALSE
GOBP_PROTEIN_MODIFICATION_BY_SMALL_PROTEIN_REMOVAL,GO:BP,1.4891674096559,0.0546546075671254,112,1,0.392231574158326,7,112,FALSE,FALSE
GOBP_PROTEIN_MONOUBIQUITINATION,GO:BP,1.9352922872654,0.00243885357911462,50,1,0.376542311191993,3,50,TRUE,FALSE
GOBP_PROTEIN_NEDDYLATION,GO:BP,1.75973523830849,0.0269425755215025,24,1,0.784463148316652,3,24,TRUE,FALSE
GOBP_PROTEIN_N_LINKED_GLYCOSYLATION,GO:BP,1.43919448768845,0.0954836021654214,90,1,0.557840461025175,8,90,FALSE,FALSE
GOBP_PROTEIN_N_LINKED_GLYCOSYLATION_VIA_ASPARAGINE,GO:BP,1.23248874673501,0.290579439473981,23,1,0.272856747240574,1,23,FALSE,FALSE
GOBP_PROTEIN_O_LINKED_GLYCOSYLATION,GO:BP,-1.18373148172696,0.23711570491243,141,0.978587630542299,0.97918804328887,22,141,FALSE,FALSE
GOBP_PROTEIN_O_LINKED_GLYCOSYLATION_VIA_MANNOSE,GO:BP,-1.1862813268896,0.363740624772446,17,,,,,FALSE,FALSE
GOBP_PROTEIN_O_LINKED_GLYCOSYLATION_VIA_N_ACETYL_GALACTOSAMINE,GO:BP,-1.11872274313091,0.423636189012678,33,0.506693934048772,1.5213830755232,8,33,FALSE,FALSE
GOBP_PROTEIN_O_LINKED_GLYCOSYLATION_VIA_XYLOSE,GO:BP,-1.00587200111347,0.554069886947585,57,0.966399024164061,0.990900818926297,9,57,FALSE,FALSE
GOBP_PROTEIN_PALMITOYLATION,GO:BP,-1.04974413893697,0.497235780062866,21,0.868087644964407,1.19537241648252,4,21,FALSE,FALSE
GOBP_PROTEIN_POLYMERIZATION,GO:BP,-1.18364153291837,0.148354038197539,263,1,0.763583901023052,32,263,FALSE,FALSE
GOBP_PROTEIN_POLYUBIQUITINATION,GO:BP,1.68028345757787,0.000325197438371424,261,1,0.625166033907523,26,261,TRUE,FALSE
GOBP_PROTEIN_POLY_ADP_RIBOSYLATION,GO:BP,1.64593441984057,0.0798169214863614,10,0.594213709778933,1.88271155595996,3,10,FALSE,FALSE
GOBP_PROTEIN_PROCESSING,GO:BP,1.44692587819665,0.0314867513682836,226,0.157795262997224,1.33289313696281,48,226,TRUE,FALSE
GOBP_PROTEIN_QUALITY_CONTROL_FOR_MISFOLDED_OR_INCOMPLETELY_SYNTHESIZED_PROTEINS,GO:BP,0.84561932529831,0.762869999941483,29,1,0.216403627121835,1,29,FALSE,FALSE
GOBP_PROTEIN_REFOLDING,GO:BP,1.17464755710939,0.353493025181583,29,1,0.86561450848734,4,29,FALSE,FALSE
GOBP_PROTEIN_RNA_COMPLEX_ORGANIZATION,GO:BP,2.01282275477022,1.501819721409e-07,234,1,0.0268192529339026,1,234,TRUE,FALSE
GOBP_PROTEIN_STABILIZATION,GO:BP,1.1387831346679,0.291650276663258,225,1,0.390488322717622,14,225,FALSE,FALSE
GOBP_PROTEIN_SUMOYLATION,GO:BP,1.03088048630136,0.52440315979102,62,1,0.303663154187091,3,62,FALSE,FALSE
GOBP_PROTEIN_TARGETING,GO:BP,1.44354699983896,0.0201114305150227,289,1,0.390874371479577,18,289,TRUE,FALSE
GOBP_PROTEIN_TARGETING_TO_LYSOSOME,GO:BP,1.00824043407874,0.555196121420712,32,,,,,FALSE,FALSE
GOBP_PROTEIN_TARGETING_TO_MEMBRANE,GO:BP,1.19002531898774,0.268219935272183,116,1,0.757412694926422,14,116,FALSE,FALSE
GOBP_PROTEIN_TARGETING_TO_MITOCHONDRION,GO:BP,1.57583320374426,0.0336721525751119,72,1,0.174325144070367,2,72,TRUE,FALSE
GOBP_PROTEIN_TARGETING_TO_PEROXISOME,GO:BP,-0.879743704105284,0.676447343543203,10,,,,,FALSE,FALSE
GOBP_PROTEIN_TARGETING_TO_VACUOLE,GO:BP,0.881792271957368,0.751440206092813,47,1,0.133525642266664,1,47,FALSE,FALSE
GOBP_PROTEIN_TETRAMERIZATION,GO:BP,1.3136951731708,0.146313138776564,93,1,0.87724911209604,13,93,FALSE,FALSE
GOBP_PROTEIN_TRANSMEMBRANE_IMPORT_INTO_INTRACELLULAR_ORGANELLE,GO:BP,-0.517608176265009,0.987211434696378,15,1,0.418380345768881,1,15,FALSE,FALSE
GOBP_PROTEIN_TRANSMEMBRANE_TRANSPORT,GO:BP,1.93302383039167,0.000727901285936644,81,1,0.154955683618104,2,81,TRUE,FALSE
GOBP_PROTEIN_TRANSPORT_ALONG_MICROTUBULE,GO:BP,-1.10437881153942,0.460067764404661,18,0.962721081755926,1.0459508644222,3,18,FALSE,FALSE
GOBP_PROTEIN_TRANSPORT_TO_VACUOLE_INVOLVED_IN_UBIQUITIN_DEPENDENT_PROTEIN_CATABOLIC_PROCESS_VIA_THE_MULTIVESICULAR_BODY_SORTING_PATHWAY,GO:BP,0.955871631436088,0.631515612135031,16,1,0.392231574158326,1,16,FALSE,FALSE
GOBP_PROTEIN_TRIMERIZATION,GO:BP,0.821121062346185,0.776618269812462,16,0.906741278758732,1.17669472247498,3,16,FALSE,FALSE
GOBP_PROTEIN_UNFOLDING,GO:BP,1.1661424771693,0.374371884330403,12,1,0.522975432211101,1,12,FALSE,FALSE
GOBP_PROTEOGLYCAN_BIOSYNTHETIC_PROCESS,GO:BP,-1.42400474501336,0.0798169214863614,78,0.788586078744843,1.12640862322391,14,78,FALSE,FALSE
GOBP_PROTEOGLYCAN_CATABOLIC_PROCESS,GO:BP,1.33077557648518,0.2026129022831,21,1,0.896529312361887,3,21,FALSE,FALSE
GOBP_PROTEOGLYCAN_METABOLIC_PROCESS,GO:BP,-1.12968912124832,0.331885739185736,107,0.777355997263282,1.11437755648721,19,107,FALSE,FALSE
GOBP_PROTON_MOTIVE_FORCE_DRIVEN_ATP_SYNTHESIS,GO:BP,1.5738786210471,0.0627199410421671,54,,,,,FALSE,FALSE
GOBP_PROTON_TRANSMEMBRANE_TRANSPORT,GO:BP,1.42026940575495,0.0592080117425921,155,1,0.688303149490739,17,155,FALSE,FALSE
GOBP_PROTON_TRANSPORTING_TWO_SECTOR_ATPASE_COMPLEX_ASSEMBLY,GO:BP,-0.782690979965676,0.822529330471346,11,1,0.570518653321201,1,11,FALSE,FALSE
GOBP_PROTOPORPHYRINOGEN_IX_METABOLIC_PROCESS,GO:BP,0.919937951929575,0.659636892459497,10,,,,,FALSE,FALSE
GOBP_PROXIMAL_DISTAL_PATTERN_FORMATION,GO:BP,-2.21204033359434,0.000125630898829708,32,0.303676489292972,1.76504208371247,9,32,FALSE,FALSE
GOBP_PRO_B_CELL_DIFFERENTIATION,GO:BP,0.49200680996149,0.98407451135653,12,,,,,FALSE,FALSE
GOBP_PSEUDOPODIUM_ORGANIZATION,GO:BP,-1.15621989369279,0.401396153858459,16,1,0.392231574158326,1,16,FALSE,FALSE
GOBP_PSEUDOURIDINE_SYNTHESIS,GO:BP,2.04680799217095,0.00236008551623156,18,,,,,TRUE,FALSE
GOBP_PTERIDINE_CONTAINING_COMPOUND_BIOSYNTHETIC_PROCESS,GO:BP,1.72133169852101,0.0508945360431597,16,1,0.784463148316652,2,16,FALSE,FALSE
GOBP_PTERIDINE_CONTAINING_COMPOUND_METABOLIC_PROCESS,GO:BP,1.94878166870814,0.00265595974004874,34,0.719442465053918,1.2920569501686,7,34,TRUE,FALSE
GOBP_PULMONARY_VALVE_DEVELOPMENT,GO:BP,-0.989297392352752,0.580160111544688,22,,,,,FALSE,FALSE
GOBP_PULMONARY_VALVE_MORPHOGENESIS,GO:BP,-1.17549751867159,0.373348353207026,18,,,,,FALSE,FALSE
GOBP_PURINERGIC_NUCLEOTIDE_RECEPTOR_SIGNALING_PATHWAY,GO:BP,0.891992401027474,0.694728417698086,28,0.506693934048772,1.5689262966333,7,28,FALSE,FALSE
GOBP_PURINE_CONTAINING_COMPOUND_BIOSYNTHETIC_PROCESS,GO:BP,1.27062513681686,0.14357619124507,220,1,0.599044585987261,21,220,FALSE,FALSE
GOBP_PURINE_CONTAINING_COMPOUND_CATABOLIC_PROCESS,GO:BP,1.43937486905462,0.0480270285015064,150,1,0.87859872611465,21,150,TRUE,FALSE
GOBP_PURINE_CONTAINING_COMPOUND_SALVAGE,GO:BP,1.61498737588365,0.067370903331137,19,0.788586078744843,1.32120109190173,4,19,FALSE,FALSE
GOBP_PURINE_CONTAINING_COMPOUND_TRANSMEMBRANE_TRANSPORT,GO:BP,-1.22280939584037,0.288857401217523,32,1,0.784463148316652,4,32,FALSE,FALSE
GOBP_PURINE_DEOXYRIBONUCLEOSIDE_MONOPHOSPHATE_METABOLIC_PROCESS,GO:BP,1.9051393453722,0.0100371357387062,12,0.430749153033336,2.0919017288444,4,12,TRUE,FALSE
GOBP_PURINE_DEOXYRIBONUCLEOTIDE_CATABOLIC_PROCESS,GO:BP,1.75322245658942,0.0294454526579828,11,0.655369444735246,1.7115559599636,3,11,TRUE,FALSE
GOBP_PURINE_DEOXYRIBONUCLEOTIDE_METABOLIC_PROCESS,GO:BP,1.76527417058505,0.0389424968693457,17,0.703534865988356,1.4766365144784,4,17,TRUE,FALSE
GOBP_PURINE_NUCLEOBASE_BIOSYNTHETIC_PROCESS,GO:BP,1.380287307243,0.211408268440529,10,1,0.627570518653321,1,10,FALSE,FALSE
GOBP_PURINE_NUCLEOBASE_METABOLIC_PROCESS,GO:BP,1.83961571255574,0.0235353771187007,17,0.937040972683617,1.1074773858588,3,17,TRUE,FALSE
GOBP_PURINE_NUCLEOSIDE_BISPHOSPHATE_METABOLIC_PROCESS,GO:BP,0.665949101573882,0.932416643231809,15,1,0.836760691537762,2,15,FALSE,FALSE
GOBP_PURINE_NUCLEOSIDE_METABOLIC_PROCESS,GO:BP,1.37650863580715,0.176589146937682,23,0.719442465053918,1.36428373620287,5,23,FALSE,FALSE
GOBP_PURINE_NUCLEOSIDE_MONOPHOSPHATE_BIOSYNTHETIC_PROCESS,GO:BP,1.9624664032999,0.00757645915033177,18,1,0.697300576281468,2,18,TRUE,FALSE
GOBP_PURINE_NUCLEOSIDE_MONOPHOSPHATE_CATABOLIC_PROCESS,GO:BP,1.8823929939022,0.0105429060820491,11,0.367902175932515,2.2820746132848,4,11,TRUE,FALSE
GOBP_PURINE_NUCLEOSIDE_MONOPHOSPHATE_METABOLIC_PROCESS,GO:BP,2.13736360848721,0.000141003096650385,41,0.762207358717267,1.22452784127477,8,41,TRUE,FALSE
GOBP_PURINE_NUCLEOTIDE_SALVAGE,GO:BP,1.26041403027852,0.290338170276186,15,1,0.836760691537762,2,15,FALSE,FALSE
GOBP_PURINE_NUCLEOTIDE_TRANSPORT,GO:BP,1.17660203695581,0.347128333860426,33,1,0.570518653321201,3,33,FALSE,FALSE
GOBP_PYRAMIDAL_NEURON_DIFFERENTIATION,GO:BP,-1.23019611803076,0.318303593174106,12,1,0.522975432211101,1,12,FALSE,FALSE
GOBP_PYRIDINE_CONTAINING_COMPOUND_BIOSYNTHETIC_PROCESS,GO:BP,1.33351455140553,0.223656589409485,20,1,0.941355777979982,3,20,FALSE,FALSE
GOBP_PYRIDINE_CONTAINING_COMPOUND_CATABOLIC_PROCESS,GO:BP,1.3789471448755,0.107111635632485,101,1,0.932035423742556,15,101,FALSE,FALSE
GOBP_PYRIDINE_CONTAINING_COMPOUND_METABOLIC_PROCESS,GO:BP,1.63122848444648,0.00532043564935117,169,1,0.928358755404321,25,169,TRUE,FALSE
GOBP_PYRIMIDINE_CONTAINING_COMPOUND_BIOSYNTHETIC_PROCESS,GO:BP,1.93435525369552,0.00468453413882845,45,1,0.697300576281468,5,45,TRUE,FALSE
GOBP_PYRIMIDINE_CONTAINING_COMPOUND_CATABOLIC_PROCESS,GO:BP,1.39450001184128,0.161711567576195,26,0.627782812120181,1.44823965843074,6,26,FALSE,FALSE
GOBP_PYRIMIDINE_CONTAINING_COMPOUND_METABOLIC_PROCESS,GO:BP,1.72890496697347,0.00869899060503539,73,1,0.859685641990851,10,73,TRUE,FALSE
GOBP_PYRIMIDINE_CONTAINING_COMPOUND_TRANSMEMBRANE_TRANSPORT,GO:BP,-1.19626582801263,0.35027158376215,12,0.978587630542299,1.0459508644222,2,12,FALSE,FALSE
GOBP_PYRIMIDINE_DEOXYRIBONUCLEOSIDE_MONOPHOSPHATE_METABOLIC_PROCESS,GO:BP,1.83744677927929,0.015377459647407,11,0.367902175932515,2.2820746132848,4,11,TRUE,FALSE
GOBP_PYRIMIDINE_DEOXYRIBONUCLEOTIDE_METABOLIC_PROCESS,GO:BP,1.9120968925074,0.00787100722890959,24,0.77384671492533,1.30743858052775,5,24,TRUE,FALSE
GOBP_PYRIMIDINE_NUCLEOBASE_BIOSYNTHETIC_PROCESS,GO:BP,1.60181270836543,0.0894238709634546,12,0.978587630542299,1.0459508644222,2,12,FALSE,FALSE
GOBP_PYRIMIDINE_NUCLEOBASE_METABOLIC_PROCESS,GO:BP,1.36171489018054,0.174066313063494,21,0.868087644964407,1.19537241648252,4,21,FALSE,FALSE
GOBP_PYRIMIDINE_NUCLEOSIDE_DIPHOSPHATE_METABOLIC_PROCESS,GO:BP,1.61470809407845,0.0892973868894012,10,0.906741278758732,1.25514103730664,2,10,FALSE,FALSE
GOBP_PYRIMIDINE_NUCLEOSIDE_METABOLIC_PROCESS,GO:BP,1.66119891540511,0.0590742613872001,11,0.157795262997224,2.85259326660601,5,11,FALSE,FALSE
GOBP_PYRIMIDINE_NUCLEOSIDE_MONOPHOSPHATE_BIOSYNTHETIC_PROCESS,GO:BP,1.70895155263101,0.0626336826894577,15,1,0.836760691537762,2,15,FALSE,FALSE
GOBP_PYRIMIDINE_NUCLEOSIDE_MONOPHOSPHATE_METABOLIC_PROCESS,GO:BP,1.99348213371761,0.00300644715485153,20,0.831189429132839,1.25514103730664,4,20,TRUE,FALSE
GOBP_PYRIMIDINE_NUCLEOSIDE_TRIPHOSPHATE_BIOSYNTHETIC_PROCESS,GO:BP,1.76795070415987,0.0265830429587503,19,0.984968811334459,0.990900818926297,3,19,TRUE,FALSE
GOBP_PYRIMIDINE_NUCLEOSIDE_TRIPHOSPHATE_METABOLIC_PROCESS,GO:BP,1.80556274469558,0.020679442692086,24,0.944829045454405,1.0459508644222,4,24,TRUE,FALSE
GOBP_PYRIMIDINE_NUCLEOTIDE_BIOSYNTHETIC_PROCESS,GO:BP,1.86985662864216,0.00602745254307594,33,1,0.760691537761602,4,33,TRUE,FALSE
GOBP_PYRIMIDINE_NUCLEOTIDE_CATABOLIC_PROCESS,GO:BP,1.799797996749,0.017811620770697,20,0.831189429132839,1.25514103730664,4,20,TRUE,FALSE
GOBP_PYRIMIDINE_NUCLEOTIDE_METABOLIC_PROCESS,GO:BP,1.95993261677963,0.00245774617513493,52,1,0.844806467417932,7,52,TRUE,FALSE
GOBP_PYRIMIDINE_RIBONUCLEOSIDE_MONOPHOSPHATE_BIOSYNTHETIC_PROCESS,GO:BP,1.70809058494109,0.0433110451717402,11,1,0.570518653321201,1,11,TRUE,FALSE
GOBP_PYRIMIDINE_RIBONUCLEOSIDE_MONOPHOSPHATE_METABOLIC_PROCESS,GO:BP,1.88519995562586,0.0143396435315335,13,1,0.965493105620494,2,13,TRUE,FALSE
GOBP_PYRIMIDINE_RIBONUCLEOSIDE_TRIPHOSPHATE_BIOSYNTHETIC_PROCESS,GO:BP,1.45245164313584,0.147442839951865,15,1,0.418380345768881,1,15,FALSE,FALSE
GOBP_PYRIMIDINE_RIBONUCLEOSIDE_TRIPHOSPHATE_METABOLIC_PROCESS,GO:BP,1.55176482049642,0.120039188472058,18,1,0.697300576281468,2,18,FALSE,FALSE
GOBP_PYRIMIDINE_RIBONUCLEOTIDE_BIOSYNTHETIC_PROCESS,GO:BP,1.57971258994754,0.0867856902045024,24,1,0.522975432211101,2,24,FALSE,FALSE
GOBP_PYRIMIDINE_RIBONUCLEOTIDE_METABOLIC_PROCESS,GO:BP,1.68801997156489,0.0403629514428283,30,1,0.836760691537762,4,30,TRUE,FALSE
GOBP_PYROPTOTIC_INFLAMMATORY_RESPONSE,GO:BP,2.2114853950997,8.4048637323e-05,36,0.00785304397517934,2.61487716105551,15,36,TRUE,TRUE
GOBP_PYRUVATE_DECARBOXYLATION_TO_ACETYL_COA,GO:BP,0.757295889191302,0.846235783507582,16,1,0.392231574158326,1,16,FALSE,FALSE
GOBP_PYRUVATE_METABOLIC_PROCESS,GO:BP,1.39324416110915,0.0883954182054373,119,1,0.843792293987659,16,119,FALSE,FALSE
GOBP_P_BODY_ASSEMBLY,GO:BP,1.16359142421292,0.376726888641881,23,1,0.272856747240574,1,23,FALSE,FALSE
GOBP_QUATERNARY_AMMONIUM_GROUP_TRANSPORT,GO:BP,-0.858358497247314,0.717032967032967,15,0.868087644964407,1.25514103730664,3,15,FALSE,FALSE
GOBP_QUINONE_BIOSYNTHETIC_PROCESS,GO:BP,1.2564878236442,0.278327788253049,19,1,0.330300272975432,1,19,FALSE,FALSE
GOBP_QUINONE_METABOLIC_PROCESS,GO:BP,1.11630027924032,0.425616742035722,22,1,0.285259326660601,1,22,FALSE,FALSE
GOBP_RAB_PROTEIN_SIGNAL_TRANSDUCTION,GO:BP,-0.882333443438789,0.724622592399792,24,1,0.261487716105551,1,24,FALSE,FALSE
GOBP_RAC_PROTEIN_SIGNAL_TRANSDUCTION,GO:BP,-0.88856021637624,0.781857721887342,61,1,0.411521651575948,4,61,FALSE,FALSE
GOBP_RADIAL_GLIAL_CELL_DIFFERENTIATION,GO:BP,1.08596192265313,0.469070946740753,11,0.944829045454405,1.1410373066424,2,11,FALSE,FALSE
GOBP_RANDOM_INACTIVATION_OF_X_CHROMOSOME,GO:BP,1.13282302860223,0.422256939616273,13,,,,,FALSE,FALSE
GOBP_RAP_PROTEIN_SIGNAL_TRANSDUCTION,GO:BP,1.53596995317096,0.1270880911162,18,1,0.697300576281468,2,18,FALSE,FALSE
GOBP_RAS_PROTEIN_SIGNAL_TRANSDUCTION,GO:BP,0.993304851415705,0.580216557841343,110,1,0.627570518653321,11,110,FALSE,FALSE
GOBP_REACTIVE_NITROGEN_SPECIES_METABOLIC_PROCESS,GO:BP,1.17265679745991,0.307163655927099,79,0.68662888287622,1.19158959237972,15,79,FALSE,FALSE
GOBP_REACTIVE_OXYGEN_SPECIES_BIOSYNTHETIC_PROCESS,GO:BP,1.52021305248827,0.0892973868894012,59,0.496872913326769,1.38278249872766,13,59,FALSE,FALSE
GOBP_REACTIVE_OXYGEN_SPECIES_METABOLIC_PROCESS,GO:BP,1.63121583218443,0.00205478712758936,216,0.699868820624782,1.10405924577899,38,216,TRUE,FALSE
GOBP_RECEPTOR_CATABOLIC_PROCESS,GO:BP,-0.86541905124243,0.758492021180234,30,1,0.836760691537762,4,30,FALSE,FALSE
GOBP_RECEPTOR_CLUSTERING,GO:BP,-1.69312945765172,0.0136526865154102,62,0.303676489292972,1.51831577093545,15,62,FALSE,FALSE
GOBP_RECEPTOR_GUANYLYL_CYCLASE_SIGNALING_PATHWAY,GO:BP,-1.92914193661163,0.0102520917167404,13,0.777355997263282,1.44823965843074,3,13,FALSE,FALSE
GOBP_RECEPTOR_INTERNALIZATION,GO:BP,-0.978673704057414,0.613756613756614,126,1,0.896529312361887,18,126,FALSE,FALSE
GOBP_RECEPTOR_LOCALIZATION_TO_SYNAPSE,GO:BP,-1.62268236336866,0.0130142023301792,74,0.462584323935239,1.35690922952069,16,74,FALSE,FALSE
GOBP_RECEPTOR_MEDIATED_ENDOCYTOSIS,GO:BP,1.08175288903252,0.378010702355369,255,1,0.935203125836322,38,255,FALSE,FALSE
GOBP_RECEPTOR_MEDIATED_ENDOCYTOSIS_OF_VIRUS_BY_HOST_CELL,GO:BP,0.841750415454456,0.737385944476801,10,1,0.627570518653321,1,10,FALSE,FALSE
GOBP_RECEPTOR_METABOLIC_PROCESS,GO:BP,0.818743068135045,0.85110846179821,72,1,0.435812860175917,5,72,FALSE,FALSE
GOBP_RECEPTOR_RECYCLING,GO:BP,0.845193348273157,0.801881582983945,45,1,0.278920230512587,2,45,FALSE,FALSE
GOBP_RECOMBINATIONAL_REPAIR,GO:BP,2.38471494533367,4.55879421175295e-12,180,1,0.592705489839248,17,180,TRUE,FALSE
GOBP_REELIN_MEDIATED_SIGNALING_PATHWAY,GO:BP,0.904685034848693,0.695690438337497,12,1,0.522975432211101,1,12,FALSE,FALSE
GOBP_REFLEX,GO:BP,-1.13078483534075,0.425846128101075,16,0.00902581585317264,3.53008416742493,9,16,FALSE,TRUE
GOBP_REGENERATION,GO:BP,0.989332855673945,0.567794117647059,153,0.478064364673026,1.230530428732,30,153,FALSE,FALSE
GOBP_REGULATED_EXOCYTOSIS,GO:BP,1.14660191192612,0.294418159691264,215,0.464951366060086,1.19676238440866,41,215,FALSE,FALSE
GOBP_REGULATION_OF_ACTIN_FILAMENT_BASED_MOVEMENT,GO:BP,-1.47104139427537,0.0841951260717687,36,0.0888265983378271,2.0919017288444,12,36,FALSE,FALSE
GOBP_REGULATION_OF_ACTIN_FILAMENT_BASED_PROCESS,GO:BP,-1.50228827653606,0.000408404646725649,361,1,0.86921124467219,50,361,FALSE,FALSE
GOBP_REGULATION_OF_ACTIN_FILAMENT_BUNDLE_ASSEMBLY,GO:BP,-1.68525312839289,0.00441062193351094,101,1,0.745628338994045,12,101,FALSE,FALSE
GOBP_REGULATION_OF_ACTIN_FILAMENT_LENGTH,GO:BP,-1.12350764156507,0.333163816722426,139,1,0.767532289000465,17,139,FALSE,FALSE
GOBP_REGULATION_OF_ACTIN_FILAMENT_ORGANIZATION,GO:BP,-1.41831035420255,0.0137977479099238,247,1,0.711415972562469,28,247,FALSE,FALSE
GOBP_REGULATION_OF_ACTIN_FILAMENT_POLYMERIZATION,GO:BP,-1.12227008432344,0.35027158376215,117,1,0.697300576281468,13,117,FALSE,FALSE
GOBP_REGULATION_OF_ACTIN_NUCLEATION,GO:BP,-0.697498412939807,0.943632799281188,37,1,0.678454614760347,4,37,FALSE,FALSE
GOBP_REGULATION_OF_ACTION_POTENTIAL,GO:BP,-1.40537379471265,0.0968521499534216,55,0.261415278750312,1.59745222929936,14,55,FALSE,FALSE
GOBP_REGULATION_OF_ACTIVIN_RECEPTOR_SIGNALING_PATHWAY,GO:BP,-1.39912426263838,0.136489298915913,25,1,0.753084622383986,3,25,FALSE,FALSE
GOBP_REGULATION_OF_ACTOMYOSIN_STRUCTURE_ORGANIZATION,GO:BP,-1.67857494318735,0.0043115577374023,96,1,0.653719290263876,10,96,FALSE,FALSE
GOBP_REGULATION_OF_ACUTE_INFLAMMATORY_RESPONSE,GO:BP,1.8904764504722,0.00327214304642528,42,0.0297636355943426,2.24132328090472,15,42,TRUE,TRUE
GOBP_REGULATION_OF_ACUTE_INFLAMMATORY_RESPONSE_TO_ANTIGENIC_STIMULUS,GO:BP,1.13929574942052,0.428349450947431,15,0.355067484635544,2.0919017288444,5,15,FALSE,FALSE
GOBP_REGULATION_OF_ACYL_COA_BIOSYNTHETIC_PROCESS,GO:BP,-0.861794195650526,0.715848213860919,11,1,0.570518653321201,1,11,FALSE,FALSE
GOBP_REGULATION_OF_ADAPTIVE_IMMUNE_RESPONSE,GO:BP,2.28071362856425,8.79877791997741e-11,198,0.00875227507304461,1.6164695177434,51,198,TRUE,TRUE
GOBP_REGULATION_OF_ADENYLATE_CYCLASE_ACTIVATING_G_PROTEIN_COUPLED_RECEPTOR_SIGNALING_PATHWAY,GO:BP,-1.54199198707874,0.0831517393697832,22,1,0.570518653321201,2,22,FALSE,FALSE
GOBP_REGULATION_OF_ADENYLATE_CYCLASE_ACTIVITY,GO:BP,-1.11980627847546,0.411606617955824,27,0.868087644964407,1.16216762713578,5,27,FALSE,FALSE
GOBP_REGULATION_OF_ADIPOSE_TISSUE_DEVELOPMENT,GO:BP,0.638795062389847,0.947662369962842,21,1,0.896529312361887,3,21,FALSE,FALSE
GOBP_REGULATION_OF_AEROBIC_RESPIRATION,GO:BP,0.702721239658741,0.90750421236828,27,1,0.464867050854312,2,27,FALSE,FALSE
GOBP_REGULATION_OF_ALCOHOL_BIOSYNTHETIC_PROCESS,GO:BP,-1.30582007228557,0.169600635989525,44,0.672164713357528,1.2836669699727,9,44,FALSE,FALSE
GOBP_REGULATION_OF_ALPHA_BETA_T_CELL_ACTIVATION,GO:BP,2.19545498066455,1.20566594116504e-06,108,0.00471330385674258,1.91757658477404,33,108,TRUE,TRUE
GOBP_REGULATION_OF_ALPHA_BETA_T_CELL_DIFFERENTIATION,GO:BP,2.07013360901245,0.00011869059748902,72,0.0529531247051942,1.83041401273885,21,72,TRUE,FALSE
GOBP_REGULATION_OF_ALTERNATIVE_MRNA_SPLICING_VIA_SPLICEOSOME,GO:BP,1.11608602528964,0.390694809312438,62,1,0.404884205582788,4,62,FALSE,FALSE
GOBP_REGULATION_OF_AMIDE_METABOLIC_PROCESS,GO:BP,-0.890636915030296,0.763179722184264,64,1,0.392231574158326,4,64,FALSE,FALSE
GOBP_REGULATION_OF_AMINE_METABOLIC_PROCESS,GO:BP,-0.764059022053929,0.840213320227055,17,1,0.369159128619601,1,17,FALSE,FALSE
GOBP_REGULATION_OF_AMINO_ACID_TRANSMEMBRANE_TRANSPORT,GO:BP,-0.684778123646355,0.917555390935416,13,0.777355997263282,1.44823965843074,3,13,FALSE,FALSE
GOBP_REGULATION_OF_AMINO_ACID_TRANSPORT,GO:BP,-1.23745331774159,0.268589932672795,31,0.8068601672033,1.21465261674836,6,31,FALSE,FALSE
GOBP_REGULATION_OF_AMPA_RECEPTOR_ACTIVITY,GO:BP,1.94014062513394,0.00821592093003343,25,1,0.502056414922657,2,25,TRUE,FALSE
GOBP_REGULATION_OF_AMYLOID_BETA_CLEARANCE,GO:BP,0.991454739810152,0.591336872586873,16,0.655369444735246,1.5689262966333,4,16,FALSE,FALSE
GOBP_REGULATION_OF_AMYLOID_FIBRIL_FORMATION,GO:BP,-0.996415580786719,0.555196121420712,16,0.655369444735246,1.5689262966333,4,16,FALSE,FALSE
GOBP_REGULATION_OF_AMYLOID_PRECURSOR_PROTEIN_CATABOLIC_PROCESS,GO:BP,-0.912652737857355,0.694105928458808,41,1,0.306131960318693,2,41,FALSE,FALSE
GOBP_REGULATION_OF_ANATOMICAL_STRUCTURE_SIZE,GO:BP,-1.3657423634475,0.00758543036163695,443,0.719442465053918,1.06247830471781,75,443,FALSE,FALSE
GOBP_REGULATION_OF_ANDROGEN_RECEPTOR_SIGNALING_PATHWAY,GO:BP,-0.632591319865308,0.971259729716824,30,,,,,FALSE,FALSE
GOBP_REGULATION_OF_ANGIOTENSIN_LEVELS_IN_BLOOD,GO:BP,1.31973943062965,0.237369547089394,14,1,0.896529312361887,2,14,FALSE,FALSE
GOBP_REGULATION_OF_ANIMAL_ORGAN_FORMATION,GO:BP,-1.49209191504935,0.120039188472058,25,0.594213709778933,1.50616924476797,6,25,FALSE,FALSE
GOBP_REGULATION_OF_ANIMAL_ORGAN_MORPHOGENESIS,GO:BP,-1.70948287066152,0.0066969671551469,73,1,0.945654206189936,11,73,FALSE,FALSE
GOBP_REGULATION_OF_ANOIKIS,GO:BP,-1.25336677097256,0.277911111111111,22,,,,,FALSE,FALSE
GOBP_REGULATION_OF_ANTIGEN_PROCESSING_AND_PRESENTATION,GO:BP,1.98683244863094,0.00440369776200871,23,0.506693934048772,1.63714048344345,6,23,TRUE,FALSE
GOBP_REGULATION_OF_ANTIGEN_RECEPTOR_MEDIATED_SIGNALING_PATHWAY,GO:BP,2.32373905511074,4.31277774564771e-07,79,0.160097213508895,1.58878612317296,20,79,TRUE,FALSE
GOBP_REGULATION_OF_APOPTOTIC_CELL_CLEARANCE,GO:BP,1.50763359316452,0.144531324563692,10,0.594213709778933,1.88271155595996,3,10,FALSE,FALSE
GOBP_REGULATION_OF_APOPTOTIC_PROCESS_INVOLVED_IN_DEVELOPMENT,GO:BP,0.78668729561562,0.826668595938194,11,1,0.570518653321201,1,11,FALSE,FALSE
GOBP_REGULATION_OF_APOPTOTIC_SIGNALING_PATHWAY,GO:BP,1.66819515147244,8.27675425087531e-05,351,1,0.733059580193338,41,351,TRUE,FALSE
GOBP_REGULATION_OF_APPETITE,GO:BP,0.880788156986336,0.695380668272198,16,0.408568153127978,1.96115787079163,5,16,FALSE,FALSE
GOBP_REGULATION_OF_ARP2_3_COMPLEX_MEDIATED_ACTIN_NUCLEATION,GO:BP,1.20967338163146,0.306418567965834,29,1,0.216403627121835,1,29,FALSE,FALSE
GOBP_REGULATION_OF_ASTROCYTE_DIFFERENTIATION,GO:BP,-1.45653846829266,0.172585328257158,23,0.161234531076505,2.1828539779246,8,23,FALSE,FALSE
GOBP_REGULATION_OF_ATP_BIOSYNTHETIC_PROCESS,GO:BP,1.02539037656156,0.544365533824149,14,0.825631269028654,1.34479396854283,3,14,FALSE,FALSE
GOBP_REGULATION_OF_ATP_DEPENDENT_ACTIVITY,GO:BP,-1.06720003486842,0.494492254733219,33,0.506693934048772,1.5213830755232,8,33,FALSE,FALSE
GOBP_REGULATION_OF_ATTACHMENT_OF_MITOTIC_SPINDLE_MICROTUBULES_TO_KINETOCHORE,GO:BP,1.83550501915929,0.0189485404753224,10,0.303676489292972,2.51028207461329,4,10,TRUE,FALSE
GOBP_REGULATION_OF_ATTACHMENT_OF_SPINDLE_MICROTUBULES_TO_KINETOCHORE,GO:BP,2.41393308469291,2.90974004645612e-06,23,0.161234531076505,2.1828539779246,8,23,TRUE,FALSE
GOBP_REGULATION_OF_AUTOPHAGOSOME_ASSEMBLY,GO:BP,-0.741394127305229,0.93446070724826,46,,,,,FALSE,FALSE
GOBP_REGULATION_OF_AUTOPHAGOSOME_MATURATION,GO:BP,-0.58903166221485,0.972494984690107,16,1,0.392231574158326,1,16,FALSE,FALSE
GOBP_REGULATION_OF_AUTOPHAGY,GO:BP,1.53040000993517,0.00203748103979976,349,1,0.575422825126254,32,349,TRUE,FALSE
GOBP_REGULATION_OF_AUTOPHAGY_OF_MITOCHONDRION,GO:BP,1.36627695801467,0.128505155952681,48,1,0.522975432211101,4,48,FALSE,FALSE
GOBP_REGULATION_OF_AXONOGENESIS,GO:BP,-1.44430040931505,0.0362079066554469,130,0.7625464988,1.11031707146357,23,130,FALSE,FALSE
GOBP_REGULATION_OF_AXON_EXTENSION,GO:BP,-1.13473668278563,0.341491399092462,74,1,0.932875095295478,11,74,FALSE,FALSE
GOBP_REGULATION_OF_AXON_EXTENSION_INVOLVED_IN_AXON_GUIDANCE,GO:BP,0.848269953136276,0.732722034696473,15,1,0.418380345768881,1,15,FALSE,FALSE
GOBP_REGULATION_OF_BEHAVIOR,GO:BP,0.840460586651559,0.80678391959799,55,0.657026371950794,1.25514103730664,11,55,FALSE,FALSE
GOBP_REGULATION_OF_BICELLULAR_TIGHT_JUNCTION_ASSEMBLY,GO:BP,1.40357742927403,0.157984904473622,23,0.719442465053918,1.36428373620287,5,23,FALSE,FALSE
GOBP_REGULATION_OF_BINDING,GO:BP,1.38124241999245,0.111467358842072,84,0.906741278758732,1.0459508644222,14,84,FALSE,FALSE
GOBP_REGULATION_OF_BIOLOGICAL_PROCESS_INVOLVED_IN_SYMBIOTIC_INTERACTION,GO:BP,1.99790563284642,0.00130634271199336,33,0.331507256662576,1.7115559599636,9,33,TRUE,FALSE
GOBP_REGULATION_OF_BIOMINERAL_TISSUE_DEVELOPMENT,GO:BP,-1.54663751533911,0.0314867513682836,90,0.171525822230326,1.53406126781923,22,90,FALSE,FALSE
GOBP_REGULATION_OF_BLOOD_CIRCULATION,GO:BP,-1.89605993675779,1.56219910503047e-06,231,0.000176381270755023,1.76589106980372,65,231,FALSE,TRUE
GOBP_REGULATION_OF_BLOOD_PRESSURE,GO:BP,-1.57131042825794,0.00803044859037949,163,0.129469489029263,1.42454657608423,37,163,FALSE,FALSE
GOBP_REGULATION_OF_BMP_SIGNALING_PATHWAY,GO:BP,-1.73017084099874,0.0033560711343734,92,0.830926348013607,1.0914269889623,16,92,FALSE,FALSE
GOBP_REGULATION_OF_BODY_FLUID_LEVELS,GO:BP,-1.04418226918925,0.425846128101075,339,0.485458411687215,1.14776909016242,62,339,FALSE,FALSE
GOBP_REGULATION_OF_BONE_DEVELOPMENT,GO:BP,-1.59019407361162,0.100286255761734,10,0.906741278758732,1.25514103730664,2,10,FALSE,FALSE
GOBP_REGULATION_OF_BONE_MINERALIZATION,GO:BP,-1.57131869349189,0.0184519438949577,73,0.150186238435891,1.63340271978262,19,73,FALSE,FALSE
GOBP_REGULATION_OF_BONE_REMODELING,GO:BP,0.899707767586449,0.711896412193148,41,0.284857917031218,1.68372578175281,11,41,FALSE,FALSE
GOBP_REGULATION_OF_BRANCHING_INVOLVED_IN_URETERIC_BUD_MORPHOGENESIS,GO:BP,-1.73085590073767,0.0354051097638502,18,0.752302801814948,1.39460115256294,4,18,FALSE,FALSE
GOBP_REGULATION_OF_BROWN_FAT_CELL_DIFFERENTIATION,GO:BP,-0.929780299490222,0.662196139250173,25,1,0.753084622383986,3,25,FALSE,FALSE
GOBP_REGULATION_OF_B_CELL_ACTIVATION,GO:BP,1.89759533665793,0.000145983560722543,127,0.426982662077329,1.2847900381879,26,127,TRUE,FALSE
GOBP_REGULATION_OF_B_CELL_APOPTOTIC_PROCESS,GO:BP,1.45760222405081,0.125180113370137,18,0.752302801814948,1.39460115256294,4,18,FALSE,FALSE
GOBP_REGULATION_OF_B_CELL_DIFFERENTIATION,GO:BP,1.71750654358275,0.0257227481008243,34,0.719442465053918,1.2920569501686,7,34,TRUE,FALSE
GOBP_REGULATION_OF_B_CELL_MEDIATED_IMMUNITY,GO:BP,1.67167279975369,0.0257227481008243,51,0.978587630542299,0.984424342985602,8,51,TRUE,FALSE
GOBP_REGULATION_OF_B_CELL_PROLIFERATION,GO:BP,1.56122201008435,0.064376991223403,66,0.188057689508049,1.6164695177434,17,66,FALSE,FALSE
GOBP_REGULATION_OF_B_CELL_RECEPTOR_SIGNALING_PATHWAY,GO:BP,1.54095264706667,0.072962770378206,22,0.678746825280159,1.426296633303,5,22,FALSE,FALSE
GOBP_REGULATION_OF_CALCINEURIN_MEDIATED_SIGNALING,GO:BP,0.745628856774644,0.87865621430517,35,1,0.358611724944755,2,35,FALSE,FALSE
GOBP_REGULATION_OF_CALCIUM_ION_DEPENDENT_EXOCYTOSIS,GO:BP,-1.37296432217252,0.159040758047767,36,0.430749153033336,1.5689262966333,9,36,FALSE,FALSE
GOBP_REGULATION_OF_CALCIUM_ION_IMPORT,GO:BP,-1.22075189228143,0.274388371336712,35,0.141288281551109,1.97236448719615,11,35,FALSE,FALSE
GOBP_REGULATION_OF_CALCIUM_ION_IMPORT_ACROSS_PLASMA_MEMBRANE,GO:BP,-1.35207404798114,0.238815061161032,11,1,0.570518653321201,1,11,FALSE,FALSE
GOBP_REGULATION_OF_CALCIUM_ION_TRANSMEMBRANE_TRANSPORT,GO:BP,-1.37627340107676,0.0806674025373598,128,0.537826913883448,1.22572366924477,25,128,FALSE,FALSE
GOBP_REGULATION_OF_CALCIUM_ION_TRANSPORT,GO:BP,-1.42047278025113,0.0295061327247311,195,0.35318075340106,1.25514103730664,39,195,FALSE,FALSE
GOBP_REGULATION_OF_CALCIUM_ION_TRANSPORT_INTO_CYTOSOL,GO:BP,-1.23820395386943,0.32004268278681,14,1,0.896529312361887,2,14,FALSE,FALSE
GOBP_REGULATION_OF_CALCIUM_MEDIATED_SIGNALING,GO:BP,0.948405274802759,0.659084068194649,84,0.906741278758732,1.0459508644222,14,84,FALSE,FALSE
GOBP_REGULATION_OF_CAMP_PKA_SIGNAL_TRANSDUCTION,GO:BP,-1.41591407849826,0.132863066176148,41,1,0.765329900796733,5,41,FALSE,FALSE
GOBP_REGULATION_OF_CANONICAL_WNT_SIGNALING_PATHWAY,GO:BP,-1.64456104572033,0.0003862470028494,249,0.923323045302578,1.00814541149128,40,249,FALSE,FALSE
GOBP_REGULATION_OF_CARBOHYDRATE_BIOSYNTHETIC_PROCESS,GO:BP,-1.6506621770942,0.0107224506035935,91,0.906741278758732,1.0344568988791,15,91,FALSE,FALSE
GOBP_REGULATION_OF_CARBOHYDRATE_CATABOLIC_PROCESS,GO:BP,-1.04106192776208,0.496865964929847,58,0.978587630542299,0.973816322048257,9,58,FALSE,FALSE
GOBP_REGULATION_OF_CARBOHYDRATE_METABOLIC_PROCESS,GO:BP,-1.41551016294029,0.0373373433612154,162,0.868087644964407,1.0459508644222,27,162,FALSE,FALSE
GOBP_REGULATION_OF_CARDIAC_CONDUCTION,GO:BP,-1.23482483287344,0.283584259133812,23,0.303676489292972,1.90999723068402,7,23,FALSE,FALSE
GOBP_REGULATION_OF_CARDIAC_EPITHELIAL_TO_MESENCHYMAL_TRANSITION,GO:BP,-1.03867667396109,0.526442638523845,11,,,,,FALSE,FALSE
GOBP_REGULATION_OF_CARDIAC_MUSCLE_ADAPTATION,GO:BP,-1.23685262281736,0.350620614942793,10,1,0.627570518653321,1,10,FALSE,FALSE
GOBP_REGULATION_OF_CARDIAC_MUSCLE_CELL_ACTION_POTENTIAL,GO:BP,-0.907100888400019,0.700139547659701,28,0.906741278758732,1.12066164045236,5,28,FALSE,FALSE
GOBP_REGULATION_OF_CARDIAC_MUSCLE_CELL_DIFFERENTIATION,GO:BP,-1.97883271854982,0.00739998344512963,16,0.906741278758732,1.17669472247498,3,16,FALSE,FALSE
GOBP_REGULATION_OF_CARDIAC_MUSCLE_CELL_MEMBRANE_REPOLARIZATION,GO:BP,-1.71635603108394,0.0486922107163983,23,0.9287787116854,1.0914269889623,4,23,FALSE,FALSE
GOBP_REGULATION_OF_CARDIAC_MUSCLE_CELL_PROLIFERATION,GO:BP,-1.37464554246499,0.160932181959919,31,0.150628381051794,2.02442102791394,10,31,FALSE,FALSE
GOBP_REGULATION_OF_CARDIAC_MUSCLE_CONTRACTION,GO:BP,-1.56049381777918,0.0204874211101199,73,0.0341545896178634,1.89130841237987,22,73,FALSE,TRUE
GOBP_REGULATION_OF_CARDIAC_MUSCLE_CONTRACTION_BY_CALCIUM_ION_SIGNALING,GO:BP,-1.47898847946849,0.0875432319490595,33,0.506693934048772,1.5213830755232,8,33,FALSE,FALSE
GOBP_REGULATION_OF_CARDIAC_MUSCLE_CONTRACTION_BY_REGULATION_OF_THE_RELEASE_OF_SEQUESTERED_CALCIUM_ION,GO:BP,-1.58810084275181,0.085233147777263,24,0.55559567973604,1.5689262966333,6,24,FALSE,FALSE
GOBP_REGULATION_OF_CARDIOCYTE_DIFFERENTIATION,GO:BP,-2.02043289937969,0.00232490683359272,24,1,0.784463148316652,3,24,FALSE,FALSE
GOBP_REGULATION_OF_CARTILAGE_DEVELOPMENT,GO:BP,-1.91235616269629,0.00107157903352709,63,0.719442465053918,1.19537241648252,12,63,FALSE,FALSE
GOBP_REGULATION_OF_CATALYTIC_ACTIVITY,GO:BP,1.84774823512662,8.24133936061597e-09,482,1,0.950469872649221,73,482,TRUE,FALSE
GOBP_REGULATION_OF_CATECHOLAMINE_METABOLIC_PROCESS,GO:BP,-0.55777191726269,0.977219193477812,15,1,0.418380345768881,1,15,FALSE,FALSE
GOBP_REGULATION_OF_CD4_POSITIVE_ALPHA_BETA_T_CELL_ACTIVATION,GO:BP,2.10742651322373,5.50643312092822e-05,69,0.0358702864186849,1.90999723068402,21,69,TRUE,TRUE
GOBP_REGULATION_OF_CD4_POSITIVE_ALPHA_BETA_T_CELL_DIFFERENTIATION,GO:BP,2.05606483107074,0.000287700067176602,56,0.067414662918161,1.90512478876901,17,56,TRUE,FALSE
GOBP_REGULATION_OF_CD8_POSITIVE_ALPHA_BETA_T_CELL_ACTIVATION,GO:BP,1.4776219362967,0.113502041693531,20,0.594213709778933,1.5689262966333,5,20,FALSE,FALSE
GOBP_REGULATION_OF_CELLULAR_COMPONENT_SIZE,GO:BP,-1.18355940952489,0.155050015153663,321,1,0.879771755121478,45,321,FALSE,FALSE
GOBP_REGULATION_OF_CELLULAR_EXTRAVASATION,GO:BP,-0.925410859202101,0.666627177394586,36,0.937040972683617,1.0459508644222,6,36,FALSE,FALSE
GOBP_REGULATION_OF_CELLULAR_LOCALIZATION,GO:BP,1.15909566164906,0.197465450597044,500,0.954091402095466,0.991561419472247,79,500,FALSE,FALSE
GOBP_REGULATION_OF_CELLULAR_RESPIRATION,GO:BP,1.25768146123873,0.248572075094805,40,1,0.627570518653321,4,40,FALSE,FALSE
GOBP_REGULATION_OF_CELLULAR_RESPONSE_TO_GROWTH_FACTOR_STIMULUS,GO:BP,-1.81472467460517,1.04670115175532e-06,290,0.594213709778933,1.12529886103354,52,290,FALSE,FALSE
GOBP_REGULATION_OF_CELLULAR_RESPONSE_TO_HEAT,GO:BP,1.50608637168143,0.121722197028303,16,1,0.392231574158326,1,16,FALSE,FALSE
GOBP_REGULATION_OF_CELLULAR_RESPONSE_TO_HYPOXIA,GO:BP,0.951907960548337,0.644204762306993,21,1,0.896529312361887,3,21,FALSE,FALSE
GOBP_REGULATION_OF_CELLULAR_RESPONSE_TO_INSULIN_STIMULUS,GO:BP,0.956777864086046,0.617258499658622,70,0.874658233393114,1.07583517483427,12,70,FALSE,FALSE
GOBP_REGULATION_OF_CELLULAR_RESPONSE_TO_OXIDATIVE_STRESS,GO:BP,1.23431250994248,0.306418567965834,21,0.237102536494907,2.0919017288444,7,21,FALSE,FALSE
GOBP_REGULATION_OF_CELLULAR_RESPONSE_TO_TRANSFORMING_GROWTH_FACTOR_BETA_STIMULUS,GO:BP,-1.36413623428791,0.0762714004200118,135,1,0.929734101708624,20,135,FALSE,FALSE
GOBP_REGULATION_OF_CELLULAR_RESPONSE_TO_VASCULAR_ENDOTHELIAL_GROWTH_FACTOR_STIMULUS,GO:BP,-1.61538834506883,0.044808504813016,29,0.740450771110098,1.29842176273101,6,29,FALSE,FALSE
GOBP_REGULATION_OF_CELLULAR_SENESCENCE,GO:BP,1.35445146483927,0.17600162798214,40,,,,,FALSE,FALSE
GOBP_REGULATION_OF_CELL_ADHESION_MEDIATED_BY_INTEGRIN,GO:BP,1.01292353316892,0.548828740647345,46,0.898786748746454,1.0914269889623,8,46,FALSE,FALSE
GOBP_REGULATION_OF_CELL_CELL_ADHESION,GO:BP,2.05292351172916,8.62227464582089e-13,474,0.0964724554308064,1.2577890141786,95,474,TRUE,FALSE
GOBP_REGULATION_OF_CELL_CELL_ADHESION_MEDIATED_BY_CADHERIN,GO:BP,0.923517828941534,0.661473334699564,19,0.556679392684558,1.65150136487716,5,19,FALSE,FALSE
GOBP_REGULATION_OF_CELL_CELL_ADHESION_MEDIATED_BY_INTEGRIN,GO:BP,0.774603761923386,0.829301451710778,12,0.978587630542299,1.0459508644222,2,12,FALSE,FALSE
GOBP_REGULATION_OF_CELL_COMMUNICATION_BY_ELECTRICAL_COUPLING,GO:BP,-1.9479173359253,0.0065381765428339,18,0.962721081755926,1.0459508644222,3,18,FALSE,FALSE
GOBP_REGULATION_OF_CELL_COMMUNICATION_BY_ELECTRICAL_COUPLING_INVOLVED_IN_CARDIAC_CONDUCTION,GO:BP,-1.26971239513601,0.283584259133812,12,1,0.522975432211101,1,12,FALSE,FALSE
GOBP_REGULATION_OF_CELL_CYCLE_CHECKPOINT,GO:BP,2.26589522685384,7.47211528404688e-06,56,0.290007894060962,1.5689262966333,14,56,TRUE,FALSE
GOBP_REGULATION_OF_CELL_CYCLE_G1_S_PHASE_TRANSITION,GO:BP,1.62837989118357,0.00678507285722936,182,1,0.793083622473977,23,182,TRUE,FALSE
GOBP_REGULATION_OF_CELL_CYCLE_G2_M_PHASE_TRANSITION,GO:BP,2.13798800991688,2.37917406026975e-06,107,0.65691649481654,1.17302900682864,20,107,TRUE,FALSE
GOBP_REGULATION_OF_CELL_CYCLE_PHASE_TRANSITION,GO:BP,2.30676466311633,5.98253017097093e-19,434,0.49205981530415,1.12789171555205,78,434,TRUE,FALSE
GOBP_REGULATION_OF_CELL_DIVISION,GO:BP,1.54481775917379,0.0124008432548672,167,0.678746825280159,1.12737218919758,30,167,TRUE,FALSE
GOBP_REGULATION_OF_CELL_FATE_COMMITMENT,GO:BP,1.01289228923627,0.550125360608445,41,0.906741278758732,1.07146186111543,7,41,FALSE,FALSE
GOBP_REGULATION_OF_CELL_FATE_SPECIFICATION,GO:BP,-0.781716523416139,0.841900432143482,23,1,0.272856747240574,1,23,FALSE,FALSE
GOBP_REGULATION_OF_CELL_GROWTH,GO:BP,-1.10680283291896,0.292114791071456,360,0.906741278758732,1.01108583560813,58,360,FALSE,FALSE
GOBP_REGULATION_OF_CELL_GROWTH_INVOLVED_IN_CARDIAC_MUSCLE_CELL_DEVELOPMENT,GO:BP,-0.788082696501846,0.818101708074534,15,,,,,FALSE,FALSE
GOBP_REGULATION_OF_CELL_JUNCTION_ASSEMBLY,GO:BP,-1.79349741256632,6.5827603422438e-06,265,0.643056078753655,1.11304959912098,47,265,FALSE,FALSE
GOBP_REGULATION_OF_CELL_KILLING,GO:BP,2.09588198800656,2.6441138897305e-05,99,0.027973375332501,1.77494692144374,28,99,TRUE,TRUE
GOBP_REGULATION_OF_CELL_MATRIX_ADHESION,GO:BP,-1.20760368038989,0.194883888807321,117,1,0.804577588017079,15,117,FALSE,FALSE
GOBP_REGULATION_OF_CELL_MATURATION,GO:BP,1.48470010637489,0.116215503851931,19,0.164778477597013,2.31210191082803,7,19,FALSE,FALSE
GOBP_REGULATION_OF_CELL_MIGRATION_INVOLVED_IN_SPROUTING_ANGIOGENESIS,GO:BP,-1.24980521522669,0.257565256806514,41,1,0.765329900796733,5,41,FALSE,FALSE
GOBP_REGULATION_OF_CELL_MORPHOGENESIS,GO:BP,-1.43182537078037,0.0222725606720158,227,1,0.801742072288384,29,227,FALSE,FALSE
GOBP_REGULATION_OF_CELL_PROJECTION_ASSEMBLY,GO:BP,1.09316285311255,0.377093174537298,219,1,0.573123761327234,20,219,FALSE,FALSE
GOBP_REGULATION_OF_CELL_PROJECTION_SIZE,GO:BP,-1.09167138343123,0.473902801595586,11,0.157795262997224,2.85259326660601,5,11,FALSE,FALSE
GOBP_REGULATION_OF_CELL_PROLIFERATION_INVOLVED_IN_KIDNEY_DEVELOPMENT,GO:BP,-1.23286467804111,0.315085555225863,13,1,0.482746552810247,1,13,FALSE,FALSE
GOBP_REGULATION_OF_CELL_SHAPE,GO:BP,-1.36053843695515,0.0951365072494151,131,1,0.622779904007113,13,131,FALSE,FALSE
GOBP_REGULATION_OF_CELL_SIZE,GO:BP,-1.15718298973485,0.251570291221454,157,1,0.879398179004654,22,157,FALSE,FALSE
GOBP_REGULATION_OF_CELL_SUBSTRATE_ADHESION,GO:BP,-1.33375876792368,0.062785146251287,197,1,0.891978402146853,28,197,FALSE,FALSE
GOBP_REGULATION_OF_CELL_SUBSTRATE_JUNCTION_ORGANIZATION,GO:BP,-1.65593476254482,0.0100371357387062,73,1,0.429842820995425,5,73,FALSE,FALSE
GOBP_REGULATION_OF_CENTRIOLE_REPLICATION,GO:BP,1.58986297448841,0.0808642129889343,24,1,0.261487716105551,1,24,FALSE,FALSE
GOBP_REGULATION_OF_CENTROSOME_CYCLE,GO:BP,1.73690602368208,0.0113355623774016,61,1,0.411521651575948,4,61,TRUE,FALSE
GOBP_REGULATION_OF_CHEMOKINE_MEDIATED_SIGNALING_PATHWAY,GO:BP,0.99721010760065,0.585210880958323,10,0.906741278758732,1.25514103730664,2,10,FALSE,FALSE
GOBP_REGULATION_OF_CHEMOTAXIS,GO:BP,1.23198417775701,0.188082465967977,190,0.430749153033336,1.2221110100091,37,190,FALSE,FALSE
GOBP_REGULATION_OF_CHOLESTEROL_BIOSYNTHETIC_PROCESS,GO:BP,-0.973977236858173,0.600776211027446,24,0.944829045454405,1.0459508644222,4,24,FALSE,FALSE
GOBP_REGULATION_OF_CHOLESTEROL_EFFLUX,GO:BP,-1.20386837499211,0.271122406476974,36,0.430749153033336,1.5689262966333,9,36,FALSE,FALSE
GOBP_REGULATION_OF_CHOLESTEROL_METABOLIC_PROCESS,GO:BP,-1.36445382172634,0.169656059144969,43,0.124238292956699,1.89730621918446,13,43,FALSE,FALSE
GOBP_REGULATION_OF_CHOLESTEROL_STORAGE,GO:BP,0.876882738831567,0.724483277459547,17,0.112328337767288,2.58411390033721,7,17,FALSE,FALSE
GOBP_REGULATION_OF_CHONDROCYTE_DIFFERENTIATION,GO:BP,-2.18532859347561,9.59487666109939e-05,47,0.906741278758732,1.06820513813331,8,47,FALSE,FALSE
GOBP_REGULATION_OF_CHROMATIN_ORGANIZATION,GO:BP,1.60692959497425,0.0632170562174433,29,1,0.43280725424367,2,29,FALSE,FALSE
GOBP_REGULATION_OF_CHROMOSOME_CONDENSATION,GO:BP,2.19098935284038,0.000481829549963261,15,0.594213709778933,1.67352138307552,4,15,TRUE,FALSE
GOBP_REGULATION_OF_CHROMOSOME_ORGANIZATION,GO:BP,2.4571172613053,4.08849344419488e-16,244,1,0.95164381926938,37,244,TRUE,FALSE
GOBP_REGULATION_OF_CHROMOSOME_SEGREGATION,GO:BP,2.56797216950731,4.59500709253868e-13,135,0.0555898164014189,1.58054797290466,34,135,TRUE,FALSE
GOBP_REGULATION_OF_CILIUM_ASSEMBLY,GO:BP,-0.755072893831942,0.958362121784927,94,1,0.200288463399996,3,94,FALSE,FALSE
GOBP_REGULATION_OF_CILIUM_BEAT_FREQUENCY,GO:BP,-1.00070906049767,0.547128350238774,15,1,0.836760691537762,2,15,FALSE,FALSE
GOBP_REGULATION_OF_CILIUM_DEPENDENT_CELL_MOTILITY,GO:BP,-1.18792344358134,0.356800679289456,19,0.788586078744843,1.32120109190173,4,19,FALSE,FALSE
GOBP_REGULATION_OF_CILIUM_MOVEMENT,GO:BP,-1.02945160369392,0.53422071907111,27,0.868087644964407,1.16216762713578,5,27,FALSE,FALSE
GOBP_REGULATION_OF_CIRCADIAN_RHYTHM,GO:BP,0.84900588629419,0.830426250992209,100,0.648665747978501,1.19238398544131,19,100,FALSE,FALSE
GOBP_REGULATION_OF_CLATHRIN_DEPENDENT_ENDOCYTOSIS,GO:BP,1.3634527741712,0.212759909031839,16,1,0.392231574158326,1,16,FALSE,FALSE
GOBP_REGULATION_OF_COAGULATION,GO:BP,-0.958307365009729,0.638197807153528,60,1,0.941355777979982,9,60,FALSE,FALSE
GOBP_REGULATION_OF_COLLAGEN_METABOLIC_PROCESS,GO:BP,-0.914824773562727,0.695955988984087,34,1,0.922897821549002,5,34,FALSE,FALSE
GOBP_REGULATION_OF_COLLATERAL_SPROUTING,GO:BP,-1.04618261532734,0.507993964085402,20,0.594213709778933,1.5689262966333,5,20,FALSE,FALSE
GOBP_REGULATION_OF_COMPLEMENT_ACTIVATION,GO:BP,0.796903822754725,0.812545420433356,19,0.984968811334459,0.990900818926297,3,19,FALSE,FALSE
GOBP_REGULATION_OF_CYCLIN_DEPENDENT_PROTEIN_SERINE_THREONINE_KINASE_ACTIVITY,GO:BP,2.13236079440061,0.000464393825121167,32,0.470180903258393,1.5689262966333,8,32,TRUE,FALSE
GOBP_REGULATION_OF_CYTOKINESIS,GO:BP,2.05035463498232,6.95789941769951e-05,86,0.831189429132839,1.09459974183719,15,86,TRUE,FALSE
GOBP_REGULATION_OF_CYTOPLASMIC_PATTERN_RECOGNITION_RECEPTOR_SIGNALING_PATHWAY,GO:BP,1.83277783975356,0.000499209090526714,121,0.965515728132022,0.985441310282075,19,121,TRUE,FALSE
GOBP_REGULATION_OF_CYTOPLASMIC_TRANSLATION,GO:BP,1.11750430905684,0.423676497210306,36,1,0.348650288140734,2,36,FALSE,FALSE
GOBP_REGULATION_OF_CYTOPLASMIC_TRANSLATIONAL_INITIATION,GO:BP,1.15410809658144,0.396110823742403,12,,,,,FALSE,FALSE
GOBP_REGULATION_OF_CYTOSOLIC_CALCIUM_ION_CONCENTRATION,GO:BP,-1.27651187774454,0.208137458831687,44,0.237102536494907,1.7115559599636,12,44,FALSE,FALSE
GOBP_REGULATION_OF_DEFENSE_RESPONSE_TO_BACTERIUM,GO:BP,1.12078223784491,0.463119080738198,15,1,0.418380345768881,1,15,FALSE,FALSE
GOBP_REGULATION_OF_DEFENSE_RESPONSE_TO_VIRUS,GO:BP,2.16641934216254,7.2898125550713e-05,57,0.201710248379816,1.65150136487716,15,57,TRUE,FALSE
GOBP_REGULATION_OF_DEFENSE_RESPONSE_TO_VIRUS_BY_HOST,GO:BP,2.244280607631,2.78284881538328e-05,38,0.0297951728576983,2.31210191082803,14,38,TRUE,TRUE
GOBP_REGULATION_OF_DENDRITE_DEVELOPMENT,GO:BP,-1.40317595598495,0.0803314125544291,87,0.851159343840928,1.08201813560917,15,87,FALSE,FALSE
GOBP_REGULATION_OF_DENDRITE_EXTENSION,GO:BP,-0.893853259070597,0.701101716843835,18,0.290924701964477,2.0919017288444,6,18,FALSE,FALSE
GOBP_REGULATION_OF_DENDRITE_MORPHOGENESIS,GO:BP,-1.19871798815367,0.242950364308455,57,1,0.880800727934486,8,57,FALSE,FALSE
GOBP_REGULATION_OF_DENDRITIC_CELL_ANTIGEN_PROCESSING_AND_PRESENTATION,GO:BP,1.48726267924851,0.125753129407114,11,0.944829045454405,1.1410373066424,2,11,FALSE,FALSE
GOBP_REGULATION_OF_DENDRITIC_CELL_CHEMOTAXIS,GO:BP,1.6829610499063,0.064931391068528,10,0.906741278758732,1.25514103730664,2,10,FALSE,FALSE
GOBP_REGULATION_OF_DENDRITIC_CELL_DIFFERENTIATION,GO:BP,0.911719929180514,0.660938679209163,15,1,0.418380345768881,1,15,FALSE,FALSE
GOBP_REGULATION_OF_DENDRITIC_SPINE_DEVELOPMENT,GO:BP,-1.25690146011202,0.18850761280744,54,0.644324793180605,1.27838438984936,11,54,FALSE,FALSE
GOBP_REGULATION_OF_DENDRITIC_SPINE_MAINTENANCE,GO:BP,-0.945904321979618,0.627743991608928,11,0.944829045454405,1.1410373066424,2,11,FALSE,FALSE
GOBP_REGULATION_OF_DENDRITIC_SPINE_MORPHOGENESIS,GO:BP,0.874626228448184,0.75558223557821,43,0.812509594366598,1.16757305795967,8,43,FALSE,FALSE
GOBP_REGULATION_OF_DEPHOSPHORYLATION,GO:BP,-0.87161042139248,0.739150868947618,21,1,0.298843104120629,1,21,FALSE,FALSE
GOBP_REGULATION_OF_DEVELOPMENTAL_GROWTH,GO:BP,-1.51742376098906,0.00327943664868068,267,0.463983142455748,1.17522569036202,50,267,FALSE,FALSE
GOBP_REGULATION_OF_DIGESTIVE_SYSTEM_PROCESS,GO:BP,0.633579631514377,0.956082942807641,26,1,0.724119829215371,3,26,FALSE,FALSE
GOBP_REGULATION_OF_DNA_BINDING,GO:BP,1.21843454160143,0.309083636681804,34,0.544976826914864,1.4766365144784,8,34,FALSE,FALSE
GOBP_REGULATION_OF_DNA_BINDING_TRANSCRIPTION_FACTOR_ACTIVITY,GO:BP,1.76870053531496,0.000371925668128132,161,1,0.896529312361887,23,161,TRUE,FALSE
GOBP_REGULATION_OF_DNA_BIOSYNTHETIC_PROCESS,GO:BP,1.58489128871701,0.048250787847906,81,1,0.38738920904526,5,81,TRUE,FALSE
GOBP_REGULATION_OF_DNA_DAMAGE_CHECKPOINT,GO:BP,1.90941162782118,0.00806136768058653,24,1,0.522975432211101,2,24,TRUE,FALSE
GOBP_REGULATION_OF_DNA_DAMAGE_RESPONSE_SIGNAL_TRANSDUCTION_BY_P53_CLASS_MEDIATOR,GO:BP,1.28784853583512,0.242327648255359,35,1,0.358611724944755,2,35,FALSE,FALSE
GOBP_REGULATION_OF_DNA_METABOLIC_PROCESS,GO:BP,2.08516895002201,1.77744086060807e-13,456,1,0.605550500454959,44,456,TRUE,FALSE
GOBP_REGULATION_OF_DNA_RECOMBINATION,GO:BP,2.10135457127058,3.33474473109956e-06,117,1,0.697300576281468,13,117,TRUE,FALSE
GOBP_REGULATION_OF_DNA_REPAIR,GO:BP,1.80399375695273,6.62028182536295e-05,219,1,0.286561880663617,10,219,TRUE,FALSE
GOBP_REGULATION_OF_DNA_REPLICATION,GO:BP,1.92380428344837,0.00011823308623995,119,0.944829045454405,1.00200334911034,19,119,TRUE,FALSE
GOBP_REGULATION_OF_DNA_STRAND_ELONGATION,GO:BP,1.33943271502102,0.206087561255681,17,,,,,FALSE,FALSE
GOBP_REGULATION_OF_DNA_TEMPLATED_DNA_REPLICATION,GO:BP,1.92758575360511,0.00226723209385702,48,0.923323045302578,1.0459508644222,8,48,TRUE,FALSE
GOBP_REGULATION_OF_DNA_TEMPLATED_DNA_REPLICATION_INITIATION,GO:BP,1.91404879772104,0.00689399779379956,19,0.984968811334459,0.990900818926297,3,19,TRUE,FALSE
GOBP_REGULATION_OF_DNA_TEMPLATED_TRANSCRIPTION_ELONGATION,GO:BP,1.92772076958327,0.000292454490618605,103,1,0.0609291765682836,1,103,TRUE,FALSE
GOBP_REGULATION_OF_DNA_TEMPLATED_TRANSCRIPTION_INITIATION,GO:BP,1.19500040567385,0.274370441679176,86,1,0.145946632244958,2,86,FALSE,FALSE
GOBP_REGULATION_OF_DOUBLE_STRAND_BREAK_REPAIR,GO:BP,1.77092542115226,0.00163645397254449,135,1,0.325406935598018,7,135,TRUE,FALSE
GOBP_REGULATION_OF_DOUBLE_STRAND_BREAK_REPAIR_VIA_HOMOLOGOUS_RECOMBINATION,GO:BP,2.04415139693795,0.000115196110992147,73,1,0.515811385194511,6,73,TRUE,FALSE
GOBP_REGULATION_OF_DOUBLE_STRAND_BREAK_REPAIR_VIA_NONHOMOLOGOUS_END_JOINING,GO:BP,0.921695185596233,0.667760008191702,26,,,,,FALSE,FALSE
GOBP_REGULATION_OF_D_GLUCOSE_IMPORT,GO:BP,-1.44114306113483,0.103070551240966,46,1,0.818570241721723,6,46,FALSE,FALSE
GOBP_REGULATION_OF_D_GLUCOSE_TRANSMEMBRANE_TRANSPORT,GO:BP,-1.36664412088472,0.137340915361799,65,0.906741278758732,1.06204241618254,11,65,FALSE,FALSE
GOBP_REGULATION_OF_EARLY_ENDOSOME_TO_LATE_ENDOSOME_TRANSPORT,GO:BP,0.721010288841641,0.883423509852877,18,,,,,FALSE,FALSE
GOBP_REGULATION_OF_EMBRYONIC_DEVELOPMENT,GO:BP,0.960452715628278,0.6323000037992,88,1,0.499203821656051,7,88,FALSE,FALSE
GOBP_REGULATION_OF_ENDOCRINE_PROCESS,GO:BP,-1.86878346257448,0.00653736016423635,36,0.044017851570693,2.26622687291477,13,36,FALSE,TRUE
GOBP_REGULATION_OF_ENDOCYTIC_RECYCLING,GO:BP,1.21895169495944,0.315085555225863,22,0.906741278758732,1.1410373066424,4,22,FALSE,FALSE
GOBP_REGULATION_OF_ENDOCYTOSIS,GO:BP,1.1921097178126,0.210642004681684,282,1,0.934679495866649,42,282,FALSE,FALSE
GOBP_REGULATION_OF_ENDOPEPTIDASE_ACTIVITY,GO:BP,1.978972711182,0.00384368089163494,12,0.719442465053918,1.5689262966333,3,12,TRUE,FALSE
GOBP_REGULATION_OF_ENDOPLASMIC_RETICULUM_STRESS_INDUCED_INTRINSIC_APOPTOTIC_SIGNALING_PATHWAY,GO:BP,0.637663784260933,0.961851002391142,32,1,0.392231574158326,2,32,FALSE,FALSE
GOBP_REGULATION_OF_ENDOPLASMIC_RETICULUM_UNFOLDED_PROTEIN_RESPONSE,GO:BP,1.14135336046482,0.383637034193631,37,1,0.50884096107026,3,37,FALSE,FALSE
GOBP_REGULATION_OF_ENDOSOME_SIZE,GO:BP,0.919416029341622,0.660516297464218,11,,,,,FALSE,FALSE
GOBP_REGULATION_OF_ENDOTHELIAL_CELL_CHEMOTAXIS,GO:BP,-1.01092480606492,0.569299857587916,18,1,0.348650288140734,1,18,FALSE,FALSE
GOBP_REGULATION_OF_ENDOTHELIAL_CELL_DEVELOPMENT,GO:BP,1.09233363105935,0.471650018753578,18,1,0.697300576281468,2,18,FALSE,FALSE
GOBP_REGULATION_OF_ENDOTHELIAL_CELL_DIFFERENTIATION,GO:BP,-1.28758665623419,0.198326940233615,35,1,0.71722344988951,4,35,FALSE,FALSE
GOBP_REGULATION_OF_ENDOTHELIAL_CELL_MIGRATION,GO:BP,-1.23991294253626,0.147748334299367,161,0.922996940153113,1.01346791832213,26,161,FALSE,FALSE
GOBP_REGULATION_OF_EPIDERMIS_DEVELOPMENT,GO:BP,1.74862151431692,0.0112039245261073,58,0.331507256662576,1.51482538985284,14,58,TRUE,FALSE
GOBP_REGULATION_OF_EPITHELIAL_CELL_APOPTOTIC_PROCESS,GO:BP,-1.08943384424872,0.459490886930751,31,0.8068601672033,1.21465261674836,6,31,FALSE,FALSE
GOBP_REGULATION_OF_EPITHELIAL_CELL_DIFFERENTIATION,GO:BP,1.04803385502102,0.488041944549903,132,0.690201217412069,1.1410373066424,24,132,FALSE,FALSE
GOBP_REGULATION_OF_EPITHELIAL_CELL_DIFFERENTIATION_INVOLVED_IN_KIDNEY_DEVELOPMENT,GO:BP,1.15912983652324,0.398882308664593,14,0.303676489292972,2.24132328090472,5,14,FALSE,FALSE
GOBP_REGULATION_OF_EPITHELIAL_CELL_MIGRATION,GO:BP,-0.960842285865726,0.628904156257097,61,1,0.514402064469935,5,61,FALSE,FALSE
GOBP_REGULATION_OF_EPITHELIAL_CELL_PROLIFERATION,GO:BP,-1.19030498244091,0.13238377227157,308,0.191269927565325,1.26329130378266,62,308,FALSE,FALSE
GOBP_REGULATION_OF_EPITHELIAL_TO_MESENCHYMAL_TRANSITION,GO:BP,-1.53404215329193,0.0171726631716483,98,0.918519119712341,1.02460492841359,16,98,FALSE,FALSE
GOBP_REGULATION_OF_ERAD_PATHWAY,GO:BP,-1.27210461952891,0.26301532033984,25,1,0.251028207461328,1,25,FALSE,FALSE
GOBP_REGULATION_OF_ERBB_SIGNALING_PATHWAY,GO:BP,1.17797609865691,0.3046234237703,74,1,0.678454614760347,8,74,FALSE,FALSE
GOBP_REGULATION_OF_ERYTHROCYTE_DIFFERENTIATION,GO:BP,1.26441057990838,0.236683848797251,49,1,0.896529312361887,7,49,FALSE,FALSE
GOBP_REGULATION_OF_ER_TO_GOLGI_VESICLE_MEDIATED_TRANSPORT,GO:BP,0.751722009897325,0.856659404502542,21,,,,,FALSE,FALSE
GOBP_REGULATION_OF_ESTABLISHMENT_OF_PROTEIN_LOCALIZATION,GO:BP,1.16692433709533,0.196362235463324,471,1,0.799452890004231,60,471,FALSE,FALSE
GOBP_REGULATION_OF_ESTABLISHMENT_OF_PROTEIN_LOCALIZATION_TO_MITOCHONDRION,GO:BP,1.30297684966823,0.189535560745354,47,1,0.534102569066656,4,47,FALSE,FALSE
GOBP_REGULATION_OF_ESTABLISHMENT_OR_MAINTENANCE_OF_CELL_POLARITY,GO:BP,-1.33910579646423,0.185609567251856,26,1,0.724119829215371,3,26,FALSE,FALSE
GOBP_REGULATION_OF_EXCITATORY_SYNAPSE_ASSEMBLY,GO:BP,-0.78208038670133,0.85110846179821,20,1,0.313785259326661,1,20,FALSE,FALSE
GOBP_REGULATION_OF_EXECUTION_PHASE_OF_APOPTOSIS,GO:BP,1.5100198664548,0.127816367828816,24,0.944829045454405,1.0459508644222,4,24,FALSE,FALSE
GOBP_REGULATION_OF_EXIT_FROM_MITOSIS,GO:BP,1.15873456480181,0.370177346747636,17,0.937040972683617,1.1074773858588,3,17,FALSE,FALSE
GOBP_REGULATION_OF_EXOCYTOSIS,GO:BP,-1.08360914918915,0.365719641817123,170,0.810563353453362,1.07056147299684,29,170,FALSE,FALSE
GOBP_REGULATION_OF_EXOSOMAL_SECRETION,GO:BP,0.818049016613219,0.800881326574798,17,1,0.738318257239201,2,17,FALSE,FALSE
GOBP_REGULATION_OF_EXTENT_OF_CELL_GROWTH,GO:BP,-1.18582899312496,0.268073160747558,89,0.777355997263282,1.12821666274754,16,89,FALSE,FALSE
GOBP_REGULATION_OF_EXTRACELLULAR_MATRIX_ASSEMBLY,GO:BP,-1.69880727662753,0.0591156535000923,15,0.868087644964407,1.25514103730664,3,15,FALSE,FALSE
GOBP_REGULATION_OF_EXTRACELLULAR_MATRIX_DISASSEMBLY,GO:BP,1.27625993295733,0.256656415004193,21,0.426982662077329,1.79305862472378,6,21,FALSE,FALSE
GOBP_REGULATION_OF_EXTRACELLULAR_MATRIX_ORGANIZATION,GO:BP,-1.13743987396341,0.336547558735023,63,0.86561841627917,1.09575804844231,11,63,FALSE,FALSE
GOBP_REGULATION_OF_EXTRINSIC_APOPTOTIC_SIGNALING_PATHWAY,GO:BP,1.35297430744966,0.111467358842072,150,1,0.669408553230209,16,150,FALSE,FALSE
GOBP_REGULATION_OF_EXTRINSIC_APOPTOTIC_SIGNALING_PATHWAY_IN_ABSENCE_OF_LIGAND,GO:BP,-0.770843553734213,0.887897689224284,42,1,0.448264656180944,3,42,FALSE,FALSE
GOBP_REGULATION_OF_EXTRINSIC_APOPTOTIC_SIGNALING_PATHWAY_VIA_DEATH_DOMAIN_RECEPTORS,GO:BP,1.29805211047762,0.210822901879812,42,1,0.448264656180944,3,42,FALSE,FALSE
GOBP_REGULATION_OF_FATTY_ACID_BETA_OXIDATION,GO:BP,-1.70875840889474,0.0589158876952168,17,1,0.369159128619601,1,17,FALSE,FALSE
GOBP_REGULATION_OF_FATTY_ACID_BIOSYNTHETIC_PROCESS,GO:BP,-1.01929863230727,0.536204611542399,45,0.157795262997224,1.81298149833182,13,45,FALSE,FALSE
GOBP_REGULATION_OF_FATTY_ACID_METABOLIC_PROCESS,GO:BP,1.11397539512885,0.394155142189086,97,0.0223852755813793,1.81154376518485,28,97,FALSE,TRUE
GOBP_REGULATION_OF_FATTY_ACID_OXIDATION,GO:BP,-1.714041010204,0.016196065840594,33,0.678746825280159,1.3312101910828,7,33,FALSE,FALSE
GOBP_REGULATION_OF_FATTY_ACID_TRANSPORT,GO:BP,0.870653753608113,0.745914800268057,25,1,0.502056414922657,2,25,FALSE,FALSE
GOBP_REGULATION_OF_FAT_CELL_DIFFERENTIATION,GO:BP,-1.31551537899831,0.101121425738397,132,0.594213709778933,1.1885805277525,25,132,FALSE,FALSE
GOBP_REGULATION_OF_FAT_CELL_PROLIFERATION,GO:BP,1.32159109925046,0.237115862118732,12,0.978587630542299,1.0459508644222,2,12,FALSE,FALSE
GOBP_REGULATION_OF_FC_RECEPTOR_MEDIATED_STIMULATORY_SIGNALING_PATHWAY,GO:BP,1.98988383287674,0.00304492636392175,11,0.655369444735246,1.7115559599636,3,11,TRUE,FALSE
GOBP_REGULATION_OF_FEEDING_BEHAVIOR,GO:BP,0.871765633640195,0.718794375541949,18,0.506693934048772,1.74325144070367,5,18,FALSE,FALSE
GOBP_REGULATION_OF_FERTILIZATION,GO:BP,0.789659281752472,0.822529330471346,11,0.655369444735246,1.7115559599636,3,11,FALSE,FALSE
GOBP_REGULATION_OF_FIBRINOLYSIS,GO:BP,1.70465883888245,0.0447008639338011,11,0.944829045454405,1.1410373066424,2,11,TRUE,FALSE
GOBP_REGULATION_OF_FIBROBLAST_GROWTH_FACTOR_RECEPTOR_SIGNALING_PATHWAY,GO:BP,-1.37837572407417,0.151296563078823,30,0.594213709778933,1.46433121019108,7,30,FALSE,FALSE
GOBP_REGULATION_OF_FIBROBLAST_MIGRATION,GO:BP,-1.40247389983068,0.108924496839015,35,1,0.537917587417133,3,35,FALSE,FALSE
GOBP_REGULATION_OF_FILOPODIUM_ASSEMBLY,GO:BP,-1.27675536694415,0.208137458831687,44,0.518370650020454,1.426296633303,10,44,FALSE,FALSE
GOBP_REGULATION_OF_FLAGELLATED_SPERM_MOTILITY,GO:BP,-0.962313774189055,0.603447568233121,11,0.655369444735246,1.7115559599636,3,11,FALSE,FALSE
GOBP_REGULATION_OF_FOCAL_ADHESION_DISASSEMBLY,GO:BP,0.895380313597671,0.689166959988538,11,,,,,FALSE,FALSE
GOBP_REGULATION_OF_GAMMA_DELTA_T_CELL_ACTIVATION,GO:BP,1.54745517039119,0.13238377227157,13,0.777355997263282,1.44823965843074,3,13,FALSE,FALSE
GOBP_REGULATION_OF_GAMMA_DELTA_T_CELL_DIFFERENTIATION,GO:BP,1.24638838225389,0.298137644251888,11,1,0.570518653321201,1,11,FALSE,FALSE
GOBP_REGULATION_OF_GAP_JUNCTION_ASSEMBLY,GO:BP,0.675104455772572,0.91703495346771,10,0.303676489292972,2.51028207461329,4,10,FALSE,FALSE
GOBP_REGULATION_OF_GENERATION_OF_PRECURSOR_METABOLITES_AND_ENERGY,GO:BP,1.05235825660417,0.476350960373517,121,1,0.829845313921747,16,121,FALSE,FALSE
GOBP_REGULATION_OF_GENE_SILENCING_BY_REGULATORY_NCRNA,GO:BP,1.47642280472923,0.125317965425143,34,1,0.553738692929401,3,34,FALSE,FALSE
GOBP_REGULATION_OF_GLIAL_CELL_APOPTOTIC_PROCESS,GO:BP,1.07346570953666,0.496012378176261,10,0.906741278758732,1.25514103730664,2,10,FALSE,FALSE
GOBP_REGULATION_OF_GLIAL_CELL_DIFFERENTIATION,GO:BP,-1.19270841758051,0.242950364308455,57,0.201710248379816,1.65150136487716,15,57,FALSE,FALSE
GOBP_REGULATION_OF_GLIAL_CELL_MIGRATION,GO:BP,1.01695416470117,0.557855316039459,14,0.55559567973604,1.79305862472377,4,14,FALSE,FALSE
GOBP_REGULATION_OF_GLIAL_CELL_PROLIFERATION,GO:BP,1.23435474728219,0.288555653683711,28,0.506693934048772,1.5689262966333,7,28,FALSE,FALSE
GOBP_REGULATION_OF_GLIOGENESIS,GO:BP,-1.10082527000033,0.382658429351122,76,0.189110246401064,1.5689262966333,19,76,FALSE,FALSE
GOBP_REGULATION_OF_GLOMERULAR_FILTRATION,GO:BP,-1.58132761430903,0.102748508961021,10,1,0.627570518653321,1,10,FALSE,FALSE
GOBP_REGULATION_OF_GLUCOCORTICOID_METABOLIC_PROCESS,GO:BP,-1.54852572997277,0.129270815731884,13,1,0.965493105620494,2,13,FALSE,FALSE
GOBP_REGULATION_OF_GLUCONEOGENESIS,GO:BP,-1.4160448863349,0.0906987420851272,50,1,0.87859872611465,7,50,FALSE,FALSE
GOBP_REGULATION_OF_GLUCOSE_METABOLIC_PROCESS,GO:BP,-1.52795398152125,0.0213030686058006,92,0.999182410256068,0.954998615342011,14,92,FALSE,FALSE
GOBP_REGULATION_OF_GLUTAMATE_RECEPTOR_SIGNALING_PATHWAY,GO:BP,1.26003892742177,0.284164613174852,12,0.0788294468207709,3.13785259326661,6,12,FALSE,FALSE
GOBP_REGULATION_OF_GLUTAMATE_SECRETION,GO:BP,-1.27586480014977,0.292924753842885,14,1,0.448264656180944,1,14,FALSE,FALSE
GOBP_REGULATION_OF_GLYCOGEN_BIOSYNTHETIC_PROCESS,GO:BP,-1.65865424660889,0.0350581293748934,26,1,0.482746552810247,2,26,FALSE,FALSE
GOBP_REGULATION_OF_GLYCOGEN_METABOLIC_PROCESS,GO:BP,-1.46400265176116,0.0963746713950742,33,1,0.380345768880801,2,33,FALSE,FALSE
GOBP_REGULATION_OF_GLYCOLYTIC_PROCESS,GO:BP,-1.02850398800754,0.534557123209606,50,0.831189429132839,1.12962693357598,9,50,FALSE,FALSE
GOBP_REGULATION_OF_GLYCOPROTEIN_METABOLIC_PROCESS,GO:BP,-1.44051198277817,0.105412693750115,42,1,0.896529312361887,6,42,FALSE,FALSE
GOBP_REGULATION_OF_GOLGI_ORGANIZATION,GO:BP,0.801024972114889,0.798671211508464,16,1,0.392231574158326,1,16,FALSE,FALSE
GOBP_REGULATION_OF_GOLGI_TO_PLASMA_MEMBRANE_PROTEIN_TRANSPORT,GO:BP,1.34281309231907,0.224750883888236,12,,,,,FALSE,FALSE
GOBP_REGULATION_OF_GRANULOCYTE_CHEMOTAXIS,GO:BP,1.36823303698047,0.14357619124507,50,0.544976826914864,1.38065514103731,11,50,FALSE,FALSE
GOBP_REGULATION_OF_GRANULOCYTE_DIFFERENTIATION,GO:BP,0.790295964781699,0.804300851175851,15,1,0.836760691537762,2,15,FALSE,FALSE
GOBP_REGULATION_OF_GTPASE_ACTIVITY,GO:BP,1.10736283900899,0.380907992831896,112,1,0.56033082022618,10,112,FALSE,FALSE
GOBP_REGULATION_OF_G_PROTEIN_COUPLED_RECEPTOR_SIGNALING_PATHWAY,GO:BP,-1.3156245332373,0.1244255837126,141,0.906741278758732,1.02369659071109,23,141,FALSE,FALSE
GOBP_REGULATION_OF_HAIR_CYCLE,GO:BP,1.52084572910385,0.101980798073044,26,0.0271114161910753,2.65510604045636,11,26,FALSE,TRUE
GOBP_REGULATION_OF_HAIR_FOLLICLE_DEVELOPMENT,GO:BP,1.5744784214994,0.0734273532970292,20,0.0932137217894551,2.51028207461329,8,20,FALSE,FALSE
GOBP_REGULATION_OF_HEART_CONTRACTION,GO:BP,-1.90060136792274,2.11216816062736e-05,188,0.000545938633794271,1.80259617059997,54,188,FALSE,TRUE
GOBP_REGULATION_OF_HEART_GROWTH,GO:BP,-1.28421894904762,0.160998845265589,50,0.544976826914864,1.38065514103731,11,50,FALSE,FALSE
GOBP_REGULATION_OF_HEART_RATE,GO:BP,-1.66501132582732,0.00518155203559694,92,0.0932137217894551,1.63714048344345,24,92,FALSE,FALSE
GOBP_REGULATION_OF_HEART_RATE_BY_CARDIAC_CONDUCTION,GO:BP,-1.35282548673738,0.138799207023506,38,0.332969660693139,1.65150136487716,10,38,FALSE,FALSE
GOBP_REGULATION_OF_HEAT_GENERATION,GO:BP,1.04750259954848,0.517374724743542,13,1,0.482746552810247,1,13,FALSE,FALSE
GOBP_REGULATION_OF_HEMATOPOIETIC_PROGENITOR_CELL_DIFFERENTIATION,GO:BP,0.910239579813111,0.684561129788495,37,1,0.339227307380174,2,37,FALSE,FALSE
GOBP_REGULATION_OF_HEMATOPOIETIC_STEM_CELL_DIFFERENTIATION,GO:BP,1.05167913386199,0.51148824006838,16,1,0.784463148316652,2,16,FALSE,FALSE
GOBP_REGULATION_OF_HEMOPOIESIS,GO:BP,1.88579803563455,2.62604814985571e-08,399,0.23882215060661,1.21110100090992,77,399,TRUE,FALSE
GOBP_REGULATION_OF_HEPATOCYTE_PROLIFERATION,GO:BP,-1.49139582660948,0.144665860530259,15,0.594213709778933,1.67352138307552,4,15,FALSE,FALSE
GOBP_REGULATION_OF_HETEROCHROMATIN_ORGANIZATION,GO:BP,1.50758837684632,0.152532078336724,12,1,0.522975432211101,1,12,FALSE,FALSE
GOBP_REGULATION_OF_HETEROTYPIC_CELL_CELL_ADHESION,GO:BP,1.1939187870085,0.340488407028679,17,0.24615437055853,2.2149547717176,6,17,FALSE,FALSE
GOBP_REGULATION_OF_HIPPO_SIGNALING,GO:BP,1.39969571202055,0.146650136511264,42,1,0.298843104120629,2,42,FALSE,FALSE
GOBP_REGULATION_OF_HOMOTYPIC_CELL_CELL_ADHESION,GO:BP,1.30735139242347,0.220952938484934,39,1,0.804577588017079,5,39,FALSE,FALSE
GOBP_REGULATION_OF_HORMONE_BIOSYNTHETIC_PROCESS,GO:BP,-1.3524564576154,0.186021417920564,22,1,0.855777979981802,3,22,FALSE,FALSE
GOBP_REGULATION_OF_HORMONE_LEVELS,GO:BP,1.1294227322587,0.265134736064969,459,1.01189810456412e-06,1.65437979862858,121,459,FALSE,TRUE
GOBP_REGULATION_OF_HORMONE_METABOLIC_PROCESS,GO:BP,0.952606232112612,0.637749724579631,38,0.499747367215725,1.48635122838945,9,38,FALSE,FALSE
GOBP_REGULATION_OF_HORMONE_SECRETION,GO:BP,-1.28375702712447,0.0984729532417238,206,0.100967269290111,1.40137106107052,46,206,FALSE,FALSE
GOBP_REGULATION_OF_HUMORAL_IMMUNE_RESPONSE,GO:BP,1.53267581821043,0.0573805877950694,38,0.332969660693139,1.65150136487716,10,38,FALSE,FALSE
GOBP_REGULATION_OF_HUMORAL_IMMUNE_RESPONSE_MEDIATED_BY_CIRCULATING_IMMUNOGLOBULIN,GO:BP,1.56086805433851,0.110953515238671,11,0.944829045454405,1.1410373066424,2,11,FALSE,FALSE
GOBP_REGULATION_OF_HYDROGEN_PEROXIDE_MEDIATED_PROGRAMMED_CELL_DEATH,GO:BP,-0.933405349873365,0.619194899124477,14,1,0.448264656180944,1,14,FALSE,FALSE
GOBP_REGULATION_OF_HYDROGEN_PEROXIDE_METABOLIC_PROCESS,GO:BP,1.56725955193309,0.116736493911753,16,0.408568153127978,1.96115787079163,5,16,FALSE,FALSE
GOBP_REGULATION_OF_HYDROLASE_ACTIVITY,GO:BP,1.18888802765019,0.275298622117773,146,1,0.644764231493138,15,146,FALSE,FALSE
GOBP_REGULATION_OF_HYPERSENSITIVITY,GO:BP,1.26649799377121,0.273612472766885,11,0.655369444735246,1.7115559599636,3,11,FALSE,FALSE
GOBP_REGULATION_OF_ICOSANOID_SECRETION,GO:BP,1.30723001027454,0.238815061161032,15,1,0.836760691537762,2,15,FALSE,FALSE
GOBP_REGULATION_OF_IMMUNE_EFFECTOR_PROCESS,GO:BP,2.31568211736701,1.08409172579553e-16,354,0.00166281668382085,1.52460634475101,86,354,TRUE,TRUE
GOBP_REGULATION_OF_IMMUNOGLOBULIN_PRODUCTION,GO:BP,1.79289273895393,0.00553401713155154,68,0.831189429132839,1.1074773858588,12,68,TRUE,FALSE
GOBP_REGULATION_OF_INCLUSION_BODY_ASSEMBLY,GO:BP,-1.02443529063597,0.548828740647345,18,1,0.697300576281468,2,18,FALSE,FALSE
GOBP_REGULATION_OF_INFLAMMASOME_MEDIATED_SIGNALING_PATHWAY,GO:BP,1.99523521729614,0.00139013881815147,49,0.813550360938355,1.15268054446528,9,49,TRUE,FALSE
GOBP_REGULATION_OF_INFLAMMATORY_RESPONSE,GO:BP,2.14328530499522,1.32404207902885e-13,394,1.46727098494058e-05,1.6406031325201,103,394,TRUE,TRUE
GOBP_REGULATION_OF_INFLAMMATORY_RESPONSE_TO_ANTIGENIC_STIMULUS,GO:BP,1.80369944469239,0.017903186650474,45,0.157795262997224,1.81298149833182,13,45,TRUE,FALSE
GOBP_REGULATION_OF_INFLAMMATORY_RESPONSE_TO_WOUNDING,GO:BP,1.24700718838316,0.298137644251888,11,0.655369444735246,1.7115559599636,3,11,FALSE,FALSE
GOBP_REGULATION_OF_INNATE_IMMUNE_RESPONSE,GO:BP,2.51457938646771,5.86661239860654e-26,445,0.0932137217894551,1.26924374559099,90,445,TRUE,FALSE
GOBP_REGULATION_OF_INOSITOL_PHOSPHATE_BIOSYNTHETIC_PROCESS,GO:BP,-1.06365646711196,0.507105290386779,10,0.303676489292972,2.51028207461329,4,10,FALSE,FALSE
GOBP_REGULATION_OF_INSULIN_LIKE_GROWTH_FACTOR_RECEPTOR_SIGNALING_PATHWAY,GO:BP,-1.07662432936844,0.48762492646859,17,0.24615437055853,2.2149547717176,6,17,FALSE,FALSE
GOBP_REGULATION_OF_INSULIN_RECEPTOR_SIGNALING_PATHWAY,GO:BP,1.03735276269489,0.526940377841302,65,0.506693934048772,1.35169034786869,14,65,FALSE,FALSE
GOBP_REGULATION_OF_INSULIN_SECRETION,GO:BP,-1.0549668258378,0.449210604706583,134,0.627782812120181,1.1708405198756,25,134,FALSE,FALSE
GOBP_REGULATION_OF_INTEGRIN_ACTIVATION,GO:BP,1.41328491998861,0.163310710593735,16,0.655369444735246,1.5689262966333,4,16,FALSE,FALSE
GOBP_REGULATION_OF_INTEGRIN_MEDIATED_SIGNALING_PATHWAY,GO:BP,-1.22155581428985,0.295735836406302,22,1,0.570518653321201,2,22,FALSE,FALSE
GOBP_REGULATION_OF_INTERLEUKIN_1_MEDIATED_SIGNALING_PATHWAY,GO:BP,1.55398640129695,0.13238377227157,14,0.303676489292972,2.24132328090472,5,14,FALSE,FALSE
GOBP_REGULATION_OF_INTRACELLULAR_ESTROGEN_RECEPTOR_SIGNALING_PATHWAY,GO:BP,1.28775966846073,0.242327648255359,35,1,0.71722344988951,4,35,FALSE,FALSE
GOBP_REGULATION_OF_INTRACELLULAR_LIPID_TRANSPORT,GO:BP,1.2377302717078,0.313569739036023,10,0.906741278758732,1.25514103730664,2,10,FALSE,FALSE
GOBP_REGULATION_OF_INTRACELLULAR_PROTEIN_TRANSPORT,GO:BP,1.24727449607084,0.187301436144119,150,1,0.669408553230209,16,150,FALSE,FALSE
GOBP_REGULATION_OF_INTRACELLULAR_STEROID_HORMONE_RECEPTOR_SIGNALING_PATHWAY,GO:BP,0.822013178674193,0.847171712569779,72,1,0.610138004246285,7,72,FALSE,FALSE
GOBP_REGULATION_OF_INTRACELLULAR_TRANSPORT,GO:BP,1.32875044881343,0.0714501524134461,266,1,0.802157805797478,34,266,FALSE,FALSE
GOBP_REGULATION_OF_INTRINSIC_APOPTOTIC_SIGNALING_PATHWAY,GO:BP,1.77556870453045,0.000626808440401998,170,1,0.775234170101161,21,170,TRUE,FALSE
GOBP_REGULATION_OF_INTRINSIC_APOPTOTIC_SIGNALING_PATHWAY_BY_P53_CLASS_MEDIATOR,GO:BP,1.25935845621803,0.246886334304268,31,1,0.404884205582788,2,31,FALSE,FALSE
GOBP_REGULATION_OF_INTRINSIC_APOPTOTIC_SIGNALING_PATHWAY_IN_RESPONSE_TO_DNA_DAMAGE,GO:BP,1.17876290356934,0.338741727575899,38,1,0.330300272975432,2,38,FALSE,FALSE
GOBP_REGULATION_OF_INTRINSIC_APOPTOTIC_SIGNALING_PATHWAY_IN_RESPONSE_TO_DNA_DAMAGE_BY_P53_CLASS_MEDIATOR,GO:BP,0.933592777955707,0.655277111614706,17,1,0.369159128619601,1,17,FALSE,FALSE
GOBP_REGULATION_OF_IRE1_MEDIATED_UNFOLDED_PROTEIN_RESPONSE,GO:BP,1.34349538608331,0.224750883888236,16,1,0.784463148316652,2,16,FALSE,FALSE
GOBP_REGULATION_OF_ISOTYPE_SWITCHING,GO:BP,1.55176583671587,0.0667212884555978,33,1,0.760691537761602,4,33,FALSE,FALSE
GOBP_REGULATION_OF_JNK_CASCADE,GO:BP,0.984662636088766,0.586866576543362,144,0.693556164188897,1.13311343645739,26,144,FALSE,FALSE
GOBP_REGULATION_OF_JUN_KINASE_ACTIVITY,GO:BP,-0.707358632707947,0.892605633802817,19,1,0.660600545950864,2,19,FALSE,FALSE
GOBP_REGULATION_OF_KERATINOCYTE_DIFFERENTIATION,GO:BP,1.70480130237143,0.0329517079747025,32,0.470180903258393,1.5689262966333,8,32,TRUE,FALSE
GOBP_REGULATION_OF_KERATINOCYTE_MIGRATION,GO:BP,1.22350042586123,0.323913245402192,14,0.825631269028654,1.34479396854283,3,14,FALSE,FALSE
GOBP_REGULATION_OF_KERATINOCYTE_PROLIFERATION,GO:BP,1.21938286350704,0.294418159691264,37,0.810563353453362,1.18729557583061,7,37,FALSE,FALSE
GOBP_REGULATION_OF_KETONE_BIOSYNTHETIC_PROCESS,GO:BP,-0.95116271309761,0.625398977160111,20,1,0.313785259326661,1,20,FALSE,FALSE
GOBP_REGULATION_OF_KETONE_METABOLIC_PROCESS,GO:BP,-1.09378663380026,0.386543472777633,127,0.0428590330132964,1.63069504846926,33,127,FALSE,TRUE
GOBP_REGULATION_OF_KIDNEY_DEVELOPMENT,GO:BP,-1.36981404405694,0.160998845265589,29,0.359721532327085,1.73122901697468,8,29,FALSE,FALSE
GOBP_REGULATION_OF_KINASE_ACTIVITY,GO:BP,1.97478099270601,3.47295381499345e-07,244,0.467107052994054,1.18312474828085,46,244,TRUE,FALSE
GOBP_REGULATION_OF_LAMELLIPODIUM_ASSEMBLY,GO:BP,1.40457622642196,0.153809942254582,36,1,0.871625720351835,5,36,FALSE,FALSE
GOBP_REGULATION_OF_LAMELLIPODIUM_MORPHOGENESIS,GO:BP,-1.05615693140258,0.51148824006838,11,,,,,FALSE,FALSE
GOBP_REGULATION_OF_LAMELLIPODIUM_ORGANIZATION,GO:BP,1.24363429985872,0.252122022737795,50,1,0.627570518653321,5,50,FALSE,FALSE
GOBP_REGULATION_OF_LEUKOCYTE_ADHESION_TO_VASCULAR_ENDOTHELIAL_CELL,GO:BP,1.01577293601768,0.548224001164068,29,0.553228151642349,1.51482538985284,7,29,FALSE,FALSE
GOBP_REGULATION_OF_LEUKOCYTE_APOPTOTIC_PROCESS,GO:BP,1.834122028738,0.00232490683359272,82,0.0048212178233123,2.06639073215118,27,82,TRUE,TRUE
GOBP_REGULATION_OF_LEUKOCYTE_CHEMOTAXIS,GO:BP,1.43935552721399,0.0635303361001177,117,0.258710621093823,1.39460115256294,26,117,FALSE,FALSE
GOBP_REGULATION_OF_LEUKOCYTE_DEGRANULATION,GO:BP,1.57362639887551,0.0695395638675082,44,1,0.713148316651501,5,44,FALSE,FALSE
GOBP_REGULATION_OF_LEUKOCYTE_DIFFERENTIATION,GO:BP,2.02522705874967,2.80386337416035e-09,320,0.129469489029263,1.29436419472248,66,320,TRUE,FALSE
GOBP_REGULATION_OF_LEUKOCYTE_MEDIATED_IMMUNITY,GO:BP,2.2631119876747,1.59541286809145e-11,234,0.031871023119527,1.47505891136464,55,234,TRUE,TRUE
GOBP_REGULATION_OF_LEUKOCYTE_MIGRATION,GO:BP,1.40673836575658,0.0555279934080629,212,0.29000161289198,1.27290246707985,43,212,FALSE,FALSE
GOBP_REGULATION_OF_LEUKOCYTE_PROLIFERATION,GO:BP,1.86809295475377,1.32339785420627e-05,240,0.00443746859514398,1.59507506824386,61,240,TRUE,TRUE
GOBP_REGULATION_OF_LEUKOCYTE_TETHERING_OR_ROLLING,GO:BP,0.659827084321629,0.934359324448666,14,0.55559567973604,1.79305862472377,4,14,FALSE,FALSE
GOBP_REGULATION_OF_LIPID_BIOSYNTHETIC_PROCESS,GO:BP,-1.45422991915885,0.0309072300335542,170,0.475537015517068,1.21822512444468,33,170,FALSE,FALSE
GOBP_REGULATION_OF_LIPID_CATABOLIC_PROCESS,GO:BP,-1.20755679835111,0.224065269072833,55,0.657026371950794,1.25514103730664,11,55,FALSE,FALSE
GOBP_REGULATION_OF_LIPID_LOCALIZATION,GO:BP,1.10611950295416,0.378817391003238,137,0.0637490869821909,1.55747427986956,34,137,FALSE,FALSE
GOBP_REGULATION_OF_LIPID_METABOLIC_PROCESS,GO:BP,-1.26972098370036,0.0400714214419302,302,0.0762698032840671,1.35073124875715,65,302,FALSE,FALSE
GOBP_REGULATION_OF_LIPID_STORAGE,GO:BP,1.20368645908221,0.295598531235374,40,0.151813592196556,1.88271155595996,12,40,FALSE,FALSE
GOBP_REGULATION_OF_LIPOPOLYSACCHARIDE_MEDIATED_SIGNALING_PATHWAY,GO:BP,0.891633583334602,0.706949034999112,29,1,0.649210881365505,3,29,FALSE,FALSE
GOBP_REGULATION_OF_LIPOPROTEIN_METABOLIC_PROCESS,GO:BP,-1.50264227077415,0.154160386682159,17,0.24615437055853,2.2149547717176,6,17,FALSE,FALSE
GOBP_REGULATION_OF_LIPOPROTEIN_PARTICLE_CLEARANCE,GO:BP,1.30998374499522,0.224326423649278,21,0.0508116707422462,2.68958793708566,9,21,FALSE,FALSE
GOBP_REGULATION_OF_LONG_TERM_NEURONAL_SYNAPTIC_PLASTICITY,GO:BP,-1.39438696440794,0.158884830527956,24,0.944829045454405,1.0459508644222,4,24,FALSE,FALSE
GOBP_REGULATION_OF_LONG_TERM_SYNAPTIC_DEPRESSION,GO:BP,-1.52965902960578,0.135474335529447,15,0.355067484635544,2.0919017288444,5,15,FALSE,FALSE
GOBP_REGULATION_OF_LONG_TERM_SYNAPTIC_POTENTIATION,GO:BP,-1.0716243323924,0.478625644941685,41,1,0.612263920637387,4,41,FALSE,FALSE
GOBP_REGULATION_OF_LOW_DENSITY_LIPOPROTEIN_PARTICLE_CLEARANCE,GO:BP,1.59355079608297,0.11550595519544,15,0.355067484635544,2.0919017288444,5,15,FALSE,FALSE
GOBP_REGULATION_OF_LYMPHOCYTE_ACTIVATION,GO:BP,2.15476463583857,8.72164332552956e-16,489,0.0918591315927463,1.25770778789418,98,489,TRUE,FALSE
GOBP_REGULATION_OF_LYMPHOCYTE_APOPTOTIC_PROCESS,GO:BP,1.63554467401725,0.038605987332725,54,0.0271114161910753,2.0919017288444,18,54,TRUE,TRUE
GOBP_REGULATION_OF_LYMPHOCYTE_CHEMOTAXIS,GO:BP,1.98444458014247,0.00354938892891854,24,0.35318075340106,1.83041401273885,7,24,TRUE,FALSE
GOBP_REGULATION_OF_LYMPHOCYTE_DIFFERENTIATION,GO:BP,2.16171463400707,3.81534543681989e-09,220,0.199286677665621,1.31219290263876,46,220,TRUE,FALSE
GOBP_REGULATION_OF_LYMPHOCYTE_MEDIATED_IMMUNITY,GO:BP,2.20188304711067,7.87094855950826e-09,177,0.0118883884604824,1.63097422926852,46,177,TRUE,TRUE
GOBP_REGULATION_OF_LYMPHOCYTE_MIGRATION,GO:BP,1.75445722330306,0.0113017446272321,66,0.906741278758732,1.0459508644222,11,66,TRUE,FALSE
GOBP_REGULATION_OF_LYMPHOID_PROGENITOR_CELL_DIFFERENTIATION,GO:BP,-0.992749516229887,0.569299857587916,12,,,,,FALSE,FALSE
GOBP_REGULATION_OF_LYSOSOMAL_LUMEN_PH,GO:BP,1.54194740916774,0.0788832616073606,31,1,0.404884205582788,2,31,FALSE,FALSE
GOBP_REGULATION_OF_LYSOSOME_ORGANIZATION,GO:BP,0.519770069394331,0.979632355322963,12,,,,,FALSE,FALSE
GOBP_REGULATION_OF_MACROAUTOPHAGY,GO:BP,1.62679324811242,0.00416713367877985,186,1,0.472364906513253,14,186,TRUE,FALSE
GOBP_REGULATION_OF_MACROPHAGE_ACTIVATION,GO:BP,1.86222779404434,0.0055502979752208,49,0.0869825200077341,1.92113424077547,15,49,TRUE,FALSE
GOBP_REGULATION_OF_MACROPHAGE_CHEMOTAXIS,GO:BP,-0.791570411567923,0.846235783507582,29,0.740450771110098,1.29842176273101,6,29,FALSE,FALSE
GOBP_REGULATION_OF_MACROPHAGE_DERIVED_FOAM_CELL_DIFFERENTIATION,GO:BP,0.919626452024276,0.678845260223048,30,0.129469489029263,2.0919017288444,10,30,FALSE,FALSE
GOBP_REGULATION_OF_MACROPHAGE_DIFFERENTIATION,GO:BP,-1.00673232504753,0.55342605156038,21,0.868087644964407,1.19537241648252,4,21,FALSE,FALSE
GOBP_REGULATION_OF_MACROPHAGE_MIGRATION,GO:BP,-0.930667408388892,0.674447651942988,42,0.788143430599997,1.19537241648252,8,42,FALSE,FALSE
GOBP_REGULATION_OF_MAMMARY_GLAND_EPITHELIAL_CELL_PROLIFERATION,GO:BP,-1.00348541740197,0.5479601403872,14,0.55559567973604,1.79305862472377,4,14,FALSE,FALSE
GOBP_REGULATION_OF_MAP_KINASE_ACTIVITY,GO:BP,1.40363135657038,0.148986168559534,65,0.632546716946981,1.25514103730664,13,65,FALSE,FALSE
GOBP_REGULATION_OF_MAST_CELL_ACTIVATION,GO:BP,2.01483733611855,0.0051696330575047,17,0.112328337767288,2.58411390033721,7,17,TRUE,FALSE
GOBP_REGULATION_OF_MAST_CELL_DEGRANULATION,GO:BP,1.5087419643454,0.124521921852743,28,1,0.896529312361887,4,28,FALSE,FALSE
GOBP_REGULATION_OF_MEGAKARYOCYTE_DIFFERENTIATION,GO:BP,-1.07607222431845,0.469070946740753,22,0.678746825280159,1.426296633303,5,22,FALSE,FALSE
GOBP_REGULATION_OF_MEIOTIC_CELL_CYCLE,GO:BP,1.95317641938215,0.00118611329156574,60,0.107641065225471,1.77811646951774,17,60,TRUE,FALSE
GOBP_REGULATION_OF_MEIOTIC_CELL_CYCLE_PHASE_TRANSITION,GO:BP,2.14386720800682,0.000336576865181453,12,0.0231134546169715,3.66082802547771,7,12,TRUE,TRUE
GOBP_REGULATION_OF_MEIOTIC_NUCLEAR_DIVISION,GO:BP,1.72130110495788,0.0327472555403887,26,0.0641331716346204,2.41373276405124,10,26,TRUE,FALSE
GOBP_REGULATION_OF_MEMBRANE_DEPOLARIZATION,GO:BP,-1.20874444792673,0.270092796310191,45,0.978587630542299,0.976220806794055,7,45,FALSE,FALSE
GOBP_REGULATION_OF_MEMBRANE_INVAGINATION,GO:BP,1.13002245703861,0.446872990950002,15,0.594213709778933,1.67352138307552,4,15,FALSE,FALSE
GOBP_REGULATION_OF_MEMBRANE_LIPID_DISTRIBUTION,GO:BP,1.2997613742621,0.177602493175175,63,1,0.896529312361887,9,63,FALSE,FALSE
GOBP_REGULATION_OF_MEMBRANE_LIPID_METABOLIC_PROCESS,GO:BP,-0.941323261413233,0.621341033948444,13,,,,,FALSE,FALSE
GOBP_REGULATION_OF_MEMBRANE_PERMEABILITY,GO:BP,1.45460799759496,0.105087188393291,63,1,0.498071840201049,5,63,FALSE,FALSE
GOBP_REGULATION_OF_MEMBRANE_POTENTIAL,GO:BP,-1.71585158861756,3.93501968293041e-06,379,6.90713080934338e-10,1.88767913262477,114,379,FALSE,TRUE
GOBP_REGULATION_OF_MEMBRANE_PROTEIN_ECTODOMAIN_PROTEOLYSIS,GO:BP,-1.18122992099199,0.350137954782837,26,0.627782812120181,1.44823965843074,6,26,FALSE,FALSE
GOBP_REGULATION_OF_MEMBRANE_REPOLARIZATION,GO:BP,-1.49848760246747,0.0917023283825482,31,0.962721081755926,1.01221051395697,5,31,FALSE,FALSE
GOBP_REGULATION_OF_MESENCHYMAL_CELL_PROLIFERATION,GO:BP,-1.51701978439402,0.0671659429619507,33,1,0.760691537761602,4,33,FALSE,FALSE
GOBP_REGULATION_OF_MESENCHYMAL_STEM_CELL_DIFFERENTIATION,GO:BP,-1.57876761774196,0.121033984228631,11,0.944829045454405,1.1410373066424,2,11,FALSE,FALSE
GOBP_REGULATION_OF_METAPHASE_PLATE_CONGRESSION,GO:BP,1.92271427922793,0.011214858526683,15,0.355067484635544,2.0919017288444,5,15,TRUE,FALSE
GOBP_REGULATION_OF_MICROGLIAL_CELL_ACTIVATION,GO:BP,1.73404888396576,0.0554137317326062,15,0.068003946693155,2.92866242038217,7,15,FALSE,FALSE
GOBP_REGULATION_OF_MICROTUBULE_BASED_MOVEMENT,GO:BP,-0.915839348893527,0.684718555053577,45,0.868087644964407,1.11568092205035,8,45,FALSE,FALSE
GOBP_REGULATION_OF_MICROTUBULE_BASED_PROCESS,GO:BP,1.36539915962051,0.0490416765488824,251,1,0.775087094751114,31,251,TRUE,FALSE
GOBP_REGULATION_OF_MICROTUBULE_CYTOSKELETON_ORGANIZATION,GO:BP,1.2735703358918,0.156325089842006,158,1,0.834112714665807,21,158,FALSE,FALSE
GOBP_REGULATION_OF_MICROTUBULE_DEPOLYMERIZATION,GO:BP,1.24690316258792,0.266122624314542,34,1,0.738318257239201,4,34,FALSE,FALSE
GOBP_REGULATION_OF_MICROTUBULE_NUCLEATION,GO:BP,-0.920857038785546,0.673261070177792,19,,,,,FALSE,FALSE
GOBP_REGULATION_OF_MICROTUBULE_POLYMERIZATION,GO:BP,-1.09647226217019,0.388074411520914,63,1,0.697300576281468,7,63,FALSE,FALSE
GOBP_REGULATION_OF_MICROTUBULE_POLYMERIZATION_OR_DEPOLYMERIZATION,GO:BP,1.25079894251395,0.200976100635481,94,1,0.734391032466652,11,94,FALSE,FALSE
GOBP_REGULATION_OF_MICROVILLUS_ORGANIZATION,GO:BP,1.0660373487882,0.51148824006838,15,0.868087644964407,1.25514103730664,3,15,FALSE,FALSE
GOBP_REGULATION_OF_MIRNA_METABOLIC_PROCESS,GO:BP,-1.05949420651453,0.460577013438587,82,0.629649579060468,1.22452784127477,16,82,FALSE,FALSE
GOBP_REGULATION_OF_MITOCHONDRIAL_DEPOLARIZATION,GO:BP,0.887582231488661,0.695380668272198,20,0.831189429132839,1.25514103730664,4,20,FALSE,FALSE
GOBP_REGULATION_OF_MITOCHONDRIAL_FISSION,GO:BP,1.04552933881299,0.519735014565002,27,1,0.929734101708624,4,27,FALSE,FALSE
GOBP_REGULATION_OF_MITOCHONDRIAL_FUSION,GO:BP,1.00248847216823,0.570270039820781,13,1,0.482746552810247,1,13,FALSE,FALSE
GOBP_REGULATION_OF_MITOCHONDRIAL_GENE_EXPRESSION,GO:BP,1.37628441154353,0.162011173184358,30,,,,,FALSE,FALSE
GOBP_REGULATION_OF_MITOCHONDRIAL_MEMBRANE_PERMEABILITY,GO:BP,1.4439103782738,0.111467358842072,51,1,0.492212171492801,4,51,FALSE,FALSE
GOBP_REGULATION_OF_MITOCHONDRIAL_MEMBRANE_PERMEABILITY_INVOLVED_IN_APOPTOTIC_PROCESS,GO:BP,1.31870594149797,0.207059646498227,39,1,0.160915517603416,1,39,FALSE,FALSE
GOBP_REGULATION_OF_MITOCHONDRIAL_MEMBRANE_POTENTIAL,GO:BP,1.43211819699296,0.100075469142344,64,1,0.882521041856233,9,64,FALSE,FALSE
GOBP_REGULATION_OF_MITOCHONDRIAL_OUTER_MEMBRANE_PERMEABILIZATION_INVOLVED_IN_APOPTOTIC_SIGNALING_PATHWAY,GO:BP,1.13256425860107,0.42079014816338,21,1,0.298843104120629,1,21,FALSE,FALSE
GOBP_REGULATION_OF_MITOCHONDRIAL_TRANSLATION,GO:BP,1.66203912925669,0.0355786064865916,22,,,,,TRUE,FALSE
GOBP_REGULATION_OF_MITOCHONDRION_ORGANIZATION,GO:BP,1.61142471416265,0.0165679898495376,110,1,0.798726114649682,14,110,TRUE,FALSE
GOBP_REGULATION_OF_MITOTIC_CELL_CYCLE,GO:BP,2.17720041186528,5.81302583915185e-17,491,0.365103546059801,1.15033292624845,90,491,TRUE,FALSE
GOBP_REGULATION_OF_MITOTIC_CELL_CYCLE_PHASE_TRANSITION,GO:BP,2.30936373023813,1.69030700530655e-15,333,0.547923911774673,1.13075769126725,60,333,TRUE,FALSE
GOBP_REGULATION_OF_MITOTIC_CYTOKINESIS,GO:BP,1.83921904948209,0.0159027832352425,19,0.788586078744843,1.32120109190173,4,19,TRUE,FALSE
GOBP_REGULATION_OF_MITOTIC_NUCLEAR_DIVISION,GO:BP,2.48659299727856,3.82628383826957e-11,120,1.1615452543916e-05,2.24879435850773,43,120,TRUE,TRUE
GOBP_REGULATION_OF_MITOTIC_SISTER_CHROMATID_SEGREGATION,GO:BP,2.64087404409847,1.2511502487502e-10,63,0.00290082121530356,2.29113046492482,23,63,TRUE,TRUE
GOBP_REGULATION_OF_MITOTIC_SPINDLE_ASSEMBLY,GO:BP,1.04803695105727,0.510434094820677,25,1,0.502056414922657,2,25,FALSE,FALSE
GOBP_REGULATION_OF_MODIFICATION_OF_POSTSYNAPTIC_STRUCTURE,GO:BP,-1.49081469793018,0.136489298915913,10,1,0.627570518653321,1,10,FALSE,FALSE
GOBP_REGULATION_OF_MODIFICATION_OF_SYNAPTIC_STRUCTURE,GO:BP,-1.22179306888971,0.343929336977725,15,1,0.418380345768881,1,15,FALSE,FALSE
GOBP_REGULATION_OF_MONOATOMIC_ANION_TRANSPORT,GO:BP,0.663572268118261,0.941627033271238,12,0.978587630542299,1.0459508644222,2,12,FALSE,FALSE
GOBP_REGULATION_OF_MONOATOMIC_ION_TRANSMEMBRANE_TRANSPORT,GO:BP,-1.52351841912979,0.00370323121398393,237,0.158585033821727,1.32398843597747,50,237,FALSE,FALSE
GOBP_REGULATION_OF_MONOATOMIC_ION_TRANSPORT,GO:BP,-1.5759987724199,0.000129171807997711,345,0.0331507561487986,1.38247418601891,76,345,FALSE,TRUE
GOBP_REGULATION_OF_MONOCYTE_CHEMOTAXIS,GO:BP,1.42018954693448,0.137672273172849,27,0.470180903258393,1.62703467799009,7,27,FALSE,FALSE
GOBP_REGULATION_OF_MONOCYTE_DIFFERENTIATION,GO:BP,1.02049736251822,0.539076095554501,17,0.937040972683617,1.1074773858588,3,17,FALSE,FALSE
GOBP_REGULATION_OF_MONONUCLEAR_CELL_MIGRATION,GO:BP,1.46394313000263,0.0534227412033257,133,0.80492549903172,1.08527232549071,23,133,FALSE,FALSE
GOBP_REGULATION_OF_MORPHOGENESIS_OF_AN_EPITHELIUM,GO:BP,-1.42731411349174,0.0970806101917927,61,0.54691317550477,1.33744536762183,13,61,FALSE,FALSE
GOBP_REGULATION_OF_MORPHOGENESIS_OF_A_BRANCHING_STRUCTURE,GO:BP,-1.60067112648471,0.0325155633489513,48,0.923323045302578,1.0459508644222,8,48,FALSE,FALSE
GOBP_REGULATION_OF_MRNA_3_END_PROCESSING,GO:BP,1.27971507036247,0.258549599805967,16,1,0.784463148316652,2,16,FALSE,FALSE
GOBP_REGULATION_OF_MRNA_CATABOLIC_PROCESS,GO:BP,1.76179012284836,0.000244425444556983,198,1,0.285259326660601,9,198,TRUE,FALSE
GOBP_REGULATION_OF_MRNA_EXPORT_FROM_NUCLEUS,GO:BP,1.04868817585295,0.530073639379214,10,,,,,FALSE,FALSE
GOBP_REGULATION_OF_MRNA_METABOLIC_PROCESS,GO:BP,1.83225111460327,2.48591725841382e-06,312,1,0.301716595506404,15,312,TRUE,FALSE
GOBP_REGULATION_OF_MRNA_PROCESSING,GO:BP,1.6386030678079,0.0085273331330496,136,1,0.276869346464701,6,136,TRUE,FALSE
GOBP_REGULATION_OF_MRNA_SPLICING_VIA_SPLICEOSOME,GO:BP,1.65915705777166,0.0117884825367975,112,1,0.224132328090472,4,112,TRUE,FALSE
GOBP_REGULATION_OF_MULTICELLULAR_ORGANISM_GROWTH,GO:BP,-1.64127469825137,0.0215696856211995,56,1,0.896529312361887,8,56,FALSE,FALSE
GOBP_REGULATION_OF_MUSCLE_ADAPTATION,GO:BP,-1.42267856895892,0.0576736586224938,73,0.678923552532195,1.20355989878719,14,73,FALSE,FALSE
GOBP_REGULATION_OF_MUSCLE_CELL_DIFFERENTIATION,GO:BP,-1.6798970581755,0.00374539770763414,128,1,0.588347361237489,12,128,FALSE,FALSE
GOBP_REGULATION_OF_MUSCLE_CONTRACTION,GO:BP,-2.16561807807927,1.67678988580446e-07,147,2.9572733665831e-06,2.17728547287887,51,147,FALSE,TRUE
GOBP_REGULATION_OF_MUSCLE_HYPERTROPHY,GO:BP,-1.14544778355108,0.307838948284972,56,0.831189429132839,1.12066164045236,10,56,FALSE,FALSE
GOBP_REGULATION_OF_MUSCLE_ORGAN_DEVELOPMENT,GO:BP,-1.40258514130685,0.133531449395287,33,0.868087644964407,1.1410373066424,6,33,FALSE,FALSE
GOBP_REGULATION_OF_MUSCLE_SYSTEM_PROCESS,GO:BP,-2.00472264058413,2.98552525371646e-07,213,4.77018260265176e-05,1.85619449179151,63,213,FALSE,TRUE
GOBP_REGULATION_OF_MYELINATION,GO:BP,-1.23338486596909,0.251363545297912,44,0.672164713357528,1.2836669699727,9,44,FALSE,FALSE
GOBP_REGULATION_OF_MYELOID_CELL_APOPTOTIC_PROCESS,GO:BP,1.40274455789297,0.151160160698469,24,0.35318075340106,1.83041401273885,7,24,FALSE,FALSE
GOBP_REGULATION_OF_MYELOID_CELL_DIFFERENTIATION,GO:BP,1.4280931543628,0.0481565514184411,186,0.611820338291397,1.1471719158179,34,186,TRUE,FALSE
GOBP_REGULATION_OF_MYELOID_LEUKOCYTE_DIFFERENTIATION,GO:BP,1.42090069446758,0.0778709424937525,109,0.499747367215725,1.26665609269478,22,109,FALSE,FALSE
GOBP_REGULATION_OF_MYELOID_LEUKOCYTE_MEDIATED_IMMUNITY,GO:BP,1.80606579855674,0.00876091917872538,55,1,0.912829845313922,8,55,TRUE,FALSE
GOBP_REGULATION_OF_MYOBLAST_DIFFERENTIATION,GO:BP,-1.08231345459445,0.412035227502349,66,0.906741278758732,1.0459508644222,11,66,FALSE,FALSE
GOBP_REGULATION_OF_MYOBLAST_PROLIFERATION,GO:BP,-0.795887764992556,0.784773151535832,12,0.430749153033336,2.0919017288444,4,12,FALSE,FALSE
GOBP_REGULATION_OF_MYOTUBE_DIFFERENTIATION,GO:BP,-1.24494556960387,0.252259663902418,33,1,0.570518653321201,3,33,FALSE,FALSE
GOBP_REGULATION_OF_NATURAL_KILLER_CELL_ACTIVATION,GO:BP,1.82377153428368,0.00805646509774628,41,0.167224041847327,1.83679176191216,12,41,TRUE,FALSE
GOBP_REGULATION_OF_NATURAL_KILLER_CELL_DIFFERENTIATION,GO:BP,1.43323083107259,0.161220080280686,13,0.499747367215725,1.93098621124099,4,13,FALSE,FALSE
GOBP_REGULATION_OF_NATURAL_KILLER_CELL_MEDIATED_IMMUNITY,GO:BP,2.09875812314469,0.000209849650711017,53,0.0814019498323071,1.8945525091421,16,53,TRUE,FALSE
GOBP_REGULATION_OF_NATURAL_KILLER_CELL_PROLIFERATION,GO:BP,1.7925315518298,0.0296810177678098,12,0.0231134546169715,3.66082802547771,7,12,TRUE,TRUE
GOBP_REGULATION_OF_NECROPTOTIC_PROCESS,GO:BP,1.50316012774929,0.103070551240966,31,1,0.809768411165576,4,31,FALSE,FALSE
GOBP_REGULATION_OF_NERVOUS_SYSTEM_DEVELOPMENT,GO:BP,-1.47441120328401,0.000648738565665143,377,0.164778477597013,1.24848246416443,75,377,FALSE,FALSE
GOBP_REGULATION_OF_NERVOUS_SYSTEM_PROCESS,GO:BP,-1.43260435462838,0.0511959351541933,101,0.128127095682531,1.55339237290426,25,101,FALSE,FALSE
GOBP_REGULATION_OF_NEURAL_PRECURSOR_CELL_PROLIFERATION,GO:BP,-1.1031250848689,0.377093174537298,72,0.788586078744843,1.13311343645739,13,72,FALSE,FALSE
GOBP_REGULATION_OF_NEUROBLAST_PROLIFERATION,GO:BP,0.714873028692691,0.907655624233164,26,1,0.724119829215371,3,26,FALSE,FALSE
GOBP_REGULATION_OF_NEUROGENESIS,GO:BP,-1.28668543237315,0.0322759221745703,302,0.782598341187005,1.05980451825561,51,302,FALSE,FALSE
GOBP_REGULATION_OF_NEUROINFLAMMATORY_RESPONSE,GO:BP,1.72381627939675,0.0213386406526437,35,0.248142906877423,1.79305862472377,10,35,TRUE,FALSE
GOBP_REGULATION_OF_NEUROMUSCULAR_JUNCTION_DEVELOPMENT,GO:BP,-0.55697805321933,0.96704275266987,11,1,0.570518653321201,1,11,FALSE,FALSE
GOBP_REGULATION_OF_NEURONAL_SYNAPTIC_PLASTICITY,GO:BP,-1.66892126238221,0.0146538105164924,53,0.906741278758732,1.06568578639243,9,53,FALSE,FALSE
GOBP_REGULATION_OF_NEURON_APOPTOTIC_PROCESS,GO:BP,1.16835022335179,0.253373313343328,222,0.623365254372452,1.13075769126725,40,222,FALSE,FALSE
GOBP_REGULATION_OF_NEURON_DIFFERENTIATION,GO:BP,-1.7025687232184,0.00145688131779237,145,0.801635301593806,1.08201813560917,25,145,FALSE,FALSE
GOBP_REGULATION_OF_NEURON_MIGRATION,GO:BP,-1.51122899154303,0.0863828131740664,43,1,0.875679793469751,6,43,FALSE,FALSE
GOBP_REGULATION_OF_NEURON_PROJECTION_ARBORIZATION,GO:BP,1.01424208629389,0.551828204727689,15,1,0.418380345768881,1,15,FALSE,FALSE
GOBP_REGULATION_OF_NEURON_PROJECTION_DEVELOPMENT,GO:BP,-1.67470777008657,9.06210524030297e-06,392,0.984968811334459,0.976576572394199,61,392,FALSE,FALSE
GOBP_REGULATION_OF_NEURON_PROJECTION_REGENERATION,GO:BP,-1.0943600808059,0.442574838583447,28,1,0.896529312361887,4,28,FALSE,FALSE
GOBP_REGULATION_OF_NEUROTRANSMITTER_RECEPTOR_ACTIVITY,GO:BP,1.79416888416456,0.0145660864456658,29,1,0.86561450848734,4,29,TRUE,FALSE
GOBP_REGULATION_OF_NEUROTRANSMITTER_RECEPTOR_LOCALIZATION_TO_POSTSYNAPTIC_SPECIALIZATION_MEMBRANE,GO:BP,-1.05054830542841,0.517374724743542,19,0.164778477597013,2.31210191082803,7,19,FALSE,FALSE
GOBP_REGULATION_OF_NEUROTRANSMITTER_SECRETION,GO:BP,-1.00465599817194,0.555196121420712,79,0.240338452367709,1.50934681701432,19,79,FALSE,FALSE
GOBP_REGULATION_OF_NEUROTRANSMITTER_TRANSPORT,GO:BP,-1.30131574404129,0.111467358842072,95,0.24615437055853,1.4533212010919,22,95,FALSE,FALSE
GOBP_REGULATION_OF_NEUROTRANSMITTER_UPTAKE,GO:BP,-1.85857971064704,0.0224042840809332,17,0.937040972683617,1.1074773858588,3,17,FALSE,FALSE
GOBP_REGULATION_OF_NEUROTROPHIN_TRK_RECEPTOR_SIGNALING_PATHWAY,GO:BP,-1.4494409759087,0.162320977840996,10,0.594213709778933,1.88271155595996,3,10,FALSE,FALSE
GOBP_REGULATION_OF_NEUTROPHIL_ACTIVATION,GO:BP,1.16093771041121,0.370177346747636,11,1,0.570518653321201,1,11,FALSE,FALSE
GOBP_REGULATION_OF_NEUTROPHIL_CHEMOTAXIS,GO:BP,1.12401038131278,0.393065638647397,31,1,0.809768411165576,4,31,FALSE,FALSE
GOBP_REGULATION_OF_NEUTROPHIL_MIGRATION,GO:BP,1.16728100744377,0.329084585961305,43,0.944829045454405,1.02162642571471,7,43,FALSE,FALSE
GOBP_REGULATION_OF_NITRIC_OXIDE_METABOLIC_PROCESS,GO:BP,1.18086977204034,0.297094172332074,59,0.777355997263282,1.17004672969263,11,59,FALSE,FALSE
GOBP_REGULATION_OF_NK_T_CELL_ACTIVATION,GO:BP,1.66039150975441,0.0732614469423197,10,0.117262721583506,3.13785259326661,5,10,FALSE,FALSE
GOBP_REGULATION_OF_NON_CANONICAL_NF_KAPPAB_SIGNAL_TRANSDUCTION,GO:BP,1.52550346484272,0.0542604384671245,91,0.594213709778933,1.24134827865492,18,91,FALSE,FALSE
GOBP_REGULATION_OF_NON_CANONICAL_WNT_SIGNALING_PATHWAY,GO:BP,-1.39286801365599,0.158884830527956,24,0.77384671492533,1.30743858052775,5,24,FALSE,FALSE
GOBP_REGULATION_OF_NOTCH_SIGNALING_PATHWAY,GO:BP,-1.03617093114107,0.481714723000344,89,1,0.705135414217215,10,89,FALSE,FALSE
GOBP_REGULATION_OF_NUCLEAR_CELL_CYCLE_DNA_REPLICATION,GO:BP,0.773408993699007,0.835538380223553,14,1,0.896529312361887,2,14,FALSE,FALSE
GOBP_REGULATION_OF_NUCLEAR_DIVISION,GO:BP,2.41327904110056,5.71075224596775e-11,141,5.08568093867751e-06,2.18091882368885,49,141,TRUE,TRUE
GOBP_REGULATION_OF_NUCLEAR_TRANSCRIBED_MRNA_CATABOLIC_PROCESS_DEADENYLATION_DEPENDENT_DECAY,GO:BP,1.28807109406464,0.244484629294756,21,,,,,FALSE,FALSE
GOBP_REGULATION_OF_NUCLEAR_TRANSCRIBED_MRNA_CATABOLIC_PROCESS_NONSENSE_MEDIATED_DECAY,GO:BP,1.46887371297987,0.135474335529447,16,,,,,FALSE,FALSE
GOBP_REGULATION_OF_NUCLEAR_TRANSCRIBED_MRNA_POLY_A_TAIL_SHORTENING,GO:BP,0.907932754788229,0.66659975351469,13,,,,,FALSE,FALSE
GOBP_REGULATION_OF_NUCLEOBASE_CONTAINING_COMPOUND_TRANSPORT,GO:BP,1.50604688662685,0.13238377227157,19,1,0.330300272975432,1,19,FALSE,FALSE
GOBP_REGULATION_OF_NUCLEOCYTOPLASMIC_TRANSPORT,GO:BP,1.55441984155785,0.0242053799424222,114,1,0.825750682438581,15,114,TRUE,FALSE
GOBP_REGULATION_OF_NUCLEOTIDE_BINDING_DOMAIN_LEUCINE_RICH_REPEAT_CONTAINING_RECEPTOR_SIGNALING_PATHWAY,GO:BP,0.837443142508457,0.758950031625553,14,0.825631269028654,1.34479396854283,3,14,FALSE,FALSE
GOBP_REGULATION_OF_NUCLEOTIDE_BIOSYNTHETIC_PROCESS,GO:BP,1.02539037656156,0.544365533824149,14,0.825631269028654,1.34479396854283,3,14,FALSE,FALSE
GOBP_REGULATION_OF_NUCLEOTIDE_EXCISION_REPAIR,GO:BP,-0.655330335618331,0.961887688297703,28,,,,,FALSE,FALSE
GOBP_REGULATION_OF_NUCLEOTIDE_METABOLIC_PROCESS,GO:BP,0.883463563361355,0.746300191295576,70,0.970395233708437,0.986182243598076,11,70,FALSE,FALSE
GOBP_REGULATION_OF_ODONTOBLAST_DIFFERENTIATION,GO:BP,-0.798094879015798,0.790864073694619,10,,,,,FALSE,FALSE
GOBP_REGULATION_OF_ODONTOGENESIS,GO:BP,-0.960177575900108,0.586544242073388,15,1,0.418380345768881,1,15,FALSE,FALSE
GOBP_REGULATION_OF_OLIGODENDROCYTE_DIFFERENTIATION,GO:BP,-1.01031043170211,0.558702377795457,34,0.906741278758732,1.1074773858588,6,34,FALSE,FALSE
GOBP_REGULATION_OF_OPSONIZATION,GO:BP,0.973229126620493,0.609436634595072,12,0.719442465053918,1.5689262966333,3,12,FALSE,FALSE
GOBP_REGULATION_OF_ORGANELLE_ASSEMBLY,GO:BP,0.916166048256232,0.742585444120784,240,1,0.313785259326661,12,240,FALSE,FALSE
GOBP_REGULATION_OF_ORGANIC_ACID_TRANSPORT,GO:BP,-1.07772428689369,0.405520094562648,57,0.966399024164061,0.990900818926297,9,57,FALSE,FALSE
GOBP_REGULATION_OF_ORGAN_GROWTH,GO:BP,-1.30051349583895,0.155567855605351,76,0.626394367676962,1.23862602365787,15,76,FALSE,FALSE
GOBP_REGULATION_OF_OSSIFICATION,GO:BP,-1.64471443802821,0.0100371357387062,112,0.0627568626936963,1.62495937865592,29,112,FALSE,FALSE
GOBP_REGULATION_OF_OSTEOBLAST_DIFFERENTIATION,GO:BP,-1.50562294267577,0.0176456207961864,123,0.831189429132839,1.07146186111543,21,123,FALSE,FALSE
GOBP_REGULATION_OF_OSTEOBLAST_PROLIFERATION,GO:BP,-1.17900538732267,0.370177346747636,25,0.390446532360793,1.7571974522293,7,25,FALSE,FALSE
GOBP_REGULATION_OF_OSTEOCLAST_DEVELOPMENT,GO:BP,1.4241862037817,0.166597023587448,10,0.594213709778933,1.88271155595996,3,10,FALSE,FALSE
GOBP_REGULATION_OF_OSTEOCLAST_DIFFERENTIATION,GO:BP,1.54024873462916,0.067832456321451,61,0.408568153127978,1.44032578051582,14,61,FALSE,FALSE
GOBP_REGULATION_OF_OXIDATIVE_PHOSPHORYLATION,GO:BP,0.900564798177024,0.689151304052332,21,1,0.597686208241258,2,21,FALSE,FALSE
GOBP_REGULATION_OF_OXIDATIVE_STRESS_INDUCED_INTRINSIC_APOPTOTIC_SIGNALING_PATHWAY,GO:BP,1.17332634728963,0.331885739185736,39,0.986225827100299,0.965493105620494,6,39,FALSE,FALSE
GOBP_REGULATION_OF_OXIDOREDUCTASE_ACTIVITY,GO:BP,1.16539045086501,0.388074411520914,13,0.777355997263282,1.44823965843074,3,13,FALSE,FALSE
GOBP_REGULATION_OF_P38MAPK_CASCADE,GO:BP,1.56680386864133,0.067370903331137,37,0.181075873523002,1.86575019059096,11,37,FALSE,FALSE
GOBP_REGULATION_OF_PATTERN_RECOGNITION_RECEPTOR_SIGNALING_PATHWAY,GO:BP,1.92172121565851,3.29216591376451e-05,172,0.831189429132839,1.05811308377595,29,172,TRUE,FALSE
GOBP_REGULATION_OF_PEPTIDASE_ACTIVITY,GO:BP,1.78706567505551,0.0234393473126095,19,0.788586078744843,1.32120109190173,4,19,TRUE,FALSE
GOBP_REGULATION_OF_PEPTIDE_TRANSPORT,GO:BP,0.943508578867509,0.659312808618884,158,0.55559567973604,1.19158959237972,30,158,FALSE,FALSE
GOBP_REGULATION_OF_PEPTIDYL_SERINE_PHOSPHORYLATION,GO:BP,-0.934701031298367,0.644204762306993,28,1,0.896529312361887,4,28,FALSE,FALSE
GOBP_REGULATION_OF_PEPTIDYL_THREONINE_PHOSPHORYLATION,GO:BP,-1.2706927078745,0.283584259133812,12,0.978587630542299,1.0459508644222,2,12,FALSE,FALSE
GOBP_REGULATION_OF_PEPTIDYL_TYROSINE_PHOSPHORYLATION,GO:BP,1.31215050780987,0.165859161284864,75,0.172140328003147,1.58984531392175,19,75,FALSE,FALSE
GOBP_REGULATION_OF_PERK_MEDIATED_UNFOLDED_PROTEIN_RESPONSE,GO:BP,1.3024397642354,0.245105148658448,16,1,0.392231574158326,1,16,FALSE,FALSE
GOBP_REGULATION_OF_PEROXISOME_PROLIFERATOR_ACTIVATED_RECEPTOR_SIGNALING_PATHWAY,GO:BP,0.674038048142945,0.91791977217041,19,0.788586078744843,1.32120109190173,4,19,FALSE,FALSE
GOBP_REGULATION_OF_PH,GO:BP,1.19029934822284,0.282620761622875,96,0.579919469899798,1.24206665150137,19,96,FALSE,FALSE
GOBP_REGULATION_OF_PHAGOCYTOSIS,GO:BP,1.85685814840909,0.00160801629438415,91,0.471832128382354,1.31031207191353,19,91,TRUE,FALSE
GOBP_REGULATION_OF_PHOSPHATIDYLCHOLINE_METABOLIC_PROCESS,GO:BP,1.0322769853814,0.555196121420712,10,0.303676489292972,2.51028207461329,4,10,FALSE,FALSE
GOBP_REGULATION_OF_PHOSPHOLIPID_BIOSYNTHETIC_PROCESS,GO:BP,-0.848870262903943,0.728608733892969,16,1,0.392231574158326,1,16,FALSE,FALSE
GOBP_REGULATION_OF_PHOSPHOLIPID_METABOLIC_PROCESS,GO:BP,-1.09792628091172,0.450849567099567,32,0.978587630542299,0.980578935395814,5,32,FALSE,FALSE
GOBP_REGULATION_OF_PHOSPHORYLATION,GO:BP,1.65950453472998,3.47463980831622e-05,403,0.306355707692535,1.18350767785738,76,403,TRUE,FALSE
GOBP_REGULATION_OF_PIGMENTATION,GO:BP,0.72140256946022,0.888170426065163,14,1,0.448264656180944,1,14,FALSE,FALSE
GOBP_REGULATION_OF_PINOCYTOSIS,GO:BP,-1.25513175205451,0.290625044474349,12,,,,,FALSE,FALSE
GOBP_REGULATION_OF_PLASMA_LIPOPROTEIN_PARTICLE_LEVELS,GO:BP,1.28385226366012,0.186442483335996,70,0.0112491664556889,2.06201741843234,23,70,FALSE,TRUE
GOBP_REGULATION_OF_PLASMA_MEMBRANE_ORGANIZATION,GO:BP,0.896983373634327,0.701475747203651,17,0.937040972683617,1.1074773858588,3,17,FALSE,FALSE
GOBP_REGULATION_OF_PLASMINOGEN_ACTIVATION,GO:BP,1.38015146988149,0.181657565049791,18,0.752302801814948,1.39460115256294,4,18,FALSE,FALSE
GOBP_REGULATION_OF_PLATELET_ACTIVATION,GO:BP,1.12307191696545,0.393060921847731,50,1,0.87859872611465,7,50,FALSE,FALSE
GOBP_REGULATION_OF_PLATELET_AGGREGATION,GO:BP,1.52940333586412,0.0952873571675379,30,1,0.836760691537762,4,30,FALSE,FALSE
GOBP_REGULATION_OF_PLATELET_DERIVED_GROWTH_FACTOR_RECEPTOR_SIGNALING_PATHWAY,GO:BP,-1.28246676367234,0.245710800932672,25,0.113608939280015,2.25925386715196,9,25,FALSE,FALSE
GOBP_REGULATION_OF_POLYSACCHARIDE_BIOSYNTHETIC_PROCESS,GO:BP,-1.51493492269532,0.0871403501267328,34,1,0.738318257239201,4,34,FALSE,FALSE
GOBP_REGULATION_OF_POLYSACCHARIDE_METABOLIC_PROCESS,GO:BP,-1.39615133911917,0.148702706791988,41,1,0.612263920637387,4,41,FALSE,FALSE
GOBP_REGULATION_OF_POSITIVE_CHEMOTAXIS,GO:BP,-1.5089356329953,0.118468198693395,24,0.77384671492533,1.30743858052775,5,24,FALSE,FALSE
GOBP_REGULATION_OF_POSTSYNAPSE_ASSEMBLY,GO:BP,-1.18156949461537,0.328380098717271,42,1,0.597686208241258,4,42,FALSE,FALSE
GOBP_REGULATION_OF_POSTSYNAPSE_ORGANIZATION,GO:BP,-1.03563420699236,0.498983308477687,133,1,0.943715065644092,20,133,FALSE,FALSE
GOBP_REGULATION_OF_POSTSYNAPTIC_DENSITY_ASSEMBLY,GO:BP,-1.02686420790289,0.530970908542789,15,1,0.418380345768881,1,15,FALSE,FALSE
GOBP_REGULATION_OF_POSTSYNAPTIC_DENSITY_ORGANIZATION,GO:BP,-0.80829035970836,0.820757428018772,20,1,0.627570518653321,2,20,FALSE,FALSE
GOBP_REGULATION_OF_POSTSYNAPTIC_MEMBRANE_NEUROTRANSMITTER_RECEPTOR_LEVELS,GO:BP,-1.35036297728754,0.0942289360678639,103,0.906741278758732,1.03579600166082,17,103,FALSE,FALSE
GOBP_REGULATION_OF_POSTSYNAPTIC_MEMBRANE_POTENTIAL,GO:BP,-1.9248451512847,7.45267990655293e-05,120,0.0020313134225139,1.93500909918107,37,120,FALSE,TRUE
GOBP_REGULATION_OF_POSTSYNAPTIC_NEUROTRANSMITTER_RECEPTOR_INTERNALIZATION,GO:BP,-1.32018713982577,0.210822901879812,25,1,0.753084622383986,3,25,FALSE,FALSE
GOBP_REGULATION_OF_POSTSYNAPTIC_SPECIALIZATION_ASSEMBLY,GO:BP,-1.28648918126366,0.25797622102472,19,1,0.660600545950864,2,19,FALSE,FALSE
GOBP_REGULATION_OF_POST_TRANSLATIONAL_PROTEIN_MODIFICATION,GO:BP,1.64986232939301,0.00122215485573549,226,1,0.610909354441286,22,226,TRUE,FALSE
GOBP_REGULATION_OF_POTASSIUM_ION_TRANSMEMBRANE_TRANSPORT,GO:BP,-1.03956552745571,0.526014346821531,51,0.978587630542299,0.984424342985602,8,51,FALSE,FALSE
GOBP_REGULATION_OF_POTASSIUM_ION_TRANSPORT,GO:BP,-1.22027337428403,0.23425063477103,66,0.788586078744843,1.1410373066424,12,66,FALSE,FALSE
GOBP_REGULATION_OF_PRESYNAPSE_ORGANIZATION,GO:BP,-1.59058646955789,0.0470761241315791,26,0.430749153033336,1.68961293483586,7,26,FALSE,FALSE
GOBP_REGULATION_OF_PRESYNAPTIC_CYTOSOLIC_CALCIUM_ION_CONCENTRATION,GO:BP,0.797541474270874,0.804300851175851,12,0.201710248379816,2.61487716105551,5,12,FALSE,FALSE
GOBP_REGULATION_OF_PRESYNAPTIC_MEMBRANE_POTENTIAL,GO:BP,-1.7682222716244,0.0423485397069524,17,0.044017851570693,2.95327302895681,8,17,FALSE,TRUE
GOBP_REGULATION_OF_PRODUCTION_OF_MOLECULAR_MEDIATOR_OF_IMMUNE_RESPONSE,GO:BP,2.11403383684219,3.42196141070627e-07,154,0.189130658951966,1.38554530092292,34,154,TRUE,FALSE
GOBP_REGULATION_OF_PROGRAMMED_NECROTIC_CELL_DEATH,GO:BP,1.26929794325116,0.260019889251908,36,1,0.697300576281468,4,36,FALSE,FALSE
GOBP_REGULATION_OF_PROSTAGLANDIN_SECRETION,GO:BP,1.19474118336015,0.344323307155001,11,0.944829045454405,1.1410373066424,2,11,FALSE,FALSE
GOBP_REGULATION_OF_PROTEASOMAL_UBIQUITIN_DEPENDENT_PROTEIN_CATABOLIC_PROCESS,GO:BP,1.22777580023384,0.216084899629203,124,1,0.253052628489242,5,124,FALSE,FALSE
GOBP_REGULATION_OF_PROTEIN_BINDING,GO:BP,1.12558742648444,0.401396153858459,40,1,0.784463148316651,5,40,FALSE,FALSE
GOBP_REGULATION_OF_PROTEIN_CATABOLIC_PROCESS,GO:BP,1.37614804127908,0.0296997514813365,368,1,0.528659947778613,31,368,TRUE,FALSE
GOBP_REGULATION_OF_PROTEIN_CATABOLIC_PROCESS_IN_THE_VACUOLE,GO:BP,-1.21828252712443,0.331885739185736,11,0.655369444735246,1.7115559599636,3,11,FALSE,FALSE
GOBP_REGULATION_OF_PROTEIN_COMPLEX_STABILITY,GO:BP,0.929185635207389,0.650267967569053,14,,,,,FALSE,FALSE
GOBP_REGULATION_OF_PROTEIN_CONTAINING_COMPLEX_ASSEMBLY,GO:BP,1.25762369333225,0.106254742547425,400,1,0.831530937215651,53,400,FALSE,FALSE
GOBP_REGULATION_OF_PROTEIN_CONTAINING_COMPLEX_DISASSEMBLY,GO:BP,-1.12834816383245,0.299041290538282,125,1,0.652673339399454,13,125,FALSE,FALSE
GOBP_REGULATION_OF_PROTEIN_DEACETYLATION,GO:BP,-1.43363676625255,0.150022192632046,18,1,0.348650288140734,1,18,FALSE,FALSE
GOBP_REGULATION_OF_PROTEIN_DEPOLYMERIZATION,GO:BP,-1.34893524165719,0.127027181472341,88,1,0.855777979981802,12,88,FALSE,FALSE
GOBP_REGULATION_OF_PROTEIN_DEUBIQUITINATION,GO:BP,1.58516757998364,0.106877829015486,10,1,0.627570518653321,1,10,FALSE,FALSE
GOBP_REGULATION_OF_PROTEIN_EXIT_FROM_ENDOPLASMIC_RETICULUM,GO:BP,0.74000674669745,0.894043908258293,31,1,0.404884205582788,2,31,FALSE,FALSE
GOBP_REGULATION_OF_PROTEIN_EXPORT_FROM_NUCLEUS,GO:BP,1.29442411366384,0.220255774581378,34,1,0.738318257239201,4,34,FALSE,FALSE
GOBP_REGULATION_OF_PROTEIN_FOLDING,GO:BP,1.25395825647181,0.286848430900429,12,,,,,FALSE,FALSE
GOBP_REGULATION_OF_PROTEIN_IMPORT_INTO_NUCLEUS,GO:BP,1.32686151643666,0.155906042830422,60,1,0.941355777979982,9,60,FALSE,FALSE
GOBP_REGULATION_OF_PROTEIN_K63_LINKED_UBIQUITINATION,GO:BP,1.64268050713093,0.0815472196090188,13,1,0.965493105620494,2,13,FALSE,FALSE
GOBP_REGULATION_OF_PROTEIN_LIPIDATION,GO:BP,-1.38455527484818,0.209332526345253,10,0.906741278758732,1.25514103730664,2,10,FALSE,FALSE
GOBP_REGULATION_OF_PROTEIN_LOCALIZATION_TO_CELL_PERIPHERY,GO:BP,-1.05254311980828,0.46809786557106,149,1,0.926614188615642,22,149,FALSE,FALSE
GOBP_REGULATION_OF_PROTEIN_LOCALIZATION_TO_CELL_SURFACE,GO:BP,-0.808426898803831,0.8423873218483,40,0.719442465053918,1.25514103730664,8,40,FALSE,FALSE
GOBP_REGULATION_OF_PROTEIN_LOCALIZATION_TO_CENTROSOME,GO:BP,0.478704952936379,0.985762794751559,12,,,,,FALSE,FALSE
GOBP_REGULATION_OF_PROTEIN_LOCALIZATION_TO_CHROMATIN,GO:BP,1.64498502389913,0.0809185312357766,13,1,0.482746552810247,1,13,FALSE,FALSE
GOBP_REGULATION_OF_PROTEIN_LOCALIZATION_TO_CILIUM,GO:BP,-1.13522054073745,0.433908567597636,10,,,,,FALSE,FALSE
GOBP_REGULATION_OF_PROTEIN_LOCALIZATION_TO_ENDOSOME,GO:BP,1.18926306974775,0.368808567603748,14,0.55559567973604,1.79305862472377,4,14,FALSE,FALSE
GOBP_REGULATION_OF_PROTEIN_LOCALIZATION_TO_MEMBRANE,GO:BP,-1.17771163123409,0.232058420301614,164,0.812509594366598,1.07146186111543,28,164,FALSE,FALSE
GOBP_REGULATION_OF_PROTEIN_LOCALIZATION_TO_NUCLEOLUS,GO:BP,1.79624507774008,0.0221473189637727,11,1,0.570518653321201,1,11,TRUE,FALSE
GOBP_REGULATION_OF_PROTEIN_LOCALIZATION_TO_NUCLEUS,GO:BP,1.64490058308541,0.00471154571725445,141,1,0.756645306177763,17,141,TRUE,FALSE
GOBP_REGULATION_OF_PROTEIN_LOCALIZATION_TO_PLASMA_MEMBRANE,GO:BP,-0.896292971418441,0.799188504776887,114,1,0.71565059144677,13,114,FALSE,FALSE
GOBP_REGULATION_OF_PROTEIN_LOCALIZATION_TO_SYNAPSE,GO:BP,0.976770566863683,0.600537069438437,29,0.207308535086846,1.94763264409651,9,29,FALSE,FALSE
GOBP_REGULATION_OF_PROTEIN_MATURATION,GO:BP,1.04015985603097,0.528062043226688,57,0.719442465053918,1.21110100090992,11,57,FALSE,FALSE
GOBP_REGULATION_OF_PROTEIN_NEDDYLATION,GO:BP,1.54779386087882,0.11817433017801,17,1,0.738318257239201,2,17,FALSE,FALSE
GOBP_REGULATION_OF_PROTEIN_POLYMERIZATION,GO:BP,-1.25398789066923,0.163101363083141,185,1,0.746300076236382,22,185,FALSE,FALSE
GOBP_REGULATION_OF_PROTEIN_POLYUBIQUITINATION,GO:BP,1.80870147225094,0.0221118549695456,25,0.978587630542299,1.00411282984531,4,25,TRUE,FALSE
GOBP_REGULATION_OF_PROTEIN_SECRETION,GO:BP,-1.14986169037546,0.238204942764713,215,0.831189429132839,1.0508157521637,36,215,FALSE,FALSE
GOBP_REGULATION_OF_PROTEIN_SERINE_THREONINE_KINASE_ACTIVITY,GO:BP,1.9101184167531,0.000152881234222899,116,0.24615437055853,1.40662357629193,26,116,TRUE,FALSE
GOBP_REGULATION_OF_PROTEIN_STABILITY,GO:BP,1.30275606655044,0.106071375092774,352,1,0.481375113739763,27,352,FALSE,FALSE
GOBP_REGULATION_OF_PROTEIN_SUMOYLATION,GO:BP,0.800263744044757,0.811130634345753,21,1,0.298843104120629,1,21,FALSE,FALSE
GOBP_REGULATION_OF_PROTEIN_TARGETING,GO:BP,1.29241813309853,0.182902914992943,73,1,0.687748513592681,8,73,FALSE,FALSE
GOBP_REGULATION_OF_PROTEIN_TARGETING_TO_MEMBRANE,GO:BP,1.07234216105164,0.467437767161177,32,0.831189429132839,1.17669472247498,6,32,FALSE,FALSE
GOBP_REGULATION_OF_PROTEIN_TRANSPORT,GO:BP,1.09090427079977,0.344323307155001,383,1,0.835668314655858,51,383,FALSE,FALSE
GOBP_REGULATION_OF_PROTEIN_TYROSINE_KINASE_ACTIVITY,GO:BP,1.28484367253328,0.252122022737795,21,1,0.597686208241258,2,21,FALSE,FALSE
GOBP_REGULATION_OF_PROTEIN_UBIQUITINATION,GO:BP,1.53979344226006,0.0130142023301792,178,1,0.634621872795493,18,178,TRUE,FALSE
GOBP_REGULATION_OF_PROTEOLYSIS,GO:BP,1.78520790547131,1.00285539701444e-06,376,1,0.66762821133332,40,376,TRUE,FALSE
GOBP_REGULATION_OF_PROTEOLYSIS_INVOLVED_IN_PROTEIN_CATABOLIC_PROCESS,GO:BP,1.69056334906485,0.000366226964955854,249,1,0.403258164596512,16,249,TRUE,FALSE
GOBP_REGULATION_OF_RAC_PROTEIN_SIGNAL_TRANSDUCTION,GO:BP,-0.904544203629725,0.732554718556073,38,1,0.660600545950864,4,38,FALSE,FALSE
GOBP_REGULATION_OF_RAS_PROTEIN_SIGNAL_TRANSDUCTION,GO:BP,0.785809702433775,0.872281786794499,51,1,0.738318257239201,6,51,FALSE,FALSE
GOBP_REGULATION_OF_REACTIVE_OXYGEN_SPECIES_BIOSYNTHETIC_PROCESS,GO:BP,1.48888133618269,0.0888807382072457,41,0.430749153033336,1.53065980159347,10,41,FALSE,FALSE
GOBP_REGULATION_OF_REACTIVE_OXYGEN_SPECIES_METABOLIC_PROCESS,GO:BP,1.79028798428683,0.00110985887657391,135,0.367902175932515,1.30162774239207,28,135,TRUE,FALSE
GOBP_REGULATION_OF_RECEPTOR_CATABOLIC_PROCESS,GO:BP,1.21480532282796,0.348696608825063,13,0.777355997263282,1.44823965843074,3,13,FALSE,FALSE
GOBP_REGULATION_OF_RECEPTOR_CLUSTERING,GO:BP,-1.28524826271571,0.256824411480168,17,0.937040972683617,1.1074773858588,3,17,FALSE,FALSE
GOBP_REGULATION_OF_RECEPTOR_INTERNALIZATION,GO:BP,-1.22665131293377,0.225544619384826,72,1,0.871625720351835,10,72,FALSE,FALSE
GOBP_REGULATION_OF_RECEPTOR_LOCALIZATION_TO_SYNAPSE,GO:BP,-1.29617269753977,0.195570630486832,30,0.398324147552931,1.67352138307552,8,30,FALSE,FALSE
GOBP_REGULATION_OF_RECEPTOR_MEDIATED_ENDOCYTOSIS,GO:BP,0.91182178756899,0.720872081988992,113,1,0.833058210601754,15,113,FALSE,FALSE
GOBP_REGULATION_OF_RECEPTOR_RECYCLING,GO:BP,0.825911186371881,0.800327772556391,24,1,0.522975432211101,2,24,FALSE,FALSE
GOBP_REGULATION_OF_RECEPTOR_SIGNALING_PATHWAY_VIA_JAK_STAT,GO:BP,1.74833029337866,0.0116800588548214,66,0.0762698032840671,1.8066424021838,19,66,TRUE,FALSE
GOBP_REGULATION_OF_RECEPTOR_SIGNALING_PATHWAY_VIA_STAT,GO:BP,1.67854426768154,0.0139310535057525,77,0.017310337474269,1.95606395424412,24,77,TRUE,TRUE
GOBP_REGULATION_OF_REGULATED_SECRETORY_PATHWAY,GO:BP,1.07786777984649,0.425616742035722,116,0.719442465053918,1.13611904238963,21,116,FALSE,FALSE
GOBP_REGULATION_OF_REGULATORY_NCRNA_PROCESSING,GO:BP,0.955624526261918,0.614692191837613,13,0.777355997263282,1.44823965843074,3,13,FALSE,FALSE
GOBP_REGULATION_OF_RELAXATION_OF_MUSCLE,GO:BP,-0.918681097209777,0.641051034441521,15,0.355067484635544,2.0919017288444,5,15,FALSE,FALSE
GOBP_REGULATION_OF_RELEASE_OF_CYTOCHROME_C_FROM_MITOCHONDRIA,GO:BP,2.07240001816277,0.000267833033362289,42,0.614809484952366,1.34479396854283,9,42,TRUE,FALSE
GOBP_REGULATION_OF_RELEASE_OF_SEQUESTERED_CALCIUM_ION_INTO_CYTOSOL,GO:BP,-1.18644956974239,0.26996709170256,72,0.546065307701476,1.30743858052775,15,72,FALSE,FALSE
GOBP_REGULATION_OF_RELEASE_OF_SEQUESTERED_CALCIUM_ION_INTO_CYTOSOL_BY_SARCOPLASMIC_RETICULUM,GO:BP,-1.60599181725112,0.0582201952475487,34,0.364288399923891,1.6612160787882,9,34,FALSE,FALSE
GOBP_REGULATION_OF_RENAL_SYSTEM_PROCESS,GO:BP,-1.60301330495423,0.0587875814935286,20,0.594213709778933,1.5689262966333,5,20,FALSE,FALSE
GOBP_REGULATION_OF_REPRODUCTIVE_PROCESS,GO:BP,1.49862511294969,0.0370875079959967,145,0.206782708222299,1.38498321357974,32,145,TRUE,FALSE
GOBP_REGULATION_OF_RESPIRATORY_BURST,GO:BP,1.70968518414571,0.05479413695134,18,0.752302801814948,1.39460115256294,4,18,FALSE,FALSE
GOBP_REGULATION_OF_RESPIRATORY_GASEOUS_EXCHANGE,GO:BP,-1.3039827585023,0.258549599805967,16,1,0.784463148316652,2,16,FALSE,FALSE
GOBP_REGULATION_OF_RESPIRATORY_SYSTEM_PROCESS,GO:BP,-1.40825873659555,0.206087561255681,12,0.978587630542299,1.0459508644222,2,12,FALSE,FALSE
GOBP_REGULATION_OF_RESPONSE_TO_CYTOKINE_STIMULUS,GO:BP,2.29094268972356,6.37139939783615e-10,179,0.520352805587691,1.1920333873862,34,179,TRUE,FALSE
GOBP_REGULATION_OF_RESPONSE_TO_ENDOPLASMIC_RETICULUM_STRESS,GO:BP,-0.749261335383223,0.958299390550119,92,1,0.341070934050718,5,92,FALSE,FALSE
GOBP_REGULATION_OF_RESPONSE_TO_FOOD,GO:BP,-1.31463882077983,0.280121170553269,10,0.906741278758732,1.25514103730664,2,10,FALSE,FALSE
GOBP_REGULATION_OF_RESPONSE_TO_NUTRIENT_LEVELS,GO:BP,-1.57316938267273,0.107885760051342,23,0.9287787116854,1.0914269889623,4,23,FALSE,FALSE
GOBP_REGULATION_OF_RESPONSE_TO_OSMOTIC_STRESS,GO:BP,-1.15997179491485,0.373348353207026,14,0.825631269028654,1.34479396854283,3,14,FALSE,FALSE
GOBP_REGULATION_OF_RESPONSE_TO_OXIDATIVE_STRESS,GO:BP,1.21175321607834,0.29972150874519,31,0.610175830929717,1.41709471953976,7,31,FALSE,FALSE
GOBP_REGULATION_OF_RESPONSE_TO_REACTIVE_OXYGEN_SPECIES,GO:BP,1.58823756096301,0.104718604600161,10,0.594213709778933,1.88271155595996,3,10,FALSE,FALSE
GOBP_REGULATION_OF_RESPONSE_TO_TUMOR_CELL,GO:BP,1.73694315109183,0.0329483936115925,28,0.703534865988356,1.34479396854283,6,28,TRUE,FALSE
GOBP_REGULATION_OF_RESPONSE_TO_TYPE_II_INTERFERON,GO:BP,1.6331914122481,0.0983258120123314,14,0.55559567973604,1.79305862472377,4,14,FALSE,FALSE
GOBP_REGULATION_OF_RESPONSE_TO_WOUNDING,GO:BP,-1.16213657462516,0.25838610673512,143,0.777355997263282,1.09715125638693,25,143,FALSE,FALSE
GOBP_REGULATION_OF_RESTING_MEMBRANE_POTENTIAL,GO:BP,1.19488832300389,0.344323307155001,11,0.157795262997224,2.85259326660601,5,11,FALSE,FALSE
GOBP_REGULATION_OF_RETINOIC_ACID_RECEPTOR_SIGNALING_PATHWAY,GO:BP,1.27589314989047,0.268524298251622,13,1,0.965493105620494,2,13,FALSE,FALSE
GOBP_REGULATION_OF_RETROGRADE_PROTEIN_TRANSPORT_ER_TO_CYTOSOL,GO:BP,-0.692978917760594,0.91065505916228,13,1,0.482746552810247,1,13,FALSE,FALSE
GOBP_REGULATION_OF_RHO_PROTEIN_SIGNAL_TRANSDUCTION,GO:BP,-1.02950602770072,0.516566392847105,83,1,0.37805452930923,5,83,FALSE,FALSE
GOBP_REGULATION_OF_RIG_I_SIGNALING_PATHWAY,GO:BP,1.8917145807313,0.0161285023300224,18,0.506693934048772,1.74325144070367,5,18,TRUE,FALSE
GOBP_REGULATION_OF_RNA_SPLICING,GO:BP,1.41033329928582,0.0731018897617327,184,1,0.341070934050718,10,184,FALSE,FALSE
GOBP_REGULATION_OF_RRNA_PROCESSING,GO:BP,1.72195522734385,0.0518252373106068,17,,,,,FALSE,FALSE
GOBP_REGULATION_OF_RUFFLE_ASSEMBLY,GO:BP,-1.02839715116917,0.548361987030643,30,1,0.20919017288444,1,30,FALSE,FALSE
GOBP_REGULATION_OF_SECONDARY_METABOLIC_PROCESS,GO:BP,1.81800544149889,0.017903186650474,19,0.331528691535675,1.98180163785259,6,19,TRUE,FALSE
GOBP_REGULATION_OF_SENSORY_PERCEPTION,GO:BP,1.00557292301555,0.578670480537894,10,0.303676489292972,2.51028207461329,4,10,FALSE,FALSE
GOBP_REGULATION_OF_SHORT_TERM_NEURONAL_SYNAPTIC_PLASTICITY,GO:BP,-1.6017022250104,0.103990233253031,12,0.978587630542299,1.0459508644222,2,12,FALSE,FALSE
GOBP_REGULATION_OF_SIGNALING_RECEPTOR_ACTIVITY,GO:BP,1.56409179442851,0.0786563937085233,49,1,0.896529312361887,7,49,FALSE,FALSE
GOBP_REGULATION_OF_SIGNAL_TRANSDUCTION_BY_P53_CLASS_MEDIATOR,GO:BP,1.70462383735913,0.00722629575823079,111,1,0.565378845633623,10,111,TRUE,FALSE
GOBP_REGULATION_OF_SISTER_CHROMATID_COHESION,GO:BP,1.30689965556931,0.232098572741619,17,1,0.738318257239201,2,17,FALSE,FALSE
GOBP_REGULATION_OF_SISTER_CHROMATID_SEGREGATION,GO:BP,2.4513512924564,4.65359233845376e-10,111,0.0576379220052462,1.63959865233751,29,111,TRUE,FALSE
GOBP_REGULATION_OF_SKELETAL_MUSCLE_CELL_DIFFERENTIATION,GO:BP,-1.21572817231325,0.315348765111644,21,1,0.896529312361887,3,21,FALSE,FALSE
GOBP_REGULATION_OF_SKELETAL_MUSCLE_CELL_PROLIFERATION,GO:BP,1.19812291993103,0.3584648713412,13,0.499747367215725,1.93098621124099,4,13,FALSE,FALSE
GOBP_REGULATION_OF_SKELETAL_MUSCLE_CONTRACTION,GO:BP,-1.5433093083913,0.132564018244774,15,0.164778477597013,2.51028207461329,6,15,FALSE,FALSE
GOBP_REGULATION_OF_SKELETAL_MUSCLE_TISSUE_DEVELOPMENT,GO:BP,-1.92424737301962,0.0132497283774006,17,1,0.738318257239201,2,17,FALSE,FALSE
GOBP_REGULATION_OF_SMAD_PROTEIN_SIGNAL_TRANSDUCTION,GO:BP,-1.88203213076274,0.00327214304642528,58,0.745940894155388,1.19021994917009,11,58,FALSE,FALSE
GOBP_REGULATION_OF_SMALL_GTPASE_MEDIATED_SIGNAL_TRANSDUCTION,GO:BP,-1.17789901826241,0.138236329641965,307,1,0.470166838079036,23,307,FALSE,FALSE
GOBP_REGULATION_OF_SMALL_MOLECULE_METABOLIC_PROCESS,GO:BP,1.071666409763,0.401762558832005,298,0.103085572755045,1.32674304279058,63,298,FALSE,FALSE
GOBP_REGULATION_OF_SMOOTHENED_SIGNALING_PATHWAY,GO:BP,-1.56098102972328,0.030159194420172,83,1,0.529276341032922,7,83,FALSE,FALSE
GOBP_REGULATION_OF_SMOOTH_MUSCLE_CELL_DIFFERENTIATION,GO:BP,-1.65976263261943,0.0337606051544766,36,0.937040972683617,1.0459508644222,6,36,FALSE,FALSE
GOBP_REGULATION_OF_SMOOTH_MUSCLE_CONTRACTION,GO:BP,-2.02304085171235,0.000670389248041503,46,0.0574377528364345,2.04642560430431,15,46,FALSE,FALSE
GOBP_REGULATION_OF_SNARE_COMPLEX_ASSEMBLY,GO:BP,-1.42176400234258,0.174943436429136,14,1,0.448264656180944,1,14,FALSE,FALSE
GOBP_REGULATION_OF_SODIUM_ION_TRANSMEMBRANE_TRANSPORT,GO:BP,-1.80004794759133,0.0113326670686195,36,0.278919290825405,1.74325144070367,10,36,FALSE,FALSE
GOBP_REGULATION_OF_SODIUM_ION_TRANSPORT,GO:BP,-1.95490625342744,0.000708635139799472,66,0.399262216267636,1.426296633303,15,66,FALSE,FALSE
GOBP_REGULATION_OF_SPHINGOLIPID_BIOSYNTHETIC_PROCESS,GO:BP,-0.984119080787881,0.57728337236534,12,,,,,FALSE,FALSE
GOBP_REGULATION_OF_SPINDLE_ASSEMBLY,GO:BP,1.30334669459635,0.218351117150431,34,1,0.738318257239201,4,34,FALSE,FALSE
GOBP_REGULATION_OF_SPINDLE_CHECKPOINT,GO:BP,2.32032373383305,1.33588727852036e-05,31,0.036012254022514,2.42930523349673,12,31,TRUE,TRUE
GOBP_REGULATION_OF_SPINDLE_ORGANIZATION,GO:BP,1.52212019806517,0.0759352668277193,47,1,0.801153853599985,6,47,FALSE,FALSE
GOBP_REGULATION_OF_SPROUTING_ANGIOGENESIS,GO:BP,-0.932668655801901,0.669378755950987,42,0.932153828408139,1.0459508644222,7,42,FALSE,FALSE
GOBP_REGULATION_OF_STEM_CELL_DIFFERENTIATION,GO:BP,-0.794887756230872,0.903425407477871,74,1,0.50884096107026,6,74,FALSE,FALSE
GOBP_REGULATION_OF_STEM_CELL_DIVISION,GO:BP,0.597995927513419,0.968278813054702,11,1,0.570518653321201,1,11,FALSE,FALSE
GOBP_REGULATION_OF_STEM_CELL_POPULATION_MAINTENANCE,GO:BP,0.92018256044378,0.693855782230585,69,1,0.181904498160383,2,69,FALSE,FALSE
GOBP_REGULATION_OF_STEM_CELL_PROLIFERATION,GO:BP,0.944710993295347,0.652267241914255,35,0.908893334837639,1.07583517483427,6,35,FALSE,FALSE
GOBP_REGULATION_OF_STEROID_BIOSYNTHETIC_PROCESS,GO:BP,-1.29974949307118,0.162320977840996,70,0.874658233393114,1.07583517483427,12,70,FALSE,FALSE
GOBP_REGULATION_OF_STEROID_HORMONE_BIOSYNTHETIC_PROCESS,GO:BP,-1.51406737150401,0.147466940096094,17,1,0.738318257239201,2,17,FALSE,FALSE
GOBP_REGULATION_OF_STEROID_HORMONE_SECRETION,GO:BP,-1.58098046560114,0.0645444634492282,21,0.0508116707422462,2.68958793708566,9,21,FALSE,FALSE
GOBP_REGULATION_OF_STEROID_METABOLIC_PROCESS,GO:BP,-1.55327284849292,0.0180842541939684,95,0.117262721583506,1.58544131028207,24,95,FALSE,FALSE
GOBP_REGULATION_OF_STEROL_TRANSPORT,GO:BP,1.00684802138529,0.56114846336214,54,0.359721532327085,1.51081791527651,13,54,FALSE,FALSE
GOBP_REGULATION_OF_STORE_OPERATED_CALCIUM_ENTRY,GO:BP,-1.29408174706815,0.275298622117773,14,0.825631269028654,1.34479396854283,3,14,FALSE,FALSE
GOBP_REGULATION_OF_STRESS_ACTIVATED_PROTEIN_KINASE_SIGNALING_CASCADE,GO:BP,1.47904726259067,0.0816672744675488,38,0.978587630542299,0.990900818926297,6,38,FALSE,FALSE
GOBP_REGULATION_OF_STRIATED_MUSCLE_CELL_DIFFERENTIATION,GO:BP,-1.58715335603532,0.0329668173435022,70,1,0.537917587417133,6,70,FALSE,FALSE
GOBP_REGULATION_OF_STRIATED_MUSCLE_CONTRACTION,GO:BP,-1.78779902265016,0.0027978605911276,88,0.0120686009099867,1.92550045495905,27,88,FALSE,TRUE
GOBP_REGULATION_OF_SUBSTRATE_ADHESION_DEPENDENT_CELL_SPREADING,GO:BP,-1.13898703675585,0.308159046788176,55,1,0.684622383985441,6,55,FALSE,FALSE
GOBP_REGULATION_OF_SULFUR_METABOLIC_PROCESS,GO:BP,1.0522703029065,0.520893406382161,14,1,0.896529312361887,2,14,FALSE,FALSE
GOBP_REGULATION_OF_SUPEROXIDE_ANION_GENERATION,GO:BP,1.43457923422162,0.143142535033559,21,0.426982662077329,1.79305862472378,6,21,FALSE,FALSE
GOBP_REGULATION_OF_SUPEROXIDE_METABOLIC_PROCESS,GO:BP,1.73413583045791,0.026226366179085,31,0.268017021100583,1.82197892512255,9,31,TRUE,FALSE
GOBP_REGULATION_OF_SUPRAMOLECULAR_FIBER_ORGANIZATION,GO:BP,-1.37628873096089,0.0100488021197619,357,1,0.738318257239201,42,357,FALSE,FALSE
GOBP_REGULATION_OF_SYNAPSE_ASSEMBLY,GO:BP,-1.90296926941145,1.91832636595983e-05,168,0.443648409785006,1.2327278044976,33,168,FALSE,FALSE
GOBP_REGULATION_OF_SYNAPSE_MATURATION,GO:BP,-1.38002749066613,0.150301154322679,27,0.290924701964477,1.85946820341725,8,27,FALSE,FALSE
GOBP_REGULATION_OF_SYNAPSE_PRUNING,GO:BP,-0.803997839401302,0.786367099613664,10,1,0.627570518653321,1,10,FALSE,FALSE
GOBP_REGULATION_OF_SYNAPSE_STRUCTURE_OR_ACTIVITY,GO:BP,-1.58955196934082,0.000200740597755635,300,0.314246214589289,1.21330300272975,58,300,FALSE,FALSE
GOBP_REGULATION_OF_SYNAPTIC_ASSEMBLY_AT_NEUROMUSCULAR_JUNCTION,GO:BP,-0.552049816748436,0.969746379534035,10,1,0.627570518653321,1,10,FALSE,FALSE
GOBP_REGULATION_OF_SYNAPTIC_PLASTICITY,GO:BP,-1.66233620158593,0.00157999428631704,191,1,0.95285576130609,29,191,FALSE,FALSE
GOBP_REGULATION_OF_SYNAPTIC_TRANSMISSION_CHOLINERGIC,GO:BP,-1.55653836171962,0.137100349028873,11,0.367902175932515,2.2820746132848,4,11,FALSE,FALSE
GOBP_REGULATION_OF_SYNAPTIC_TRANSMISSION_GABAERGIC,GO:BP,-1.57278469797844,0.0550206906358969,31,0.430749153033336,1.61953682233115,8,31,FALSE,FALSE
GOBP_REGULATION_OF_SYNAPTIC_TRANSMISSION_GLUTAMATERGIC,GO:BP,-1.50522871785966,0.0568084268368369,54,0.503746108794939,1.39460115256294,12,54,FALSE,FALSE
GOBP_REGULATION_OF_SYNAPTIC_VESICLE_CYCLE,GO:BP,-0.96226128850338,0.585129387296033,15,1,0.418380345768881,1,15,FALSE,FALSE
GOBP_REGULATION_OF_SYNAPTIC_VESICLE_ENDOCYTOSIS,GO:BP,-0.982436701223422,0.588773239839741,21,1,0.597686208241258,2,21,FALSE,FALSE
GOBP_REGULATION_OF_SYNAPTIC_VESICLE_EXOCYTOSIS,GO:BP,1.04911549660552,0.507555265940443,45,0.396367637598825,1.53406126781923,11,45,FALSE,FALSE
GOBP_REGULATION_OF_SYNAPTIC_VESICLE_MEMBRANE_ORGANIZATION,GO:BP,-1.07202786557386,0.496865964929847,18,0.138214156280246,2.44055201698514,7,18,FALSE,FALSE
GOBP_REGULATION_OF_SYNAPTIC_VESICLE_PRIMING,GO:BP,-0.787194275318328,0.820049825059085,11,,,,,FALSE,FALSE
GOBP_REGULATION_OF_SYNAPTIC_VESICLE_RECYCLING,GO:BP,-1.06622399387772,0.491418282959068,26,1,0.482746552810247,2,26,FALSE,FALSE
GOBP_REGULATION_OF_SYNCYTIUM_FORMATION_BY_PLASMA_MEMBRANE_FUSION,GO:BP,-0.845558114908689,0.847171712569779,65,1,0.579295863372297,6,65,FALSE,FALSE
GOBP_REGULATION_OF_SYSTEMIC_ARTERIAL_BLOOD_PRESSURE,GO:BP,-1.56416783296513,0.0278174263850317,89,0.160097213508895,1.55129791127787,22,89,FALSE,FALSE
GOBP_REGULATION_OF_SYSTEMIC_ARTERIAL_BLOOD_PRESSURE_BY_CIRCULATORY_RENIN_ANGIOTENSIN,GO:BP,0.953751639325453,0.633882472826087,22,1,0.570518653321201,2,22,FALSE,FALSE
GOBP_REGULATION_OF_SYSTEMIC_ARTERIAL_BLOOD_PRESSURE_BY_RENIN_ANGIOTENSIN,GO:BP,-0.803396004793159,0.84590204822763,30,1,0.836760691537762,4,30,FALSE,FALSE
GOBP_REGULATION_OF_SYSTEMIC_ARTERIAL_BLOOD_PRESSURE_MEDIATED_BY_A_CHEMICAL_SIGNAL,GO:BP,-1.43957832608668,0.112980006754141,47,0.303676489292972,1.60230770719997,12,47,FALSE,FALSE
GOBP_REGULATION_OF_SYSTEM_PROCESS,GO:BP,-1.99871558469169,1.30460402749424e-12,478,2.87452385604806e-07,1.66739447424627,127,478,FALSE,TRUE
GOBP_REGULATION_OF_TELOMERASE_RNA_LOCALIZATION_TO_CAJAL_BODY,GO:BP,1.96638109324249,0.00427429025693049,12,,,,,TRUE,FALSE
GOBP_REGULATION_OF_TELOMERE_CAPPING,GO:BP,1.15377950222846,0.403794298730993,14,,,,,FALSE,FALSE
GOBP_REGULATION_OF_TELOMERE_MAINTENANCE,GO:BP,2.2037268831528,6.75881848688135e-07,110,1,0.285259326660601,5,110,TRUE,FALSE
GOBP_REGULATION_OF_TELOMERE_MAINTENANCE_IN_RESPONSE_TO_DNA_DAMAGE,GO:BP,1.52224103109233,0.122437240340321,19,,,,,FALSE,FALSE
GOBP_REGULATION_OF_TELOMERE_MAINTENANCE_VIA_TELOMERASE,GO:BP,2.04731322458766,0.000816049661683443,44,1,0.1426296633303,1,44,TRUE,FALSE
GOBP_REGULATION_OF_TELOMERE_MAINTENANCE_VIA_TELOMERE_LENGTHENING,GO:BP,2.23428049119564,2.03826038853666e-05,53,1,0.118409531821381,1,53,TRUE,FALSE
GOBP_REGULATION_OF_THE_FORCE_OF_HEART_CONTRACTION,GO:BP,-1.49654289892796,0.0978803870880285,21,0.0508116707422462,2.68958793708566,9,21,FALSE,FALSE
GOBP_REGULATION_OF_THYMOCYTE_APOPTOTIC_PROCESS,GO:BP,1.23453267757839,0.309747885640743,12,0.201710248379816,2.61487716105551,5,12,FALSE,FALSE
GOBP_REGULATION_OF_TISSUE_REMODELING,GO:BP,-0.861691223190033,0.810903284315485,64,0.354953568312942,1.47086840309372,15,64,FALSE,FALSE
GOBP_REGULATION_OF_TOLERANCE_INDUCTION,GO:BP,1.87894714735024,0.0098606892322626,20,0.373914079428919,1.88271155595996,6,20,TRUE,FALSE
GOBP_REGULATION_OF_TOLL_LIKE_RECEPTOR_2_SIGNALING_PATHWAY,GO:BP,1.42154600359796,0.169600635989525,11,0.655369444735246,1.7115559599636,3,11,FALSE,FALSE
GOBP_REGULATION_OF_TOLL_LIKE_RECEPTOR_3_SIGNALING_PATHWAY,GO:BP,0.885011125974372,0.700831711449948,11,1,0.570518653321201,1,11,FALSE,FALSE
GOBP_REGULATION_OF_TOLL_LIKE_RECEPTOR_4_SIGNALING_PATHWAY,GO:BP,1.40146827741739,0.155025297373363,29,0.359721532327085,1.73122901697468,8,29,FALSE,FALSE
GOBP_REGULATION_OF_TOLL_LIKE_RECEPTOR_9_SIGNALING_PATHWAY,GO:BP,0.991107879129907,0.580160111544688,13,0.777355997263282,1.44823965843074,3,13,FALSE,FALSE
GOBP_REGULATION_OF_TOLL_LIKE_RECEPTOR_SIGNALING_PATHWAY,GO:BP,1.88832002561396,0.00505356438945182,34,0.544976826914864,1.4766365144784,8,34,TRUE,FALSE
GOBP_REGULATION_OF_TORC2_SIGNALING,GO:BP,0.511786611595988,0.979632355322963,12,,,,,FALSE,FALSE
GOBP_REGULATION_OF_TRANSCRIPTION_BY_RNA_POLYMERASE_I,GO:BP,1.90404538717602,0.00283272942342485,42,,,,,TRUE,FALSE
GOBP_REGULATION_OF_TRANSCRIPTION_BY_RNA_POLYMERASE_III,GO:BP,1.0300896549041,0.532912097953216,33,1,0.380345768880801,2,33,FALSE,FALSE
GOBP_REGULATION_OF_TRANSCRIPTION_OF_NUCLEOLAR_LARGE_RRNA_BY_RNA_POLYMERASE_I,GO:BP,1.6956336000953,0.0471509750138507,11,,,,,TRUE,FALSE
GOBP_REGULATION_OF_TRANSCRIPTION_REGULATORY_REGION_DNA_BINDING,GO:BP,-0.902407569652839,0.672071369111884,12,0.978587630542299,1.0459508644222,2,12,FALSE,FALSE
GOBP_REGULATION_OF_TRANSFERASE_ACTIVITY,GO:BP,2.04823128572479,3.20556770339802e-09,280,0.551597295168206,1.14307487326141,51,280,TRUE,FALSE
GOBP_REGULATION_OF_TRANSFORMING_GROWTH_FACTOR_BETA1_PRODUCTION,GO:BP,0.768787416861414,0.841276665438316,14,1,0.896529312361887,2,14,FALSE,FALSE
GOBP_REGULATION_OF_TRANSLATION,GO:BP,1.75207769065336,1.33588727852036e-05,346,1,0.399033277756447,22,346,TRUE,FALSE
GOBP_REGULATION_OF_TRANSLATIONAL_ELONGATION,GO:BP,1.56030883392265,0.118479742515398,12,,,,,FALSE,FALSE
GOBP_REGULATION_OF_TRANSLATIONAL_FIDELITY,GO:BP,1.35372206948859,0.209397911575206,14,,,,,FALSE,FALSE
GOBP_REGULATION_OF_TRANSLATIONAL_INITIATION,GO:BP,1.8194875006974,0.00273241128395571,91,1,0.20689137977582,3,91,TRUE,FALSE
GOBP_REGULATION_OF_TRANSLATIONAL_INITIATION_IN_RESPONSE_TO_STRESS,GO:BP,1.38796995592324,0.210702242285008,11,,,,,FALSE,FALSE
GOBP_REGULATION_OF_TRANSLATION_IN_RESPONSE_TO_ENDOPLASMIC_RETICULUM_STRESS,GO:BP,1.30481793534271,0.252259663902418,10,,,,,FALSE,FALSE
GOBP_REGULATION_OF_TRANSLATION_IN_RESPONSE_TO_STRESS,GO:BP,1.55110294289374,0.0815472196090188,21,1,0.298843104120629,1,21,FALSE,FALSE
GOBP_REGULATION_OF_TRANSMEMBRANE_RECEPTOR_PROTEIN_SERINE_THREONINE_KINASE_SIGNALING_PATHWAY,GO:BP,-1.75037414323188,5.00285365491956e-05,249,0.868087644964407,1.03334904677856,41,249,FALSE,FALSE
GOBP_REGULATION_OF_TRANSMEMBRANE_TRANSPORT,GO:BP,-1.35209709136871,0.0170271741944957,353,0.331507256662576,1.191139511325,67,353,FALSE,FALSE
GOBP_REGULATION_OF_TRANSMEMBRANE_TRANSPORTER_ACTIVITY,GO:BP,1.15759333106154,0.324301602953157,81,0.944829045454405,1.00721194351768,13,81,FALSE,FALSE
GOBP_REGULATION_OF_TRANSMISSION_OF_NERVE_IMPULSE,GO:BP,-1.01312587251428,0.545690061418771,10,0.906741278758732,1.25514103730664,2,10,FALSE,FALSE
GOBP_REGULATION_OF_TRANS_SYNAPTIC_SIGNALING,GO:BP,-1.73735112185475,1.63006052260174e-07,448,0.00534837333522179,1.4148353210711,101,448,FALSE,TRUE
GOBP_REGULATION_OF_TRIGLYCERIDE_BIOSYNTHETIC_PROCESS,GO:BP,-1.02378791888053,0.556515156443595,19,0.984968811334459,0.990900818926297,3,19,FALSE,FALSE
GOBP_REGULATION_OF_TRIGLYCERIDE_CATABOLIC_PROCESS,GO:BP,0.726176083868814,0.876499323834349,13,0.499747367215725,1.93098621124099,4,13,FALSE,FALSE
GOBP_REGULATION_OF_TRIGLYCERIDE_METABOLIC_PROCESS,GO:BP,-1.22175847995303,0.271564231073595,40,0.398324147552931,1.5689262966333,10,40,FALSE,FALSE
GOBP_REGULATION_OF_TROPHOBLAST_CELL_MIGRATION,GO:BP,1.29311285307082,0.262676533530364,15,1,0.836760691537762,2,15,FALSE,FALSE
GOBP_REGULATION_OF_TUBE_SIZE,GO:BP,-1.54315127692069,0.0108653454472598,129,0.108560723054637,1.50811519986457,31,129,FALSE,FALSE
GOBP_REGULATION_OF_TUBULIN_DEACETYLATION,GO:BP,-1.5474624512437,0.131034989867322,15,1,0.418380345768881,1,15,FALSE,FALSE
GOBP_REGULATION_OF_TUMOR_NECROSIS_FACTOR_MEDIATED_SIGNALING_PATHWAY,GO:BP,1.99388192508919,0.000710409899721316,64,1,0.588347361237489,6,64,TRUE,FALSE
GOBP_REGULATION_OF_TYPE_2_IMMUNE_RESPONSE,GO:BP,1.24976565071321,0.255964415180558,29,0.553228151642349,1.51482538985284,7,29,FALSE,FALSE
GOBP_REGULATION_OF_TYPE_2_MITOPHAGY,GO:BP,1.20429398352071,0.340034502803353,10,1,0.627570518653321,1,10,FALSE,FALSE
GOBP_REGULATION_OF_TYPE_I_INTERFERON_MEDIATED_SIGNALING_PATHWAY,GO:BP,2.25495514909466,1.38617598707532e-05,41,0.430749153033336,1.53065980159347,10,41,TRUE,FALSE
GOBP_REGULATION_OF_TYROSINE_PHOSPHORYLATION_OF_STAT_PROTEIN,GO:BP,1.55758622754062,0.0980296197929761,28,0.0932137217894551,2.24132328090472,10,28,FALSE,FALSE
GOBP_REGULATION_OF_T_CELL_ACTIVATION,GO:BP,2.25001399398402,6.44982105636441e-16,372,0.0563025165575943,1.33274384337668,79,372,TRUE,FALSE
GOBP_REGULATION_OF_T_CELL_APOPTOTIC_PROCESS,GO:BP,1.4281692810825,0.1170582703857,34,0.0637265575191418,2.2149547717176,12,34,FALSE,FALSE
GOBP_REGULATION_OF_T_CELL_CHEMOTAXIS,GO:BP,2.01014113762801,0.00560618087222418,15,0.594213709778933,1.67352138307552,4,15,TRUE,FALSE
GOBP_REGULATION_OF_T_CELL_DIFFERENTIATION_IN_THYMUS,GO:BP,1.6265070106243,0.0674956003687683,24,0.35318075340106,1.83041401273885,7,24,FALSE,FALSE
GOBP_REGULATION_OF_T_CELL_MEDIATED_CYTOTOXICITY,GO:BP,1.86215101814178,0.00464551536607001,42,0.111441516833357,1.94248017678409,13,42,TRUE,FALSE
GOBP_REGULATION_OF_T_CELL_MEDIATED_IMMUNITY,GO:BP,2.11294964997841,1.86338831470733e-05,99,0.00461051624383125,1.96511980588414,31,99,TRUE,TRUE
GOBP_REGULATION_OF_T_CELL_MIGRATION,GO:BP,1.8760875050076,0.00395809899919385,48,0.923323045302578,1.0459508644222,8,48,TRUE,FALSE
GOBP_REGULATION_OF_T_CELL_RECEPTOR_SIGNALING_PATHWAY,GO:BP,2.2747565586369,5.74744679620395e-06,61,0.187119699845837,1.64608660630379,16,61,TRUE,FALSE
GOBP_REGULATION_OF_T_CELL_TOLERANCE_INDUCTION,GO:BP,1.66018852675906,0.0814968696032469,15,0.355067484635544,2.0919017288444,5,15,FALSE,FALSE
GOBP_REGULATION_OF_T_HELPER_17_CELL_DIFFERENTIATION,GO:BP,2.23465982739422,0.000166915399184356,25,0.0533483656670967,2.51028207461328,10,25,TRUE,FALSE
GOBP_REGULATION_OF_T_HELPER_17_CELL_LINEAGE_COMMITMENT,GO:BP,1.69150554404289,0.0657721572856849,13,0.250411825363178,2.41373276405124,5,13,FALSE,FALSE
GOBP_REGULATION_OF_T_HELPER_17_TYPE_IMMUNE_RESPONSE,GO:BP,2.38842671318721,3.96840149757097e-06,32,0.0189134426916267,2.54950523202912,13,32,TRUE,TRUE
GOBP_REGULATION_OF_T_HELPER_1_TYPE_IMMUNE_RESPONSE,GO:BP,1.93239445872956,0.00265595974004874,33,0.194705879028141,1.901728844404,10,33,TRUE,FALSE
GOBP_REGULATION_OF_T_HELPER_2_CELL_DIFFERENTIATION,GO:BP,0.486266120026752,0.988558352402746,11,,,,,FALSE,FALSE
GOBP_REGULATION_OF_T_HELPER_CELL_DIFFERENTIATION,GO:BP,2.05708106539429,0.000499566088724787,43,0.124238292956699,1.89730621918446,13,43,TRUE,FALSE
GOBP_REGULATION_OF_UBIQUITIN_DEPENDENT_PROTEIN_CATABOLIC_PROCESS,GO:BP,1.21263373318425,0.237913683355355,165,1,0.380345768880801,10,165,FALSE,FALSE
GOBP_REGULATION_OF_UBIQUITIN_PROTEIN_LIGASE_ACTIVITY,GO:BP,1.82731549624089,0.0191715633900434,10,0.117262721583506,3.13785259326661,5,10,TRUE,FALSE
GOBP_REGULATION_OF_UBIQUITIN_PROTEIN_TRANSFERASE_ACTIVITY,GO:BP,1.94220687524998,0.00984810140380639,18,0.290924701964477,2.0919017288444,6,18,TRUE,FALSE
GOBP_REGULATION_OF_UNSATURATED_FATTY_ACID_BIOSYNTHETIC_PROCESS,GO:BP,1.28791469073588,0.263928053891043,13,0.499747367215725,1.93098621124099,4,13,FALSE,FALSE
GOBP_REGULATION_OF_URINE_VOLUME,GO:BP,-0.80915469410826,0.787846973049763,18,1,0.697300576281468,2,18,FALSE,FALSE
GOBP_REGULATION_OF_VACUOLE_ORGANIZATION,GO:BP,0.607613799299883,0.98407451135653,57,,,,,FALSE,FALSE
GOBP_REGULATION_OF_VASCULAR_ASSOCIATED_SMOOTH_MUSCLE_CELL_DIFFERENTIATION,GO:BP,-1.26006537787243,0.301243498817967,14,1,0.896529312361887,2,14,FALSE,FALSE
GOBP_REGULATION_OF_VASCULAR_ASSOCIATED_SMOOTH_MUSCLE_CONTRACTION,GO:BP,-0.889117192046163,0.672271188419332,10,0.594213709778933,1.88271155595996,3,10,FALSE,FALSE
GOBP_REGULATION_OF_VASCULAR_ENDOTHELIAL_GROWTH_FACTOR_RECEPTOR_SIGNALING_PATHWAY,GO:BP,-1.3018043050533,0.195570630486832,30,1,0.836760691537762,4,30,FALSE,FALSE
GOBP_REGULATION_OF_VASCULAR_PERMEABILITY,GO:BP,-1.66132897047153,0.0194664591232186,48,1,0.915207006369427,7,48,FALSE,FALSE
GOBP_REGULATION_OF_VASCULATURE_DEVELOPMENT,GO:BP,-1.10336687392602,0.2689280417286,280,0.0557430478088988,1.38962043416093,62,280,FALSE,FALSE
GOBP_REGULATION_OF_VASCULOGENESIS,GO:BP,-1.4623715167604,0.137340915361799,18,1,0.348650288140734,1,18,FALSE,FALSE
GOBP_REGULATION_OF_VASOCONSTRICTION,GO:BP,-1.60215810752818,0.0273971537255453,55,0.0321274276943693,2.05386715195632,18,55,FALSE,TRUE
GOBP_REGULATION_OF_VENTRICULAR_CARDIAC_MUSCLE_CELL_ACTION_POTENTIAL,GO:BP,-0.959719932491754,0.619509669963222,12,0.430749153033336,2.0919017288444,4,12,FALSE,FALSE
GOBP_REGULATION_OF_VENTRICULAR_CARDIAC_MUSCLE_CELL_MEMBRANE_REPOLARIZATION,GO:BP,-1.57647355550493,0.0632265855435035,19,0.788586078744843,1.32120109190173,4,19,FALSE,FALSE
GOBP_REGULATION_OF_VESICLE_FUSION,GO:BP,-0.883727258417686,0.736569744554339,29,0.359721532327085,1.73122901697468,8,29,FALSE,FALSE
GOBP_REGULATION_OF_VESICLE_SIZE,GO:BP,-0.869165568318861,0.728501279580555,18,1,0.348650288140734,1,18,FALSE,FALSE
GOBP_REGULATION_OF_VIRAL_ENTRY_INTO_HOST_CELL,GO:BP,1.92264907454786,0.0116505690991258,17,0.937040972683617,1.1074773858588,3,17,TRUE,FALSE
GOBP_REGULATION_OF_VIRAL_GENOME_REPLICATION,GO:BP,2.597933136836,2.57135411703817e-10,70,0.112551618067915,1.70340569348759,19,70,TRUE,FALSE
GOBP_REGULATION_OF_VIRAL_LIFE_CYCLE,GO:BP,2.72727274972793,1.26661229593758e-13,100,0.117262721583506,1.5689262966333,25,100,TRUE,FALSE
GOBP_REGULATION_OF_VIRAL_PROCESS,GO:BP,2.66772408205896,2.24420283231857e-15,123,0.269719038198026,1.37759382143412,27,123,TRUE,FALSE
GOBP_REGULATION_OF_VIRAL_TRANSCRIPTION,GO:BP,1.75336037851075,0.0280781993378753,20,1,0.313785259326661,1,20,TRUE,FALSE
GOBP_REGULATION_OF_VITAMIN_D_RECEPTOR_SIGNALING_PATHWAY,GO:BP,-0.992983824507554,0.569798116356259,10,0.906741278758732,1.25514103730664,2,10,FALSE,FALSE
GOBP_REGULATION_OF_VOLTAGE_GATED_CALCIUM_CHANNEL_ACTIVITY,GO:BP,-0.91989288262473,0.657689912826899,12,0.719442465053918,1.5689262966333,3,12,FALSE,FALSE
GOBP_REGULATION_OF_WNT_SIGNALING_PATHWAY,GO:BP,-1.67573358594898,2.42363322673403e-05,312,0.925438243527865,1.00572198502135,50,312,FALSE,FALSE
GOBP_REGULATION_OF_WNT_SIGNALING_PATHWAY_PLANAR_CELL_POLARITY_PATHWAY,GO:BP,-1.8479342467005,0.0223883887139632,13,0.777355997263282,1.44823965843074,3,13,FALSE,FALSE
GOBP_REGULATION_OF_WOUND_HEALING,GO:BP,-1.19164908105945,0.234181630527231,108,0.962721081755926,0.987842483065413,17,108,FALSE,FALSE
GOBP_REGULATION_OF_XENOPHAGY,GO:BP,1.1903134347823,0.348933592456077,11,,,,,FALSE,FALSE
GOBP_REGULATORY_NCRNA_MEDIATED_GENE_SILENCING,GO:BP,1.57109545546073,0.0113018612657332,157,1,0.599589667503173,15,157,TRUE,FALSE
GOBP_REGULATORY_NCRNA_MEDIATED_HETEROCHROMATIN_FORMATION,GO:BP,1.20620675846295,0.35027158376215,20,1,0.941355777979982,3,20,FALSE,FALSE
GOBP_REGULATORY_NCRNA_PROCESSING,GO:BP,0.994037106501065,0.589972346980124,59,1,0.638207307105073,6,59,FALSE,FALSE
GOBP_REGULATORY_T_CELL_DIFFERENTIATION,GO:BP,2.10841289039385,0.000128706167745039,56,0.414818977723766,1.45686013258807,13,56,TRUE,FALSE
GOBP_RELAXATION_OF_CARDIAC_MUSCLE,GO:BP,-1.34161031492473,0.218643062582663,18,0.138214156280246,2.44055201698514,7,18,FALSE,FALSE
GOBP_RELAXATION_OF_MUSCLE,GO:BP,-1.22772366036955,0.282219017854185,31,0.150628381051794,2.02442102791394,10,31,FALSE,FALSE
GOBP_RELEASE_OF_CYTOCHROME_C_FROM_MITOCHONDRIA,GO:BP,2.1175876812515,0.000104652774664283,56,0.55559567973604,1.34479396854283,12,56,TRUE,FALSE
GOBP_RELEASE_OF_SEQUESTERED_CALCIUM_ION_INTO_CYTOSOL_BY_ENDOPLASMIC_RETICULUM,GO:BP,-1.36064921878642,0.155567855605351,41,0.167224041847327,1.83679176191216,12,41,FALSE,FALSE
GOBP_RENAL_ABSORPTION,GO:BP,-1.1807766207781,0.330037710899429,35,0.579919469899798,1.43444689977902,8,35,FALSE,FALSE
GOBP_RENAL_FILTRATION,GO:BP,-1.5517913408337,0.0997390514463454,30,1,0.836760691537762,4,30,FALSE,FALSE
GOBP_RENAL_SODIUM_EXCRETION,GO:BP,-1.69135614697937,0.0540340141683756,10,0.303676489292972,2.51028207461329,4,10,FALSE,FALSE
GOBP_RENAL_SODIUM_ION_TRANSPORT,GO:BP,0.840725682000756,0.745072632362417,13,0.777355997263282,1.44823965843074,3,13,FALSE,FALSE
GOBP_RENAL_SYSTEM_DEVELOPMENT,GO:BP,-1.90652557032264,1.36024456851812e-07,296,0.150779103008113,1.29330410938691,61,296,FALSE,FALSE
GOBP_RENAL_SYSTEM_PROCESS,GO:BP,-1.60830355545949,0.00848719277851351,126,0.406374003381626,1.29498678452273,26,126,FALSE,FALSE
GOBP_RENAL_SYSTEM_PROCESS_INVOLVED_IN_REGULATION_OF_BLOOD_VOLUME,GO:BP,-1.67546040766855,0.0674074176856738,13,1,0.965493105620494,2,13,FALSE,FALSE
GOBP_RENAL_SYSTEM_PROCESS_INVOLVED_IN_REGULATION_OF_SYSTEMIC_ARTERIAL_BLOOD_PRESSURE,GO:BP,-1.56779843909681,0.109057080471666,23,0.719442465053918,1.36428373620287,5,23,FALSE,FALSE
GOBP_RENAL_SYSTEM_VASCULATURE_DEVELOPMENT,GO:BP,-1.80830842741523,0.0171834710818662,30,1,0.418380345768881,2,30,FALSE,FALSE
GOBP_RENAL_TUBULAR_SECRETION,GO:BP,-1.56555182547391,0.127215061526107,14,0.303676489292972,2.24132328090472,5,14,FALSE,FALSE
GOBP_RENAL_TUBULE_DEVELOPMENT,GO:BP,-1.97151718382869,0.000320611156622409,86,0.188057689508049,1.53243963857206,21,86,FALSE,FALSE
GOBP_RENAL_VESICLE_DEVELOPMENT,GO:BP,-1.20168957899854,0.360687902688291,15,0.594213709778933,1.67352138307552,4,15,FALSE,FALSE
GOBP_RENAL_WATER_HOMEOSTASIS,GO:BP,-1.56502919976745,0.0937807703457235,30,0.944829045454405,1.0459508644222,5,30,FALSE,FALSE
GOBP_REPLACEMENT_OSSIFICATION,GO:BP,-1.10391509391679,0.436071112212509,28,0.906741278758732,1.12066164045236,5,28,FALSE,FALSE
GOBP_REPLICATIVE_SENESCENCE,GO:BP,1.42049015968072,0.162843547549577,15,1,0.418380345768881,1,15,FALSE,FALSE
GOBP_REPRODUCTIVE_BEHAVIOR,GO:BP,-1.30778736181176,0.187156994315516,40,0.253647312636177,1.72581892629663,11,40,FALSE,FALSE
GOBP_REPRODUCTIVE_SYSTEM_DEVELOPMENT,GO:BP,-1.64750993181233,0.000175231787098662,250,0.470180903258393,1.17983257506824,47,250,FALSE,FALSE
GOBP_RESCUE_OF_STALLED_RIBOSOME,GO:BP,1.5513974007003,0.0875432319490595,32,,,,,FALSE,FALSE
GOBP_RESOLUTION_OF_MEIOTIC_RECOMBINATION_INTERMEDIATES,GO:BP,1.43812717903243,0.153809942254582,14,1,0.896529312361887,2,14,FALSE,FALSE
GOBP_RESPIRATORY_BURST,GO:BP,2.01150522162718,0.00138597426545191,39,0.695816679641844,1.28732414082733,8,39,TRUE,FALSE
GOBP_RESPIRATORY_BURST_INVOLVED_IN_DEFENSE_RESPONSE,GO:BP,1.79495084803941,0.0314867513682836,14,0.825631269028654,1.34479396854283,3,14,TRUE,FALSE
GOBP_RESPIRATORY_CHAIN_COMPLEX_III_ASSEMBLY,GO:BP,0.770075146191156,0.842096219931272,10,,,,,FALSE,FALSE
GOBP_RESPIRATORY_CHAIN_COMPLEX_IV_ASSEMBLY,GO:BP,1.35596488884272,0.170095700846244,29,1,0.216403627121835,1,29,FALSE,FALSE
GOBP_RESPIRATORY_GASEOUS_EXCHANGE_BY_RESPIRATORY_SYSTEM,GO:BP,-0.984526950872876,0.579270783383949,65,1,0.868943795058445,9,65,FALSE,FALSE
GOBP_RESPIRATORY_SYSTEM_DEVELOPMENT,GO:BP,-1.49932222526767,0.0125175578457939,204,0.470180903258393,1.1997671680137,39,204,FALSE,FALSE
GOBP_RESPIRATORY_SYSTEM_PROCESS,GO:BP,-1.14212379198132,0.37705960575278,41,1,0.765329900796733,5,41,FALSE,FALSE
GOBP_RESPONSE_TO_ACETYLCHOLINE,GO:BP,1.05180400494775,0.504694192197184,41,0.010269966304942,2.44905568254955,16,41,FALSE,TRUE
GOBP_RESPONSE_TO_ACIDIC_PH,GO:BP,0.992611086489561,0.586866576543362,23,0.9287787116854,1.0914269889623,4,23,FALSE,FALSE
GOBP_RESPONSE_TO_ACID_CHEMICAL,GO:BP,1.07165737652283,0.433908567597636,115,1,0.763998892273609,14,115,FALSE,FALSE
GOBP_RESPONSE_TO_ACTIVITY,GO:BP,1.13214726994304,0.381325704504427,72,0.0869825200077341,1.74325144070367,20,72,FALSE,FALSE
GOBP_RESPONSE_TO_ALCOHOL,GO:BP,-1.38421262731974,0.0237902623808204,232,0.0273056875586906,1.48777493646262,55,232,FALSE,TRUE
GOBP_RESPONSE_TO_ALDOSTERONE,GO:BP,1.44564513502958,0.152297948906847,15,1,0.836760691537762,2,15,FALSE,FALSE
GOBP_RESPONSE_TO_ALKALOID,GO:BP,-0.920045358908463,0.718454938051495,82,0.868087644964407,1.07146186111543,14,82,FALSE,FALSE
GOBP_RESPONSE_TO_AMINE,GO:BP,-0.76111205774905,0.896875407845385,42,0.788143430599997,1.19537241648252,8,42,FALSE,FALSE
GOBP_RESPONSE_TO_AMINO_ACID_STARVATION,GO:BP,1.0172400929817,0.558628784867926,51,,,,,FALSE,FALSE
GOBP_RESPONSE_TO_AMPHETAMINE,GO:BP,-1.2029479743251,0.326219202096471,29,0.918519119712341,1.08201813560917,5,29,FALSE,FALSE
GOBP_RESPONSE_TO_AMYLOID_BETA,GO:BP,1.41844683736131,0.168639081198771,49,0.150186238435891,1.79305862472377,14,49,FALSE,FALSE
GOBP_RESPONSE_TO_ANGIOTENSIN,GO:BP,-0.735362932608199,0.912378028348116,39,0.986225827100299,0.965493105620494,6,39,FALSE,FALSE
GOBP_RESPONSE_TO_ANTIBIOTIC,GO:BP,1.45361807262182,0.111934026299586,36,1,0.871625720351835,5,36,FALSE,FALSE
GOBP_RESPONSE_TO_ARSENIC_CONTAINING_SUBSTANCE,GO:BP,1.41732524939679,0.137220057380208,30,0.594213709778933,1.46433121019108,7,30,FALSE,FALSE
GOBP_RESPONSE_TO_ATP,GO:BP,-0.961916678989833,0.622871859472321,29,1,0.86561450848734,4,29,FALSE,FALSE
GOBP_RESPONSE_TO_AUDITORY_STIMULUS,GO:BP,-1.50202461517695,0.131034989867322,28,0.0932137217894551,2.24132328090472,10,28,FALSE,FALSE
GOBP_RESPONSE_TO_AXON_INJURY,GO:BP,-1.13717461524455,0.332072905620577,72,0.418061545586848,1.39460115256294,16,72,FALSE,FALSE
GOBP_RESPONSE_TO_BMP,GO:BP,-1.77773661027455,0.000588571870059472,148,0.588991216311528,1.18729557583061,28,148,FALSE,FALSE
GOBP_RESPONSE_TO_CADMIUM_ION,GO:BP,1.18746038447826,0.330346776490175,38,0.978587630542299,0.990900818926297,6,38,FALSE,FALSE
GOBP_RESPONSE_TO_CAFFEINE,GO:BP,-1.38110188880042,0.196130655947638,15,1,0.836760691537762,2,15,FALSE,FALSE
GOBP_RESPONSE_TO_CALCIUM_ION,GO:BP,-1.6492184667693,0.00536420093092645,128,0.100967269290111,1.51989734986351,31,128,FALSE,FALSE
GOBP_RESPONSE_TO_CALORIC_RESTRICTION,GO:BP,0.935458020319429,0.653712663069494,10,0.117262721583506,3.13785259326661,5,10,FALSE,FALSE
GOBP_RESPONSE_TO_CAMP,GO:BP,-1.46557868923352,0.0420311647279024,73,0.150186238435891,1.63340271978262,19,73,FALSE,FALSE
GOBP_RESPONSE_TO_CARBOHYDRATE,GO:BP,1.05374682874088,0.478481651075045,188,0.8068601672033,1.06820513813331,32,188,FALSE,FALSE
GOBP_RESPONSE_TO_CHEMOKINE,GO:BP,2.11774285817356,1.3796083877637e-05,83,0.000191504887301158,2.34393808171722,31,83,TRUE,TRUE
GOBP_RESPONSE_TO_COCAINE,GO:BP,0.792132622099259,0.846523742736927,42,1,0.896529312361887,6,42,FALSE,FALSE
GOBP_RESPONSE_TO_COLD,GO:BP,-1.23394989380021,0.260619072185404,40,0.719442465053918,1.25514103730664,8,40,FALSE,FALSE
GOBP_RESPONSE_TO_COPPER_ION,GO:BP,-1.02434655014346,0.54574488193692,33,1,0.760691537761602,4,33,FALSE,FALSE
GOBP_RESPONSE_TO_CORTICOSTEROID,GO:BP,1.27800341503026,0.175625551042044,129,0.108560723054637,1.50811519986457,31,129,FALSE,FALSE
GOBP_RESPONSE_TO_CORTICOSTERONE,GO:BP,-1.43960069020592,0.165105780892063,10,0.303676489292972,2.51028207461329,4,10,FALSE,FALSE
GOBP_RESPONSE_TO_DEXAMETHASONE,GO:BP,-1.0615478537169,0.498068480793334,31,1,0.607326308374182,3,31,FALSE,FALSE
GOBP_RESPONSE_TO_DIETARY_EXCESS,GO:BP,-1.56977176933518,0.0535270054245765,26,0.134052103493028,2.17235948764611,9,26,FALSE,FALSE
GOBP_RESPONSE_TO_DSRNA,GO:BP,1.80589085100351,0.0125374280601044,36,1,0.871625720351835,5,36,TRUE,FALSE
GOBP_RESPONSE_TO_ELECTRICAL_STIMULUS,GO:BP,-1.24072916722336,0.257565256806514,27,0.868087644964407,1.16216762713578,5,27,FALSE,FALSE
GOBP_RESPONSE_TO_ENDOPLASMIC_RETICULUM_STRESS,GO:BP,1.40358598061398,0.0548812524462535,267,1,0.49359478995205,21,267,FALSE,FALSE
GOBP_RESPONSE_TO_ENDOTHELIN,GO:BP,-1.56854639098168,0.124521921852743,10,1,0.627570518653321,1,10,FALSE,FALSE
GOBP_RESPONSE_TO_EPIDERMAL_GROWTH_FACTOR,GO:BP,0.983657480673387,0.595547771761483,48,1,0.261487716105551,2,48,FALSE,FALSE
GOBP_RESPONSE_TO_EPINEPHRINE,GO:BP,-1.20106062271792,0.360687902688291,15,1,0.418380345768881,1,15,FALSE,FALSE
GOBP_RESPONSE_TO_ESTRADIOL,GO:BP,-1.09398733041472,0.392459152918782,95,0.655369444735246,1.18908098271156,18,95,FALSE,FALSE
GOBP_RESPONSE_TO_ESTROGEN,GO:BP,-1.23502839227149,0.206087561255681,54,0.644324793180605,1.27838438984936,11,54,FALSE,FALSE
GOBP_RESPONSE_TO_ETHANOL,GO:BP,-1.30549327393561,0.109605514442227,107,0.00401656544507056,1.93549786126725,33,107,FALSE,TRUE
GOBP_RESPONSE_TO_ETHER,GO:BP,1.47143593885667,0.141999289734511,17,0.937040972683617,1.1074773858588,3,17,FALSE,FALSE
GOBP_RESPONSE_TO_FATTY_ACID,GO:BP,-1.37783782866264,0.109985633486447,55,0.103289850838359,1.82565969062784,16,55,FALSE,FALSE
GOBP_RESPONSE_TO_FIBROBLAST_GROWTH_FACTOR,GO:BP,-1.10722440516216,0.362903200395756,95,0.96231354073061,0.990900818926297,15,95,FALSE,FALSE
GOBP_RESPONSE_TO_FLUID_SHEAR_STRESS,GO:BP,-1.03037191071298,0.51148824006838,58,1,0.541009067804587,5,58,FALSE,FALSE
GOBP_RESPONSE_TO_FOLLICLE_STIMULATING_HORMONE,GO:BP,-1.0825276760839,0.493855119572788,12,1,0.522975432211101,1,12,FALSE,FALSE
GOBP_RESPONSE_TO_FOOD,GO:BP,-0.784124088915756,0.870201563908496,34,0.906741278758732,1.1074773858588,6,34,FALSE,FALSE
GOBP_RESPONSE_TO_FORSKOLIN,GO:BP,-1.75931504968483,0.0373373433612154,16,0.655369444735246,1.5689262966333,4,16,FALSE,FALSE
GOBP_RESPONSE_TO_FUNGUS,GO:BP,2.282864913224,5.5808492602333e-06,56,0.000539410208305531,2.57752177304043,23,56,TRUE,TRUE
GOBP_RESPONSE_TO_GAMMA_RADIATION,GO:BP,1.83672110924042,0.00853950652498818,52,0.303676489292972,1.5689262966333,13,52,TRUE,FALSE
GOBP_RESPONSE_TO_GLUCAGON,GO:BP,-0.996368881200467,0.566017116913732,28,0.506693934048772,1.5689262966333,7,28,FALSE,FALSE
GOBP_RESPONSE_TO_GONADOTROPIN,GO:BP,-0.931681794381238,0.652281860514737,21,0.426982662077329,1.79305862472378,6,21,FALSE,FALSE
GOBP_RESPONSE_TO_GRANULOCYTE_MACROPHAGE_COLONY_STIMULATING_FACTOR,GO:BP,-1.13861900320834,0.425616742035722,10,1,0.627570518653321,1,10,FALSE,FALSE
GOBP_RESPONSE_TO_GROWTH_HORMONE,GO:BP,1.25774070921023,0.263928053891043,37,0.181075873523002,1.86575019059096,11,37,FALSE,FALSE
GOBP_RESPONSE_TO_HEAT,GO:BP,1.35911203525324,0.131049712944624,98,1,0.768453696310189,12,98,FALSE,FALSE
GOBP_RESPONSE_TO_HEPATOCYTE_GROWTH_FACTOR,GO:BP,0.964221990959581,0.623019618848381,16,1,0.392231574158326,1,16,FALSE,FALSE
GOBP_RESPONSE_TO_HYDROGEN_PEROXIDE,GO:BP,1.45124253324391,0.108056791559963,88,0.7592803140333,1.1410373066424,16,88,FALSE,FALSE
GOBP_RESPONSE_TO_HYDROPEROXIDE,GO:BP,-0.961533206222707,0.603447568233121,17,0.937040972683617,1.1074773858588,3,17,FALSE,FALSE
GOBP_RESPONSE_TO_HYDROXYUREA,GO:BP,1.79489934461328,0.0255077199255035,10,0.594213709778933,1.88271155595996,3,10,TRUE,FALSE
GOBP_RESPONSE_TO_HYPEROXIA,GO:BP,0.912186761283541,0.672074177428505,19,0.788586078744843,1.32120109190173,4,19,FALSE,FALSE
GOBP_RESPONSE_TO_IMMOBILIZATION_STRESS,GO:BP,1.32029026391523,0.220255774581378,18,0.506693934048772,1.74325144070367,5,18,FALSE,FALSE
GOBP_RESPONSE_TO_INCREASED_OXYGEN_LEVELS,GO:BP,1.33741493540957,0.200434633001647,25,0.801635301593806,1.25514103730664,5,25,FALSE,FALSE
GOBP_RESPONSE_TO_INSULIN,GO:BP,-1.17375068943363,0.181129892710816,248,0.788586078744843,1.06282103965482,42,248,FALSE,FALSE
GOBP_RESPONSE_TO_INTERFERON_ALPHA,GO:BP,1.52995299298314,0.117907493775088,19,0.556679392684558,1.65150136487716,5,19,FALSE,FALSE
GOBP_RESPONSE_TO_INTERFERON_BETA,GO:BP,2.20840042656792,0.000153516161982661,32,0.303676489292972,1.76504208371247,9,32,TRUE,FALSE
GOBP_RESPONSE_TO_INTERLEUKIN_1,GO:BP,2.0702119009195,2.13532727668548e-05,103,0.150300837492924,1.52322941420709,25,103,TRUE,FALSE
GOBP_RESPONSE_TO_INTERLEUKIN_12,GO:BP,2.00290429523755,0.00248021388577524,12,0.430749153033336,2.0919017288444,4,12,TRUE,FALSE
GOBP_RESPONSE_TO_INTERLEUKIN_15,GO:BP,1.12269872937263,0.426816679341528,11,0.655369444735246,1.7115559599636,3,11,FALSE,FALSE
GOBP_RESPONSE_TO_INTERLEUKIN_17,GO:BP,2.19566458991442,0.000153516161982661,21,0.0508116707422462,2.68958793708566,9,21,TRUE,FALSE
GOBP_RESPONSE_TO_INTERLEUKIN_18,GO:BP,1.10961037355357,0.438228936646658,12,0.430749153033336,2.0919017288444,4,12,FALSE,FALSE
GOBP_RESPONSE_TO_INTERLEUKIN_2,GO:BP,1.6884420391585,0.0624883646086767,10,0.303676489292972,2.51028207461329,4,10,FALSE,FALSE
GOBP_RESPONSE_TO_INTERLEUKIN_4,GO:BP,1.61496720814546,0.0506692869758311,39,0.532270926534765,1.44823965843074,9,39,FALSE,FALSE
GOBP_RESPONSE_TO_INTERLEUKIN_6,GO:BP,1.61730878416261,0.0462402273950025,33,0.194705879028141,1.901728844404,10,33,TRUE,FALSE
GOBP_RESPONSE_TO_INTERLEUKIN_7,GO:BP,1.95250050606173,0.00427429025693049,21,0.426982662077329,1.79305862472378,6,21,TRUE,FALSE
GOBP_RESPONSE_TO_IONIZING_RADIATION,GO:BP,2.09037326818426,2.85001871148699e-06,131,0.67176143107766,1.14974751509005,24,131,TRUE,FALSE
GOBP_RESPONSE_TO_IRON_ION,GO:BP,-1.12724333499815,0.402230693788445,27,0.65691649481654,1.39460115256294,6,27,FALSE,FALSE
GOBP_RESPONSE_TO_ISCHEMIA,GO:BP,1.10640351375949,0.408770691283224,51,0.719092384349367,1.230530428732,10,51,FALSE,FALSE
GOBP_RESPONSE_TO_ISOQUINOLINE_ALKALOID,GO:BP,-0.867735452460001,0.709871360534197,13,0.499747367215725,1.93098621124099,4,13,FALSE,FALSE
GOBP_RESPONSE_TO_KETONE,GO:BP,-1.56877307888831,0.0092764071007216,190,0.594213709778933,1.15605095541401,35,190,FALSE,FALSE
GOBP_RESPONSE_TO_LAMINAR_FLUID_SHEAR_STRESS,GO:BP,-1.06401437885508,0.499932420887811,33,1,0.570518653321201,3,33,FALSE,FALSE
GOBP_RESPONSE_TO_LEAD_ION,GO:BP,-1.5397633757973,0.135474335529447,17,0.703534865988356,1.4766365144784,4,17,FALSE,FALSE
GOBP_RESPONSE_TO_LECTIN,GO:BP,1.36545908918724,0.193093666497346,19,0.788586078744843,1.32120109190173,4,19,FALSE,FALSE
GOBP_RESPONSE_TO_LEPTIN,GO:BP,-1.15995803490961,0.389248706452406,18,0.00550129454038073,3.48650288140734,10,18,FALSE,TRUE
GOBP_RESPONSE_TO_LEUKEMIA_INHIBITORY_FACTOR,GO:BP,1.56340109601973,0.0321905137834662,99,0.937040972683617,1.01425538368214,16,99,TRUE,FALSE
GOBP_RESPONSE_TO_LIGHT_INTENSITY,GO:BP,-0.97097055632491,0.564955828499639,14,1,0.448264656180944,1,14,FALSE,FALSE
GOBP_RESPONSE_TO_LIGHT_STIMULUS,GO:BP,1.12704707811958,0.277975068513914,282,1,0.912425222155538,41,282,FALSE,FALSE
GOBP_RESPONSE_TO_LIPOPROTEIN_PARTICLE,GO:BP,1.09683829550676,0.434645972801896,32,0.0921276742774221,2.15727365787079,11,32,FALSE,FALSE
GOBP_RESPONSE_TO_LIPOTEICHOIC_ACID,GO:BP,1.69937203633959,0.0593896237840299,10,0.594213709778933,1.88271155595996,3,10,FALSE,FALSE
GOBP_RESPONSE_TO_LITHIUM_ION,GO:BP,0.671145127185816,0.93446070724826,13,1,0.482746552810247,1,13,FALSE,FALSE
GOBP_RESPONSE_TO_L_GLUTAMATE,GO:BP,-0.950391858625336,0.605647052162774,16,1,0.784463148316652,2,16,FALSE,FALSE
GOBP_RESPONSE_TO_L_LEUCINE,GO:BP,-0.559249877803043,0.976426070034623,13,,,,,FALSE,FALSE
GOBP_RESPONSE_TO_MACROPHAGE_COLONY_STIMULATING_FACTOR,GO:BP,0.911367743285984,0.683381038883574,17,0.703534865988356,1.4766365144784,4,17,FALSE,FALSE
GOBP_RESPONSE_TO_MAGNESIUM_ION,GO:BP,-1.18337769165102,0.360933817753339,14,0.303676489292972,2.24132328090472,5,14,FALSE,FALSE
GOBP_RESPONSE_TO_MANGANESE_ION,GO:BP,1.20970157140433,0.356286282898142,13,1,0.482746552810247,1,13,FALSE,FALSE
GOBP_RESPONSE_TO_MECHANICAL_STIMULUS,GO:BP,-1.13159217445303,0.28266073871409,200,0.579919469899798,1.16100545950864,37,200,FALSE,FALSE
GOBP_RESPONSE_TO_MERCURY_ION,GO:BP,-0.914992997360362,0.662520959164101,11,1,0.570518653321201,1,11,FALSE,FALSE
GOBP_RESPONSE_TO_METAL_ION,GO:BP,-1.2675125964209,0.0623360466354571,293,0.0626293965258465,1.37080249808234,64,293,FALSE,FALSE
GOBP_RESPONSE_TO_MINERALOCORTICOID,GO:BP,0.971576105718219,0.608001654088701,29,0.740450771110098,1.29842176273101,6,29,FALSE,FALSE
GOBP_RESPONSE_TO_MISFOLDED_PROTEIN,GO:BP,1.22830785993248,0.31460434388104,19,1,0.330300272975432,1,19,FALSE,FALSE
GOBP_RESPONSE_TO_MOLECULE_OF_BACTERIAL_ORIGIN,GO:BP,2.3999754128349,5.6745652077215e-17,313,2.10496919478201e-06,1.78446569201743,89,313,TRUE,TRUE
GOBP_RESPONSE_TO_MONOAMINE,GO:BP,-0.86155677202901,0.791490205207506,50,0.831189429132839,1.12962693357598,9,50,FALSE,FALSE
GOBP_RESPONSE_TO_MONOSACCHARIDE,GO:BP,0.933762862328552,0.662942442627371,166,1,0.945136323273074,25,166,FALSE,FALSE
GOBP_RESPONSE_TO_MURAMYL_DIPEPTIDE,GO:BP,1.26602835276531,0.268219935272183,20,1,0.627570518653321,2,20,FALSE,FALSE
GOBP_RESPONSE_TO_MUSCLE_ACTIVITY,GO:BP,-1.2247203159772,0.309113844213182,26,0.0641331716346204,2.41373276405124,10,26,FALSE,FALSE
GOBP_RESPONSE_TO_MUSCLE_STRETCH,GO:BP,-1.16970049812351,0.35027158376215,23,0.9287787116854,1.0914269889623,4,23,FALSE,FALSE
GOBP_RESPONSE_TO_NERVE_GROWTH_FACTOR,GO:BP,-1.1956737212305,0.293976867807256,45,0.978587630542299,0.976220806794055,7,45,FALSE,FALSE
GOBP_RESPONSE_TO_NICOTINE,GO:BP,1.00249574552327,0.558602567515946,36,0.594213709778933,1.39460115256294,8,36,FALSE,FALSE
GOBP_RESPONSE_TO_NITRIC_OXIDE,GO:BP,1.49311335390474,0.113219280866981,18,0.962721081755926,1.0459508644222,3,18,FALSE,FALSE
GOBP_RESPONSE_TO_NITROSATIVE_STRESS,GO:BP,0.789964894982919,0.810903284315485,10,,,,,FALSE,FALSE
GOBP_RESPONSE_TO_NUTRIENT,GO:BP,1.13464097368147,0.332843073654506,136,0.0869825200077341,1.52278140555585,33,136,FALSE,FALSE
GOBP_RESPONSE_TO_NUTRIENT_LEVELS,GO:BP,1.24380946864352,0.108924496839015,434,0.807597146430675,1.04113081435574,72,434,FALSE,FALSE
GOBP_RESPONSE_TO_ORGANOPHOSPHORUS,GO:BP,-1.38004536898312,0.0788832616073606,108,0.373552288607724,1.33649277120615,23,108,FALSE,FALSE
GOBP_RESPONSE_TO_OSMOTIC_STRESS,GO:BP,1.03293530619438,0.528649091772015,83,1,0.907330870342151,12,83,FALSE,FALSE
GOBP_RESPONSE_TO_OXIDATIVE_STRESS,GO:BP,1.57946437869188,0.000640402595511949,395,1,0.857944506513401,54,395,TRUE,FALSE
GOBP_RESPONSE_TO_OXYGEN_LEVELS,GO:BP,1.15604417917705,0.235522609340252,308,0.594213709778933,1.12066164045236,55,308,FALSE,FALSE
GOBP_RESPONSE_TO_OXYGEN_RADICAL,GO:BP,1.56907940031062,0.124521921852743,23,0.719442465053918,1.36428373620287,5,23,FALSE,FALSE
GOBP_RESPONSE_TO_PAIN,GO:BP,0.938822439996455,0.643539738566507,28,1,0.896529312361887,4,28,FALSE,FALSE
GOBP_RESPONSE_TO_PARATHYROID_HORMONE,GO:BP,0.826397345208213,0.778495862866683,11,0.655369444735246,1.7115559599636,3,11,FALSE,FALSE
GOBP_RESPONSE_TO_PEPTIDE_HORMONE,GO:BP,0.996399532696665,0.577882276763321,404,0.367902175932515,1.1650442796782,75,404,FALSE,FALSE
GOBP_RESPONSE_TO_PEPTIDOGLYCAN,GO:BP,1.8779545456513,0.0131561562976659,12,0.201710248379816,2.61487716105551,5,12,TRUE,FALSE
GOBP_RESPONSE_TO_PH,GO:BP,0.898280577560883,0.716914196456737,33,1,0.950864422202002,5,33,FALSE,FALSE
GOBP_RESPONSE_TO_PHORBOL_13_ACETATE_12_MYRISTATE,GO:BP,-1.29010600883791,0.278151028683007,11,0.944829045454405,1.1410373066424,2,11,FALSE,FALSE
GOBP_RESPONSE_TO_PLATELET_DERIVED_GROWTH_FACTOR,GO:BP,0.809252484396944,0.820049825059085,25,1,0.753084622383986,3,25,FALSE,FALSE
GOBP_RESPONSE_TO_POTASSIUM_ION,GO:BP,-1.89470123084913,0.0164435044017196,16,0.0888265983378271,2.74562101910828,7,16,FALSE,FALSE
GOBP_RESPONSE_TO_PROGESTERONE,GO:BP,-1.28308758262294,0.238008039714616,28,1,0.672396984271416,3,28,FALSE,FALSE
GOBP_RESPONSE_TO_PROSTAGLANDIN,GO:BP,-1.4110711470677,0.101477480569336,35,1,0.896529312361887,5,35,FALSE,FALSE
GOBP_RESPONSE_TO_PROSTAGLANDIN_E,GO:BP,-1.0379475992557,0.520893406382161,26,0.99198586966751,0.965493105620494,4,26,FALSE,FALSE
GOBP_RESPONSE_TO_PROTOZOAN,GO:BP,2.25753234840378,9.68252119999728e-05,26,0.00290082121530356,3.13785259326661,13,26,TRUE,TRUE
GOBP_RESPONSE_TO_PURINE_CONTAINING_COMPOUND,GO:BP,-1.46339661439647,0.0363096675787813,126,0.501723129559579,1.24517960050262,25,126,FALSE,FALSE
GOBP_RESPONSE_TO_RADIATION,GO:BP,1.59886919351133,0.000348794927336689,388,0.931171922989225,1.00281887001304,62,388,TRUE,FALSE
GOBP_RESPONSE_TO_REACTIVE_OXYGEN_SPECIES,GO:BP,1.30303143367882,0.130518921382094,170,0.810563353453362,1.07056147299684,29,170,FALSE,FALSE
GOBP_RESPONSE_TO_REDOX_STATE,GO:BP,1.56673715461831,0.120559899742351,13,1,0.965493105620494,2,13,FALSE,FALSE
GOBP_RESPONSE_TO_RETINOIC_ACID,GO:BP,-1.20785097212674,0.23191766236839,94,0.644324793180605,1.20173078039998,18,94,FALSE,FALSE
GOBP_RESPONSE_TO_SALT,GO:BP,0.948057755848307,0.642073125580283,22,0.678746825280159,1.426296633303,5,22,FALSE,FALSE
GOBP_RESPONSE_TO_SALT_STRESS,GO:BP,-1.04138864912699,0.531310599195097,19,1,0.660600545950864,2,19,FALSE,FALSE
GOBP_RESPONSE_TO_STARVATION,GO:BP,1.21705236608268,0.202658717922363,205,1,0.673490312701125,22,205,FALSE,FALSE
GOBP_RESPONSE_TO_STEROID_HORMONE,GO:BP,0.977348087816935,0.611224067701576,291,0.470180903258393,1.1645638490474,54,291,FALSE,FALSE
GOBP_RESPONSE_TO_STEROL,GO:BP,-1.58646271847373,0.052396647580019,31,0.268017021100583,1.82197892512255,9,31,FALSE,FALSE
GOBP_RESPONSE_TO_STEROL_DEPLETION,GO:BP,0.820864512830851,0.800187760849822,17,1,0.738318257239201,2,17,FALSE,FALSE
GOBP_RESPONSE_TO_STIMULUS_INVOLVED_IN_REGULATION_OF_MUSCLE_ADAPTATION,GO:BP,-1.54413197923409,0.131049712944624,10,0.594213709778933,1.88271155595996,3,10,FALSE,FALSE
GOBP_RESPONSE_TO_TEMPERATURE_STIMULUS,GO:BP,1.06119228881451,0.464037689513991,160,0.761591863880737,1.09824840764331,28,160,FALSE,FALSE
GOBP_RESPONSE_TO_TESTOSTERONE,GO:BP,-1.19978186413481,0.309544091953733,34,0.364288399923891,1.6612160787882,9,34,FALSE,FALSE
GOBP_RESPONSE_TO_THYROID_HORMONE,GO:BP,-0.852597550991707,0.742342417278185,18,0.506693934048772,1.74325144070367,5,18,FALSE,FALSE
GOBP_RESPONSE_TO_TOPOLOGICALLY_INCORRECT_PROTEIN,GO:BP,1.34361545252733,0.128505155952681,166,1,0.756109058618459,20,166,FALSE,FALSE
GOBP_RESPONSE_TO_TOXIC_SUBSTANCE,GO:BP,1.45142827704869,0.0327472555403887,222,0.332969660693139,1.24383346039397,44,222,TRUE,FALSE
GOBP_RESPONSE_TO_TRANSFORMING_GROWTH_FACTOR_BETA,GO:BP,-1.41235976967473,0.0147593436973563,257,1,0.756991676196613,31,257,FALSE,FALSE
GOBP_RESPONSE_TO_TUMOR_CELL,GO:BP,1.51388873227958,0.12213740870213,45,0.868087644964407,1.11568092205035,8,45,FALSE,FALSE
GOBP_RESPONSE_TO_TUMOR_NECROSIS_FACTOR,GO:BP,1.793040843337,0.000152547226697397,203,0.95959012858523,0.989273723985531,32,203,TRUE,FALSE
GOBP_RESPONSE_TO_TYPE_II_INTERFERON,GO:BP,2.46451469707967,9.33535790830037e-12,130,0.470180903258393,1.25514103730664,26,130,TRUE,FALSE
GOBP_RESPONSE_TO_TYPE_I_INTERFERON,GO:BP,2.90154940518022,5.50612083151575e-18,105,0.629099501990039,1.19537241648252,20,105,TRUE,FALSE
GOBP_RESPONSE_TO_UV,GO:BP,1.5865899780379,0.00853430589540802,148,1,0.763261441605391,18,148,TRUE,FALSE
GOBP_RESPONSE_TO_UV_A,GO:BP,0.67367994235426,0.933146649205664,13,0.499747367215725,1.93098621124099,4,13,FALSE,FALSE
GOBP_RESPONSE_TO_UV_B,GO:BP,0.931816353654402,0.637662635848768,20,1,0.941355777979982,3,20,FALSE,FALSE
GOBP_RESPONSE_TO_UV_C,GO:BP,1.47893117987235,0.128810129243789,11,0.655369444735246,1.7115559599636,3,11,FALSE,FALSE
GOBP_RESPONSE_TO_VIRUS,GO:BP,2.57702896795295,1.37994127088311e-24,367,0.0932137217894551,1.29960107405047,76,367,TRUE,FALSE
GOBP_RESPONSE_TO_VITAMIN,GO:BP,1.26891014562286,0.207033544938884,76,0.0497969113563521,1.81665150136488,22,76,FALSE,TRUE
GOBP_RESPONSE_TO_VITAMIN_A,GO:BP,-1.30269066636097,0.268588700498284,11,0.157795262997224,2.85259326660601,5,11,FALSE,FALSE
GOBP_RESPONSE_TO_VITAMIN_D,GO:BP,1.42624422076821,0.128505155952681,35,0.579919469899798,1.43444689977902,8,35,FALSE,FALSE
GOBP_RESPONSE_TO_XENOBIOTIC_STIMULUS,GO:BP,1.08576853059926,0.350620614942793,340,0.00410170444022591,1.49509447090938,81,340,FALSE,TRUE
GOBP_RESPONSE_TO_X_RAY,GO:BP,1.45456996234716,0.128725717827763,25,0.390446532360793,1.7571974522293,7,25,FALSE,FALSE
GOBP_RESPONSE_TO_YEAST,GO:BP,-0.979926159825691,0.588089144413722,11,0.157795262997224,2.85259326660601,5,11,FALSE,FALSE
GOBP_RESPONSE_TO_ZINC_ION,GO:BP,0.883746301524018,0.730813608817625,41,0.430749153033336,1.53065980159347,10,41,FALSE,FALSE
GOBP_RETICULOPHAGY,GO:BP,0.637253045882848,0.947662369962842,21,,,,,FALSE,FALSE
GOBP_RETINAL_GANGLION_CELL_AXON_GUIDANCE,GO:BP,-1.32945788448213,0.216833461637157,19,0.556679392684558,1.65150136487716,5,19,FALSE,FALSE
GOBP_RETINAL_METABOLIC_PROCESS,GO:BP,0.883688433734676,0.699878698380887,18,0.290924701964477,2.0919017288444,6,18,FALSE,FALSE
GOBP_RETINAL_ROD_CELL_DIFFERENTIATION,GO:BP,-1.06376439196012,0.48183307776019,13,1,0.965493105620494,2,13,FALSE,FALSE
GOBP_RETINA_DEVELOPMENT_IN_CAMERA_TYPE_EYE,GO:BP,-1.74271088458537,0.00118909410943057,143,0.989112238373951,0.965493105620494,22,143,FALSE,FALSE
GOBP_RETINA_HOMEOSTASIS,GO:BP,-1.19015301764899,0.290625044474349,46,0.99390583878195,0.954998615342011,7,46,FALSE,FALSE
GOBP_RETINA_LAYER_FORMATION,GO:BP,-1.33623353726604,0.210702242285008,19,1,0.660600545950864,2,19,FALSE,FALSE
GOBP_RETINA_MORPHOGENESIS_IN_CAMERA_TYPE_EYE,GO:BP,-1.46317219327816,0.067591247686018,51,0.978587630542299,0.984424342985602,8,51,FALSE,FALSE
GOBP_RETINA_VASCULATURE_DEVELOPMENT_IN_CAMERA_TYPE_EYE,GO:BP,-1.52665131566451,0.086537180037877,20,1,0.313785259326661,1,20,FALSE,FALSE
GOBP_RETINA_VASCULATURE_MORPHOGENESIS_IN_CAMERA_TYPE_EYE,GO:BP,-1.45209927047353,0.162320977840996,10,,,,,FALSE,FALSE
GOBP_RETINOIC_ACID_METABOLIC_PROCESS,GO:BP,1.65051150899927,0.0479675124705021,30,1.29929115714729e-06,3.97461328480437,19,30,TRUE,TRUE
GOBP_RETINOIC_ACID_RECEPTOR_SIGNALING_PATHWAY,GO:BP,-1.32813985275964,0.152297948906847,33,0.506693934048772,1.5213830755232,8,33,FALSE,FALSE
GOBP_RETINOL_METABOLIC_PROCESS,GO:BP,1.37008577987523,0.128505155952681,48,0.000119087905384176,2.87636487716106,22,48,FALSE,TRUE
GOBP_RETROGRADE_AXONAL_TRANSPORT,GO:BP,-0.958863961795761,0.619194899124477,22,0.678746825280159,1.426296633303,5,22,FALSE,FALSE
GOBP_RETROGRADE_TRANSPORT_ENDOSOME_TO_GOLGI,GO:BP,0.802863639272973,0.906788912655655,100,1,0.251028207461328,4,100,FALSE,FALSE
GOBP_RETROGRADE_VESICLE_MEDIATED_TRANSPORT_GOLGI_TO_ENDOPLASMIC_RETICULUM,GO:BP,0.953949821614238,0.641471751975778,53,1,0.118409531821381,1,53,FALSE,FALSE
GOBP_REVERSE_CHOLESTEROL_TRANSPORT,GO:BP,-1.13502212848024,0.395565608365618,14,0.55559567973604,1.79305862472377,4,14,FALSE,FALSE
GOBP_RHO_PROTEIN_SIGNAL_TRANSDUCTION,GO:BP,-1.19159943830186,0.214220150069207,136,1,0.415304019697051,9,136,FALSE,FALSE
GOBP_RHYTHMIC_BEHAVIOR,GO:BP,-1.40342230543996,0.14156656704499,40,0.902674157598632,1.09824840764331,7,40,FALSE,FALSE
GOBP_RHYTHMIC_PROCESS,GO:BP,-0.984467778503752,0.600022602204343,255,0.655369444735246,1.1074773858588,45,255,FALSE,FALSE
GOBP_RIBONUCLEOPROTEIN_COMPLEX_BIOGENESIS,GO:BP,2.41080023494305,7.19963237434291e-24,475,1,0.092484076433121,7,475,TRUE,FALSE
GOBP_RIBONUCLEOPROTEIN_COMPLEX_LOCALIZATION,GO:BP,0.8612464210957,0.724628468577929,13,,,,,FALSE,FALSE
GOBP_RIBONUCLEOSIDE_DIPHOSPHATE_BIOSYNTHETIC_PROCESS,GO:BP,1.19394160059584,0.344323307155001,11,,,,,FALSE,FALSE
GOBP_RIBONUCLEOSIDE_METABOLIC_PROCESS,GO:BP,1.74090216266658,0.0320573835565611,19,0.788586078744843,1.32120109190173,4,19,TRUE,FALSE
GOBP_RIBONUCLEOSIDE_MONOPHOSPHATE_BIOSYNTHETIC_PROCESS,GO:BP,1.97880792359093,0.00325699130751562,30,1,0.627570518653321,3,30,TRUE,FALSE
GOBP_RIBONUCLEOSIDE_MONOPHOSPHATE_CATABOLIC_PROCESS,GO:BP,2.09852604991949,0.000963101086229153,14,0.134052103493028,2.68958793708566,6,14,TRUE,FALSE
GOBP_RIBONUCLEOTIDE_CATABOLIC_PROCESS,GO:BP,1.55328815038108,0.0201710443061378,130,0.854051122840385,1.06204241618254,22,130,TRUE,FALSE
GOBP_RIBOSE_PHOSPHATE_BIOSYNTHETIC_PROCESS,GO:BP,1.48266321124784,0.0388687959420241,146,1,0.515811385194511,12,146,TRUE,FALSE
GOBP_RIBOSE_PHOSPHATE_METABOLIC_PROCESS,GO:BP,1.64936290542006,0.000256409018982105,333,1,0.791530383887072,42,333,TRUE,FALSE
GOBP_RIBOSOMAL_LARGE_SUBUNIT_ASSEMBLY,GO:BP,1.82308092268795,0.0159549001063931,26,,,,,TRUE,FALSE
GOBP_RIBOSOMAL_LARGE_SUBUNIT_BIOGENESIS,GO:BP,2.30124003389729,4.5228767487037e-07,73,1,0.0859685641990851,1,73,TRUE,FALSE
GOBP_RIBOSOMAL_SMALL_SUBUNIT_ASSEMBLY,GO:BP,0.550390876612604,0.982313242140842,23,,,,,FALSE,FALSE
GOBP_RIBOSOMAL_SMALL_SUBUNIT_BIOGENESIS,GO:BP,2.10647459045909,7.00292741113796e-06,110,,,,,TRUE,FALSE
GOBP_RIBOSOME_ASSEMBLY,GO:BP,1.78547610313836,0.00845859548760557,66,,,,,TRUE,FALSE
GOBP_RIBOSOME_ASSOCIATED_UBIQUITIN_DEPENDENT_PROTEIN_CATABOLIC_PROCESS,GO:BP,1.63295947841161,0.0891471773068588,17,,,,,FALSE,FALSE
GOBP_RIBOSOME_BIOGENESIS,GO:BP,2.49126274713347,1.86584226590616e-20,314,1,0.119917933500635,6,314,TRUE,FALSE
GOBP_RIBOSOME_DISASSEMBLY,GO:BP,1.8344811019176,0.00670029281223587,40,,,,,TRUE,FALSE
GOBP_RIBOSOME_LOCALIZATION,GO:BP,1.73225546485421,0.0495774839043513,13,,,,,TRUE,FALSE
GOBP_RIG_I_SIGNALING_PATHWAY,GO:BP,2.09556498549365,0.00103503757030225,24,0.55559567973604,1.5689262966333,6,24,TRUE,FALSE
GOBP_RISC_COMPLEX_ASSEMBLY,GO:BP,1.2486618812854,0.299041290538282,10,,,,,FALSE,FALSE
GOBP_RNA_3_END_PROCESSING,GO:BP,1.96282855398756,0.000517873058966883,87,1,0.28853816949578,4,87,TRUE,FALSE
GOBP_RNA_5_END_PROCESSING,GO:BP,2.21408335200717,7.84223350444247e-05,37,,,,,TRUE,FALSE
GOBP_RNA_CAPPING,GO:BP,1.8698650196414,0.0171834710818662,16,,,,,TRUE,FALSE
GOBP_RNA_DECAPPING,GO:BP,1.24608812296845,0.25775631220718,29,1,0.216403627121835,1,29,FALSE,FALSE
GOBP_RNA_EXPORT_FROM_NUCLEUS,GO:BP,2.09825895027209,2.15384740927176e-05,89,1,0.141027082843443,2,89,TRUE,FALSE
GOBP_RNA_LOCALIZATION,GO:BP,2.17839924026805,3.84210122960876e-09,193,1,0.16258303592055,5,193,TRUE,FALSE
GOBP_RNA_METHYLATION,GO:BP,1.98749608022416,0.000150247975214631,84,1,0.0747107760301573,1,84,TRUE,FALSE
GOBP_RNA_MODIFICATION,GO:BP,2.21258084971453,4.83145488006983e-09,169,1,0.148537400864691,4,169,TRUE,FALSE
GOBP_RNA_POLYMERASE_II_PREINITIATION_COMPLEX_ASSEMBLY,GO:BP,1.22197452833542,0.237115862118732,59,1,0.106367884517512,1,59,FALSE,FALSE
GOBP_RNA_POLYMERASE_II_TRANSCRIPTION_INITIATION_SURVEILLANCE,GO:BP,1.79217046135165,0.0310279353699679,18,,,,,TRUE,FALSE
GOBP_RNA_SPLICING,GO:BP,1.67750821850106,8.5377410792405e-06,437,1,0.201052340072002,14,437,TRUE,FALSE
GOBP_RNA_SPLICING_VIA_ENDONUCLEOLYTIC_CLEAVAGE_AND_LIGATION,GO:BP,1.65777236716187,0.0861244455927048,14,,,,,FALSE,FALSE
GOBP_RNA_SPLICING_VIA_TRANSESTERIFICATION_REACTIONS,GO:BP,1.75835388248431,4.9285978866764e-05,313,1,0.160401410518421,8,313,TRUE,FALSE
GOBP_RNA_SURVEILLANCE,GO:BP,1.76703292013188,0.0124469992725164,38,1,0.165150136487716,1,38,TRUE,FALSE
GOBP_RNA_TEMPLATED_DNA_BIOSYNTHETIC_PROCESS,GO:BP,2.09872999802742,0.000144682746720212,59,1,0.212735769035024,2,59,TRUE,FALSE
GOBP_ROOF_OF_MOUTH_DEVELOPMENT,GO:BP,-1.6343542863551,0.0130774767196312,86,1,0.802706477347272,11,86,FALSE,FALSE
GOBP_RRNA_3_END_PROCESSING,GO:BP,1.42904911035252,0.16390195593988,11,1,0.570518653321201,1,11,FALSE,FALSE
GOBP_RRNA_CATABOLIC_PROCESS,GO:BP,1.23299664265242,0.308231454856101,19,1,0.660600545950864,2,19,FALSE,FALSE
GOBP_RRNA_METABOLIC_PROCESS,GO:BP,2.40071932974439,1.14713883907064e-15,269,1,0.209967831519699,9,269,TRUE,FALSE
GOBP_RRNA_METHYLATION,GO:BP,1.56691097028579,0.0986269628637454,27,,,,,FALSE,FALSE
GOBP_RRNA_MODIFICATION,GO:BP,1.85774215825331,0.0043614814011633,38,,,,,TRUE,FALSE
GOBP_RRNA_PROCESSING,GO:BP,2.43149932434223,2.00054753940587e-14,225,1,0.111568092205035,4,225,TRUE,FALSE
GOBP_RRNA_PSEUDOURIDINE_SYNTHESIS,GO:BP,1.59238845577681,0.102379305674704,10,,,,,FALSE,FALSE
GOBP_RRNA_TRANSCRIPTION,GO:BP,1.67678253732925,0.0354051097638502,39,1,0.482746552810247,3,39,TRUE,FALSE
GOBP_RUFFLE_ASSEMBLY,GO:BP,-1.28559318025965,0.207059646498227,42,1,0.597686208241258,4,42,FALSE,FALSE
GOBP_RUFFLE_ORGANIZATION,GO:BP,-1.24456904005064,0.199194687965217,54,1,0.813517338995046,7,54,FALSE,FALSE
GOBP_R_LOOP_PROCESSING,GO:BP,0.991413361763455,0.586693735555523,10,,,,,FALSE,FALSE
GOBP_SALIVARY_GLAND_DEVELOPMENT,GO:BP,-1.31162044140424,0.167945317035413,34,1,0.738318257239201,4,34,FALSE,FALSE
GOBP_SALIVA_SECRETION,GO:BP,-1.15868984215447,0.408446051274672,10,0.594213709778933,1.88271155595996,3,10,FALSE,FALSE
GOBP_SARCOMERE_ORGANIZATION,GO:BP,-2.08732526190806,0.000374285884526394,38,0.117089519912952,1.98180163785259,12,38,FALSE,FALSE
GOBP_SARCOPLASMIC_RETICULUM_CALCIUM_ION_TRANSPORT,GO:BP,-1.2858334536595,0.197425664933614,43,0.21139134651953,1.7513595869395,12,43,FALSE,FALSE
GOBP_SA_NODE_CELL_TO_ATRIAL_CARDIAC_MUSCLE_CELL_COMMUNICATION,GO:BP,-1.58472692221916,0.113684117675847,12,0.719442465053918,1.5689262966333,3,12,FALSE,FALSE
GOBP_SCF_DEPENDENT_PROTEASOMAL_UBIQUITIN_DEPENDENT_PROTEIN_CATABOLIC_PROCESS,GO:BP,1.26309586810427,0.2110319798238,76,1,0.578025477707007,7,76,FALSE,FALSE
GOBP_SCHWANN_CELL_DIFFERENTIATION,GO:BP,-1.72633702554024,0.0145603067439759,46,0.99390583878195,0.954998615342011,7,46,FALSE,FALSE
GOBP_SEBACEOUS_GLAND_DEVELOPMENT,GO:BP,1.08464611500424,0.473385313801257,11,0.367902175932515,2.2820746132848,4,11,FALSE,FALSE
GOBP_SECONDARY_HEART_FIELD_SPECIFICATION,GO:BP,0.913691445709028,0.661183493189924,10,1,0.627570518653321,1,10,FALSE,FALSE
GOBP_SECONDARY_METABOLIC_PROCESS,GO:BP,1.35762854352831,0.133735262886252,53,0.220473793902861,1.65773344549934,14,53,FALSE,FALSE
GOBP_SECONDARY_METABOLITE_BIOSYNTHETIC_PROCESS,GO:BP,1.53336543163532,0.0965434856556038,26,0.627782812120181,1.44823965843074,6,26,FALSE,FALSE
GOBP_SECONDARY_PALATE_DEVELOPMENT,GO:BP,1.01514385039228,0.54574488193692,26,0.99198586966751,0.965493105620494,4,26,FALSE,FALSE
GOBP_SECRETION_BY_TISSUE,GO:BP,-1.07668610507068,0.480169708829583,36,0.937040972683617,1.0459508644222,6,36,FALSE,FALSE
GOBP_SECRETORY_GRANULE_LOCALIZATION,GO:BP,0.667750715270854,0.941086174917105,22,1,0.855777979981802,3,22,FALSE,FALSE
GOBP_SECRETORY_GRANULE_ORGANIZATION,GO:BP,1.08222875370947,0.451635032823525,58,0.978587630542299,0.973816322048257,9,58,FALSE,FALSE
GOBP_SEGMENTATION,GO:BP,-1.35019457862326,0.152297948906847,83,0.898218194814599,1.05855268206584,14,83,FALSE,FALSE
GOBP_SEGMENT_SPECIFICATION,GO:BP,-1.71330547279147,0.0525583893899346,16,1,0.784463148316652,2,16,FALSE,FALSE
GOBP_SEMAPHORIN_PLEXIN_SIGNALING_PATHWAY,GO:BP,-1.31108297308145,0.153809942254582,49,0.944829045454405,1.02460492841359,8,49,FALSE,FALSE
GOBP_SEMICIRCULAR_CANAL_DEVELOPMENT,GO:BP,-0.990922149895542,0.569798116356259,10,0.906741278758732,1.25514103730664,2,10,FALSE,FALSE
GOBP_SEMINIFEROUS_TUBULE_DEVELOPMENT,GO:BP,-0.960804089552269,0.603447568233121,17,0.462054378260411,1.845795643098,5,17,FALSE,FALSE
GOBP_SEMI_LUNAR_VALVE_DEVELOPMENT,GO:BP,-1.4636786082823,0.118217658915246,44,1,0.427888989990901,3,44,FALSE,FALSE
GOBP_SENSORY_ORGAN_MORPHOGENESIS,GO:BP,-1.67195344018877,0.000194014465891777,247,0.154378785480294,1.32120109190173,52,247,FALSE,FALSE
GOBP_SENSORY_PERCEPTION,GO:BP,-1.63408873960155,2.15073860227912e-05,399,0.0048212178233123,1.44702976732094,92,399,FALSE,TRUE
GOBP_SENSORY_PERCEPTION_OF_BITTER_TASTE,GO:BP,-1.00616971599103,0.54430814276339,13,0.777355997263282,1.44823965843074,3,13,FALSE,FALSE
GOBP_SENSORY_PERCEPTION_OF_CHEMICAL_STIMULUS,GO:BP,-1.40289898394497,0.12208345922495,60,0.168142795241017,1.67352138307552,16,60,FALSE,FALSE
GOBP_SENSORY_PERCEPTION_OF_LIGHT_STIMULUS,GO:BP,-1.4047549257704,0.0420622712174179,148,0.24615437055853,1.35690922952069,32,148,FALSE,FALSE
GOBP_SENSORY_PERCEPTION_OF_MECHANICAL_STIMULUS,GO:BP,-1.68355017312392,0.00178085914260476,156,0.0264476477992786,1.60915517603416,40,156,FALSE,TRUE
GOBP_SENSORY_PERCEPTION_OF_PAIN,GO:BP,-1.2530433628343,0.187990798001951,62,0.831189429132839,1.11343156535267,11,62,FALSE,FALSE
GOBP_SENSORY_PERCEPTION_OF_SMELL,GO:BP,-1.39856604810958,0.137672273172849,27,0.65691649481654,1.39460115256294,6,27,FALSE,FALSE
GOBP_SENSORY_PERCEPTION_OF_TASTE,GO:BP,-1.06327912586988,0.498675682618562,29,0.359721532327085,1.73122901697468,8,29,FALSE,FALSE
GOBP_SENSORY_PERCEPTION_OF_TEMPERATURE_STIMULUS,GO:BP,-1.85751090557696,0.0144944954084074,24,0.77384671492533,1.30743858052775,5,24,FALSE,FALSE
GOBP_SENSORY_SYSTEM_DEVELOPMENT,GO:BP,-1.90648545223028,7.4269227563213e-09,367,0.525723835300152,1.12860093272804,66,367,FALSE,FALSE
GOBP_SEQUESTERING_OF_CALCIUM_ION,GO:BP,1.10222849861453,0.401925195583284,121,0.506693934048772,1.24476797088262,24,121,FALSE,FALSE
GOBP_SERINE_FAMILY_AMINO_ACID_BIOSYNTHETIC_PROCESS,GO:BP,0.898162615549616,0.700924072827743,12,1,0.522975432211101,1,12,FALSE,FALSE
GOBP_SEROTONIN_METABOLIC_PROCESS,GO:BP,-1.27602347639843,0.289252543480089,13,1,0.965493105620494,2,13,FALSE,FALSE
GOBP_SEROTONIN_TRANSPORT,GO:BP,-0.884081234729161,0.687098398159615,14,1,0.896529312361887,2,14,FALSE,FALSE
GOBP_SERTOLI_CELL_DEVELOPMENT,GO:BP,-1.34705330459404,0.229795157870999,13,1,0.482746552810247,1,13,FALSE,FALSE
GOBP_SERTOLI_CELL_DIFFERENTIATION,GO:BP,-1.35028746370145,0.231730958264587,16,1,0.392231574158326,1,16,FALSE,FALSE
GOBP_SEX_DETERMINATION,GO:BP,-1.5998506258621,0.111467358842072,14,0.825631269028654,1.34479396854283,3,14,FALSE,FALSE
GOBP_SEX_DIFFERENTIATION,GO:BP,-1.62917894641595,0.00106696986489932,220,0.305575052076691,1.25514103730664,44,220,FALSE,FALSE
GOBP_SHORT_CHAIN_FATTY_ACID_METABOLIC_PROCESS,GO:BP,-1.63833816280182,0.0933999977618402,14,0.825631269028654,1.34479396854283,3,14,FALSE,FALSE
GOBP_SIGNALING_RECEPTOR_LIGAND_PRECURSOR_PROCESSING,GO:BP,1.40731377517706,0.131592808885835,41,1,0.91839588095608,6,41,FALSE,FALSE
GOBP_SIGNAL_PEPTIDE_PROCESSING,GO:BP,0.990838158459815,0.579937227172697,11,,,,,FALSE,FALSE
GOBP_SIGNAL_RELEASE,GO:BP,-1.33412873787105,0.0133942540530167,414,0.0657891256629708,1.30364890348274,86,414,FALSE,FALSE
GOBP_SIGNAL_TRANSDUCTION_BY_P53_CLASS_MEDIATOR,GO:BP,1.93280225351226,2.67777279767545e-05,181,1,0.762792895600722,22,181,TRUE,FALSE
GOBP_SIGNAL_TRANSDUCTION_INVOLVED_IN_REGULATION_OF_GENE_EXPRESSION,GO:BP,-0.843534696210222,0.750414461976487,13,1,0.482746552810247,1,13,FALSE,FALSE
GOBP_SIGNAL_TRANSDUCTION_IN_ABSENCE_OF_LIGAND,GO:BP,0.997234829057582,0.558602567515946,64,1,0.588347361237489,6,64,FALSE,FALSE
GOBP_SIGNAL_TRANSDUCTION_IN_RESPONSE_TO_DNA_DAMAGE,GO:BP,2.09348138907254,4.24660769335608e-07,190,1,0.792720655141037,24,190,TRUE,FALSE
GOBP_SINGLE_FERTILIZATION,GO:BP,-1.21609652740891,0.168810815465427,123,0.553228151642349,1.22452784127477,24,123,FALSE,FALSE
GOBP_SINGLE_STRANDED_VIRAL_RNA_REPLICATION_VIA_DOUBLE_STRANDED_DNA_INTERMEDIATE,GO:BP,1.73236214946439,0.0423485397069524,12,0.430749153033336,2.0919017288444,4,12,TRUE,FALSE
GOBP_SINGLE_STRAND_BREAK_REPAIR,GO:BP,1.60507256369495,0.0960565762423403,11,1,0.570518653321201,1,11,FALSE,FALSE
GOBP_SINOATRIAL_NODE_DEVELOPMENT,GO:BP,-1.16607112523147,0.402230693788445,10,0.594213709778933,1.88271155595996,3,10,FALSE,FALSE
GOBP_SISTER_CHROMATID_COHESION,GO:BP,1.76296396502504,0.00845679019070894,56,0.831189429132839,1.12066164045236,10,56,TRUE,FALSE
GOBP_SISTER_CHROMATID_SEGREGATION,GO:BP,2.69608069583923,1.46540591344712e-21,236,0.0252022029717255,1.48915038324517,56,236,TRUE,TRUE
GOBP_SKELETAL_MUSCLE_ACETYLCHOLINE_GATED_CHANNEL_CLUSTERING,GO:BP,-1.41421907841582,0.176221010367352,16,1,0.784463148316652,2,16,FALSE,FALSE
GOBP_SKELETAL_MUSCLE_ADAPTATION,GO:BP,-1.67433629324022,0.0670255707150818,15,0.164778477597013,2.51028207461329,6,15,FALSE,FALSE
GOBP_SKELETAL_MUSCLE_CELL_DIFFERENTIATION,GO:BP,-1.04337198563703,0.475828090472679,63,0.86561841627917,1.09575804844231,11,63,FALSE,FALSE
GOBP_SKELETAL_MUSCLE_CELL_PROLIFERATION,GO:BP,1.37262941648273,0.187897432372048,19,0.331528691535675,1.98180163785259,6,19,FALSE,FALSE
GOBP_SKELETAL_MUSCLE_CONTRACTION,GO:BP,-2.03012541014426,0.000919052316657866,45,0.00161410415646029,2.64974218986958,19,45,FALSE,TRUE
GOBP_SKELETAL_MUSCLE_FIBER_DIFFERENTIATION,GO:BP,0.646282255707762,0.945049963038003,11,0.944829045454405,1.1410373066424,2,11,FALSE,FALSE
GOBP_SKELETAL_MUSCLE_ORGAN_DEVELOPMENT,GO:BP,-1.61000913121144,0.00405468268720366,155,0.864343295536698,1.05269893451525,26,155,FALSE,FALSE
GOBP_SKELETAL_MUSCLE_SATELLITE_CELL_DIFFERENTIATION,GO:BP,-1.17526717440642,0.393060921847731,11,0.367902175932515,2.2820746132848,4,11,FALSE,FALSE
GOBP_SKELETAL_MUSCLE_TISSUE_REGENERATION,GO:BP,1.13065974859662,0.403374485596708,37,1,0.678454614760347,4,37,FALSE,FALSE
GOBP_SKELETAL_SYSTEM_DEVELOPMENT,GO:BP,-1.72720369012958,9.91012069991129e-08,483,0.594213709778933,1.0914269889623,84,483,FALSE,FALSE
GOBP_SKELETAL_SYSTEM_MORPHOGENESIS,GO:BP,-1.74550373707673,0.000128631313124825,211,0.918519119712341,1.01125107271151,34,211,FALSE,FALSE
GOBP_SKIN_DEVELOPMENT,GO:BP,1.90906256418202,1.7970245834865e-07,309,7.8148433441992e-10,1.9903531012306,98,309,TRUE,TRUE
GOBP_SKIN_EPIDERMIS_DEVELOPMENT,GO:BP,1.42315108425598,0.0749329523719621,131,0.000695024663400294,1.96415200494551,41,131,FALSE,TRUE
GOBP_SKIN_MORPHOGENESIS,GO:BP,1.21736278818839,0.323282117131775,12,1,0.522975432211101,1,12,FALSE,FALSE
GOBP_SLEEP,GO:BP,-1.47025307797177,0.111467358842072,21,0.868087644964407,1.19537241648252,4,21,FALSE,FALSE
GOBP_SMAD_PROTEIN_SIGNAL_TRANSDUCTION,GO:BP,-1.76983286083954,0.00270259381212915,75,1,0.920436760691538,11,75,FALSE,FALSE
GOBP_SMALL_GTPASE_MEDIATED_SIGNAL_TRANSDUCTION,GO:BP,-1.10199279534258,0.181788492273502,498,1,0.478869070458358,38,498,FALSE,FALSE
GOBP_SMALL_MOLECULE_CATABOLIC_PROCESS,GO:BP,1.35504195724095,0.0534680981138205,328,0.305589271792064,1.20539459375486,63,328,FALSE,FALSE
GOBP_SMALL_NUCLEOLAR_RIBONUCLEOPROTEIN_COMPLEX_ASSEMBLY,GO:BP,1.55394251354687,0.113916141814222,11,,,,,FALSE,FALSE
GOBP_SMOOTHENED_SIGNALING_PATHWAY,GO:BP,-1.86946282643966,0.00018974450354539,132,1,0.665605095541401,14,132,FALSE,FALSE
GOBP_SMOOTH_MUSCLE_CELL_APOPTOTIC_PROCESS,GO:BP,1.40761371205599,0.146390629036425,24,0.55559567973604,1.5689262966333,6,24,FALSE,FALSE
GOBP_SMOOTH_MUSCLE_CELL_DIFFERENTIATION,GO:BP,-1.9569920441226,0.000700287363729451,66,0.788586078744843,1.1410373066424,12,66,FALSE,FALSE
GOBP_SMOOTH_MUSCLE_CELL_MIGRATION,GO:BP,-1.31012100343284,0.144340141278311,63,0.96202320596017,0.996143680402097,10,63,FALSE,FALSE
GOBP_SMOOTH_MUSCLE_CELL_PROLIFERATION,GO:BP,-1.13149088958273,0.322951722449979,121,0.0588529616070284,1.60782529572339,31,121,FALSE,FALSE
GOBP_SMOOTH_MUSCLE_CONTRACTION,GO:BP,-1.7717731384522,0.00250029446838022,87,0.0921276742774221,1.65909447460073,23,87,FALSE,FALSE
GOBP_SMOOTH_MUSCLE_TISSUE_DEVELOPMENT,GO:BP,-1.96596186560037,0.00425528502514217,24,1,0.784463148316652,3,24,FALSE,FALSE
GOBP_SNARE_COMPLEX_ASSEMBLY,GO:BP,-1.37044645882768,0.176539207536714,22,1,0.285259326660601,1,22,FALSE,FALSE
GOBP_SNO_S_RNA_METABOLIC_PROCESS,GO:BP,0.964549954609825,0.610565439780023,14,,,,,FALSE,FALSE
GOBP_SNO_S_RNA_PROCESSING,GO:BP,1.34292430263894,0.233663108472847,11,,,,,FALSE,FALSE
GOBP_SNRNA_3_END_PROCESSING,GO:BP,1.55173272211061,0.0682149173338775,22,1,0.285259326660601,1,22,FALSE,FALSE
GOBP_SNRNA_METABOLIC_PROCESS,GO:BP,1.85971387059052,0.00369714391993878,56,1,0.112066164045236,1,56,TRUE,FALSE
GOBP_SNRNA_PROCESSING,GO:BP,1.73244827534899,0.0213355835090546,36,1,0.174325144070367,1,36,TRUE,FALSE
GOBP_SNRNA_TRANSCRIPTION,GO:BP,1.4066843461438,0.145695039666279,18,,,,,FALSE,FALSE
GOBP_SNRNA_TRANSCRIPTION_BY_RNA_POLYMERASE_II,GO:BP,1.28309491852049,0.271122406476974,15,,,,,FALSE,FALSE
GOBP_SNRNA_TRANSCRIPTION_BY_RNA_POLYMERASE_III,GO:BP,1.2337480557114,0.315385753907733,10,,,,,FALSE,FALSE
GOBP_SODIUM_ION_EXPORT_ACROSS_PLASMA_MEMBRANE,GO:BP,-1.33267512635403,0.23425063477103,17,0.044017851570693,2.95327302895681,8,17,FALSE,TRUE
GOBP_SODIUM_ION_HOMEOSTASIS,GO:BP,-1.56734322626898,0.0605143521751341,45,0.0104589101611775,2.37082195935699,17,45,FALSE,TRUE
GOBP_SODIUM_ION_IMPORT_ACROSS_PLASMA_MEMBRANE,GO:BP,0.989413776481042,0.580805099488137,26,0.253647312636177,1.93098621124099,8,26,FALSE,FALSE
GOBP_SODIUM_ION_TRANSMEMBRANE_TRANSPORT,GO:BP,-1.41856277151469,0.0381401188618319,148,0.00124024324497476,1.86575019059096,44,148,FALSE,TRUE
GOBP_SODIUM_ION_TRANSPORT,GO:BP,-1.41519247281233,0.0325549427556821,195,0.00395073090490458,1.67352138307552,52,195,FALSE,TRUE
GOBP_SOMATIC_DIVERSIFICATION_OF_IMMUNE_RECEPTORS,GO:BP,2.00624252455997,0.000227727051051437,74,1,0.763261441605391,9,74,TRUE,FALSE
GOBP_SOMATIC_DIVERSIFICATION_OF_IMMUNE_RECEPTORS_VIA_SOMATIC_MUTATION,GO:BP,1.78128221775008,0.0424454343665206,15,0.868087644964407,1.25514103730664,3,15,TRUE,FALSE
GOBP_SOMATIC_DIVERSIFICATION_OF_IMMUNOGLOBULINS,GO:BP,1.96373127283877,0.000706726627750559,62,1,0.910989462561273,9,62,TRUE,FALSE
GOBP_SOMATIC_STEM_CELL_DIVISION,GO:BP,-1.24542919525943,0.307896483078965,13,1,0.965493105620494,2,13,FALSE,FALSE
GOBP_SOMATIC_STEM_CELL_POPULATION_MAINTENANCE,GO:BP,-1.05310673872781,0.48680433465439,43,1,0.145946632244958,1,43,FALSE,FALSE
GOBP_SOMITE_DEVELOPMENT,GO:BP,-1.4673799780806,0.0747901899210925,66,1,0.855777979981802,9,66,FALSE,FALSE
GOBP_SOMITOGENESIS,GO:BP,-1.43434847114406,0.10664810623262,52,0.984968811334459,0.965493105620494,8,52,FALSE,FALSE
GOBP_SPECIFICATION_OF_ANIMAL_ORGAN_IDENTITY,GO:BP,-1.51890752848889,0.0972044381317637,32,0.831189429132839,1.17669472247498,6,32,FALSE,FALSE
GOBP_SPECIFICATION_OF_SYMMETRY,GO:BP,-1.39195438045832,0.0680302899983364,110,1,0.684622383985441,12,110,FALSE,FALSE
GOBP_SPERMATID_DIFFERENTIATION,GO:BP,-1.35865800230683,0.0720104706076468,170,0.810563353453362,1.07056147299684,29,170,FALSE,FALSE
GOBP_SPERMATID_NUCLEUS_DIFFERENTIATION,GO:BP,0.75706420242724,0.853062441738113,19,0.984968811334459,0.990900818926297,3,19,FALSE,FALSE
GOBP_SPERMIDINE_METABOLIC_PROCESS,GO:BP,1.39087776491149,0.204061900025445,10,1,0.627570518653321,1,10,FALSE,FALSE
GOBP_SPERM_AXONEME_ASSEMBLY,GO:BP,-1.61372295696941,0.0420886470216976,26,0.99198586966751,0.965493105620494,4,26,FALSE,FALSE
GOBP_SPERM_CAPACITATION,GO:BP,-1.50185060363085,0.0978803870880285,21,0.113957689073467,2.39074483296503,8,21,FALSE,FALSE
GOBP_SPERM_EGG_RECOGNITION,GO:BP,1.16067189250748,0.365134551783784,36,0.594213709778933,1.39460115256294,8,36,FALSE,FALSE
GOBP_SPERM_FLAGELLUM_ASSEMBLY,GO:BP,-1.28854148179636,0.178144100448671,45,1,0.697300576281468,5,45,FALSE,FALSE
GOBP_SPHINGOID_BIOSYNTHETIC_PROCESS,GO:BP,1.12356028922324,0.459709726872958,15,1,0.836760691537762,2,15,FALSE,FALSE
GOBP_SPHINGOID_METABOLIC_PROCESS,GO:BP,0.862563999343028,0.741529339132283,23,1,0.818570241721723,3,23,FALSE,FALSE
GOBP_SPHINGOLIPID_BIOSYNTHETIC_PROCESS,GO:BP,1.11411743219399,0.365334327237509,106,0.868087644964407,1.06568578639243,18,106,FALSE,FALSE
GOBP_SPHINGOLIPID_MEDIATED_SIGNALING_PATHWAY,GO:BP,0.94769055623797,0.626690932231867,19,0.556679392684558,1.65150136487716,5,19,FALSE,FALSE
GOBP_SPHINGOLIPID_METABOLIC_PROCESS,GO:BP,1.29695199107403,0.146255864308914,155,0.67806536194772,1.13367577563181,28,155,FALSE,FALSE
GOBP_SPHINGOMYELIN_METABOLIC_PROCESS,GO:BP,1.30581053777887,0.232098572741619,17,1,0.738318257239201,2,17,FALSE,FALSE
GOBP_SPHINGOSINE_1_PHOSPHATE_RECEPTOR_SIGNALING_PATHWAY,GO:BP,1.18923448509669,0.37782789981564,15,1,0.836760691537762,2,15,FALSE,FALSE
GOBP_SPINAL_CORD_DEVELOPMENT,GO:BP,-1.97182049879319,0.00026550702521314,79,0.999482152043102,0.953271673903779,12,79,FALSE,FALSE
GOBP_SPINAL_CORD_MOTOR_NEURON_DIFFERENTIATION,GO:BP,-1.80675171891646,0.019252680177196,20,1,0.627570518653321,2,20,FALSE,FALSE
GOBP_SPINAL_CORD_PATTERNING,GO:BP,-1.78858504353438,0.0365317455215828,11,1,0.570518653321201,1,11,FALSE,FALSE
GOBP_SPINDLE_ASSEMBLY,GO:BP,2.30693175501528,7.85501104538482e-09,135,0.55559567973604,1.20865433222121,26,135,TRUE,FALSE
GOBP_SPINDLE_ASSEMBLY_INVOLVED_IN_FEMALE_MEIOSIS,GO:BP,2.23000801197048,2.42363322673403e-05,11,0.157795262997224,2.85259326660601,5,11,TRUE,FALSE
GOBP_SPINDLE_ELONGATION,GO:BP,2.31996291307678,1.75206943888907e-05,14,0.0145588335566565,3.58611724944755,8,14,TRUE,TRUE
GOBP_SPINDLE_LOCALIZATION,GO:BP,1.60224515184688,0.0291270431140853,62,0.700297413737253,1.21465261674836,12,62,TRUE,FALSE
GOBP_SPINDLE_MIDZONE_ASSEMBLY,GO:BP,2.21642191163518,0.000156438109379843,14,0.0511469267416555,3.13785259326661,7,14,TRUE,FALSE
GOBP_SPINDLE_ORGANIZATION,GO:BP,2.3060691132796,2.3357735680563e-11,203,0.599485401704932,1.14384774335827,37,203,TRUE,FALSE
GOBP_SPLEEN_DEVELOPMENT,GO:BP,1.35441436555987,0.185609567251856,35,0.908893334837639,1.07583517483427,6,35,FALSE,FALSE
GOBP_SPLICEOSOMAL_COMPLEX_ASSEMBLY,GO:BP,1.50390461998765,0.0720720714294157,79,1,0.0794393061586483,1,79,FALSE,FALSE
GOBP_SPLICEOSOMAL_CONFORMATIONAL_CHANGES_TO_GENERATE_CATALYTIC_CONFORMATION,GO:BP,1.84265841697993,0.0093894353293299,36,,,,,TRUE,FALSE
GOBP_SPLICEOSOMAL_SNRNP_ASSEMBLY,GO:BP,2.16806906557078,1.65193645745007e-05,69,,,,,TRUE,FALSE
GOBP_SPLICEOSOMAL_TRI_SNRNP_COMPLEX_ASSEMBLY,GO:BP,1.75856033798486,0.017811620770697,36,,,,,TRUE,FALSE
GOBP_SPONTANEOUS_SYNAPTIC_TRANSMISSION,GO:BP,-1.02683460110052,0.536204611542399,11,0.944829045454405,1.1410373066424,2,11,FALSE,FALSE
GOBP_SPROUTING_ANGIOGENESIS,GO:BP,-1.2848649238813,0.120481494759863,138,0.877612372184282,1.0459508644222,23,138,FALSE,FALSE
GOBP_SRP_DEPENDENT_COTRANSLATIONAL_PROTEIN_TARGETING_TO_MEMBRANE,GO:BP,1.59075764677367,0.0576736586224938,22,,,,,FALSE,FALSE
GOBP_SRP_DEPENDENT_COTRANSLATIONAL_PROTEIN_TARGETING_TO_MEMBRANE_SIGNAL_SEQUENCE_RECOGNITION,GO:BP,1.68171933145341,0.0554137317326062,12,,,,,FALSE,FALSE
GOBP_STARTLE_RESPONSE,GO:BP,-1.93369477876467,0.0033560711343734,22,0.0626293965258465,2.56733393994541,9,22,FALSE,FALSE
GOBP_STEM_CELL_DEVELOPMENT,GO:BP,-1.43788047070397,0.072962770378206,82,0.399114075245348,1.37759382143412,18,82,FALSE,FALSE
GOBP_STEM_CELL_DIFFERENTIATION,GO:BP,-1.33041401418269,0.058550254624283,224,1,0.952562394384505,34,224,FALSE,FALSE
GOBP_STEM_CELL_DIVISION,GO:BP,0.681568386977871,0.947662369962842,34,1,0.738318257239201,4,34,FALSE,FALSE
GOBP_STEM_CELL_PROLIFERATION,GO:BP,-1.06780465464615,0.441397438448408,65,0.506693934048772,1.35169034786869,14,65,FALSE,FALSE
GOBP_STEROID_BIOSYNTHETIC_PROCESS,GO:BP,-1.18259271625876,0.237115862118732,145,0.434962383480247,1.25514103730664,29,145,FALSE,FALSE
GOBP_STEROID_CATABOLIC_PROCESS,GO:BP,-1.47684279599738,0.106954420161702,21,0.0178036260904953,2.98843104120629,10,21,FALSE,TRUE
GOBP_STEROID_HORMONE_BIOSYNTHETIC_PROCESS,GO:BP,-1.18188402828823,0.323858633106879,39,0.986225827100299,0.965493105620494,6,39,FALSE,FALSE
GOBP_STEROID_HORMONE_RECEPTOR_SIGNALING_PATHWAY,GO:BP,-1.1022534324921,0.353323937044867,127,1,0.840055024969013,17,127,FALSE,FALSE
GOBP_STEROID_HORMONE_SECRETION,GO:BP,-1.56859924281173,0.0540247066575728,26,0.134052103493028,2.17235948764611,9,26,FALSE,FALSE
GOBP_STEROID_METABOLIC_PROCESS,GO:BP,-1.234016887879,0.117764669809222,279,0.00267510581791136,1.57454968837751,70,279,FALSE,TRUE
GOBP_STEROL_BIOSYNTHETIC_PROCESS,GO:BP,-1.22000930176294,0.249319705602384,63,0.86561841627917,1.09575804844231,11,63,FALSE,FALSE
GOBP_STEROL_HOMEOSTASIS,GO:BP,-1.10258212459522,0.383637034193631,82,0.295183253128555,1.45412681151379,19,82,FALSE,FALSE
GOBP_STEROL_METABOLIC_PROCESS,GO:BP,1.10042988058674,0.397286362344404,146,0.00308050936433103,1.80533984818079,42,146,FALSE,TRUE
GOBP_STEROL_TRANSPORT,GO:BP,0.989194976686952,0.582175508618352,103,0.594213709778933,1.21858353136567,20,103,FALSE,FALSE
GOBP_STORE_OPERATED_CALCIUM_ENTRY,GO:BP,-1.55995582887155,0.0745766741437746,22,0.906741278758732,1.1410373066424,4,22,FALSE,FALSE
GOBP_STRESS_ACTIVATED_PROTEIN_KINASE_SIGNALING_CASCADE,GO:BP,1.49847708419706,0.0867856902045024,53,1,0.82886672274967,7,53,FALSE,FALSE
GOBP_STRESS_FIBER_ASSEMBLY,GO:BP,-1.64186305612655,0.00512415955508136,109,1,0.69090332328806,12,109,FALSE,FALSE
GOBP_STRESS_GRANULE_ASSEMBLY,GO:BP,0.907978536147754,0.7043923058074,34,1,0.553738692929401,3,34,FALSE,FALSE
GOBP_STRIATED_MUSCLE_ADAPTATION,GO:BP,-1.7353592060708,0.0185140492565908,36,0.159903768946073,1.91757658477404,11,36,FALSE,FALSE
GOBP_STRIATED_MUSCLE_CELL_APOPTOTIC_PROCESS,GO:BP,-0.867462691666707,0.774847961369055,39,0.986225827100299,0.965493105620494,6,39,FALSE,FALSE
GOBP_STRIATED_MUSCLE_CELL_DIFFERENTIATION,GO:BP,-1.90355973589836,4.55252459626169e-08,300,0.57560239903107,1.12962693357598,54,300,FALSE,FALSE
GOBP_STRIATED_MUSCLE_CELL_PROLIFERATION,GO:BP,-1.14648135831383,0.324879808530978,62,0.0807201328560962,1.82197892512255,18,62,FALSE,FALSE
GOBP_STRIATED_MUSCLE_CONTRACTION,GO:BP,-2.07912291525975,2.03063687499301e-08,216,0.0261820988484925,1.51081791527651,52,216,FALSE,TRUE
GOBP_STRIATUM_DEVELOPMENT,GO:BP,0.976024207320205,0.615640808012222,21,0.868087644964407,1.19537241648252,4,21,FALSE,FALSE
GOBP_SUBPALLIUM_DEVELOPMENT,GO:BP,0.900833588459063,0.705110682405258,24,0.77384671492533,1.30743858052775,5,24,FALSE,FALSE
GOBP_SUBSTANTIA_NIGRA_DEVELOPMENT,GO:BP,1.41416302863557,0.134640545320307,40,1,0.627570518653321,4,40,FALSE,FALSE
GOBP_SUBSTRATE_ADHESION_DEPENDENT_CELL_SPREADING,GO:BP,-1.55335627552459,0.0262083494213525,100,1,0.941355777979982,15,100,FALSE,FALSE
GOBP_SUBSTRATE_DEPENDENT_CELL_MIGRATION,GO:BP,-1.46145905313587,0.123589288590149,27,0.65691649481654,1.39460115256294,6,27,FALSE,FALSE
GOBP_SUBSTRATE_DEPENDENT_CELL_MIGRATION_CELL_EXTENSION,GO:BP,-1.4269551950132,0.177513232861297,10,1,0.627570518653321,1,10,FALSE,FALSE
GOBP_SUBSTRATE_INDEPENDENT_TELENCEPHALIC_TANGENTIAL_MIGRATION,GO:BP,-1.47008200494141,0.153521961243391,10,0.906741278758732,1.25514103730664,2,10,FALSE,FALSE
GOBP_SUCCINYL_COA_METABOLIC_PROCESS,GO:BP,0.63953004304904,0.948605072189949,12,,,,,FALSE,FALSE
GOBP_SULFATE_TRANSMEMBRANE_TRANSPORT,GO:BP,1.18071830322845,0.378305882806997,13,0.104005071892923,2.89647931686148,6,13,FALSE,FALSE
GOBP_SULFATION,GO:BP,0.678286284449266,0.915248840865222,14,1,0.896529312361887,2,14,FALSE,FALSE
GOBP_SULFUR_AMINO_ACID_BIOSYNTHETIC_PROCESS,GO:BP,-0.83548175268358,0.742216488868275,16,0.655369444735246,1.5689262966333,4,16,FALSE,FALSE
GOBP_SULFUR_AMINO_ACID_CATABOLIC_PROCESS,GO:BP,-0.905627334409705,0.65513703043347,10,0.594213709778933,1.88271155595996,3,10,FALSE,FALSE
GOBP_SULFUR_AMINO_ACID_METABOLIC_PROCESS,GO:BP,0.76063535572624,0.873747632742842,33,0.868087644964407,1.1410373066424,6,33,FALSE,FALSE
GOBP_SULFUR_AMINO_ACID_TRANSPORT,GO:BP,1.44678713982537,0.145759905881972,12,0.978587630542299,1.0459508644222,2,12,FALSE,FALSE
GOBP_SULFUR_COMPOUND_BIOSYNTHETIC_PROCESS,GO:BP,-0.79906335191806,0.942021376448213,111,1,0.678454614760347,12,111,FALSE,FALSE
GOBP_SULFUR_COMPOUND_CATABOLIC_PROCESS,GO:BP,1.09443824486038,0.438364727660512,32,0.831189429132839,1.17669472247498,6,32,FALSE,FALSE
GOBP_SULFUR_COMPOUND_METABOLIC_PROCESS,GO:BP,-1.0225690360288,0.482848797013274,248,0.962721081755926,0.986905251108045,39,248,FALSE,FALSE
GOBP_SULFUR_COMPOUND_TRANSPORT,GO:BP,1.54337103322334,0.0729830811836052,58,0.745940894155388,1.19021994917009,11,58,FALSE,FALSE
GOBP_SUPEROXIDE_ANION_GENERATION,GO:BP,1.79769262978835,0.0102943218079642,42,0.462054378260411,1.49421552060315,10,42,TRUE,FALSE
GOBP_SUPEROXIDE_METABOLIC_PROCESS,GO:BP,1.79665449749865,0.00494215342585417,70,0.367902175932515,1.43444689977902,16,70,TRUE,FALSE
GOBP_SUPPRESSION_OF_VIRAL_RELEASE_BY_HOST,GO:BP,1.36137773355785,0.215112637640166,16,1,0.392231574158326,1,16,FALSE,FALSE
GOBP_SURFACTANT_HOMEOSTASIS,GO:BP,1.11630817431489,0.447028214126616,18,0.962721081755926,1.0459508644222,3,18,FALSE,FALSE
GOBP_SYMBIONT_ENTRY_INTO_HOST,GO:BP,1.6366386090017,0.00790783908788101,121,0.707166483849591,1.1410373066424,22,121,TRUE,FALSE
GOBP_SYMPATHETIC_NERVOUS_SYSTEM_DEVELOPMENT,GO:BP,-1.66620359237874,0.0690625061215489,16,0.906741278758732,1.17669472247498,3,16,FALSE,FALSE
GOBP_SYNAPSE_ASSEMBLY,GO:BP,-2.10248048038161,1.70107102233267e-09,261,0.0626293965258465,1.39460115256294,58,261,FALSE,FALSE
GOBP_SYNAPSE_MATURATION,GO:BP,-1.65209420513459,0.0406889196859867,41,0.0964724554308064,1.98985774207151,13,41,FALSE,FALSE
GOBP_SYNAPSE_PRUNING,GO:BP,-0.712347640130907,0.895203390582017,18,1,0.697300576281468,2,18,FALSE,FALSE
GOBP_SYNAPTIC_ASSEMBLY_AT_NEUROMUSCULAR_JUNCTION,GO:BP,-0.905565404923236,0.667760008191702,16,0.906741278758732,1.17669472247498,3,16,FALSE,FALSE
GOBP_SYNAPTIC_MEMBRANE_ADHESION,GO:BP,-1.87663321490509,0.00770323879593399,27,0.65691649481654,1.39460115256294,6,27,FALSE,FALSE
GOBP_SYNAPTIC_TRANSMISSION_CHOLINERGIC,GO:BP,-1.09560418549436,0.442531424986028,27,0.0350954446155792,2.55676877969872,11,27,FALSE,TRUE
GOBP_SYNAPTIC_TRANSMISSION_DOPAMINERGIC,GO:BP,-1.16702337076077,0.357601742822497,21,0.868087644964407,1.19537241648252,4,21,FALSE,FALSE
GOBP_SYNAPTIC_TRANSMISSION_GABAERGIC,GO:BP,-1.26909984360518,0.182253929109663,48,0.333939623817606,1.5689262966333,12,48,FALSE,FALSE
GOBP_SYNAPTIC_TRANSMISSION_GLUTAMATERGIC,GO:BP,-1.65230849244804,0.0131830041590125,83,0.0986014544536116,1.66343992896061,22,83,FALSE,FALSE
GOBP_SYNAPTIC_VESICLE_BUDDING,GO:BP,0.894424210385926,0.702610668689055,12,0.719442465053918,1.5689262966333,3,12,FALSE,FALSE
GOBP_SYNAPTIC_VESICLE_CLUSTERING,GO:BP,-1.77660667867137,0.0388687959420241,17,0.703534865988356,1.4766365144784,4,17,FALSE,FALSE
GOBP_SYNAPTIC_VESICLE_CYTOSKELETAL_TRANSPORT,GO:BP,1.35291680527683,0.20086484158464,19,,,,,FALSE,FALSE
GOBP_SYNAPTIC_VESICLE_DOCKING,GO:BP,0.994101819615778,0.57728337236534,14,0.825631269028654,1.34479396854283,3,14,FALSE,FALSE
GOBP_SYNAPTIC_VESICLE_EXOCYTOSIS,GO:BP,-0.878108350339971,0.801881582983945,96,0.677577740219136,1.17669472247498,18,96,FALSE,FALSE
GOBP_SYNAPTIC_VESICLE_LOCALIZATION,GO:BP,-0.759796245137935,0.932416643231809,61,1,0.72016289025791,7,61,FALSE,FALSE
GOBP_SYNAPTIC_VESICLE_LUMEN_ACIDIFICATION,GO:BP,1.36274337234393,0.193093666497346,17,0.937040972683617,1.1074773858588,3,17,FALSE,FALSE
GOBP_SYNAPTIC_VESICLE_MATURATION,GO:BP,0.989568265896662,0.580068647177181,26,0.99198586966751,0.965493105620494,4,26,FALSE,FALSE
GOBP_SYNAPTIC_VESICLE_MEMBRANE_ORGANIZATION,GO:BP,-0.950755283399154,0.642073125580283,34,0.719442465053918,1.2920569501686,7,34,FALSE,FALSE
GOBP_SYNAPTIC_VESICLE_PRIMING,GO:BP,0.683057496889355,0.931932439510143,26,1,0.724119829215371,3,26,FALSE,FALSE
GOBP_SYNAPTIC_VESICLE_RECYCLING,GO:BP,-0.984966949183848,0.591336872586873,81,1,0.697300576281468,9,81,FALSE,FALSE
GOBP_SYNAPTIC_VESICLE_TRANSPORT,GO:BP,0.821196179045084,0.822293458926381,46,1,0.409285120860862,3,46,FALSE,FALSE
GOBP_SYNAPTONEMAL_COMPLEX_ORGANIZATION,GO:BP,1.13266601327587,0.440315193679975,19,0.788586078744843,1.32120109190173,4,19,FALSE,FALSE
GOBP_SYNCYTIUM_FORMATION,GO:BP,-1.13315794351738,0.311316347041886,94,1,0.801153853599985,12,94,FALSE,FALSE
GOBP_S_ADENOSYLMETHIONINE_METABOLIC_PROCESS,GO:BP,0.763401600455812,0.845926160784651,12,0.719442465053918,1.5689262966333,3,12,FALSE,FALSE
GOBP_TAIL_ANCHORED_MEMBRANE_PROTEIN_INSERTION_INTO_ER_MEMBRANE,GO:BP,1.15523651350662,0.411226279124355,15,,,,,FALSE,FALSE
GOBP_TAXIS,GO:BP,1.51594918597662,0.00197271027611522,413,0.0020313134225139,1.47395497117124,97,413,TRUE,TRUE
GOBP_TELENCEPHALON_DEVELOPMENT,GO:BP,-1.27130818268464,0.0933930671362027,246,0.559114312538003,1.1479948511951,45,246,FALSE,FALSE
GOBP_TELENCEPHALON_GLIAL_CELL_MIGRATION,GO:BP,-1.34543389114999,0.201445032989499,24,1,0.522975432211101,2,24,FALSE,FALSE
GOBP_TELOMERASE_RNA_LOCALIZATION,GO:BP,2.1684465978479,0.000307078367556129,19,,,,,TRUE,FALSE
GOBP_TELOMERE_CAPPING,GO:BP,1.2266858670757,0.314911770409153,27,,,,,FALSE,FALSE
GOBP_TELOMERE_MAINTENANCE_IN_RESPONSE_TO_DNA_DAMAGE,GO:BP,1.75648697293545,0.0258629406452702,30,,,,,TRUE,FALSE
GOBP_TELOMERE_MAINTENANCE_VIA_RECOMBINATION,GO:BP,1.54664569019906,0.138349982606465,14,1,0.896529312361887,2,14,FALSE,FALSE
GOBP_TELOMERE_MAINTENANCE_VIA_SEMI_CONSERVATIVE_REPLICATION,GO:BP,1.70569171779391,0.0576438565171323,10,0.906741278758732,1.25514103730664,2,10,FALSE,FALSE
GOBP_TELOMERE_MAINTENANCE_VIA_TELOMERE_LENGTHENING,GO:BP,2.26188180333571,2.68736143795113e-06,69,1,0.181904498160383,2,69,TRUE,FALSE
GOBP_TELOMERE_ORGANIZATION,GO:BP,2.43110879106747,1.12999698437723e-11,160,1,0.470677888989991,12,160,TRUE,FALSE
GOBP_TELOMERIC_LOOP_DISASSEMBLY,GO:BP,1.59993367413574,0.0992396334117075,11,1,0.570518653321201,1,11,FALSE,FALSE
GOBP_TEMPERATURE_HOMEOSTASIS,GO:BP,0.99715660227296,0.555944408500055,174,0.233338939255325,1.33448903391798,37,174,FALSE,FALSE
GOBP_TERMINATION_OF_RNA_POLYMERASE_III_TRANSCRIPTION,GO:BP,1.46027632002534,0.125180113370137,18,1,0.348650288140734,1,18,FALSE,FALSE
GOBP_TERMINATION_OF_RNA_POLYMERASE_II_TRANSCRIPTION,GO:BP,1.13090225795074,0.425236082596101,13,,,,,FALSE,FALSE
GOBP_TERMINATION_OF_RNA_POLYMERASE_I_TRANSCRIPTION,GO:BP,1.64818392551015,0.0744309081067124,12,,,,,FALSE,FALSE
GOBP_TERPENOID_BIOSYNTHETIC_PROCESS,GO:BP,0.976420383462549,0.601119698248576,24,0.55559567973604,1.5689262966333,6,24,FALSE,FALSE
GOBP_TERTIARY_ALCOHOL_METABOLIC_PROCESS,GO:BP,-1.11677727978896,0.426668601276843,22,0.678746825280159,1.426296633303,5,22,FALSE,FALSE
GOBP_TETRAHYDROBIOPTERIN_METABOLIC_PROCESS,GO:BP,1.64117858807889,0.0809185312357766,10,0.906741278758732,1.25514103730664,2,10,FALSE,FALSE
GOBP_TETRAHYDROFOLATE_INTERCONVERSION,GO:BP,1.82836131314886,0.0191715633900434,10,0.906741278758732,1.25514103730664,2,10,TRUE,FALSE
GOBP_TETRAHYDROFOLATE_METABOLIC_PROCESS,GO:BP,1.85041535477263,0.0113017446272321,20,0.831189429132839,1.25514103730664,4,20,TRUE,FALSE
GOBP_TETRAPYRROLE_BIOSYNTHETIC_PROCESS,GO:BP,0.8118307580489,0.819387089763095,30,,,,,FALSE,FALSE
GOBP_TETRAPYRROLE_CATABOLIC_PROCESS,GO:BP,1.96503071380112,0.00378856266542326,10,0.303676489292972,2.51028207461329,4,10,TRUE,FALSE
GOBP_TETRAPYRROLE_METABOLIC_PROCESS,GO:BP,1.25364494787563,0.234983314794216,55,1,0.570518653321201,5,55,FALSE,FALSE
GOBP_THROMBIN_ACTIVATED_RECEPTOR_SIGNALING_PATHWAY,GO:BP,-0.920776114259328,0.657689912826899,12,1,0.522975432211101,1,12,FALSE,FALSE
GOBP_THYMIC_T_CELL_SELECTION,GO:BP,2.10328550223991,0.000366510749723923,35,0.752302801814948,1.25514103730664,7,35,TRUE,FALSE
GOBP_THYMOCYTE_APOPTOTIC_PROCESS,GO:BP,1.39235065633714,0.172585328257158,17,0.24615437055853,2.2149547717176,6,17,FALSE,FALSE
GOBP_THYMUS_DEVELOPMENT,GO:BP,-0.75293708283868,0.937288148370635,49,1,0.896529312361887,7,49,FALSE,FALSE
GOBP_THYROID_GLAND_DEVELOPMENT,GO:BP,-1.03073942322188,0.544365533824149,25,0.801635301593806,1.25514103730664,5,25,FALSE,FALSE
GOBP_THYROID_HORMONE_GENERATION,GO:BP,1.37320943281966,0.188830857485338,20,0.000772518381312392,3.76542311191993,12,20,FALSE,TRUE
GOBP_THYROID_HORMONE_METABOLIC_PROCESS,GO:BP,1.32628882733489,0.20188790560472,28,0.000462073889340982,3.36198492135708,15,28,FALSE,TRUE
GOBP_TIGHT_JUNCTION_ORGANIZATION,GO:BP,1.16608896302346,0.326850164881631,67,0.67806536194772,1.21767414067062,13,67,FALSE,FALSE
GOBP_TISSUE_HOMEOSTASIS,GO:BP,-1.17449912722472,0.216524634950429,232,0.462054378260411,1.19021994917009,44,232,FALSE,FALSE
GOBP_TISSUE_MIGRATION,GO:BP,-1.2426250772883,0.219156831129743,91,0.594213709778933,1.24134827865492,18,91,FALSE,FALSE
GOBP_TISSUE_REGENERATION,GO:BP,0.992044447171795,0.581536833866282,62,0.831189429132839,1.11343156535267,11,62,FALSE,FALSE
GOBP_TISSUE_REMODELING,GO:BP,-1.05978084450396,0.442169630848656,162,0.287067834302807,1.31712331075388,34,162,FALSE,FALSE
GOBP_TOLERANCE_INDUCTION,GO:BP,1.51909204133366,0.0803314125544291,33,0.107641065225471,2.0919017288444,11,33,FALSE,FALSE
GOBP_TOLL_LIKE_RECEPTOR_2_SIGNALING_PATHWAY,GO:BP,1.71545599105304,0.0552522877472279,17,0.937040972683617,1.1074773858588,3,17,FALSE,FALSE
GOBP_TOLL_LIKE_RECEPTOR_3_SIGNALING_PATHWAY,GO:BP,1.59632986224742,0.090032996421294,25,1,0.753084622383986,3,25,FALSE,FALSE
GOBP_TOLL_LIKE_RECEPTOR_9_SIGNALING_PATHWAY,GO:BP,1.42427903198055,0.145759905881972,20,1,0.941355777979982,3,20,FALSE,FALSE
GOBP_TOLL_LIKE_RECEPTOR_SIGNALING_PATHWAY,GO:BP,2.32337029306492,5.37885994810117e-07,77,0.408568153127978,1.38554530092292,17,77,TRUE,FALSE
GOBP_TOLL_SIGNALING_PATHWAY,GO:BP,1.3802494007632,0.204407810253427,13,0.499747367215725,1.93098621124099,4,13,FALSE,FALSE
GOBP_TONGUE_DEVELOPMENT,GO:BP,-0.839479452463051,0.74182044948174,17,1,0.369159128619601,1,17,FALSE,FALSE
GOBP_TONGUE_MORPHOGENESIS,GO:BP,-0.751186312720921,0.826706447310853,10,,,,,FALSE,FALSE
GOBP_TONIC_SMOOTH_MUSCLE_CONTRACTION,GO:BP,-0.787439086581005,0.801881582983945,12,0.430749153033336,2.0919017288444,4,12,FALSE,FALSE
GOBP_TOOTH_MINERALIZATION,GO:BP,-1.23216342352432,0.30356330851239,25,0.801635301593806,1.25514103730664,5,25,FALSE,FALSE
GOBP_TORC1_SIGNALING,GO:BP,1.56315896319149,0.0258643119512565,108,1,0.290541906783945,5,108,TRUE,FALSE
GOBP_TORC2_SIGNALING,GO:BP,0.908894429194347,0.698176563962717,23,,,,,FALSE,FALSE
GOBP_TOR_SIGNALING,GO:BP,1.31809193848795,0.118050505050505,168,1,0.56033082022618,15,168,FALSE,FALSE
GOBP_TOXIN_METABOLIC_PROCESS,GO:BP,-1.04313996272191,0.51564123723944,14,0.134052103493028,2.68958793708566,6,14,FALSE,FALSE
GOBP_TRABECULA_FORMATION,GO:BP,-0.98611267588402,0.588773239839741,23,0.719442465053918,1.36428373620287,5,23,FALSE,FALSE
GOBP_TRABECULA_MORPHOGENESIS,GO:BP,-1.00601917498176,0.557375184806096,44,0.963928573896585,0.998407643312102,7,44,FALSE,FALSE
GOBP_TRACHEA_DEVELOPMENT,GO:BP,-1.31281254988301,0.238396318348731,17,1,0.738318257239201,2,17,FALSE,FALSE
GOBP_TRAIL_ACTIVATED_APOPTOTIC_SIGNALING_PATHWAY,GO:BP,1.61591295498564,0.090032996421294,11,0.944829045454405,1.1410373066424,2,11,FALSE,FALSE
GOBP_TRANSCRIPTION_BY_RNA_POLYMERASE_I,GO:BP,1.92141426859293,0.00170086557881922,65,,,,,TRUE,FALSE
GOBP_TRANSCRIPTION_BY_RNA_POLYMERASE_III,GO:BP,1.26417526843026,0.215118823246182,61,1,0.308641238681961,3,61,FALSE,FALSE
GOBP_TRANSCRIPTION_COUPLED_NUCLEOTIDE_EXCISION_REPAIR,GO:BP,0.921167003526291,0.662942442627371,12,,,,,FALSE,FALSE
GOBP_TRANSCRIPTION_ELONGATION_BY_RNA_POLYMERASE_I,GO:BP,1.40245288530728,0.169359743455063,13,,,,,FALSE,FALSE
GOBP_TRANSCRIPTION_ELONGATION_BY_RNA_POLYMERASE_II,GO:BP,1.90713322359447,0.000138216438166455,133,1,0.0943715065644092,2,133,TRUE,FALSE
GOBP_TRANSCRIPTION_INITIATION_AT_RNA_POLYMERASE_III_PROMOTER,GO:BP,1.47175991387218,0.116332173097336,27,1,0.464867050854312,2,27,FALSE,FALSE
GOBP_TRANSCRIPTION_INITIATION_AT_RNA_POLYMERASE_II_PROMOTER,GO:BP,1.55313220845688,0.0126666240182977,185,1,0.237459115166122,7,185,TRUE,FALSE
GOBP_TRANSCRIPTION_INITIATION_AT_RNA_POLYMERASE_I_PROMOTER,GO:BP,1.19503417975283,0.33284168953652,22,,,,,FALSE,FALSE
GOBP_TRANSCRIPTION_PREINITIATION_COMPLEX_ASSEMBLY,GO:BP,1.22945073476265,0.237369547089394,71,1,0.176780427789668,2,71,FALSE,FALSE
GOBP_TRANSCYTOSIS,GO:BP,0.71003363033903,0.896449438502396,18,1,0.697300576281468,2,18,FALSE,FALSE
GOBP_TRANSEPITHELIAL_TRANSPORT,GO:BP,1.06486882512099,0.482097651627736,36,0.159903768946073,1.91757658477404,11,36,FALSE,FALSE
GOBP_TRANSFERRIN_TRANSPORT,GO:BP,1.40473395924178,0.19163367969652,11,,,,,FALSE,FALSE
GOBP_TRANSFORMING_GROWTH_FACTOR_BETA1_PRODUCTION,GO:BP,0.694868924488434,0.908154636233203,18,1,0.697300576281468,2,18,FALSE,FALSE
GOBP_TRANSFORMING_GROWTH_FACTOR_BETA_PRODUCTION,GO:BP,-0.973027559798646,0.599908782837759,41,0.430749153033336,1.53065980159347,10,41,FALSE,FALSE
GOBP_TRANSFORMING_GROWTH_FACTOR_BETA_RECEPTOR_SIGNALING_PATHWAY,GO:BP,-1.39944274849778,0.0293824840035258,202,1,0.77669618645213,25,202,FALSE,FALSE
GOBP_TRANSITION_METAL_ION_TRANSPORT,GO:BP,1.57370687059645,0.0350141191411619,90,0.788586078744843,1.11568092205035,16,90,TRUE,FALSE
GOBP_TRANSLATIONAL_ELONGATION,GO:BP,1.4454226660454,0.0774005830779291,68,1,0.1845795643098,2,68,FALSE,FALSE
GOBP_TRANSLATIONAL_INITIATION,GO:BP,1.86638854866946,0.000356877408153224,124,1,0.151831577093545,3,124,TRUE,FALSE
GOBP_TRANSLATIONAL_TERMINATION,GO:BP,1.60695737928021,0.103150021184542,16,,,,,FALSE,FALSE
GOBP_TRANSMISSION_OF_NERVE_IMPULSE,GO:BP,-1.70978326709652,0.0136095765977184,59,0.0561070527927801,1.91462192131522,18,59,FALSE,FALSE
GOBP_TRANSPORT_OF_VIRUS,GO:BP,1.6975771665578,0.0601843746377117,10,0.906741278758732,1.25514103730664,2,10,FALSE,FALSE
GOBP_TRANSPOSABLE_ELEMENT_SILENCING_BY_HETEROCHROMATIN_FORMATION,GO:BP,-1.04554024077489,0.501325262420011,16,1,0.784463148316652,2,16,FALSE,FALSE
GOBP_TRANSPOSITION,GO:BP,1.12806864786814,0.389608118306467,31,0.8068601672033,1.21465261674836,6,31,FALSE,FALSE
GOBP_TRANS_SYNAPTIC_SIGNALING_BY_TRANS_SYNAPTIC_COMPLEX,GO:BP,-1.41974130137112,0.181129892710816,11,0.655369444735246,1.7115559599636,3,11,FALSE,FALSE
GOBP_TRANS_SYNAPTIC_SIGNALING_MODULATING_SYNAPTIC_TRANSMISSION,GO:BP,-1.94283277815711,0.00670029281223587,18,0.506693934048772,1.74325144070367,5,18,FALSE,FALSE
GOBP_TRICARBOXYLIC_ACID_CYCLE,GO:BP,1.3919926881904,0.140464297412381,31,1,0.202442102791394,1,31,FALSE,FALSE
GOBP_TRICARBOXYLIC_ACID_METABOLIC_PROCESS,GO:BP,0.767630265978875,0.841276665438316,14,1,0.896529312361887,2,14,FALSE,FALSE
GOBP_TRIF_DEPENDENT_TOLL_LIKE_RECEPTOR_SIGNALING_PATHWAY,GO:BP,1.28697798489969,0.257424952369388,11,0.944829045454405,1.1410373066424,2,11,FALSE,FALSE
GOBP_TRIGEMINAL_NERVE_DEVELOPMENT,GO:BP,0.731127385296294,0.877844163205995,11,0.944829045454405,1.1410373066424,2,11,FALSE,FALSE
GOBP_TRIGLYCERIDE_CATABOLIC_PROCESS,GO:BP,-1.20726408143777,0.321557629673495,29,0.207308535086846,1.94763264409651,9,29,FALSE,FALSE
GOBP_TRIGLYCERIDE_METABOLIC_PROCESS,GO:BP,-1.43594703546396,0.0478809674534621,95,0.24615437055853,1.4533212010919,22,95,FALSE,FALSE
GOBP_TRIPEPTIDE_TRANSMEMBRANE_TRANSPORT,GO:BP,1.42125180616536,0.169656059144969,10,0.906741278758732,1.25514103730664,2,10,FALSE,FALSE
GOBP_TRIPEPTIDE_TRANSPORT,GO:BP,1.40752374955338,0.162320977840996,12,0.719442465053918,1.5689262966333,3,12,FALSE,FALSE
GOBP_TRNA_5_END_PROCESSING,GO:BP,1.81696645640327,0.0334966016889711,15,,,,,TRUE,FALSE
GOBP_TRNA_5_LEADER_REMOVAL,GO:BP,1.68306284764432,0.0548812524462535,12,,,,,FALSE,FALSE
GOBP_TRNA_DECAY,GO:BP,1.36943355766767,0.185629876524506,17,1,0.738318257239201,2,17,FALSE,FALSE
GOBP_TRNA_METABOLIC_PROCESS,GO:BP,2.16821174721793,1.60487087956964e-08,183,1,0.137173883858649,4,183,TRUE,FALSE
GOBP_TRNA_METHYLATION,GO:BP,1.67031726854088,0.0361566405967987,39,1,0.160915517603416,1,39,TRUE,FALSE
GOBP_TRNA_MODIFICATION,GO:BP,1.88757152361689,0.000919052316657866,91,1,0.0689637932586067,1,91,TRUE,FALSE
GOBP_TRNA_PROCESSING,GO:BP,2.13207573439705,7.93054073888497e-07,131,1,0.0479061464620856,1,131,TRUE,FALSE
GOBP_TRNA_THREONYLCARBAMOYLADENOSINE_METABOLIC_PROCESS,GO:BP,1.83786702399452,0.0242525274116962,18,,,,,TRUE,FALSE
GOBP_TRNA_TRANSCRIPTION,GO:BP,1.20855631372699,0.329497531099667,12,1,0.522975432211101,1,12,FALSE,FALSE
GOBP_TRNA_WOBBLE_BASE_MODIFICATION,GO:BP,1.40520658948234,0.150957567543874,26,,,,,FALSE,FALSE
GOBP_TRNA_WOBBLE_URIDINE_MODIFICATION,GO:BP,1.45713129339727,0.144340141278311,17,,,,,FALSE,FALSE
GOBP_TROPHECTODERMAL_CELL_DIFFERENTIATION,GO:BP,1.28458030185999,0.258549599805967,16,1,0.784463148316652,2,16,FALSE,FALSE
GOBP_TROPHOBLAST_CELL_MIGRATION,GO:BP,0.998637531449495,0.596145521413571,22,1,0.855777979981802,3,22,FALSE,FALSE
GOBP_TROPHOBLAST_GIANT_CELL_DIFFERENTIATION,GO:BP,1.3867384727341,0.210702242285008,11,0.157795262997224,2.85259326660601,5,11,FALSE,FALSE
GOBP_TUBE_CLOSURE,GO:BP,-0.911421443139323,0.722041748616416,87,1,0.649210881365505,9,87,FALSE,FALSE
GOBP_TUBE_FORMATION,GO:BP,-1.39225723236303,0.0555279934080629,143,1,0.921607055365017,21,143,FALSE,FALSE
GOBP_TUBULIN_DEACETYLATION,GO:BP,-1.41931986220141,0.156666560112521,18,1,0.348650288140734,1,18,FALSE,FALSE
GOBP_TUMOR_NECROSIS_FACTOR_MEDIATED_SIGNALING_PATHWAY,GO:BP,2.03419703476322,4.33435480126607e-05,113,1,0.777520996561637,14,113,TRUE,FALSE
GOBP_TUMOR_NECROSIS_FACTOR_SUPERFAMILY_CYTOKINE_PRODUCTION,GO:BP,2.48051954399252,1.07189755727869e-13,181,0.0068147038254817,1.66427540858339,48,181,TRUE,TRUE
GOBP_TYPE_2_IMMUNE_RESPONSE,GO:BP,1.3821874139188,0.160287502641563,40,0.398324147552931,1.5689262966333,10,40,FALSE,FALSE
GOBP_TYPE_2_MITOPHAGY,GO:BP,1.18327720355377,0.378305882806997,13,1,0.482746552810247,1,13,FALSE,FALSE
GOBP_TYPE_B_PANCREATIC_CELL_APOPTOTIC_PROCESS,GO:BP,-1.00753564170352,0.550125360608445,10,0.906741278758732,1.25514103730664,2,10,FALSE,FALSE
GOBP_TYPE_B_PANCREATIC_CELL_DEVELOPMENT,GO:BP,-0.970701899693013,0.614692191837613,18,0.962721081755926,1.0459508644222,3,18,FALSE,FALSE
GOBP_TYPE_B_PANCREATIC_CELL_DIFFERENTIATION,GO:BP,-1.19055073727185,0.332572133070282,21,0.868087644964407,1.19537241648252,4,21,FALSE,FALSE
GOBP_TYPE_B_PANCREATIC_CELL_PROLIFERATION,GO:BP,1.11262953333266,0.436731195468029,17,0.703534865988356,1.4766365144784,4,17,FALSE,FALSE
GOBP_TYPE_II_HYPERSENSITIVITY,GO:BP,1.30147598853454,0.247406290734703,11,0.655369444735246,1.7115559599636,3,11,FALSE,FALSE
GOBP_TYPE_II_INTERFERON_MEDIATED_SIGNALING_PATHWAY,GO:BP,1.97956505538657,0.00394637111756605,26,0.627782812120181,1.44823965843074,6,26,TRUE,FALSE
GOBP_TYPE_II_INTERFERON_PRODUCTION,GO:BP,2.59576278732537,6.16131099477691e-13,124,0.00348771584976869,1.87258945082039,37,124,TRUE,TRUE
GOBP_TYPE_I_INTERFERON_MEDIATED_SIGNALING_PATHWAY,GO:BP,2.51666123049502,4.87686902477772e-09,64,0.245179769008937,1.5689262966333,16,64,TRUE,FALSE
GOBP_TYPE_I_INTERFERON_PRODUCTION,GO:BP,2.42855867901196,1.46246604516305e-10,128,0.430749153033336,1.27475261601456,26,128,TRUE,FALSE
GOBP_TYROSINE_METABOLIC_PROCESS,GO:BP,-0.727523273203133,0.854991277379337,12,0.719442465053918,1.5689262966333,3,12,FALSE,FALSE
GOBP_TYROSINE_PHOSPHORYLATION_OF_STAT_PROTEIN,GO:BP,1.61261027079602,0.0566843729849365,32,0.0921276742774221,2.15727365787079,11,32,FALSE,FALSE
GOBP_T_CELL_ACTIVATION_INVOLVED_IN_IMMUNE_RESPONSE,GO:BP,2.04339993888944,8.40241647636451e-06,129,0.108560723054637,1.50811519986457,31,129,TRUE,FALSE
GOBP_T_CELL_ACTIVATION_VIA_T_CELL_RECEPTOR_CONTACT_WITH_ANTIGEN_BOUND_TO_MHC_MOLECULE_ON_ANTIGEN_PRESENTING_CELL,GO:BP,0.945627074032558,0.639929368876737,14,0.825631269028654,1.34479396854283,3,14,FALSE,FALSE
GOBP_T_CELL_APOPTOTIC_PROCESS,GO:BP,1.70090597498862,0.0210407105036084,51,0.111441516833357,1.845795643098,15,51,TRUE,FALSE
GOBP_T_CELL_CHEMOTAXIS,GO:BP,2.10519420037687,0.000886963122397391,26,0.134052103493028,2.17235948764611,9,26,TRUE,FALSE
GOBP_T_CELL_CYTOKINE_PRODUCTION,GO:BP,1.68599467133784,0.0211843965778898,38,0.117089519912952,1.98180163785259,12,38,TRUE,FALSE
GOBP_T_CELL_DIFFERENTIATION,GO:BP,2.09200966874565,1.85324805915038e-10,317,0.0414148892452261,1.3858024071209,70,317,TRUE,TRUE
GOBP_T_CELL_DIFFERENTIATION_INVOLVED_IN_IMMUNE_RESPONSE,GO:BP,2.174377633291,1.96552576453153e-06,104,0.0483131171753652,1.68961293483586,28,104,TRUE,TRUE
GOBP_T_CELL_DIFFERENTIATION_IN_THYMUS,GO:BP,1.91634648102071,0.000935516106472082,88,0.524504222588345,1.2836669699727,18,88,TRUE,FALSE
GOBP_T_CELL_EXTRAVASATION,GO:BP,1.06270701837133,0.507555265940443,14,1,0.896529312361887,2,14,FALSE,FALSE
GOBP_T_CELL_HOMEOSTASIS,GO:BP,2.07209389445939,0.000183409094157682,60,1,0.941355777979982,9,60,TRUE,FALSE
GOBP_T_CELL_LINEAGE_COMMITMENT,GO:BP,1.88521380835786,0.00579310926963501,39,0.23178473761861,1.77007069363757,11,39,TRUE,FALSE
GOBP_T_CELL_MEDIATED_CYTOTOXICITY,GO:BP,1.96280012947982,0.00160936079091082,53,0.220473793902861,1.65773344549934,14,53,TRUE,FALSE
GOBP_T_CELL_MEDIATED_IMMUNE_RESPONSE_TO_TUMOR_CELL,GO:BP,1.57517293790855,0.0867856902045024,19,0.788586078744843,1.32120109190173,4,19,FALSE,FALSE
GOBP_T_CELL_MEDIATED_IMMUNITY,GO:BP,2.17872581364197,5.74617266769654e-07,125,0.0223852755813793,1.70699181073703,34,125,TRUE,TRUE
GOBP_T_CELL_MIGRATION,GO:BP,1.99200931490116,0.000354377090606749,71,0.283563902715584,1.50263363621218,17,71,TRUE,FALSE
GOBP_T_CELL_PROLIFERATION,GO:BP,2.13197762355425,2.90770229947967e-08,195,0.0732511756857326,1.44823965843074,45,195,TRUE,FALSE
GOBP_T_CELL_RECEPTOR_SIGNALING_PATHWAY,GO:BP,2.2504806225699,1.18264474882328e-08,152,0.167224041847327,1.40377616014559,34,152,TRUE,FALSE
GOBP_T_CELL_SELECTION,GO:BP,2.26677294189162,1.02892891138823e-06,73,0.150186238435891,1.63340271978262,19,73,TRUE,FALSE
GOBP_T_CELL_TOLERANCE_INDUCTION,GO:BP,1.56997758275885,0.107885760051342,17,0.24615437055853,2.2149547717176,6,17,FALSE,FALSE
GOBP_T_FOLLICULAR_HELPER_CELL_DIFFERENTIATION,GO:BP,1.07880322170537,0.494492254733219,10,0.594213709778933,1.88271155595996,3,10,FALSE,FALSE
GOBP_T_HELPER_17_CELL_DIFFERENTIATION,GO:BP,2.42957745558906,2.7558475943946e-07,51,0.0626293965258465,1.9688486859712,16,51,TRUE,FALSE
GOBP_T_HELPER_17_TYPE_IMMUNE_RESPONSE,GO:BP,2.50712034061626,4.46914879104749e-09,68,0.00360898824647259,2.2149547717176,24,68,TRUE,TRUE
GOBP_T_HELPER_1_CELL_DIFFERENTIATION,GO:BP,2.2262422034133,5.15051753597152e-05,39,0.986225827100299,0.965493105620494,6,39,TRUE,FALSE
GOBP_T_HELPER_1_TYPE_IMMUNE_RESPONSE,GO:BP,2.31935805997992,1.55960920385905e-06,65,0.506693934048772,1.35169034786869,14,65,TRUE,FALSE
GOBP_T_HELPER_2_CELL_CYTOKINE_PRODUCTION,GO:BP,1.09762446521006,0.468376997857967,10,0.117262721583506,3.13785259326661,5,10,FALSE,FALSE
GOBP_T_HELPER_2_CELL_DIFFERENTIATION,GO:BP,0.774930281605266,0.841900432143482,17,0.937040972683617,1.1074773858588,3,17,FALSE,FALSE
GOBP_T_HELPER_CELL_LINEAGE_COMMITMENT,GO:BP,1.85924637599713,0.0101806544634301,27,0.0793605564859744,2.32433525427156,10,27,TRUE,FALSE
GOBP_U2_TYPE_PRESPLICEOSOME_ASSEMBLY,GO:BP,1.68007924817256,0.052396647580019,25,,,,,FALSE,FALSE
GOBP_UBIQUITIN_DEPENDENT_PROTEIN_CATABOLIC_PROCESS_VIA_THE_C_END_DEGRON_RULE_PATHWAY,GO:BP,0.901101765705367,0.670476914307429,15,,,,,FALSE,FALSE
GOBP_UBIQUITIN_DEPENDENT_PROTEIN_CATABOLIC_PROCESS_VIA_THE_MULTIVESICULAR_BODY_SORTING_PATHWAY,GO:BP,1.00893693404011,0.565534180637291,37,1,0.169613653690087,1,37,FALSE,FALSE
GOBP_UBIQUITIN_RECYCLING,GO:BP,1.31514269325119,0.242327648255359,13,1,0.965493105620494,2,13,FALSE,FALSE
GOBP_UDP_N_ACETYLGLUCOSAMINE_BIOSYNTHETIC_PROCESS,GO:BP,1.24610186955686,0.303905250515652,10,,,,,FALSE,FALSE
GOBP_UDP_N_ACETYLGLUCOSAMINE_METABOLIC_PROCESS,GO:BP,1.07941087311542,0.48762492646859,13,1,0.482746552810247,1,13,FALSE,FALSE
GOBP_UNSATURATED_FATTY_ACID_BIOSYNTHETIC_PROCESS,GO:BP,0.830534271302769,0.824404356527907,48,0.485458411687215,1.43818243858053,11,48,FALSE,FALSE
GOBP_UNSATURATED_FATTY_ACID_METABOLIC_PROCESS,GO:BP,0.968837627224248,0.597493963291284,97,0.282457913934463,1.42335581550238,22,97,FALSE,FALSE
GOBP_UREA_CYCLE,GO:BP,1.74928659640151,0.039382651290501,10,0.906741278758732,1.25514103730664,2,10,TRUE,FALSE
GOBP_URETER_DEVELOPMENT,GO:BP,-2.04773918759921,0.00354938892891854,15,0.355067484635544,2.0919017288444,5,15,FALSE,FALSE
GOBP_UROGENITAL_SYSTEM_DEVELOPMENT,GO:BP,-1.52725885016034,0.0630392051067651,58,0.221856837380877,1.62302720341376,15,58,FALSE,FALSE
GOBP_UTERUS_DEVELOPMENT,GO:BP,-1.54354878255784,0.0632170562174433,26,0.253647312636177,1.93098621124099,8,26,FALSE,FALSE
GOBP_UTP_BIOSYNTHETIC_PROCESS,GO:BP,1.21683168497016,0.324592272764903,10,,,,,FALSE,FALSE
GOBP_UTP_METABOLIC_PROCESS,GO:BP,1.45678278695101,0.145759905881972,12,1,0.522975432211101,1,12,FALSE,FALSE
GOBP_UV_DAMAGE_EXCISION_REPAIR,GO:BP,-0.759464315491846,0.843816223426966,13,,,,,FALSE,FALSE
GOBP_UV_PROTECTION,GO:BP,-0.855191427774349,0.718681145143218,12,,,,,FALSE,FALSE
GOBP_VACUOLAR_ACIDIFICATION,GO:BP,1.22124308842807,0.299640504760663,36,1,0.348650288140734,2,36,FALSE,FALSE
GOBP_VACUOLAR_LOCALIZATION,GO:BP,1.23278188818358,0.235668723055744,87,1,0.57707633899156,8,87,FALSE,FALSE
GOBP_VACUOLAR_TRANSPORT,GO:BP,1.13559592741333,0.328380098717271,169,1,0.297074801729383,8,169,FALSE,FALSE
GOBP_VACUOLE_FUSION,GO:BP,-1.02769982375453,0.535558178162427,14,1,0.448264656180944,1,14,FALSE,FALSE
GOBP_VACUOLE_ORGANIZATION,GO:BP,1.17510557835226,0.229795157870999,243,1,0.206607578157472,8,243,FALSE,FALSE
GOBP_VASCULAR_ASSOCIATED_SMOOTH_MUSCLE_CELL_DEVELOPMENT,GO:BP,-1.38967515885554,0.207750919322192,11,1,0.570518653321201,1,11,FALSE,FALSE
GOBP_VASCULAR_ASSOCIATED_SMOOTH_MUSCLE_CELL_DIFFERENTIATION,GO:BP,-1.64136008303519,0.0374232724979747,31,0.610175830929717,1.41709471953976,7,31,FALSE,FALSE
GOBP_VASCULAR_ASSOCIATED_SMOOTH_MUSCLE_CELL_MIGRATION,GO:BP,-1.52482219254318,0.0764492822702654,26,0.627782812120181,1.44823965843074,6,26,FALSE,FALSE
GOBP_VASCULAR_ASSOCIATED_SMOOTH_MUSCLE_CELL_PROLIFERATION,GO:BP,-1.23785051813695,0.206087561255681,54,0.644324793180605,1.27838438984936,11,54,FALSE,FALSE
GOBP_VASCULAR_ASSOCIATED_SMOOTH_MUSCLE_CONTRACTION,GO:BP,-0.949310270130409,0.631515612135031,26,0.134052103493028,2.17235948764611,9,26,FALSE,FALSE
GOBP_VASCULAR_ENDOTHELIAL_CELL_PROLIFERATION,GO:BP,1.04908247239471,0.526442638523845,21,1,0.896529312361887,3,21,FALSE,FALSE
GOBP_VASCULAR_ENDOTHELIAL_CELL_RESPONSE_TO_FLUID_SHEAR_STRESS,GO:BP,-1.14237049219543,0.393065638647397,26,1,0.724119829215371,3,26,FALSE,FALSE
GOBP_VASCULAR_ENDOTHELIAL_CELL_RESPONSE_TO_LAMINAR_FLUID_SHEAR_STRESS,GO:BP,-1.31846492658356,0.232098572741619,21,1,0.896529312361887,3,21,FALSE,FALSE
GOBP_VASCULAR_ENDOTHELIAL_GROWTH_FACTOR_PRODUCTION,GO:BP,1.38029632492408,0.16390195593988,36,0.782598341187005,1.22027600849257,7,36,FALSE,FALSE
GOBP_VASCULAR_ENDOTHELIAL_GROWTH_FACTOR_RECEPTOR_SIGNALING_PATHWAY,GO:BP,-1.27475307082013,0.174229900993619,56,1,0.672396984271416,6,56,FALSE,FALSE
GOBP_VASCULAR_ENDOTHELIAL_GROWTH_FACTOR_SIGNALING_PATHWAY,GO:BP,-1.61830590815163,0.0373771172451808,47,1,0.934679495866649,7,47,FALSE,FALSE
GOBP_VASCULAR_PROCESS_IN_CIRCULATORY_SYSTEM,GO:BP,-1.5400670780231,0.00391406431066644,238,0.0772203180500778,1.39753098691706,53,238,FALSE,FALSE
GOBP_VASCULAR_TRANSPORT,GO:BP,1.06986962728837,0.464028522816558,78,0.150628381051794,1.60915517603416,20,78,FALSE,FALSE
GOBP_VASCULAR_WOUND_HEALING,GO:BP,-1.01286432302384,0.564998791394731,18,0.506693934048772,1.74325144070367,5,18,FALSE,FALSE
GOBP_VASCULOGENESIS,GO:BP,-1.51836086217274,0.0423485397069524,78,1,0.804577588017079,10,78,FALSE,FALSE
GOBP_VASOCONSTRICTION,GO:BP,-1.43321278608768,0.0785130981987843,70,0.0223852755813793,1.97236448719615,22,70,FALSE,TRUE
GOBP_VASODILATION,GO:BP,-1.27055789375511,0.204390980592586,45,1,0.697300576281468,5,45,FALSE,FALSE
GOBP_VENOUS_BLOOD_VESSEL_DEVELOPMENT,GO:BP,-1.36619588856163,0.206086005830904,15,0.868087644964407,1.25514103730664,3,15,FALSE,FALSE
GOBP_VENTRAL_SPINAL_CORD_DEVELOPMENT,GO:BP,-1.7538960841202,0.0206649200807738,31,0.962721081755926,1.01221051395697,5,31,FALSE,FALSE
GOBP_VENTRICULAR_CARDIAC_MUSCLE_CELL_ACTION_POTENTIAL,GO:BP,-1.86714962944586,0.010908192201591,32,0.470180903258393,1.5689262966333,8,32,FALSE,FALSE
GOBP_VENTRICULAR_CARDIAC_MUSCLE_CELL_DIFFERENTIATION,GO:BP,1.14947355030775,0.422256939616273,15,0.594213709778933,1.67352138307552,4,15,FALSE,FALSE
GOBP_VENTRICULAR_CARDIAC_MUSCLE_CELL_MEMBRANE_REPOLARIZATION,GO:BP,-1.61916584006987,0.0732614469423197,24,0.944829045454405,1.0459508644222,4,24,FALSE,FALSE
GOBP_VENTRICULAR_CARDIAC_MUSCLE_TISSUE_DEVELOPMENT,GO:BP,-1.86191814490242,0.00283272942342485,53,1,0.947276254571051,8,53,FALSE,FALSE
GOBP_VENTRICULAR_CARDIAC_MUSCLE_TISSUE_MORPHOGENESIS,GO:BP,-1.87686601371718,0.00388511485999247,39,0.868087644964407,1.12640862322391,7,39,FALSE,FALSE
GOBP_VENTRICULAR_SEPTUM_DEVELOPMENT,GO:BP,-1.34197837045849,0.138697746105476,67,1,0.562003449540288,6,67,FALSE,FALSE
GOBP_VENTRICULAR_SEPTUM_MORPHOGENESIS,GO:BP,-1.7367727962163,0.0224862178299804,41,1,0.306131960318693,2,41,FALSE,FALSE
GOBP_VENTRICULAR_SYSTEM_DEVELOPMENT,GO:BP,-1.09070352276301,0.460577013438587,33,1,0.760691537761602,4,33,FALSE,FALSE
GOBP_VENTRICULAR_TRABECULA_MYOCARDIUM_MORPHOGENESIS,GO:BP,-0.709951695481343,0.896214951893491,14,,,,,FALSE,FALSE
GOBP_VERY_LONG_CHAIN_FATTY_ACID_BIOSYNTHETIC_PROCESS,GO:BP,-0.628534643199505,0.94551571616789,12,0.978587630542299,1.0459508644222,2,12,FALSE,FALSE
GOBP_VERY_LONG_CHAIN_FATTY_ACID_METABOLIC_PROCESS,GO:BP,-1.20301091993602,0.303815516226017,34,0.719442465053918,1.2920569501686,7,34,FALSE,FALSE
GOBP_VERY_LOW_DENSITY_LIPOPROTEIN_PARTICLE_ASSEMBLY,GO:BP,-0.917633971994186,0.642073125580283,10,0.594213709778933,1.88271155595996,3,10,FALSE,FALSE
GOBP_VESICLE_BUDDING_FROM_MEMBRANE,GO:BP,1.05761306264101,0.481714723000344,86,1,0.364866580612396,5,86,FALSE,FALSE
GOBP_VESICLE_CARGO_LOADING,GO:BP,1.17131667604756,0.355759629762859,35,1,0.179305862472378,1,35,FALSE,FALSE
GOBP_VESICLE_COATING,GO:BP,0.781861117167365,0.864769928575771,38,1,0.165150136487716,1,38,FALSE,FALSE
GOBP_VESICLE_CYTOSKELETAL_TRAFFICKING,GO:BP,1.21628248551695,0.266486145547871,58,1,0.216403627121835,2,58,FALSE,FALSE
GOBP_VESICLE_DOCKING,GO:BP,1.43741127787517,0.141536516622124,57,1,0.770700636942675,7,57,FALSE,FALSE
GOBP_VESICLE_DOCKING_INVOLVED_IN_EXOCYTOSIS,GO:BP,1.26982262783802,0.246628421900161,37,1,0.848068268450434,5,37,FALSE,FALSE
GOBP_VESICLE_FUSION_TO_PLASMA_MEMBRANE,GO:BP,-0.828342779067748,0.816452977729251,27,0.470180903258393,1.62703467799009,7,27,FALSE,FALSE
GOBP_VESICLE_LOCALIZATION,GO:BP,1.08038281773576,0.407576175585004,215,1,0.554597202530842,19,215,FALSE,FALSE
GOBP_VESICLE_MEDIATED_TRANSPORT_BETWEEN_ENDOSOMAL_COMPARTMENTS,GO:BP,0.85496187626974,0.776495345490477,46,,,,,FALSE,FALSE
GOBP_VESICLE_MEDIATED_TRANSPORT_IN_SYNAPSE,GO:BP,-1.11793415694778,0.270092796310191,227,0.944829045454405,0.995266020771787,36,227,FALSE,FALSE
GOBP_VESICLE_MEDIATED_TRANSPORT_TO_THE_PLASMA_MEMBRANE,GO:BP,1.05177389585877,0.476350960373517,162,1,0.348650288140734,9,162,FALSE,FALSE
GOBP_VESICLE_ORGANIZATION,GO:BP,1.16417949891852,0.209102914043875,374,1,0.654418455280201,39,374,FALSE,FALSE
GOBP_VESICLE_TARGETING,GO:BP,1.08615558748626,0.433309203096486,65,1,0.289647931686148,3,65,FALSE,FALSE
GOBP_VESICLE_TARGETING_ROUGH_ER_TO_CIS_GOLGI,GO:BP,0.88023831140858,0.732941128228878,25,1,0.251028207461328,1,25,FALSE,FALSE
GOBP_VESICLE_TARGETING_TO_FROM_OR_WITHIN_GOLGI,GO:BP,1.00660312589415,0.555196121420712,32,1,0.196115787079163,1,32,FALSE,FALSE
GOBP_VESICLE_TETHERING,GO:BP,1.13762426044189,0.401925195583284,33,1,0.380345768880801,2,33,FALSE,FALSE
GOBP_VESICLE_TETHERING_INVOLVED_IN_EXOCYTOSIS,GO:BP,1.14607626060667,0.408324510093208,10,1,0.627570518653321,1,10,FALSE,FALSE
GOBP_VESICLE_TRANSPORT_ALONG_MICROTUBULE,GO:BP,1.28201261186371,0.218559324256971,47,1,0.267051284533328,2,47,FALSE,FALSE
GOBP_VIRAL_BUDDING,GO:BP,0.848206488439542,0.770524305445644,26,1,0.241373276405124,1,26,FALSE,FALSE
GOBP_VIRAL_GENE_EXPRESSION,GO:BP,1.36208992213744,0.131592808885835,78,1,0.321831035206831,4,78,FALSE,FALSE
GOBP_VIRAL_GENOME_REPLICATION,GO:BP,2.52236813046708,8.45461290243677e-11,101,0.257342377811975,1.42912098307192,23,101,TRUE,FALSE
GOBP_VIRAL_LIFE_CYCLE,GO:BP,2.1167453699062,4.13180044700215e-10,260,0.655369444735246,1.11031707146357,46,260,TRUE,FALSE
GOBP_VIRAL_PROCESS,GO:BP,2.06170971286396,2.26626972130133e-10,340,1,0.959813734410962,52,340,TRUE,FALSE
GOBP_VIRAL_PROTEIN_PROCESSING,GO:BP,0.786554189848856,0.847171712569779,30,1,0.20919017288444,1,30,FALSE,FALSE
GOBP_VIRAL_RELEASE_FROM_HOST_CELL,GO:BP,1.13898245922025,0.394445850115911,29,,,,,FALSE,FALSE
GOBP_VIRAL_RNA_GENOME_REPLICATION,GO:BP,1.45636221809831,0.118107003131885,23,0.9287787116854,1.0914269889623,4,23,FALSE,FALSE
GOBP_VIRAL_TRANSCRIPTION,GO:BP,1.77920799786813,0.028657893145781,25,1,0.251028207461328,1,25,TRUE,FALSE
GOBP_VIRAL_TRANSLATION,GO:BP,0.739156475512576,0.875463056664643,22,1,0.570518653321201,2,22,FALSE,FALSE
GOBP_VIRION_ASSEMBLY,GO:BP,0.810105933292599,0.817750990553502,37,1,0.339227307380174,2,37,FALSE,FALSE
GOBP_VISUAL_BEHAVIOR,GO:BP,-1.33928051345852,0.15939706896099,52,0.740450771110098,1.20686638202562,10,52,FALSE,FALSE
GOBP_VITAMIN_BIOSYNTHETIC_PROCESS,GO:BP,1.23335086541089,0.286894286700187,22,0.678746825280159,1.426296633303,5,22,FALSE,FALSE
GOBP_VITAMIN_CATABOLIC_PROCESS,GO:BP,0.840255792099335,0.756016042780749,14,0.134052103493028,2.68958793708566,6,14,FALSE,FALSE
GOBP_VITAMIN_D_BIOSYNTHETIC_PROCESS,GO:BP,1.24130652465491,0.311119104982029,10,0.303676489292972,2.51028207461329,4,10,FALSE,FALSE
GOBP_VITAMIN_D_METABOLIC_PROCESS,GO:BP,1.35891663525296,0.195842339124869,17,0.112328337767288,2.58411390033721,7,17,FALSE,FALSE
GOBP_VITAMIN_D_RECEPTOR_SIGNALING_PATHWAY,GO:BP,1.19887842212467,0.354101440200376,14,0.825631269028654,1.34479396854283,3,14,FALSE,FALSE
GOBP_VITAMIN_K_METABOLIC_PROCESS,GO:BP,-0.97837207038296,0.575042573474892,13,1,0.965493105620494,2,13,FALSE,FALSE
GOBP_VITAMIN_METABOLIC_PROCESS,GO:BP,1.16108934889921,0.36811349745914,37,0.632546716946981,1.35690922952069,8,37,FALSE,FALSE
GOBP_VITAMIN_TRANSMEMBRANE_TRANSPORT,GO:BP,0.811870030115726,0.790773744041071,16,1,0.784463148316652,2,16,FALSE,FALSE
GOBP_VITAMIN_TRANSPORT,GO:BP,1.0682239561936,0.494893257413551,43,0.812509594366598,1.16757305795967,8,43,FALSE,FALSE
GOBP_VOCALIZATION_BEHAVIOR,GO:BP,-1.3764904059215,0.169600635989525,20,0.0932137217894551,2.51028207461329,8,20,FALSE,FALSE
GOBP_V_D_J_RECOMBINATION,GO:BP,1.59853286268274,0.102379305674704,18,1,0.348650288140734,1,18,FALSE,FALSE
GOBP_WALKING_BEHAVIOR,GO:BP,-0.861440722490909,0.770524305445644,32,0.978587630542299,0.980578935395814,5,32,FALSE,FALSE
GOBP_WATER_TRANSPORT,GO:BP,-1.12550945476858,0.436819651090935,18,0.506693934048772,1.74325144070367,5,18,FALSE,FALSE
GOBP_WHITE_FAT_CELL_DIFFERENTIATION,GO:BP,-0.976848754321869,0.613756613756614,19,0.788586078744843,1.32120109190173,4,19,FALSE,FALSE
GOBP_WNT_SIGNALING_PATHWAY,GO:BP,-1.66805718643315,1.31723147693724e-06,437,0.988610714802599,0.976539937492582,68,437,FALSE,FALSE
GOBP_WNT_SIGNALING_PATHWAY_PLANAR_CELL_POLARITY_PATHWAY,GO:BP,-1.13840737966387,0.363242531541082,46,1,0.682141868101436,5,46,FALSE,FALSE
GOBP_WOUND_HEALING,GO:BP,0.998290280771912,0.558602567515946,395,0.906741278758732,1.0168231188307,64,395,FALSE,FALSE
GOBP_WOUND_HEALING_INVOLVED_IN_INFLAMMATORY_RESPONSE,GO:BP,0.929392221732493,0.654903816708889,10,0.594213709778933,1.88271155595996,3,10,FALSE,FALSE
GOBP_WOUND_HEALING_SPREADING_OF_EPIDERMAL_CELLS,GO:BP,1.16911711471245,0.371957631220027,24,0.944829045454405,1.0459508644222,4,24,FALSE,FALSE
GOBP_XENOBIOTIC_CATABOLIC_PROCESS,GO:BP,1.02434962488113,0.559269389458069,22,0.906741278758732,1.1410373066424,4,22,FALSE,FALSE
GOBP_XENOBIOTIC_EXPORT_FROM_CELL,GO:BP,-1.04856377475737,0.51148824006838,14,0.825631269028654,1.34479396854283,3,14,FALSE,FALSE
GOBP_XENOBIOTIC_METABOLIC_PROCESS,GO:BP,1.17063620191362,0.290006385168794,102,0.0623988212084318,1.6612160787882,27,102,FALSE,FALSE
GOBP_XENOBIOTIC_TRANSMEMBRANE_TRANSPORT,GO:BP,-1.39116725336851,0.178144100448671,17,0.937040972683617,1.1074773858588,3,17,FALSE,FALSE
GOBP_XENOBIOTIC_TRANSPORT,GO:BP,-1.07239786069779,0.476464453635946,41,0.594213709778933,1.37759382143412,9,41,FALSE,FALSE
GOBP_XENOPHAGY,GO:BP,1.34952578501916,0.216844314597917,15,,,,,FALSE,FALSE
GOBP_ZINC_ION_IMPORT_INTO_ORGANELLE,GO:BP,0.894692879329529,0.691053829452878,11,0.655369444735246,1.7115559599636,3,11,FALSE,FALSE
GOBP_ZINC_ION_TRANSPORT,GO:BP,1.34862056532877,0.172915568707786,29,1,0.86561450848734,4,29,FALSE,FALSE
GOBP_ZYMOGEN_ACTIVATION,GO:BP,1.1835574242453,0.312051120098614,46,0.426982662077329,1.50071210982316,11,46,FALSE,FALSE
GOBP_ZYMOSTEROL_METABOLIC_PROCESS,GO:BP,1.17563556242358,0.376181736077729,14,1,0.448264656180944,1,14,FALSE,FALSE
HALLMARK_ADIPOGENESIS,Hallmark,0.885133866050413,0.75,191,0.999999999997639,0.566205032933626,20,191,FALSE,FALSE
HALLMARK_ALLOGRAFT_REJECTION,Hallmark,2.57969181633687,2.64941533484773e-17,181,0.00363989870519508,1.52359205132775,51,181,TRUE,TRUE
HALLMARK_ANDROGEN_RESPONSE,Hallmark,-1.07269874901111,0.34650496434997,96,0.999999999997639,0.844884072580645,15,96,FALSE,FALSE
HALLMARK_ANGIOGENESIS,Hallmark,-1.11460981126604,0.34650496434997,30,0.999999999997639,0.901209677419355,5,30,FALSE,FALSE
HALLMARK_APICAL_JUNCTION,Hallmark,-1.20040085969591,0.150402386875751,185,0.999999999997639,0.876852659110724,30,185,FALSE,FALSE
HALLMARK_APICAL_SURFACE,Hallmark,1.24834685540058,0.221513379408116,41,0.172813902776925,1.58261211644375,12,41,FALSE,FALSE
HALLMARK_APOPTOSIS,Hallmark,1.59688985730341,0.00204322200292417,158,0.676792891693958,1.09514087382605,32,158,TRUE,FALSE
HALLMARK_BILE_ACID_METABOLISM,Hallmark,-1.83882454088423,0.000186134945224417,96,0.544554853205781,1.1828377016129,21,96,FALSE,FALSE
HALLMARK_CHOLESTEROL_HOMEOSTASIS,Hallmark,0.854859370993671,0.75,71,0.544554853205781,1.21853702862335,16,71,FALSE,FALSE
HALLMARK_COAGULATION,Hallmark,-1.19730339284758,0.165884447321573,111,0.142962114476137,1.36399302528335,28,111,FALSE,FALSE
HALLMARK_COMPLEMENT,Hallmark,1.898435493623,2.43215125287646e-06,186,0.0938367845583751,1.3082075962539,45,186,TRUE,FALSE
HALLMARK_DNA_REPAIR,Hallmark,1.80953779460917,4.06619254188971e-05,148,0.999999999997639,0.292284219703575,8,148,TRUE,FALSE
HALLMARK_E2F_TARGETS,Hallmark,3.24963350850882,1.55993943300359e-43,197,0.000922099187168379,1.56453659734731,57,197,TRUE,TRUE
HALLMARK_EPITHELIAL_MESENCHYMAL_TRANSITION,Hallmark,-1.92697589935099,9.74497554368334e-07,196,0.231066884956814,1.21387425938117,44,196,FALSE,FALSE
HALLMARK_ESTROGEN_RESPONSE_EARLY,Hallmark,-1.19852010589778,0.114233688340577,192,0.0472639417476383,1.35181451612903,48,192,FALSE,TRUE
HALLMARK_ESTROGEN_RESPONSE_LATE,Hallmark,1.35041283472819,0.0308291933847745,188,0.000922099187168379,1.58191060398078,55,188,TRUE,TRUE
HALLMARK_FATTY_ACID_METABOLISM,Hallmark,-1.25458003220985,0.0973187176567112,151,0.999999999997639,0.895241401409955,25,151,FALSE,FALSE
HALLMARK_G2M_CHECKPOINT,Hallmark,3.08899060794308,1.5873203327343e-34,193,4.81393740990395e-07,1.87713103794083,67,193,TRUE,TRUE
HALLMARK_GLYCOLYSIS,Hallmark,1.90763214955933,1.45259908969411e-06,188,0.999999999997639,1.00667038435141,35,188,TRUE,FALSE
HALLMARK_HEDGEHOG_SIGNALING,Hallmark,-1.16160785311057,0.296511627906977,33,0.999999999997639,0.819281524926686,5,33,FALSE,FALSE
HALLMARK_HEME_METABOLISM,Hallmark,1.05737833697053,0.374116891457932,177,0.999999999997639,0.488791689447786,16,177,FALSE,FALSE
HALLMARK_HYPOXIA,Hallmark,1.02621841404819,0.431851695807879,189,0.999999999997639,0.886904761904762,31,189,FALSE,FALSE
HALLMARK_IL2_STAT5_SIGNALING,Hallmark,1.72682722285075,9.91307811034121e-05,192,0.871350275747656,1.04202368951613,37,192,TRUE,FALSE
HALLMARK_IL6_JAK_STAT3_SIGNALING,Hallmark,2.48920502255653,6.41549337838404e-11,81,0.000164127754160259,2.06944444444444,31,81,TRUE,TRUE
HALLMARK_INFLAMMATORY_RESPONSE,Hallmark,2.49175693456168,1.0189056352415e-15,187,3.38248448915783e-06,1.82169656718993,63,187,TRUE,TRUE
HALLMARK_INTERFERON_ALPHA_RESPONSE,Hallmark,3.05095934162059,3.50271693247087e-26,95,4.21068169114044e-07,2.33365874363328,41,95,TRUE,TRUE
HALLMARK_INTERFERON_GAMMA_RESPONSE,Hallmark,3.07398454610413,1.04999206499818e-34,195,5.02292369870848e-08,1.96879652605459,71,195,TRUE,TRUE
HALLMARK_KRAS_SIGNALING_DN,Hallmark,-1.45433937513963,0.00969652170019651,148,4.45896726055074e-05,1.82677637314734,50,148,FALSE,TRUE
HALLMARK_KRAS_SIGNALING_UP,Hallmark,1.42710908918485,0.0111865363137283,188,0.0224115060953691,1.40933853809197,49,188,TRUE,TRUE
HALLMARK_MITOTIC_SPINDLE,Hallmark,1.8376470208794,5.89237955849352e-06,197,0.999999999997639,0.850888324873096,31,197,TRUE,FALSE
HALLMARK_MTORC1_SIGNALING,Hallmark,2.76018050105324,9.84770607983224e-24,195,0.999999999997639,0.637779156327544,23,195,TRUE,FALSE
HALLMARK_MYC_TARGETS_V1,Hallmark,3.07646479362767,1.04999206499818e-34,195,0.999999999997639,0.249565756823821,9,195,TRUE,FALSE
HALLMARK_MYC_TARGETS_V2,Hallmark,2.59261282239336,1.82847260165465e-11,57,0.999999999997639,0.189728353140917,2,57,TRUE,FALSE
HALLMARK_MYOGENESIS,Hallmark,-2.62500940200215,1.93246780351191e-17,178,0.00021327360145155,1.67078198622689,55,178,FALSE,TRUE
HALLMARK_NOTCH_SIGNALING,Hallmark,-1.13212243874354,0.326505553385053,32,0.999999999997639,1.01386088709677,6,32,FALSE,FALSE
HALLMARK_OXIDATIVE_PHOSPHORYLATION,Hallmark,2.03064517861803,7.39576311611107e-08,185,0.999999999997639,0.146142109851787,5,185,TRUE,FALSE
HALLMARK_P53_PATHWAY,Hallmark,1.61480620978683,0.000948947892598207,195,0.999999999997639,0.859615384615385,31,195,TRUE,FALSE
HALLMARK_PANCREAS_BETA_CELLS,Hallmark,-1.22163134694143,0.254748850861162,26,0.999999999997639,1.03985732009926,5,26,FALSE,FALSE
HALLMARK_PEROXISOME,Hallmark,-1.25211538664577,0.129876739808876,97,0.999999999997639,0.891918856002661,16,97,FALSE,FALSE
HALLMARK_PI3K_AKT_MTOR_SIGNALING,Hallmark,1.83499452625369,0.000167654644675062,101,0.999999999997639,0.695983711274353,13,101,TRUE,FALSE
HALLMARK_PROTEIN_SECRETION,Hallmark,1.05952908399406,0.378659814727162,94,0.999999999997639,0.287620109814688,5,94,FALSE,FALSE
HALLMARK_REACTIVE_OXYGEN_SPECIES_PATHWAY,Hallmark,1.58081057853827,0.0407466410350856,48,0.999999999997639,0.788558467741936,7,48,TRUE,FALSE
HALLMARK_SPERMATOGENESIS,Hallmark,1.33644876587236,0.0973187176567112,99,0.0402975123273354,1.52932551319648,28,99,FALSE,TRUE
HALLMARK_TGF_BETA_SIGNALING,Hallmark,1.08653507519498,0.369978858350951,53,0.999999999997639,0.51011868533171,5,53,FALSE,FALSE
HALLMARK_TNFA_SIGNALING_VIA_NFKB,Hallmark,2.33243595366503,5.2386717140949e-13,195,0.0113455091957919,1.44193548387097,52,195,TRUE,TRUE
HALLMARK_UNFOLDED_PROTEIN_RESPONSE,Hallmark,2.30375071280682,1.06223380413879e-09,107,0.999999999997639,0.404280976786253,8,107,TRUE,FALSE
HALLMARK_UV_RESPONSE_DN,Hallmark,-1.98283408340904,3.01884737509039e-06,140,0.999999999997639,0.811088709677419,21,140,FALSE,FALSE
HALLMARK_UV_RESPONSE_UP,Hallmark,1.80592479818342,3.33932142146271e-05,150,0.619629788967843,1.1175,31,150,TRUE,FALSE
HALLMARK_WNT_BETA_CATENIN_SIGNALING,Hallmark,1.00779747430915,0.450687429854097,41,0.999999999997639,0.659421715184894,5,41,FALSE,FALSE
HALLMARK_XENOBIOTIC_METABOLISM,Hallmark,1.34833400166971,0.0446331033178793,174,0.151047278922011,1.27412402669633,41,174,TRUE,FALSE
KEGG_ABC_TRANSPORTERS,KEGG,1.10424874326511,0.401305241006113,41,0.383682775310724,1.566591116674,11,41,FALSE,FALSE
KEGG_ACUTE_MYELOID_LEUKEMIA,KEGG,1.30360440104063,0.165972459668646,57,0.999999999008326,0.614643404628075,6,57,FALSE,FALSE
KEGG_ADHERENS_JUNCTION,KEGG,-1.04082472364581,0.472516316171139,71,0.999999999008326,0.246723056787326,3,71,FALSE,FALSE
KEGG_ADIPOCYTOKINE_SIGNALING_PATHWAY,KEGG,1.04097888586669,0.500906778463423,63,0.625297793721914,1.29758052088149,14,63,FALSE,FALSE
KEGG_ALANINE_ASPARTATE_AND_GLUTAMATE_METABOLISM,KEGG,1.29798601178901,0.242657604290079,25,0.999999999008326,1.16782246879334,5,25,FALSE,FALSE
KEGG_ALDOSTERONE_REGULATED_SODIUM_REABSORPTION,KEGG,-1.42071960747552,0.103862572450587,36,0.199379319068319,1.78417321621205,11,36,FALSE,FALSE
KEGG_ALLOGRAFT_REJECTION,KEGG,2.128566726154,0.000287359528284124,30,0.999999999008326,1.16782246879334,6,30,TRUE,FALSE
KEGG_ALPHA_LINOLENIC_ACID_METABOLISM,KEGG,1.81876312788792,0.0156817038262518,14,0.0109204735390344,3.33663562512384,8,14,TRUE,TRUE
KEGG_ALZHEIMERS_DISEASE,KEGG,1.49154455725289,0.0245251408687571,145,0.999999999008326,0.563776364245062,14,145,TRUE,FALSE
KEGG_AMINOACYL_TRNA_BIOSYNTHESIS,KEGG,1.72802095444055,0.0285605773122203,22,,,,,TRUE,FALSE
KEGG_AMINO_SUGAR_AND_NUCLEOTIDE_SUGAR_METABOLISM,KEGG,1.57076672383491,0.0512681426483711,40,0.999999999008326,0.583911234396671,4,40,FALSE,FALSE
KEGG_AMYOTROPHIC_LATERAL_SCLEROSIS_ALS,KEGG,1.18072191506616,0.306493333333333,51,0.999999999008326,0.686954393407849,6,51,FALSE,FALSE
KEGG_ANTIGEN_PROCESSING_AND_PRESENTATION,KEGG,2.08671856643498,9.0372937320358e-05,58,0.999999999008326,0.704720455306327,7,58,TRUE,FALSE
KEGG_APOPTOSIS,KEGG,2.00054115983034,0.000138380069850801,83,0.999999999008326,0.703507511321291,10,83,TRUE,FALSE
KEGG_ARACHIDONIC_ACID_METABOLISM,KEGG,1.39625587752091,0.106524297965361,45,0.199379319068319,1.68685467714594,13,45,FALSE,FALSE
KEGG_ARGININE_AND_PROLINE_METABOLISM,KEGG,1.40425989388458,0.104714026373013,50,0.3681693920474,1.51816920943135,13,50,FALSE,FALSE
KEGG_ARRHYTHMOGENIC_RIGHT_VENTRICULAR_CARDIOMYOPATHY_ARVC,KEGG,-1.79831690555608,0.00394314161959651,65,0.0476094541602214,1.79664995198976,20,65,FALSE,TRUE
KEGG_ASCORBATE_AND_ALDARATE_METABOLISM,KEGG,1.85307190955884,0.00681764745357754,16,1.9091289444835e-05,4.37933425797503,12,16,TRUE,TRUE
KEGG_ASTHMA,KEGG,1.12820875490767,0.400764895330113,21,0.999999999008326,0.556105937520639,2,21,FALSE,FALSE
KEGG_AUTOIMMUNE_THYROID_DISEASE,KEGG,1.81336866548528,0.00648518520272743,33,0.438157754851242,1.59248518471819,9,33,TRUE,FALSE
KEGG_AXON_GUIDANCE,KEGG,-1.47084483589432,0.0257563025087427,122,0.999999999008326,0.909369955207931,19,122,FALSE,FALSE
KEGG_BASAL_CELL_CARCINOMA,KEGG,-1.85178873367883,0.00265943932873088,51,0.999999999008326,1.03043159011177,9,51,FALSE,FALSE
KEGG_BASAL_TRANSCRIPTION_FACTORS,KEGG,1.21171689155651,0.301559730591989,33,,,,,FALSE,FALSE
KEGG_BASE_EXCISION_REPAIR,KEGG,1.98676683263696,0.0006451033959964,34,0.999999999008326,0.515215795055886,3,34,TRUE,FALSE
KEGG_BETA_ALANINE_METABOLISM,KEGG,-1.19986422201265,0.301559730591989,19,0.690804505769187,1.53660851157019,5,19,FALSE,FALSE
KEGG_BIOSYNTHESIS_OF_UNSATURATED_FATTY_ACIDS,KEGG,-1.2424026601879,0.241333333333333,21,0.829380678796028,1.3902648438016,5,21,FALSE,FALSE
KEGG_BLADDER_CANCER,KEGG,1.3946492176134,0.127482306053735,42,0.999999999008326,1.11221187504128,8,42,FALSE,FALSE
KEGG_BUTANOATE_METABOLISM,KEGG,0.967614386234709,0.586388581442538,29,0.999999999008326,1.00674350758047,5,29,FALSE,FALSE
KEGG_B_CELL_RECEPTOR_SIGNALING_PATHWAY,KEGG,1.48818261464377,0.0512681426483711,72,0.999999999008326,0.405493912775466,5,72,FALSE,FALSE
KEGG_CALCIUM_SIGNALING_PATHWAY,KEGG,-1.79355470267768,0.000301483631883339,150,0.0896424229517901,1.44031437817846,37,150,FALSE,FALSE
KEGG_CARDIAC_MUSCLE_CONTRACTION,KEGG,-1.24371260064503,0.20090610488164,62,0.10161788186085,1.69522616437743,18,62,FALSE,FALSE
KEGG_CELL_ADHESION_MOLECULES_CAMS,KEGG,-1.3095777894577,0.0940177676596447,124,0.0152851252950831,1.64813654870028,35,124,FALSE,TRUE
KEGG_CELL_CYCLE,KEGG,2.60486568864847,2.47141766162187e-13,122,0.52451746765548,1.24440099133717,26,122,TRUE,FALSE
KEGG_CHEMOKINE_SIGNALING_PATHWAY,KEGG,1.89275469254583,2.09546178699459e-05,169,0.115468774403707,1.38203842460751,40,169,TRUE,FALSE
KEGG_CHRONIC_MYELOID_LEUKEMIA,KEGG,1.19698660494782,0.24974043715847,73,0.999999999008326,0.319951361313245,4,73,FALSE,FALSE
KEGG_CIRCADIAN_RHYTHM_MAMMAL,KEGG,-1.43888716147598,0.140400775694893,12,0.52451746765548,1.94637078132224,4,12,FALSE,FALSE
KEGG_CITRATE_CYCLE_TCA_CYCLE,KEGG,1.50922789925135,0.086702743539241,30,0.999999999008326,0.389274156264448,2,30,FALSE,FALSE
KEGG_COLORECTAL_CANCER,KEGG,-1.05019304108524,0.443675076042226,62,0.999999999008326,0.376716925417207,4,62,FALSE,FALSE
KEGG_COMPLEMENT_AND_COAGULATION_CASCADES,KEGG,-0.891392998260185,0.70761316872428,50,0.52451746765548,1.40138696255201,12,50,FALSE,FALSE
KEGG_CYSTEINE_AND_METHIONINE_METABOLISM,KEGG,1.55374036269112,0.0615369646295997,29,0.690804505769187,1.40944091061265,7,29,FALSE,FALSE
KEGG_CYTOKINE_CYTOKINE_RECEPTOR_INTERACTION,KEGG,1.89593941554392,1.51429846329778e-05,206,4.00723501521875e-10,2.15423562204597,76,206,TRUE,TRUE
KEGG_CYTOSOLIC_DNA_SENSING_PATHWAY,KEGG,2.39290334508873,1.61561582827645e-06,39,0.297543103187501,1.64692912265728,11,39,TRUE,FALSE
KEGG_DILATED_CARDIOMYOPATHY,KEGG,-2.05961301136878,6.34703464657564e-05,78,0.0219513347260821,1.79664995198976,24,78,FALSE,TRUE
KEGG_DNA_REPLICATION,KEGG,2.28306514811937,2.09546178699459e-05,35,0.999999999008326,0.333663562512384,2,35,TRUE,FALSE
KEGG_DORSO_VENTRAL_AXIS_FORMATION,KEGG,-0.861981574938554,0.740358395013635,22,0.999999999008326,0.530828394906065,2,22,FALSE,FALSE
KEGG_DRUG_METABOLISM_CYTOCHROME_P450,KEGG,1.34687516620285,0.150119529687271,50,5.10372777231411e-05,2.68599167822469,23,50,FALSE,TRUE
KEGG_DRUG_METABOLISM_OTHER_ENZYMES,KEGG,2.02114016411211,0.000696664486461894,36,0.000459552366422273,2.75735860687317,17,36,TRUE,TRUE
KEGG_ECM_RECEPTOR_INTERACTION,KEGG,-1.59392704348132,0.0199619904843698,78,0.606270143089065,1.27262704932608,17,78,FALSE,FALSE
KEGG_ENDOCYTOSIS,KEGG,0.973605512965325,0.601368298891884,175,0.999999999008326,0.567228056271052,17,175,FALSE,FALSE
KEGG_ENDOMETRIAL_CANCER,KEGG,-1.20746908754706,0.24474073142354,51,0.999999999008326,0.343477196703924,3,51,FALSE,FALSE
KEGG_EPITHELIAL_CELL_SIGNALING_IN_HELICOBACTER_PYLORI_INFECTION,KEGG,1.99142571714591,0.000265365749913966,65,0.999999999008326,0.718659980795903,8,65,TRUE,FALSE
KEGG_ERBB_SIGNALING_PATHWAY,KEGG,-1.02184375350522,0.50164271424114,85,0.999999999008326,0.893040711430203,13,85,FALSE,FALSE
KEGG_ETHER_LIPID_METABOLISM,KEGG,1.42451220676955,0.115503003003003,28,0.10161788186085,2.0853972657024,10,28,FALSE,FALSE
KEGG_FATTY_ACID_METABOLISM,KEGG,-1.6511612093178,0.0149760593302929,39,0.937161300723738,1.19776663465984,8,39,FALSE,FALSE
KEGG_FC_EPSILON_RI_SIGNALING_PATHWAY,KEGG,1.58997648977794,0.0149095733448071,69,0.999999999008326,0.761623349213049,9,69,TRUE,FALSE
KEGG_FC_GAMMA_R_MEDIATED_PHAGOCYTOSIS,KEGG,1.58681991470829,0.0181376844545966,95,0.999999999008326,0.676107745090883,11,95,TRUE,FALSE
KEGG_FOCAL_ADHESION,KEGG,-1.73457072049835,0.000287359528284124,185,0.999999999008326,0.75750646624433,24,185,FALSE,FALSE
KEGG_FRUCTOSE_AND_MANNOSE_METABOLISM,KEGG,1.54309188639445,0.0735585694207118,30,0.999999999008326,0.973185390661119,5,30,FALSE,FALSE
KEGG_GALACTOSE_METABOLISM,KEGG,1.51791117919831,0.0917287134075623,22,0.999999999008326,1.06165678981213,4,22,FALSE,FALSE
KEGG_GAP_JUNCTION,KEGG,-1.41244382326813,0.0642784224176432,78,0.999999999008326,0.823464561328639,11,78,FALSE,FALSE
KEGG_GLIOMA,KEGG,-0.940370410634629,0.637996894409938,64,0.999999999008326,0.821125173370319,9,64,FALSE,FALSE
KEGG_GLUTATHIONE_METABOLISM,KEGG,1.22248487627298,0.24974043715847,44,0.999999999008326,0.796242592359097,6,44,FALSE,FALSE
KEGG_GLYCEROLIPID_METABOLISM,KEGG,-1.00974158151921,0.534462136502953,43,0.864164053511925,1.22213979292327,9,43,FALSE,FALSE
KEGG_GLYCEROPHOSPHOLIPID_METABOLISM,KEGG,0.866485213214686,0.769643187280459,69,0.999999999008326,0.930872982371505,11,69,FALSE,FALSE
KEGG_GLYCINE_SERINE_AND_THREONINE_METABOLISM,KEGG,-1.21531626143049,0.274683683171213,27,0.606270143089065,1.51384394102841,7,27,FALSE,FALSE
KEGG_GLYCOLYSIS_GLUCONEOGENESIS,KEGG,1.48227215074419,0.0754597685581281,53,0.297543103187501,1.54240703425536,14,53,FALSE,FALSE
KEGG_GLYCOSAMINOGLYCAN_BIOSYNTHESIS_CHONDROITIN_SULFATE,KEGG,-1.16079302238067,0.327762831125828,22,0.999999999008326,0.265414197453032,1,22,FALSE,FALSE
KEGG_GLYCOSAMINOGLYCAN_BIOSYNTHESIS_HEPARAN_SULFATE,KEGG,0.973021223226699,0.579431772709084,23,0.646378633189265,1.5232466984261,6,23,FALSE,FALSE
KEGG_GLYCOSAMINOGLYCAN_BIOSYNTHESIS_KERATAN_SULFATE,KEGG,-1.3969263633453,0.163628718595606,14,0.999999999008326,0.417079453140479,1,14,FALSE,FALSE
KEGG_GLYCOSAMINOGLYCAN_DEGRADATION,KEGG,1.49026054024986,0.0985480943738657,20,0.751179147759901,1.45977808599168,5,20,FALSE,FALSE
KEGG_GLYCOSPHINGOLIPID_BIOSYNTHESIS_GANGLIO_SERIES,KEGG,-1.59503035127992,0.0875754243340505,14,0.999999999008326,0.417079453140479,1,14,FALSE,FALSE
KEGG_GLYCOSPHINGOLIPID_BIOSYNTHESIS_GLOBO_SERIES,KEGG,1.11155912402663,0.450655868747625,14,0.684707899432295,1.66831781256192,4,14,FALSE,FALSE
KEGG_GLYCOSPHINGOLIPID_BIOSYNTHESIS_LACTO_AND_NEOLACTO_SERIES,KEGG,1.31255773043248,0.223366079402452,26,0.0707196778227603,2.2458124399872,10,26,FALSE,FALSE
KEGG_GLYCOSYLPHOSPHATIDYLINOSITOL_GPI_ANCHOR_BIOSYNTHESIS,KEGG,0.790772177241525,0.82299386426115,25,,,,,FALSE,FALSE
KEGG_GLYOXYLATE_AND_DICARBOXYLATE_METABOLISM,KEGG,1.18045808657103,0.372951434848464,15,0.999999999008326,0.389274156264448,1,15,FALSE,FALSE
KEGG_GNRH_SIGNALING_PATHWAY,KEGG,1.02326853820526,0.531784188034188,90,0.999999999008326,1.03806441670519,16,90,FALSE,FALSE
KEGG_GRAFT_VERSUS_HOST_DISEASE,KEGG,2.1070431245122,0.000348869939145655,30,0.751179147759901,1.36245954692557,7,30,TRUE,FALSE
KEGG_HEDGEHOG_SIGNALING_PATHWAY,KEGG,-1.25815922133816,0.194011129355957,49,0.999999999008326,1.07249002236123,9,49,FALSE,FALSE
KEGG_HEMATOPOIETIC_CELL_LINEAGE,KEGG,1.47062687916948,0.0556415809682879,73,0.121777262302909,1.59975680656622,20,73,FALSE,FALSE
KEGG_HISTIDINE_METABOLISM,KEGG,0.97081923216122,0.58118076776165,24,0.999999999008326,1.2164817383264,5,24,FALSE,FALSE
KEGG_HOMOLOGOUS_RECOMBINATION,KEGG,1.90546287523371,0.0048765087178968,27,0.864164053511925,1.29758052088149,6,27,TRUE,FALSE
KEGG_HUNTINGTONS_DISEASE,KEGG,1.4877173687389,0.0273143743743193,155,0.999999999008326,0.301373540333766,8,155,TRUE,FALSE
KEGG_HYPERTROPHIC_CARDIOMYOPATHY_HCM,KEGG,-1.92775503007296,0.00058892122970207,72,0.0707196778227603,1.70307443365696,21,72,FALSE,FALSE
KEGG_INOSITOL_PHOSPHATE_METABOLISM,KEGG,-1.11635682820692,0.33668509256822,52,0.999999999008326,0.22458124399872,2,52,FALSE,FALSE
KEGG_INSULIN_SIGNALING_PATHWAY,KEGG,0.944570078039166,0.656181482687507,129,0.999999999008326,0.814759861948844,18,129,FALSE,FALSE
KEGG_INTESTINAL_IMMUNE_NETWORK_FOR_IGA_PRODUCTION,KEGG,1.649992024747,0.0377698580570247,37,0.999999999008326,1.10469692993965,7,37,TRUE,FALSE
KEGG_JAK_STAT_SIGNALING_PATHWAY,KEGG,1.82070882673408,0.000265365749913966,117,0.0197663877857717,1.64692912265728,33,117,TRUE,TRUE
KEGG_LEISHMANIA_INFECTION,KEGG,1.94215275141448,0.000568215612445324,67,0.999999999008326,0.871509305069659,10,67,TRUE,FALSE
KEGG_LEUKOCYTE_TRANSENDOTHELIAL_MIGRATION,KEGG,-0.845378415386443,0.855113636363636,104,0.999999999008326,0.842179664995199,15,104,FALSE,FALSE
KEGG_LINOLEIC_ACID_METABOLISM,KEGG,1.72075206524198,0.0297620230023859,19,0.00109654013485136,3.38053872545441,11,19,TRUE,TRUE
KEGG_LONG_TERM_DEPRESSION,KEGG,1.12197259159156,0.38052324866606,57,0.438157754851242,1.43416794413217,14,57,FALSE,FALSE
KEGG_LONG_TERM_POTENTIATION,KEGG,-1.27132108726109,0.17338785046729,64,0.999999999008326,0.821125173370319,9,64,FALSE,FALSE
KEGG_LYSINE_DEGRADATION,KEGG,0.759354040492489,0.878305718153565,44,0.999999999008326,0.530828394906065,4,44,FALSE,FALSE
KEGG_LYSOSOME,KEGG,1.14250021936251,0.301559730591989,117,0.999999999008326,0.449162487997439,9,117,FALSE,FALSE
KEGG_MAPK_SIGNALING_PATHWAY,KEGG,1.03641809881809,0.485230421430644,238,0.999999999008326,0.858692991759811,35,238,FALSE,FALSE
KEGG_MELANOGENESIS,KEGG,-1.59477210206914,0.00826901016530994,95,0.999999999008326,0.98342944740492,16,95,FALSE,FALSE
KEGG_MELANOMA,KEGG,-1.23100465523493,0.223366079402452,60,0.999999999008326,0.681229773462783,7,60,FALSE,FALSE
KEGG_METABOLISM_OF_XENOBIOTICS_BY_CYTOCHROME_P450,KEGG,1.4530348957845,0.0877484424989267,49,1.05112887706281e-05,2.85997339296329,24,49,FALSE,TRUE
KEGG_MISMATCH_REPAIR,KEGG,1.80992774784133,0.0146268223219501,22,0.999999999008326,0.265414197453032,1,22,TRUE,FALSE
KEGG_MTOR_SIGNALING_PATHWAY,KEGG,1.00321973016858,0.538763638009869,50,0.999999999008326,0.467128987517337,4,50,FALSE,FALSE
KEGG_NATURAL_KILLER_CELL_MEDIATED_CYTOTOXICITY,KEGG,1.92031852347219,0.000151632977433197,101,0.999999999008326,1.04063388308318,18,101,TRUE,FALSE
KEGG_NEUROACTIVE_LIGAND_RECEPTOR_INTERACTION,KEGG,-1.59115914446958,0.00201463006969158,169,3.25965765587576e-08,2.14215955814163,62,169,FALSE,TRUE
KEGG_NEUROTROPHIN_SIGNALING_PATHWAY,KEGG,1.31177253155419,0.106524297965361,125,0.999999999008326,0.420416088765603,9,125,FALSE,FALSE
KEGG_NICOTINATE_AND_NICOTINAMIDE_METABOLISM,KEGG,1.48410226271845,0.104714026373013,23,0.999999999008326,1.01549779895073,4,23,FALSE,FALSE
KEGG_NITROGEN_METABOLISM,KEGG,-1.51925991625924,0.0811968646995519,20,0.491518430671887,1.75173370319001,6,20,FALSE,FALSE
KEGG_NOD_LIKE_RECEPTOR_SIGNALING_PATHWAY,KEGG,2.17538884146289,1.8774145058084e-05,60,0.52451746765548,1.36245954692557,14,60,TRUE,FALSE
KEGG_NON_HOMOLOGOUS_END_JOINING,KEGG,1.8472028468505,0.00927567069204582,12,,,,,TRUE,FALSE
KEGG_NON_SMALL_CELL_LUNG_CANCER,KEGG,-0.86511373750702,0.773615588303016,53,0.999999999008326,0.771203517127679,7,53,FALSE,FALSE
KEGG_NOTCH_SIGNALING_PATHWAY,KEGG,-0.99089050230976,0.555779967159278,45,0.999999999008326,0.389274156264448,3,45,FALSE,FALSE
KEGG_NUCLEOTIDE_EXCISION_REPAIR,KEGG,1.58955903965975,0.0412950472893904,43,0.999999999008326,0.135793310324807,1,43,TRUE,FALSE
KEGG_N_GLYCAN_BIOSYNTHESIS,KEGG,1.08232293884057,0.428546893209839,46,0.999999999008326,0.126937224868842,1,46,FALSE,FALSE
KEGG_OLFACTORY_TRANSDUCTION,KEGG,0.9004877826207,0.656181482687507,30,0.999999999008326,0.973185390661119,5,30,FALSE,FALSE
KEGG_ONE_CARBON_POOL_BY_FOLATE,KEGG,1.96852359230987,0.00166838196691037,16,0.999999999008326,1.09483356449376,3,16,TRUE,FALSE
KEGG_OOCYTE_MEIOSIS,KEGG,1.83530704372856,0.000528342015941077,103,0.583315140947737,1.2471890443424,22,103,TRUE,FALSE
KEGG_OTHER_GLYCAN_DEGRADATION,KEGG,-0.946421798791565,0.601368298891884,14,0.999999999008326,0.417079453140479,1,14,FALSE,FALSE
KEGG_OXIDATIVE_PHOSPHORYLATION,KEGG,1.84623955621224,0.000618859376964846,107,0.999999999008326,0.27285571700779,5,107,TRUE,FALSE
KEGG_O_GLYCAN_BIOSYNTHESIS,KEGG,0.961405316705294,0.58281514320714,25,0.518300689017191,1.63495145631068,7,25,FALSE,FALSE
KEGG_P53_SIGNALING_PATHWAY,KEGG,2.08689611758211,5.34285601605364e-05,67,0.999999999008326,0.958660235576624,11,67,TRUE,FALSE
KEGG_PANCREATIC_CANCER,KEGG,1.35487263588603,0.0940177676596447,70,0.999999999008326,0.750743015652863,9,70,FALSE,FALSE
KEGG_PANTOTHENATE_AND_COA_BIOSYNTHESIS,KEGG,-0.617977029566138,0.960088691796009,15,0.999999999008326,0.778548312528895,2,15,FALSE,FALSE
KEGG_PARKINSONS_DISEASE,KEGG,1.72430796896273,0.000752339249557895,105,0.999999999008326,0.27805296876032,5,105,TRUE,FALSE
KEGG_PATHOGENIC_ESCHERICHIA_COLI_INFECTION,KEGG,1.43686871297514,0.0877484424989267,52,0.999999999008326,0.33687186599808,3,52,FALSE,FALSE
KEGG_PATHWAYS_IN_CANCER,KEGG,1.08035621680823,0.362525944375259,306,0.999999999008326,0.858692991759811,45,306,FALSE,FALSE
KEGG_PENTOSE_AND_GLUCURONATE_INTERCONVERSIONS,KEGG,2.01355647577892,0.00151269139133162,19,0.00622530529512706,3.07321702314038,10,19,TRUE,TRUE
KEGG_PENTOSE_PHOSPHATE_PATHWAY,KEGG,1.2870592040033,0.24474073142354,23,0.999999999008326,0.761623349213049,3,23,FALSE,FALSE
KEGG_PEROXISOME,KEGG,-1.29953481874644,0.136107281614237,74,0.999999999008326,0.71016231210406,9,74,FALSE,FALSE
KEGG_PHENYLALANINE_METABOLISM,KEGG,1.33100913831564,0.226817042606516,13,0.606270143089065,1.79664995198976,4,13,FALSE,FALSE
KEGG_PHOSPHATIDYLINOSITOL_SIGNALING_SYSTEM,KEGG,-1.21545202415871,0.222472170686456,73,0.999999999008326,0.319951361313245,4,73,FALSE,FALSE
KEGG_PORPHYRIN_AND_CHLOROPHYLL_METABOLISM,KEGG,2.12535778108865,0.000290579702219852,30,0.0707196778227603,2.14100785945446,11,30,TRUE,FALSE
KEGG_PPAR_SIGNALING_PATHWAY,KEGG,-1.35182727048794,0.128303797468354,57,0.000459552366422273,2.35613305107429,23,57,FALSE,TRUE
KEGG_PRIMARY_BILE_ACID_BIOSYNTHESIS,KEGG,-0.922746511395657,0.630126096491228,13,0.297543103187501,2.2458124399872,5,13,FALSE,FALSE
KEGG_PRIMARY_IMMUNODEFICIENCY,KEGG,2.27944003821453,2.09546178699459e-05,30,0.144404273249641,1.94637078132224,10,30,TRUE,FALSE
KEGG_PRION_DISEASES,KEGG,0.744178221291397,0.878305718153565,31,0.999999999008326,0.941792313543018,5,31,FALSE,FALSE
KEGG_PROGESTERONE_MEDIATED_OOCYTE_MATURATION,KEGG,1.49730987478088,0.0498423519123889,81,0.864164053511925,1.15340490745021,16,81,TRUE,FALSE
KEGG_PROPANOATE_METABOLISM,KEGG,-1.4792812608075,0.0735585694207118,29,0.999999999008326,0.805394806064374,4,29,FALSE,FALSE
KEGG_PROSTATE_CANCER,KEGG,0.934929408969809,0.643555555555556,84,0.999999999008326,0.556105937520639,8,84,FALSE,FALSE
KEGG_PROTEASOME,KEGG,2.65295796071492,1.13768417198404e-09,42,0.999999999008326,0.13902648438016,1,42,TRUE,FALSE
KEGG_PROTEIN_EXPORT,KEGG,1.59634756261717,0.0430617867656913,24,,,,,TRUE,FALSE
KEGG_PROXIMAL_TUBULE_BICARBONATE_RECLAMATION,KEGG,-1.16948571649758,0.316031746031746,21,0.297543103187501,1.94637078132224,7,21,FALSE,FALSE
KEGG_PURINE_METABOLISM,KEGG,1.67824686898329,0.00161622263616391,144,0.999999999008326,0.648790260440746,16,144,TRUE,FALSE
KEGG_PYRIMIDINE_METABOLISM,KEGG,2.28344748937277,1.48990328097671e-07,93,0.999999999008326,0.753433850834415,12,93,TRUE,FALSE
KEGG_PYRUVATE_METABOLISM,KEGG,-0.942791382855649,0.646972245584525,35,0.999999999008326,0.834158906280959,5,35,FALSE,FALSE
KEGG_REGULATION_OF_ACTIN_CYTOSKELETON,KEGG,-1.19296807557602,0.163628718595606,187,0.999999999008326,0.624503994007135,20,187,FALSE,FALSE
KEGG_REGULATION_OF_AUTOPHAGY,KEGG,0.67242490566551,0.895256957139955,19,0.999999999008326,0.307321702314038,1,19,FALSE,FALSE
KEGG_RENAL_CELL_CARCINOMA,KEGG,0.890387218693902,0.716379997833985,69,0.999999999008326,0.253874449737683,3,69,FALSE,FALSE
KEGG_RENIN_ANGIOTENSIN_SYSTEM,KEGG,0.708576611560132,0.852206378014001,15,0.751179147759901,1.55709662505779,4,15,FALSE,FALSE
KEGG_RETINOL_METABOLISM,KEGG,1.57311939359714,0.0512681426483711,40,6.65376908329606e-08,3.50346740638003,24,40,FALSE,TRUE
KEGG_RIBOFLAVIN_METABOLISM,KEGG,0.988186278910207,0.572045501152004,14,0.999999999008326,0.417079453140479,1,14,FALSE,FALSE
KEGG_RIBOSOME,KEGG,-1.29492851552466,0.122801780286583,87,0.999999999008326,0.0671162338386978,1,87,FALSE,FALSE
KEGG_RIG_I_LIKE_RECEPTOR_SIGNALING_PATHWAY,KEGG,2.25992526423017,1.05078302083896e-05,51,0.999999999008326,0.915939191210465,8,51,TRUE,FALSE
KEGG_RNA_DEGRADATION,KEGG,1.8206874073034,0.00398392704351812,51,0.999999999008326,0.228984797802616,2,51,TRUE,FALSE
KEGG_RNA_POLYMERASE,KEGG,1.72196505701957,0.0266598968873884,28,0.999999999008326,0.20853972657024,1,28,TRUE,FALSE
KEGG_SELENOAMINO_ACID_METABOLISM,KEGG,0.715164648293361,0.878305718153565,24,0.999999999008326,0.486592695330559,2,24,FALSE,FALSE
KEGG_SMALL_CELL_LUNG_CANCER,KEGG,1.1330005237765,0.33668509256822,84,0.999999999008326,0.764645664090879,11,84,FALSE,FALSE
KEGG_SNARE_INTERACTIONS_IN_VESICULAR_TRANSPORT,KEGG,1.28915338821465,0.223366079402452,38,,,,,FALSE,FALSE
KEGG_SPHINGOLIPID_METABOLISM,KEGG,0.976088499889542,0.579431772709084,36,0.999999999008326,0.973185390661119,6,36,FALSE,FALSE
KEGG_SPLICEOSOME,KEGG,2.19298931487089,1.48990328097671e-07,126,0.999999999008326,0.0926843229201065,2,126,TRUE,FALSE
KEGG_STARCH_AND_SUCROSE_METABOLISM,KEGG,1.88249474970111,0.0032861697814819,38,0.000314435296574062,2.76589532082634,18,38,TRUE,TRUE
KEGG_STEROID_BIOSYNTHESIS,KEGG,0.911826738387869,0.646972245584525,17,0.902795087949929,1.3739087868157,4,17,FALSE,FALSE
KEGG_STEROID_HORMONE_BIOSYNTHESIS,KEGG,1.49399198272886,0.0778330361771515,39,0.000122699063167492,2.84469575731712,19,39,FALSE,TRUE
KEGG_SULFUR_METABOLISM,KEGG,1.02740751073407,0.534462136502953,13,0.999999999008326,0.898324975994879,2,13,FALSE,FALSE
KEGG_SYSTEMIC_LUPUS_ERYTHEMATOSUS,KEGG,1.56901515113378,0.0498423519123889,49,0.684707899432295,1.31082113844151,11,49,TRUE,FALSE
KEGG_TASTE_TRANSDUCTION,KEGG,-1.64164544416822,0.0297524254992497,25,0.999999999008326,1.16782246879334,5,25,FALSE,FALSE
KEGG_TERPENOID_BACKBONE_BIOSYNTHESIS,KEGG,-1.0124562929293,0.534184570685832,15,0.999999999008326,0.778548312528895,2,15,FALSE,FALSE
KEGG_TGF_BETA_SIGNALING_PATHWAY,KEGG,-1.43594184326902,0.0512681426483711,77,0.999999999008326,0.834158906280959,11,77,FALSE,FALSE
KEGG_THYROID_CANCER,KEGG,-1.17269616170476,0.322024344272402,28,0.999999999008326,0.625619179710719,3,28,FALSE,FALSE
KEGG_TIGHT_JUNCTION,KEGG,-1.44724080521002,0.0498423519123889,113,0.999999999008326,1.03347121132154,20,113,FALSE,FALSE
KEGG_TOLL_LIKE_RECEPTOR_SIGNALING_PATHWAY,KEGG,2.31034000501253,1.48990328097671e-07,87,0.999999999008326,1.07385974141917,16,87,TRUE,FALSE
KEGG_TRYPTOPHAN_METABOLISM,KEGG,-1.12675014364636,0.33668509256822,33,0.438157754851242,1.59248518471819,9,33,FALSE,FALSE
KEGG_TYPE_II_DIABETES_MELLITUS,KEGG,-0.908390858419205,0.684250775557319,43,0.999999999008326,1.08634648259846,8,43,FALSE,FALSE
KEGG_TYPE_I_DIABETES_MELLITUS,KEGG,1.93127090778736,0.00144246263859778,34,0.959129057346467,1.20217018846373,7,34,TRUE,FALSE
KEGG_TYROSINE_METABOLISM,KEGG,0.990907188643761,0.551769426337161,34,0.142925196013089,1.88912458187158,11,34,FALSE,FALSE
KEGG_T_CELL_RECEPTOR_SIGNALING_PATHWAY,KEGG,2.01673281996372,2.32547105423116e-05,101,0.999999999008326,0.925007896073935,16,101,TRUE,FALSE
KEGG_UBIQUITIN_MEDIATED_PROTEOLYSIS,KEGG,1.86796069802436,0.000180294089315435,130,0.999999999008326,0.404246239197696,9,130,TRUE,FALSE
KEGG_VALINE_LEUCINE_AND_ISOLEUCINE_DEGRADATION,KEGG,-1.50110472085794,0.0735585694207118,43,0.999999999008326,0.543173241299229,4,43,FALSE,FALSE
KEGG_VASCULAR_SMOOTH_MUSCLE_CONTRACTION,KEGG,-1.44898815904096,0.0536555256875824,98,0.094391880084432,1.54915225452178,26,98,FALSE,FALSE
KEGG_VASOPRESSIN_REGULATED_WATER_REABSORPTION,KEGG,0.789869963709457,0.842762517046561,39,0.999999999008326,0.14972082933248,1,39,FALSE,FALSE
KEGG_VEGF_SIGNALING_PATHWAY,KEGG,1.30582696719468,0.121086848379848,69,0.999999999008326,1.01549779895073,12,69,FALSE,FALSE
KEGG_VIBRIO_CHOLERAE_INFECTION,KEGG,1.44988258411401,0.089724853659625,49,0.999999999008326,0.714993348240822,6,49,FALSE,FALSE
KEGG_VIRAL_MYOCARDITIS,KEGG,0.968110059710983,0.596709662964504,62,0.754890327861915,1.22433000760592,13,62,FALSE,FALSE
KEGG_WNT_SIGNALING_PATHWAY,KEGG,-1.36748813106377,0.0498423519123889,143,0.999999999008326,0.816659069086254,20,143,FALSE,FALSE
REACTOME_ABC_FAMILY_PROTEINS_MEDIATED_TRANSPORT,Reactome,2.01798727283166,2.32877757880807e-05,87,1,0.5689134734056,8,87,TRUE,FALSE
REACTOME_ABC_TRANSPORTERS_IN_LIPID_HOMEOSTASIS,Reactome,0.975846050382899,0.628956223347548,15,1,1.64984907287624,4,15,FALSE,FALSE
REACTOME_ABC_TRANSPORTER_DISORDERS,Reactome,2.03620567428251,7.6919559644292e-05,62,1,0.399157033760381,4,62,TRUE,FALSE
REACTOME_ABERRANT_REGULATION_OF_MITOTIC_EXIT_IN_CANCER_DUE_TO_RB1_DEFECTS,Reactome,1.69974616077244,0.0239874727339104,20,1,0.61869340232859,2,20,TRUE,FALSE
REACTOME_ABERRANT_REGULATION_OF_MITOTIC_G1_S_TRANSITION_IN_CANCER_DUE_TO_RB1_DEFECTS,Reactome,1.55453120754095,0.0916441652473198,17,1,1.09181188646222,3,17,FALSE,FALSE
REACTOME_ABORTIVE_ELONGATION_OF_HIV_1_TRANSCRIPT_IN_THE_ABSENCE_OF_TAT,Reactome,1.70315994696076,0.0214539462138601,23,,,,,TRUE,FALSE
REACTOME_ACETYLCHOLINE_NEUROTRANSMITTER_RELEASE_CYCLE,Reactome,-1.28908086359633,0.246291020365094,14,1,0.883847717612271,2,14,FALSE,FALSE
REACTOME_ACETYLCHOLINE_REGULATES_INSULIN_SECRETION,Reactome,0.719891671501255,0.893373152257333,10,1,1.23738680465718,2,10,FALSE,FALSE
REACTOME_ACTIVATED_NOTCH1_TRANSMITS_SIGNAL_TO_THE_NUCLEUS,Reactome,-0.911864840893815,0.710795143299161,31,1,0.399157033760381,2,31,FALSE,FALSE
REACTOME_ACTIVATED_NTRK2_SIGNALS_THROUGH_FRS2_AND_FRS3,Reactome,-0.605218114918567,0.958362292096055,11,,,,,FALSE,FALSE
REACTOME_ACTIVATED_TAK1_MEDIATES_P38_MAPK_ACTIVATION,Reactome,1.94610026376161,0.0016724466482952,23,1,0.806991394341639,3,23,TRUE,FALSE
REACTOME_ACTIVATION_OF_AMPK_DOWNSTREAM_OF_NMDARS,Reactome,-1.07172904612408,0.47239802616687,25,1,0.742432082794308,3,25,FALSE,FALSE
REACTOME_ACTIVATION_OF_ANTERIOR_HOX_GENES_IN_HINDBRAIN_DEVELOPMENT_DURING_EARLY_EMBRYOGENESIS,Reactome,-0.723232802297144,0.976437735631646,62,1,0.299367775320285,3,62,FALSE,FALSE
REACTOME_ACTIVATION_OF_APC_C_AND_APC_C_CDC20_MEDIATED_DEGRADATION_OF_MITOTIC_PROTEINS,Reactome,2.73154289456017,6.58266994945405e-14,64,1,1.16005012936611,12,64,TRUE,FALSE
REACTOME_ACTIVATION_OF_ATR_IN_RESPONSE_TO_REPLICATION_STRESS,Reactome,2.47980631982633,7.09964704251017e-09,37,1,1.33771546449425,8,37,TRUE,FALSE
REACTOME_ACTIVATION_OF_BAD_AND_TRANSLOCATION_TO_MITOCHONDRIA,Reactome,1.31340492145345,0.242439731603502,15,1,0.41246226821906,1,15,FALSE,FALSE
REACTOME_ACTIVATION_OF_BH3_ONLY_PROTEINS,Reactome,1.57521557956335,0.0258087676132995,30,1,0.20623113410953,1,30,TRUE,FALSE
REACTOME_ACTIVATION_OF_GENE_EXPRESSION_BY_SREBF_SREBP,Reactome,0.946156415244406,0.657425462298627,42,1,0.589231811741514,4,42,FALSE,FALSE
REACTOME_ACTIVATION_OF_IRF3_IRF7_MEDIATED_BY_TBK1_IKK_IKBKE,Reactome,1.13944513413054,0.39546153965112,18,1,0.687437113698433,2,18,FALSE,FALSE
REACTOME_ACTIVATION_OF_KAINATE_RECEPTORS_UPON_GLUTAMATE_BINDING,Reactome,-1.09246299148379,0.424361223754691,27,1,1.37487422739687,6,27,FALSE,FALSE
REACTOME_ACTIVATION_OF_MATRIX_METALLOPROTEINASES,Reactome,-0.832501265984752,0.834738307244701,23,0.905475592769543,1.61398278868328,6,23,FALSE,FALSE
REACTOME_ACTIVATION_OF_NF_KAPPAB_IN_B_CELLS,Reactome,2.64340020403005,1.85119520756724e-11,54,1,0.229145704566144,2,54,TRUE,FALSE
REACTOME_ACTIVATION_OF_NMDA_RECEPTORS_AND_POSTSYNAPTIC_EVENTS,Reactome,-1.37114666606258,0.0460753642133941,88,1,1.19520316358932,17,88,FALSE,FALSE
REACTOME_ACTIVATION_OF_PPARGC1A_PGC_1ALPHA_BY_PHOSPHORYLATION,Reactome,-1.41245430101372,0.195095337165408,10,1,1.23738680465718,2,10,FALSE,FALSE
REACTOME_ACTIVATION_OF_RAC1,Reactome,-0.721134115800027,0.891681089779478,12,1,0.515577835273825,1,12,FALSE,FALSE
REACTOME_ACTIVATION_OF_SMO,Reactome,-1.40719342753629,0.15174049233956,16,1,0.773366752910737,2,16,FALSE,FALSE
REACTOME_ACTIVATION_OF_THE_AP_1_FAMILY_OF_TRANSCRIPTION_FACTORS,Reactome,-0.550981123128699,0.979027810721063,10,,,,,FALSE,FALSE
REACTOME_ACTIVATION_OF_THE_MRNA_UPON_BINDING_OF_THE_CAP_BINDING_COMPLEX_AND_EIFS_AND_SUBSEQUENT_BINDING_TO_43S,Reactome,1.0792851139594,0.435873015873016,59,1,0.104863288530269,1,59,FALSE,FALSE
REACTOME_ACTIVATION_OF_THE_PRE_REPLICATIVE_COMPLEX,Reactome,2.31803903520826,5.371185326855e-07,32,1,1.35339181759379,7,32,TRUE,FALSE
REACTOME_ACTIVATION_OF_THE_TFAP2_AP_2_FAMILY_OF_TRANSCRIPTION_FACTORS,Reactome,0.679040711934192,0.916409483919955,10,,,,,FALSE,FALSE
REACTOME_ACYL_CHAIN_REMODELLING_OF_PC,Reactome,1.82494774270933,0.00714451067607363,23,0.289363242401105,2.1519770515777,8,23,TRUE,FALSE
REACTOME_ACYL_CHAIN_REMODELLING_OF_PE,Reactome,1.84244007180498,0.00555780006840847,21,0.213351058241566,2.35692724696606,8,21,TRUE,FALSE
REACTOME_ACYL_CHAIN_REMODELLING_OF_PG,Reactome,1.60206554810883,0.0719168871221854,15,0.289363242401105,2.47477360931436,6,15,FALSE,FALSE
REACTOME_ACYL_CHAIN_REMODELLING_OF_PI,Reactome,1.71585917908309,0.0285866084370062,13,0.195302374801787,2.85550801074734,6,13,TRUE,FALSE
REACTOME_ACYL_CHAIN_REMODELLING_OF_PS,Reactome,1.6151145782666,0.0421142122426279,18,0.542435451881612,2.0623113410953,6,18,TRUE,FALSE
REACTOME_ADENYLATE_CYCLASE_ACTIVATING_PATHWAY,Reactome,-1.59545825896696,0.0534735850740291,10,1,1.85608020698577,3,10,FALSE,FALSE
REACTOME_ADENYLATE_CYCLASE_INHIBITORY_PATHWAY,Reactome,-1.3130558591143,0.220881595881596,13,1,1.42775400537367,3,13,FALSE,FALSE
REACTOME_ADHERENS_JUNCTIONS_INTERACTIONS,Reactome,1.53360365248556,0.00641518837885699,175,1,0.636370356680835,18,175,TRUE,FALSE
REACTOME_ADIPOGENESIS,Reactome,1.00304585426359,0.580650067081656,107,1,1.09861445273301,19,107,FALSE,FALSE
REACTOME_ADORA2B_MEDIATED_ANTI_INFLAMMATORY_CYTOKINES_PRODUCTION,Reactome,-1.10273838264082,0.424228739839331,38,1,0.976884319466195,6,38,FALSE,FALSE
REACTOME_ADP_SIGNALLING_THROUGH_P2Y_PURINOCEPTOR_1,Reactome,1.17756895002313,0.360850906922739,22,1,0.562448547571445,2,22,FALSE,FALSE
REACTOME_ADP_SIGNALLING_THROUGH_P2Y_PURINOCEPTOR_12,Reactome,0.778362933617473,0.838453960444524,18,1,0.343718556849217,1,18,FALSE,FALSE
REACTOME_ADRENALINE_NORADRENALINE_INHIBITS_INSULIN_SECRETION,Reactome,-1.659747892515,0.0411510157619759,25,1,1.23738680465718,5,25,FALSE,FALSE
REACTOME_ADVANCED_GLYCOSYLATION_ENDPRODUCT_RECEPTOR_SIGNALING,Reactome,0.866500737229132,0.751818326947637,13,1,0.951836003582446,2,13,FALSE,FALSE
REACTOME_AEROBIC_RESPIRATION_AND_RESPIRATORY_ELECTRON_TRANSPORT,Reactome,1.65228365310383,0.000402230547949767,227,1,0.272552159616119,10,227,TRUE,FALSE
REACTOME_AFLATOXIN_ACTIVATION_AND_DETOXIFICATION,Reactome,-1.30998446607814,0.230648762301123,15,1,0.82492453643812,2,15,FALSE,FALSE
REACTOME_AGGREPHAGY,Reactome,0.915295668540629,0.710795143299161,38,1,0.325628106488732,2,38,FALSE,FALSE
REACTOME_AKT_PHOSPHORYLATES_TARGETS_IN_THE_CYTOSOL,Reactome,0.556537289476939,0.982368659308121,14,,,,,FALSE,FALSE
REACTOME_AKT_PHOSPHORYLATES_TARGETS_IN_THE_NUCLEUS,Reactome,-1.28328717378346,0.275817585098556,10,1,0.61869340232859,1,10,FALSE,FALSE
REACTOME_ALK_MUTANTS_BIND_TKIS,Reactome,-0.579150316390677,0.972425901678372,11,1,0.562448547571445,1,11,FALSE,FALSE
REACTOME_ALPHA_LINOLENIC_OMEGA3_AND_LINOLEIC_OMEGA6_ACID_METABOLISM,Reactome,-1.44659046605894,0.127957403449476,13,1,1.42775400537367,3,13,FALSE,FALSE
REACTOME_ALPHA_PROTEIN_KINASE_1_SIGNALING_PATHWAY,Reactome,-0.634982884817383,0.937823899134598,11,,,,,FALSE,FALSE
REACTOME_AMINE_LIGAND_BINDING_RECEPTORS,Reactome,-1.44938011787202,0.123813919347057,23,0.000807914014657927,3.49696270881377,13,23,FALSE,TRUE
REACTOME_AMINO_ACIDS_REGULATE_MTORC1,Reactome,1.22905654817556,0.275817585098556,49,1,0.252527919317792,2,49,FALSE,FALSE
REACTOME_AMPK_INDUCED_ERAD_AND_LYSOSOME_MEDIATED_DEGRADATION_OF_PD_L1_CD274,Reactome,2.24402032543753,2.95175414796169e-06,55,1,0.224979419028578,2,55,TRUE,FALSE
REACTOME_AMYLOID_FIBER_FORMATION,Reactome,-1.09106036802551,0.437909232472186,38,1,0.976884319466195,6,38,FALSE,FALSE
REACTOME_ANCHORING_FIBRIL_FORMATION,Reactome,-0.97643595344983,0.617911791179118,15,1,0.41246226821906,1,15,FALSE,FALSE
REACTOME_ANCHORING_OF_THE_BASAL_BODY_TO_THE_PLASMA_MEMBRANE,Reactome,1.24951975391449,0.22109500805153,94,1,0.329092235281165,5,94,FALSE,FALSE
REACTOME_ANTIGEN_ACTIVATES_B_CELL_RECEPTOR_BCR_LEADING_TO_GENERATION_OF_SECOND_MESSENGERS,Reactome,1.12757871339625,0.382266098956735,76,1,0.325628106488732,4,76,FALSE,FALSE
REACTOME_ANTIGEN_PRESENTATION_FOLDING_ASSEMBLY_AND_PEPTIDE_LOADING_OF_CLASS_I_MHC,Reactome,1.93690017459441,0.00309484885189762,29,1,0.6400276575813,3,29,TRUE,FALSE
REACTOME_ANTIGEN_PROCESSING_CROSS_PRESENTATION,Reactome,2.57324229568416,6.31703809062473e-13,94,1,0.65818447056233,10,94,TRUE,FALSE
REACTOME_ANTIGEN_PROCESSING_UBIQUITINATION_PROTEASOME_DEGRADATION,Reactome,1.81657396896199,1.99740676062635e-06,280,1,0.464020051746442,21,280,TRUE,FALSE
REACTOME_ANTIGEN_PROCESSING_UB_ATP_INDEPENDENT_PROTEASOMAL_DEGRADATION,Reactome,2.36126814784095,4.34353410150631e-07,19,1,0.325628106488732,1,19,TRUE,FALSE
REACTOME_ANTIMICROBIAL_MECHANISM_OF_IFN_STIMULATED_GENES,Reactome,2.626717182682,9.13456618129084e-17,158,1,0.861471826027151,22,158,TRUE,FALSE
REACTOME_ANTIMICROBIAL_PEPTIDES,Reactome,2.52360527728425,1.80604298013477e-09,37,5.33243719893332e-07,3.67871752735918,22,37,TRUE,TRUE
REACTOME_ANTI_INFLAMMATORY_RESPONSE_FAVOURING_LEISHMANIA_PARASITE_INFECTION,Reactome,1.29009945434811,0.153236607142857,119,1,0.779865633187298,15,119,FALSE,FALSE
REACTOME_APC_CDC20_MEDIATED_DEGRADATION_OF_NEK2A,Reactome,2.06985405706522,0.000569948791822934,26,1,1.42775400537367,6,26,TRUE,FALSE
REACTOME_APC_C_CDC20_MEDIATED_DEGRADATION_OF_CYCLIN_B,Reactome,1.96171745270818,0.00179442873370766,24,1,1.28894458818456,5,24,TRUE,FALSE
REACTOME_APC_C_CDH1_MEDIATED_DEGRADATION_OF_CDC20_AND_OTHER_APC_C_CDH1_TARGETED_PROTEINS_IN_LATE_MITOSIS_EARLY_G1,Reactome,2.69225306249307,2.54559763272506e-12,61,1,0.709976035459038,7,61,TRUE,FALSE
REACTOME_APC_C_MEDIATED_DEGRADATION_OF_CELL_CYCLE_PROTEINS,Reactome,2.7941383273561,2.31416610280984e-15,75,1,1.15489435101337,14,75,TRUE,FALSE
REACTOME_APOPTOSIS,Reactome,2.27161104763664,4.86596579302236e-10,158,1,0.743998395205266,19,158,TRUE,FALSE
REACTOME_APOPTOTIC_CLEAVAGE_OF_CELLULAR_PROTEINS,Reactome,1.38963483475115,0.136612506790153,38,1,1.30251242595493,8,38,FALSE,FALSE
REACTOME_APOPTOTIC_CLEAVAGE_OF_CELL_ADHESION_PROTEINS,Reactome,1.24560517277645,0.300089266405003,11,1,1.12489709514289,2,11,FALSE,FALSE
REACTOME_APOPTOTIC_EXECUTION_PHASE,Reactome,1.46226847440881,0.0623118578716357,46,1,1.07598852578885,8,46,FALSE,FALSE
REACTOME_APOPTOTIC_FACTOR_MEDIATED_RESPONSE,Reactome,1.98997229506251,0.00100336414204153,18,1,1.37487422739687,4,18,TRUE,FALSE
REACTOME_AQUAPORIN_MEDIATED_TRANSPORT,Reactome,-1.35763270235474,0.150740390025663,41,1,0.905404979017449,6,41,FALSE,FALSE
REACTOME_ARACHIDONATE_METABOLISM,Reactome,1.00081123619531,0.57064548643837,51,0.754307996430032,1.45574918194962,12,51,FALSE,FALSE
REACTOME_ASPARAGINE_N_LINKED_GLYCOSYLATION,Reactome,1.36393142907721,0.0312116189754448,294,1,0.336703892423722,16,294,TRUE,FALSE
REACTOME_ASPARTATE_AND_ASPARAGINE_METABOLISM,Reactome,1.5675859438077,0.0838078492268667,10,0.553075311529958,2.47477360931436,4,10,FALSE,FALSE
REACTOME_ASPIRIN_ADME,Reactome,1.40787839308616,0.118310415085738,26,0.000152993385587065,3.56938501343417,15,26,FALSE,TRUE
REACTOME_ASSEMBLY_AND_CELL_SURFACE_PRESENTATION_OF_NMDA_RECEPTORS,Reactome,-1.43388619142638,0.0657944381210073,39,0.664404386485345,1.58639333930408,10,39,FALSE,FALSE
REACTOME_ASSEMBLY_OF_ACTIVE_LPL_AND_LIPC_LIPASE_COMPLEXES,Reactome,-0.734488593985276,0.883307202773147,14,0.553075311529958,2.20961929403068,5,14,FALSE,FALSE
REACTOME_ASSEMBLY_OF_COLLAGEN_FIBRILS_AND_OTHER_MULTIMERIC_STRUCTURES,Reactome,-1.13378304311535,0.358773423272955,57,1,0.868341617303284,8,57,FALSE,FALSE
REACTOME_ASSEMBLY_OF_THE_HIV_VIRION,Reactome,0.988583834642988,0.611538281213372,16,1,0.386683376455369,1,16,FALSE,FALSE
REACTOME_ASSOCIATION_OF_TRIC_CCT_WITH_TARGET_PROTEINS_DURING_BIOSYNTHESIS,Reactome,1.84070132623278,0.00254764589997177,37,1,0.668857732247124,4,37,TRUE,FALSE
REACTOME_ASYMMETRIC_LOCALIZATION_OF_PCP_PROTEINS,Reactome,2.10976286848256,5.31107375835355e-05,51,1,0.363937295487406,3,51,TRUE,FALSE
REACTOME_ATF4_ACTIVATES_GENES_IN_RESPONSE_TO_ENDOPLASMIC_RETICULUM_STRESS,Reactome,1.42609507221663,0.112258592009924,26,1,0.713877002686835,3,26,FALSE,FALSE
REACTOME_ATF6_ATF6_ALPHA_ACTIVATES_CHAPERONES,Reactome,1.0018788681897,0.588096665021505,12,,,,,FALSE,FALSE
REACTOME_ATF6_ATF6_ALPHA_ACTIVATES_CHAPERONE_GENES,Reactome,1.23212838180989,0.331419888181852,10,,,,,FALSE,FALSE
REACTOME_ATP_DEPENDENT_CHROMATIN_REMODELERS,Reactome,-0.683823623037588,0.955708733095664,28,,,,,FALSE,FALSE
REACTOME_ATTACHMENT_AND_ENTRY,Reactome,-1.30171311449825,0.24133498851989,17,0.0749506868349514,2.91149836389925,8,17,FALSE,FALSE
REACTOME_ATTACHMENT_OF_BACTERIA_TO_EPITHELIAL_CELLS,Reactome,-1.717482712371,0.0232543488042879,23,1,1.34498565723607,5,23,FALSE,FALSE
REACTOME_ATTENUATION_PHASE,Reactome,1.28819413983635,0.230484097817703,25,1,0.989909443725744,4,25,FALSE,FALSE
REACTOME_AUF1_HNRNP_D0_BINDS_AND_DESTABILIZES_MRNA,Reactome,2.55384944168914,1.11222639995229e-09,42,,,,,TRUE,FALSE
REACTOME_AURKA_ACTIVATION_BY_TPX2,Reactome,1.67330051970732,0.0108041318167572,70,1,0.61869340232859,7,70,TRUE,FALSE
REACTOME_AUTOPHAGY,Reactome,1.08507215727948,0.416293950290868,153,1,0.242624863658271,6,153,FALSE,FALSE
REACTOME_AZATHIOPRINE_ADME,Reactome,1.64276265573749,0.0385692563082081,20,1,0.61869340232859,2,20,TRUE,FALSE
REACTOME_BACTERIAL_INFECTION_PATHWAYS,Reactome,1.66868717544132,0.00326900333253634,104,1,0.83285650313464,14,104,TRUE,FALSE
REACTOME_BASE_EXCISION_REPAIR,Reactome,1.94564608064214,0.00119485066568125,44,1,0.421836410678584,3,44,TRUE,FALSE
REACTOME_BASE_EXCISION_REPAIR_AP_SITE_FORMATION,Reactome,1.10841578665375,0.435278735536916,17,1,0.363937295487406,1,17,FALSE,FALSE
REACTOME_BASIGIN_INTERACTIONS,Reactome,1.46392180646046,0.101663038488308,23,0.905475592769543,1.61398278868328,6,23,FALSE,FALSE
REACTOME_BBSOME_MEDIATED_CARGO_TARGETING_TO_CILIUM,Reactome,1.04391713855763,0.535755360223445,22,,,,,FALSE,FALSE
REACTOME_BETA_CATENIN_INDEPENDENT_WNT_SIGNALING,Reactome,1.43851778041402,0.0253570383534931,128,1,0.338347954398448,7,128,TRUE,FALSE
REACTOME_BETA_CATENIN_PHOSPHORYLATION_CASCADE,Reactome,1.38812276748171,0.190925192240134,17,,,,,FALSE,FALSE
REACTOME_BETA_OXIDATION_OF_VERY_LONG_CHAIN_FATTY_ACIDS,Reactome,-1.25196194950722,0.29291546361004,11,1,0.562448547571445,1,11,FALSE,FALSE
REACTOME_BILE_ACID_AND_BILE_SALT_METABOLISM,Reactome,-1.45642058447209,0.0833981586014625,34,1,1.09181188646222,6,34,FALSE,FALSE
REACTOME_BINDING_AND_UPTAKE_OF_LIGANDS_BY_SCAVENGER_RECEPTORS,Reactome,1.29826793452393,0.178849518368044,86,1,0.719410932940221,10,86,FALSE,FALSE
REACTOME_BIOLOGICAL_OXIDATIONS,Reactome,-1.23569403396554,0.103794812032552,170,7.59492864989865e-05,1.92886766608325,53,170,FALSE,TRUE
REACTOME_BIOSYNTHESIS_OF_SPECIALIZED_PRORESOLVING_MEDIATORS_SPMS,Reactome,-0.819772263156,0.815077235211644,16,1,1.16005012936611,3,16,FALSE,FALSE
REACTOME_BIOSYNTHESIS_OF_THE_N_GLYCAN_PRECURSOR_DOLICHOL_LIPID_LINKED_OLIGOSACCHARIDE_LLO_AND_TRANSFER_TO_A_NASCENT_PROTEIN,Reactome,1.29046676187731,0.181157639950499,75,1,0.329969814575248,4,75,FALSE,FALSE
REACTOME_BIOTIN_TRANSPORT_AND_METABOLISM,Reactome,0.787754946827991,0.834738307244701,11,1,0.562448547571445,1,11,FALSE,FALSE
REACTOME_BLOOD_GROUP_SYSTEMS_BIOSYNTHESIS,Reactome,1.56619084033124,0.0688224450879494,19,0.0433332835389104,2.93065295839858,9,19,FALSE,TRUE
REACTOME_BMAL1_CLOCK_NPAS2_ACTIVATES_CIRCADIAN_EXPRESSION,Reactome,0.956591692909709,0.647705409338694,23,0.905475592769543,1.61398278868328,6,23,FALSE,FALSE
REACTOME_BRANCHED_CHAIN_AMINO_ACID_CATABOLISM,Reactome,-1.39170469895108,0.14973231989425,21,,,,,FALSE,FALSE
REACTOME_BUDDING_AND_MATURATION_OF_HIV_VIRION,Reactome,0.749777238899165,0.892444175627485,28,1,0.220961929403068,1,28,FALSE,FALSE
REACTOME_BUTYRATE_RESPONSE_FACTOR_1_BRF1_BINDS_AND_DESTABILIZES_MRNA,Reactome,1.14305696383146,0.414106484361959,17,1,0.363937295487406,1,17,FALSE,FALSE
REACTOME_B_WICH_COMPLEX_POSITIVELY_REGULATES_RRNA_EXPRESSION,Reactome,1.81216938466888,0.00523620035534511,28,,,,,TRUE,FALSE
REACTOME_CA2_PATHWAY,Reactome,-1.18014356810434,0.277691098629314,59,1,0.524316442651347,5,59,FALSE,FALSE
REACTOME_CALNEXIN_CALRETICULIN_CYCLE,Reactome,1.0799303986255,0.483806900086491,25,,,,,FALSE,FALSE
REACTOME_CAMK_IV_MEDIATED_PHOSPHORYLATION_OF_CREB,Reactome,0.899183458458939,0.705726984342398,10,1,1.23738680465718,2,10,FALSE,FALSE
REACTOME_CARBOXYTERMINAL_POST_TRANSLATIONAL_MODIFICATIONS_OF_TUBULIN,Reactome,0.806504353021041,0.831671089924551,37,1,0.334428866123562,2,37,FALSE,FALSE
REACTOME_CARDIAC_CONDUCTION,Reactome,-2.01012815924696,6.51877418443047e-06,112,0.00298602596326332,1.93341688227684,35,112,FALSE,TRUE
REACTOME_CARDIOGENESIS,Reactome,-1.53334027221389,0.0707351307506496,21,1,1.17846362348303,4,21,FALSE,FALSE
REACTOME_CARGO_CONCENTRATION_IN_THE_ER,Reactome,1.24070163550479,0.244091601017789,31,1,0.997892584400951,5,31,FALSE,FALSE
REACTOME_CARGO_RECOGNITION_FOR_CLATHRIN_MEDIATED_ENDOCYTOSIS,Reactome,1.1582391349239,0.324915740879401,99,0.970031291907039,1.24988566126988,20,99,FALSE,FALSE
REACTOME_CARGO_TRAFFICKING_TO_THE_PERICILIARY_MEMBRANE,Reactome,1.09021624120562,0.424361223754691,63,1,0.196410603913838,2,63,FALSE,FALSE
REACTOME_CARNITINE_SHUTTLE,Reactome,-1.42291379229449,0.140539433952608,14,0.988013431424801,1.76769543522454,4,14,FALSE,FALSE
REACTOME_CASPASE_ACTIVATION_VIA_DEATH_RECEPTORS_IN_THE_PRESENCE_OF_LIGAND,Reactome,1.76556520410882,0.0122690888836718,16,1,1.16005012936611,3,16,TRUE,FALSE
REACTOME_CASPASE_ACTIVATION_VIA_DEPENDENCE_RECEPTORS_IN_THE_ABSENCE_OF_LIGAND,Reactome,-0.679920391751631,0.916409483919955,10,1,1.23738680465718,2,10,FALSE,FALSE
REACTOME_CASPASE_ACTIVATION_VIA_EXTRINSIC_APOPTOTIC_SIGNALLING_PATHWAY,Reactome,1.48210167132372,0.0972504849411005,26,1,1.18979500447806,5,26,FALSE,FALSE
REACTOME_CASPASE_MEDIATED_CLEAVAGE_OF_CYTOSKELETAL_PROTEINS,Reactome,-0.909452677643062,0.710795143299161,12,1,1.54673350582147,3,12,FALSE,FALSE
REACTOME_CA_DEPENDENT_EVENTS,Reactome,-1.1601875929173,0.347180580139436,35,1,1.06061726113473,6,35,FALSE,FALSE
REACTOME_CD209_DC_SIGN_SIGNALING,Reactome,1.00301531744478,0.577140830454372,20,1,0.61869340232859,2,20,FALSE,FALSE
REACTOME_CD22_MEDIATED_BCR_REGULATION,Reactome,1.14707123380648,0.361702086746506,52,1,0.356938501343417,3,52,FALSE,FALSE
REACTOME_CD28_DEPENDENT_PI3K_AKT_SIGNALING,Reactome,1.21968684722798,0.303217927158943,27,1,0.687437113698433,3,27,FALSE,FALSE
REACTOME_CD28_DEPENDENT_VAV1_PATHWAY,Reactome,1.3371087865664,0.221994120529152,12,0.767219325611279,2.0623113410953,4,12,FALSE,FALSE
REACTOME_CDC42_GTPASE_CYCLE,Reactome,0.883147328962011,0.813700982202201,153,1,0.283062340934649,7,153,FALSE,FALSE
REACTOME_CDK_MEDIATED_PHOSPHORYLATION_AND_REMOVAL_OF_CDC6,Reactome,2.63652401456938,2.74801765970007e-11,60,1,0.61869340232859,6,60,TRUE,FALSE
REACTOME_CELLULAR_HEXOSE_TRANSPORT,Reactome,-0.822267949349773,0.813700982202201,18,1,1.03115567054765,3,18,FALSE,FALSE
REACTOME_CELLULAR_RESPONSES_TO_MECHANICAL_STIMULI,Reactome,-0.874366024699896,0.835140813199862,98,1,0.757583757953375,12,98,FALSE,FALSE
REACTOME_CELLULAR_RESPONSE_TO_CHEMICAL_STRESS,Reactome,2.13314749998468,1.0565836805555e-08,188,1,0.625275247034213,19,188,TRUE,FALSE
REACTOME_CELLULAR_RESPONSE_TO_HEAT_STRESS,Reactome,1.74473310871101,0.00178198856909978,97,1,0.446479774876302,7,97,TRUE,FALSE
REACTOME_CELLULAR_RESPONSE_TO_HYPOXIA,Reactome,2.23918076243512,1.97085219354507e-06,61,1,0.405700591690879,4,61,TRUE,FALSE
REACTOME_CELLULAR_RESPONSE_TO_STARVATION,Reactome,0.837829716806679,0.879982192707842,149,1,0.124569141408441,3,149,FALSE,FALSE
REACTOME_CELLULAR_SENESCENCE,Reactome,2.07011632879232,5.52262243537619e-07,127,1,0.730740238970776,15,127,TRUE,FALSE
REACTOME_CELL_CELL_COMMUNICATION,Reactome,1.17272860574886,0.20632411782811,257,1,0.69813652402837,29,257,FALSE,FALSE
REACTOME_CELL_CYCLE_CHECKPOINTS,Reactome,3.06981571713575,8.0785207107684e-38,252,0.799128177597512,1.17846362348303,48,252,TRUE,FALSE
REACTOME_CELL_CYCLE_MITOTIC,Reactome,2.92479283544972,8.15008417269814e-50,481,1,1.02901189576481,80,481,TRUE,FALSE
REACTOME_CELL_DEATH_SIGNALLING_VIA_NRAGE_NRIF_AND_NADE,Reactome,-1.17117528526619,0.303217927158943,75,1,0.164984907287624,2,75,FALSE,FALSE
REACTOME_CELL_EXTRACELLULAR_MATRIX_INTERACTIONS,Reactome,-1.49508839918905,0.092001195381374,18,1,0.687437113698433,2,18,FALSE,FALSE
REACTOME_CELL_JUNCTION_ORGANIZATION,Reactome,1.18194785463561,0.19044409539885,229,1,0.729463836806634,27,229,FALSE,FALSE
REACTOME_CELL_SURFACE_INTERACTIONS_AT_THE_VASCULAR_WALL,Reactome,1.2485759027567,0.170476123195619,164,1,0.943130186476509,25,164,FALSE,FALSE
REACTOME_CGMP_EFFECTS,Reactome,-1.83520586294587,0.00916166397517424,14,0.988013431424801,1.76769543522454,4,14,FALSE,FALSE
REACTOME_CHAPERONE_MEDIATED_AUTOPHAGY,Reactome,-0.942228667909722,0.656352184007131,21,1,0.294615905870757,1,21,FALSE,FALSE
REACTOME_CHEMOKINE_RECEPTORS_BIND_CHEMOKINES,Reactome,2.37206918878046,1.08613377108879e-07,47,2.02474833794269e-07,3.42255924692411,26,47,TRUE,TRUE
REACTOME_CHK1_CHK2_CDS1_MEDIATED_INACTIVATION_OF_CYCLIN_B_CDK1_COMPLEX,Reactome,2.0829414513757,0.000333884085974941,15,0.289363242401105,2.47477360931436,6,15,TRUE,FALSE
REACTOME_CHOLESTEROL_BIOSYNTHESIS,Reactome,1.30455956695286,0.196413627357715,27,1,0.229145704566144,1,27,FALSE,FALSE
REACTOME_CHOLESTEROL_BIOSYNTHESIS_VIA_DESMOSTEROL_BLOCH_PATHWAY,Reactome,0.753920152785599,0.852189352766798,10,,,,,FALSE,FALSE
REACTOME_CHONDROITIN_SULFATE_DERMATAN_SULFATE_METABOLISM,Reactome,-0.901969149323688,0.73324432576769,36,1,0.859296392123042,5,36,FALSE,FALSE
REACTOME_CHROMATIN_ORGANIZATION,Reactome,0.999968889043906,0.575618279460829,215,1,0.115105749270435,4,215,FALSE,FALSE
REACTOME_CHROMOSOME_MAINTENANCE,Reactome,2.5437507569258,2.52736604056565e-12,91,1,0.747871145671922,11,91,TRUE,FALSE
REACTOME_CILIUM_ASSEMBLY,Reactome,1.00194683202687,0.568131903109781,181,1,0.273455647438051,8,181,FALSE,FALSE
REACTOME_CIRCADIAN_CLOCK,Reactome,1.54342985919166,0.015728742048567,108,1,0.744723539839969,13,108,TRUE,FALSE
REACTOME_CITRIC_ACID_CYCLE_TCA_CYCLE,Reactome,1.02318933671652,0.570017214027745,32,,,,,FALSE,FALSE
REACTOME_CLASS_A_1_RHODOPSIN_LIKE_RECEPTORS,Reactome,1.50777772083544,0.00589771736440143,211,1.39095985716987e-10,2.25779108906642,77,211,TRUE,TRUE
REACTOME_CLASS_B_2_SECRETIN_FAMILY_RECEPTORS,Reactome,-1.52664763254285,0.0274531486687817,67,0.767219325611279,1.3851344828252,15,67,FALSE,FALSE
REACTOME_CLASS_I_MHC_MEDIATED_ANTIGEN_PROCESSING_PRESENTATION,Reactome,2.060103765958,5.82076796325777e-11,354,1,0.559270872161437,32,354,TRUE,FALSE
REACTOME_CLASS_I_PEROXISOMAL_MEMBRANE_PROTEIN_IMPORT,Reactome,0.604285781636432,0.971550260578519,20,1,0.309346701164295,1,20,FALSE,FALSE
REACTOME_CLATHRIN_MEDIATED_ENDOCYTOSIS,Reactome,1.23931111732721,0.192445160838181,139,1,0.934716651000028,21,139,FALSE,FALSE
REACTOME_CLEC7A_DECTIN_1_INDUCES_NFAT_ACTIVATION,Reactome,-1.13172068589022,0.431807767928552,11,,,,,FALSE,FALSE
REACTOME_CLEC7A_DECTIN_1_SIGNALING,Reactome,2.57875095616271,3.29221899081107e-12,87,1,0.4266851050542,6,87,TRUE,FALSE
REACTOME_COBALAMIN_CBL_VITAMIN_B12_TRANSPORT_AND_METABOLISM,Reactome,1.53549173252346,0.0679810127944408,16,1,1.16005012936611,3,16,FALSE,FALSE
REACTOME_COHESIN_LOADING_ONTO_CHROMATIN,Reactome,0.787837062923339,0.834738307244701,10,,,,,FALSE,FALSE
REACTOME_COLLAGEN_BIOSYNTHESIS_AND_MODIFYING_ENZYMES,Reactome,-1.64861088364477,0.00667081454460227,63,1,0.785642415655352,8,63,FALSE,FALSE
REACTOME_COLLAGEN_CHAIN_TRIMERIZATION,Reactome,-1.6460745572963,0.0176784755435649,40,1,0.928040103492885,6,40,FALSE,FALSE
REACTOME_COLLAGEN_DEGRADATION,Reactome,0.867058121156203,0.784705237718541,56,1,1.10480964701534,10,56,FALSE,FALSE
REACTOME_COLLAGEN_FORMATION,Reactome,-1.50133118938772,0.0228187563543119,84,1,0.957501694079961,13,84,FALSE,FALSE
REACTOME_COMMON_PATHWAY_OF_FIBRIN_CLOT_FORMATION,Reactome,-1.12192234573714,0.435763459916331,12,1,1.54673350582147,3,12,FALSE,FALSE
REACTOME_COMPLEMENT_CASCADE,Reactome,-0.669166477342048,0.988827250608273,85,1,0.655087131877331,9,85,FALSE,FALSE
REACTOME_COMPLEX_III_ASSEMBLY,Reactome,1.24074435936258,0.297361323223392,24,,,,,FALSE,FALSE
REACTOME_COMPLEX_IV_ASSEMBLY,Reactome,1.41296772164677,0.113979744313465,45,1,0.549949690958747,4,45,FALSE,FALSE
REACTOME_COMPLEX_I_BIOGENESIS,Reactome,1.77765370043166,0.00328858670909731,66,,,,,TRUE,FALSE
REACTOME_CONDENSATION_OF_PROMETAPHASE_CHROMOSOMES,Reactome,1.94940748989041,0.00159377401759371,11,0.275753827280848,2.81224273785723,5,11,TRUE,FALSE
REACTOME_CONDENSATION_OF_PROPHASE_CHROMOSOMES,Reactome,1.99797119076296,0.00140648507990685,13,1,1.42775400537367,3,13,TRUE,FALSE
REACTOME_CONSTITUTIVE_SIGNALING_BY_ABERRANT_PI3K_IN_CANCER,Reactome,-1.28332145068123,0.171061718199358,75,0.666598424716749,1.4023717119448,17,75,FALSE,FALSE
REACTOME_CONSTITUTIVE_SIGNALING_BY_AKT1_E17K_IN_CANCER,Reactome,-0.772607984264743,0.8888620668372,26,1,0.237959000895612,1,26,FALSE,FALSE
REACTOME_CONSTITUTIVE_SIGNALING_BY_EGFRVIII,Reactome,-0.773318760956223,0.863467128745329,15,1,0.41246226821906,1,15,FALSE,FALSE
REACTOME_CONSTITUTIVE_SIGNALING_BY_LIGAND_RESPONSIVE_EGFR_CANCER_VARIANTS,Reactome,-0.786490933555337,0.8451031543052,19,1,0.325628106488732,1,19,FALSE,FALSE
REACTOME_CONSTITUTIVE_SIGNALING_BY_OVEREXPRESSED_ERBB2,Reactome,1.6497489834813,0.0327031450548531,11,,,,,TRUE,FALSE
REACTOME_CONVERSION_FROM_APC_C_CDC20_TO_APC_C_CDH1_IN_LATE_ANAPHASE,Reactome,1.5664998897893,0.0648147222883091,20,1,0.928040103492885,3,20,FALSE,FALSE
REACTOME_COOPERATION_OF_PDCL_PHLP1_AND_TRIC_CCT_IN_G_PROTEIN_BETA_FOLDING,Reactome,1.37794345854965,0.176046474927999,35,1,0.883847717612271,5,35,FALSE,FALSE
REACTOME_COOPERATION_OF_PREFOLDIN_AND_TRIC_CCT_IN_ACTIN_AND_TUBULIN_FOLDING,Reactome,1.66990036593578,0.0138817832288287,31,1,0.19957851688019,1,31,TRUE,FALSE
REACTOME_COPII_MEDIATED_VESICLE_TRANSPORT,Reactome,1.54212069554376,0.0309783932921098,68,1,0.545905943231109,6,68,TRUE,FALSE
REACTOME_COPI_DEPENDENT_GOLGI_TO_ER_RETROGRADE_TRAFFIC,Reactome,1.67872125268273,0.00503804577277877,94,1,0.921458258787261,14,94,TRUE,FALSE
REACTOME_COPI_INDEPENDENT_GOLGI_TO_ER_RETROGRADE_TRAFFIC,Reactome,1.04805901569089,0.484933653276023,48,1,0.128894458818456,1,48,FALSE,FALSE
REACTOME_COPI_MEDIATED_ANTEROGRADE_TRANSPORT,Reactome,0.881969578119371,0.782517287500474,95,1,0.130251242595493,2,95,FALSE,FALSE
REACTOME_CO_INHIBITION_BY_CTLA4,Reactome,1.66978815251737,0.0228187563543119,21,1,1.17846362348303,4,21,TRUE,FALSE
REACTOME_CO_INHIBITION_BY_PD_1,Reactome,2.15036218571971,1.12288256982022e-08,157,1,0.827551684643337,21,157,TRUE,FALSE
REACTOME_CO_STIMULATION_BY_CD28,Reactome,1.69038738299211,0.00775344929269154,48,1,0.773366752910737,6,48,TRUE,FALSE
REACTOME_CO_STIMULATION_BY_ICOS,Reactome,0.921312979480631,0.656352184007131,11,1,0.562448547571445,1,11,FALSE,FALSE
REACTOME_CREATINE_METABOLISM,Reactome,-0.999310641367499,0.584640392191712,10,0.213351058241566,3.09346701164295,5,10,FALSE,FALSE
REACTOME_CREATION_OF_C4_AND_C2_ACTIVATORS,Reactome,0.889746715852592,0.739294187847188,57,1,0.434170808651642,4,57,FALSE,FALSE
REACTOME_CREB1_PHOSPHORYLATION_THROUGH_NMDA_RECEPTOR_MEDIATED_ACTIVATION_OF_RAS_SIGNALING,Reactome,-1.21283927800518,0.291762955879619,27,1,1.14572852283072,5,27,FALSE,FALSE
REACTOME_CREB1_PHOSPHORYLATION_THROUGH_THE_ACTIVATION_OF_ADENYLATE_CYCLASE,Reactome,0.789659787901511,0.834738307244701,11,1,0.562448547571445,1,11,FALSE,FALSE
REACTOME_CRISTAE_FORMATION,Reactome,1.70802072727804,0.0312116189754448,13,,,,,TRUE,FALSE
REACTOME_CRMPS_IN_SEMA3A_SIGNALING,Reactome,-1.19462481281088,0.332219636904005,15,1,0.82492453643812,2,15,FALSE,FALSE
REACTOME_CROSSLINKING_OF_COLLAGEN_FIBRILS,Reactome,-1.10432479099618,0.451790319114645,18,1,1.03115567054765,3,18,FALSE,FALSE
REACTOME_CROSS_PRESENTATION_OF_SOLUBLE_EXOGENOUS_ANTIGENS_ENDOSOMES,Reactome,2.5051322805941,1.79714250083907e-08,41,1,0.452702489508724,3,41,TRUE,FALSE
REACTOME_CS_DS_DEGRADATION,Reactome,0.7207258180005,0.908168463835668,19,1,1.30251242595493,4,19,FALSE,FALSE
REACTOME_CS_GAG_BIOSYNTHESIS,Reactome,-1.11785730984145,0.411721692836103,20,1,0.928040103492885,3,20,FALSE,FALSE
REACTOME_CYCLIN_A_B1_B2_ASSOCIATED_EVENTS_DURING_G2_M_TRANSITION,Reactome,2.43348629470588,1.06505166230681e-08,31,0.0189847889597671,2.59452071944247,13,31,TRUE,TRUE
REACTOME_CYCLIN_A_CDK2_ASSOCIATED_EVENTS_AT_S_PHASE_ENTRY,Reactome,2.29684806929475,1.56319317450596e-07,75,1,0.494954721862872,6,75,TRUE,FALSE
REACTOME_CYCLIN_D_ASSOCIATED_EVENTS_IN_G1,Reactome,2.04010638903031,0.000130574489159146,47,1,0.65818447056233,5,47,TRUE,FALSE
REACTOME_CYTOCHROME_C_MEDIATED_APOPTOTIC_RESPONSE,Reactome,1.63625010749687,0.0473802096803049,13,1,0.951836003582446,2,13,TRUE,FALSE
REACTOME_CYTOCHROME_P450_ARRANGED_BY_SUBSTRATE_TYPE,Reactome,-1.29776896885667,0.182439166028942,46,0.0185243355227017,2.28647561730131,17,46,FALSE,TRUE
REACTOME_CYTOPROTECTION_BY_HMOX1,Reactome,1.43186900488467,0.118998093257064,55,1,0.899917676114313,8,55,FALSE,FALSE
REACTOME_CYTOSOLIC_IRON_SULFUR_CLUSTER_ASSEMBLY,Reactome,1.45061762102828,0.153751737372895,11,1,0.562448547571445,1,11,FALSE,FALSE
REACTOME_CYTOSOLIC_SENSORS_OF_PATHOGEN_ASSOCIATED_DNA,Reactome,2.09120872709582,3.46619947826834e-05,61,1,0.608550887536318,6,61,TRUE,FALSE
REACTOME_CYTOSOLIC_SULFONATION_OF_SMALL_MOLECULES,Reactome,0.545727831806351,0.983199294921229,14,1,0.883847717612271,2,14,FALSE,FALSE
REACTOME_C_TYPE_LECTIN_RECEPTORS_CLRS,Reactome,2.26725185323912,4.76664010458e-09,120,1,0.773366752910737,15,120,TRUE,FALSE
REACTOME_DAG1_GLYCOSYLATIONS,Reactome,-1.45499172718817,0.109668862834708,16,,,,,FALSE,FALSE
REACTOME_DAG_AND_IP3_SIGNALING,Reactome,-1.30692279311129,0.167492573433167,39,1,0.951836003582446,6,39,FALSE,FALSE
REACTOME_DAP12_INTERACTIONS,Reactome,1.85214345286792,0.00236732932595396,37,1,0.836072165308905,5,37,TRUE,FALSE
REACTOME_DAP12_SIGNALING,Reactome,1.6764949130042,0.0172699227345023,28,1,0.662885788209203,3,28,TRUE,FALSE
REACTOME_DARPP_32_EVENTS,Reactome,1.05599330680395,0.529698723317851,23,1,0.268997131447213,1,23,FALSE,FALSE
REACTOME_DCC_MEDIATED_ATTRACTIVE_SIGNALING,Reactome,-1.67527202914673,0.0330674050419809,14,1,0.883847717612271,2,14,FALSE,FALSE
REACTOME_DDX58_IFIH1_MEDIATED_INDUCTION_OF_INTERFERON_ALPHA_BETA,Reactome,2.17565906809679,4.12273698438473e-06,67,1,0.738738390840107,8,67,TRUE,FALSE
REACTOME_DEACTIVATION_OF_THE_BETA_CATENIN_TRANSACTIVATING_COMPLEX,Reactome,-1.01616876570228,0.561114221977367,43,1,0.431646559764133,3,43,FALSE,FALSE
REACTOME_DEADENYLATION_DEPENDENT_MRNA_DECAY,Reactome,1.73072613752714,0.00925605045825455,51,1,0.121312431829135,1,51,TRUE,FALSE
REACTOME_DEADENYLATION_OF_MRNA,Reactome,1.73250039659401,0.016856476737628,23,,,,,TRUE,FALSE
REACTOME_DEATH_RECEPTOR_SIGNALING,Reactome,1.41088955363824,0.0361853483210065,152,1,0.366331619799823,9,152,TRUE,FALSE
REACTOME_DECTIN_1_MEDIATED_NONCANONICAL_NF_KB_SIGNALING,Reactome,2.62232379095076,1.25553368234667e-10,49,1,0.252527919317792,2,49,TRUE,FALSE
REACTOME_DECTIN_2_FAMILY,Reactome,0.988628477085704,0.58925568281059,20,0.182357442328502,2.47477360931436,8,20,FALSE,FALSE
REACTOME_DEFECTIVE_B4GALT7_CAUSES_EDS_PROGEROID_TYPE,Reactome,-1.96831407783331,0.00210225775169132,18,0.102352653840488,2.74974845479373,8,18,FALSE,FALSE
REACTOME_DEFECTIVE_C1GALT1C1_CAUSES_TNPS,Reactome,-1.41631549438993,0.138477054967221,13,0.473300002633322,2.37959000895612,5,13,FALSE,FALSE
REACTOME_DEFECTIVE_EXT2_CAUSES_EXOSTOSES_2,Reactome,-1.66819666650862,0.0384904249575491,13,0.195302374801787,2.85550801074734,6,13,FALSE,FALSE
REACTOME_DEFECTIVE_GALNT3_CAUSES_HFTC,Reactome,-1.14762407793504,0.411429142203922,12,0.367981965513565,2.57788917636913,5,12,FALSE,FALSE
REACTOME_DEFECTIVE_INTRINSIC_PATHWAY_FOR_APOPTOSIS,Reactome,2.16691118749406,4.66423353029999e-05,25,0.405274949363292,1.97981888745149,8,25,TRUE,FALSE
REACTOME_DEFECTIVE_PYROPTOSIS,Reactome,1.80069807104747,0.0145359954341393,12,1,1.03115567054765,2,12,TRUE,FALSE
REACTOME_DEFECTS_IN_COBALAMIN_B12_METABOLISM,Reactome,0.689055233323427,0.916409483919955,12,,,,,FALSE,FALSE
REACTOME_DEFECTS_IN_VITAMIN_AND_COFACTOR_METABOLISM,Reactome,0.679360242005262,0.937823899134598,20,,,,,FALSE,FALSE
REACTOME_DEFECTS_OF_CONTACT_ACTIVATION_SYSTEM_CAS_AND_KALLIKREIN_KININ_SYSTEM_KKS,Reactome,-1.01376024475889,0.577378488582022,11,1,1.12489709514289,2,11,FALSE,FALSE
REACTOME_DEFENSINS,Reactome,1.9057932448057,0.00256600079908795,11,0.664404386485345,2.24979419028578,4,11,TRUE,FALSE
REACTOME_DEGRADATION_OF_AXIN,Reactome,2.26515849517611,2.66285011007272e-06,42,,,,,TRUE,FALSE
REACTOME_DEGRADATION_OF_BETA_CATENIN_BY_THE_DESTRUCTION_COMPLEX,Reactome,2.19544968225368,1.41553187092297e-06,71,1,0.174279831641856,2,71,TRUE,FALSE
REACTOME_DEGRADATION_OF_CRY_AND_PER_PROTEINS,Reactome,2.28086637824328,7.87058632396302e-07,48,1,0.257788917636913,2,48,TRUE,FALSE
REACTOME_DEGRADATION_OF_CYSTEINE_AND_HOMOCYSTEINE,Reactome,1.20579731029806,0.35441253018628,13,0.896992344996639,1.90367200716489,4,13,FALSE,FALSE
REACTOME_DEGRADATION_OF_DVL,Reactome,2.27942579543414,2.89912246880228e-06,44,1,0.140612136892861,1,44,TRUE,FALSE
REACTOME_DEGRADATION_OF_GLI1_BY_THE_PROTEASOME,Reactome,2.40760500089119,4.32061930836418e-08,46,1,0.134498565723607,1,46,TRUE,FALSE
REACTOME_DEGRADATION_OF_THE_EXTRACELLULAR_MATRIX,Reactome,-1.08072208809136,0.369657400551928,124,0.553075311529958,1.34715498894128,27,124,FALSE,FALSE
REACTOME_DENGUE_VIRUS_ACTIVATES_MODULATES_INNATE_AND_ADAPTIVE_IMMUNE_RESPONSES,Reactome,1.64443791339346,0.034461891350073,23,1,0.537994262894426,2,23,TRUE,FALSE
REACTOME_DENGUE_VIRUS_ATTACHMENT_AND_ENTRY,Reactome,-1.6769398394212,0.00937892473904777,42,0.835997967254066,1.47307952935379,10,42,FALSE,FALSE
REACTOME_DENGUE_VIRUS_GENOME_TRANSLATION_AND_REPLICATION,Reactome,1.64427384849123,0.00683718460451421,79,1,0.313262482191691,4,79,TRUE,FALSE
REACTOME_DENGUE_VIRUS_HOST_INTERACTIONS,Reactome,1.91303607925263,9.53267882521367e-07,218,1,0.368945606893196,13,218,TRUE,FALSE
REACTOME_DENGUE_VIRUS_INFECTION,Reactome,1.81898719209556,6.17146891407932e-07,325,1,0.399771121504627,21,325,TRUE,FALSE
REACTOME_DENGUE_VIRUS_MODULATES_APOPTOSIS,Reactome,1.19987763389616,0.355773217247098,15,,,,,FALSE,FALSE
REACTOME_DEPOLYMERIZATION_OF_THE_NUCLEAR_LAMINA,Reactome,1.51612636870964,0.109668862834708,15,1,1.64984907287624,4,15,FALSE,FALSE
REACTOME_DEPOSITION_OF_NEW_CENPA_CONTAINING_NUCLEOSOMES_AT_THE_CENTROMERE,Reactome,2.22582568608082,1.61346233195807e-05,28,1,1.32577157641841,6,28,TRUE,FALSE
REACTOME_DETOXIFICATION_OF_REACTIVE_OXYGEN_SPECIES,Reactome,1.60427758039729,0.03595812529203,34,1,0.727874590974812,4,34,TRUE,FALSE
REACTOME_DEUBIQUITINATION,Reactome,2.01070800495536,7.26763709174587e-08,220,1,0.61869340232859,22,220,TRUE,FALSE
REACTOME_DEVELOPMENTAL_CELL_LINEAGES,Reactome,-1.1958954766853,0.19044409539885,120,0.00465847258054475,1.85608020698577,36,120,FALSE,TRUE
REACTOME_DEVELOPMENTAL_CELL_LINEAGES_OF_THE_EXOCRINE_PANCREAS,Reactome,-1.63683175962231,0.00667081454460227,56,0.746441480661814,1.43625254111994,13,56,FALSE,FALSE
REACTOME_DEVELOPMENTAL_CELL_LINEAGES_OF_THE_INTEGUMENTARY_SYSTEM,Reactome,1.31344047493734,0.180698364695341,68,0.00436047398405577,2.18362377292444,24,68,FALSE,TRUE
REACTOME_DEVELOPMENTAL_LINEAGES_OF_THE_MAMMARY_GLAND,Reactome,-1.19902026509105,0.286359844271413,36,0.0101335805195859,2.57788917636912,15,36,FALSE,TRUE
REACTOME_DEVELOPMENTAL_LINEAGE_OF_MAMMARY_GLAND_ALVEOLAR_CELLS,Reactome,-0.966335316609973,0.652233262734141,14,0.0189847889597671,3.53539087044909,8,14,FALSE,TRUE
REACTOME_DEVELOPMENTAL_LINEAGE_OF_MAMMARY_GLAND_LUMINAL_EPITHELIAL_CELLS,Reactome,1.01925389101958,0.575833184523566,23,0.014480024289592,2.95896844591934,11,23,FALSE,TRUE
REACTOME_DEVELOPMENTAL_LINEAGE_OF_MAMMARY_GLAND_MYOEPITHELIAL_CELLS,Reactome,-1.12122679822759,0.409839365793383,20,0.182357442328502,2.47477360931436,8,20,FALSE,FALSE
REACTOME_DEVELOPMENTAL_LINEAGE_OF_MAMMARY_STEM_CELLS,Reactome,1.04539594722839,0.541869977037888,15,1,1.23738680465718,3,15,FALSE,FALSE
REACTOME_DEVELOPMENTAL_LINEAGE_OF_PANCREATIC_DUCTAL_CELLS,Reactome,-1.58710962244726,0.0259988713742518,40,1,0.928040103492885,6,40,FALSE,FALSE
REACTOME_DIFFERENTIATION_OF_KERATINOCYTES_IN_INTERFOLLICULAR_EPIDERMIS_IN_MAMMALIAN_SKIN,Reactome,1.47181586116623,0.0780250140356417,39,0.664404386485345,1.58639333930408,10,39,FALSE,FALSE
REACTOME_DIFFERENTIATION_OF_NAIVE_CD_T_CELLS_TO_T_HELPER_1_CELLS_TH1_CELLS,Reactome,1.74953126024095,0.0140541455414151,11,0.275753827280848,2.81224273785723,5,11,TRUE,FALSE
REACTOME_DIGESTION,Reactome,-1.45897657581024,0.167648228078146,10,1,1.85608020698577,3,10,FALSE,FALSE
REACTOME_DIGESTION_AND_ABSORPTION,Reactome,-0.729892288669117,0.884893013663315,14,0.988013431424801,1.76769543522454,4,14,FALSE,FALSE
REACTOME_DISASSEMBLY_OF_THE_DESTRUCTION_COMPLEX_AND_RECRUITMENT_OF_AXIN_TO_THE_MEMBRANE,Reactome,1.06212148094268,0.521747526849568,28,1,0.220961929403068,1,28,FALSE,FALSE
REACTOME_DISEASES_ASSOCIATED_WITH_GLYCOSAMINOGLYCAN_METABOLISM,Reactome,-1.87981443776255,0.00153876542630562,38,0.375217516722198,1.79095458568802,11,38,FALSE,FALSE
REACTOME_DISEASES_ASSOCIATED_WITH_GLYCOSYLATION_PRECURSOR_BIOSYNTHESIS,Reactome,1.30480994173869,0.243958777540867,16,1,0.386683376455369,1,16,FALSE,FALSE
REACTOME_DISEASES_ASSOCIATED_WITH_N_GLYCOSYLATION_OF_PROTEINS,Reactome,1.71529370960067,0.0217891640328934,20,,,,,TRUE,FALSE
REACTOME_DISEASES_ASSOCIATED_WITH_O_GLYCOSYLATION_OF_PROTEINS,Reactome,-1.89426964148773,0.000520223167216308,61,1,1.11567662714992,11,61,FALSE,FALSE
REACTOME_DISEASES_OF_BRANCHED_CHAIN_AMINO_ACID_CATABOLISM,Reactome,-1.03977122472755,0.541869977037888,13,,,,,FALSE,FALSE
REACTOME_DISEASES_OF_CARBOHYDRATE_METABOLISM,Reactome,-0.62641430226267,0.984328772656132,29,1,0.2133425525271,1,29,FALSE,FALSE
REACTOME_DISEASES_OF_DNA_REPAIR,Reactome,2.11835149734363,4.63084304883857e-05,51,1,1.09181188646222,9,51,TRUE,FALSE
REACTOME_DISEASES_OF_GLYCOSYLATION,Reactome,-1.40301660511397,0.0318894985654823,134,1,1.06193643683265,23,134,FALSE,FALSE
REACTOME_DISEASES_OF_HEMOSTASIS,Reactome,-1.017326265728,0.561724794426216,14,1,0.883847717612271,2,14,FALSE,FALSE
REACTOME_DISEASES_OF_IMMUNE_SYSTEM,Reactome,2.10565705380632,0.000258365456075924,29,1,1.0667127626355,5,29,TRUE,FALSE
REACTOME_DISEASES_OF_METABOLISM,Reactome,-1.06607993533677,0.382344750765803,243,1,0.967504085945943,38,243,FALSE,FALSE
REACTOME_DISEASES_OF_MITOTIC_CELL_CYCLE,Reactome,1.78040686400026,0.00522345657590369,38,1,0.814070266221829,5,38,TRUE,FALSE
REACTOME_DISEASES_OF_PROGRAMMED_CELL_DEATH,Reactome,2.31324430136316,1.28096114814034e-06,44,0.664404386485345,1.54673350582147,11,44,TRUE,FALSE
REACTOME_DISEASES_OF_SIGNAL_TRANSDUCTION_BY_GROWTH_FACTOR_RECEPTORS_AND_SECOND_MESSENGERS,Reactome,1.45125343604938,0.0020543430744484,431,1,0.559838577513109,39,431,TRUE,FALSE
REACTOME_DISORDERS_OF_DEVELOPMENTAL_BIOLOGY,Reactome,1.15520524029182,0.382344750765803,18,,,,,FALSE,FALSE
REACTOME_DISORDERS_OF_TRANSMEMBRANE_TRANSPORTERS,Reactome,2.07685594646943,2.55439922350279e-07,139,1,0.623144434000019,14,139,TRUE,FALSE
REACTOME_DISSOLUTION_OF_FIBRIN_CLOT,Reactome,1.63545107436413,0.0366331861324657,11,1,0.562448547571445,1,11,TRUE,FALSE
REACTOME_DNA_DAMAGE_BYPASS,Reactome,2.1704360214773,1.35692516067949e-05,47,1,0.65818447056233,5,47,TRUE,FALSE
REACTOME_DNA_DAMAGE_RECOGNITION_IN_GG_NER,Reactome,1.22456593727045,0.29291546361004,38,,,,,FALSE,FALSE
REACTOME_DNA_DAMAGE_TELOMERE_STRESS_INDUCED_SENESCENCE,Reactome,1.76311725967028,0.00847146751286817,27,1,0.916582818264578,4,27,TRUE,FALSE
REACTOME_DNA_DOUBLE_STRAND_BREAK_REPAIR,Reactome,2.4403719608153,9.96632800738187e-12,132,1,0.843672821357168,18,132,TRUE,FALSE
REACTOME_DNA_DOUBLE_STRAND_BREAK_RESPONSE,Reactome,1.36261330300566,0.150814370523261,41,1,0.301801659672483,2,41,FALSE,FALSE
REACTOME_DNA_REPAIR,Reactome,2.42723665449829,4.17933268160906e-17,281,1,0.550438970043229,25,281,TRUE,FALSE
REACTOME_DNA_REPLICATION,Reactome,2.90050477715775,1.49512284669416e-21,124,1,0.848208696740809,17,124,TRUE,FALSE
REACTOME_DNA_REPLICATION_PRE_INITIATION,Reactome,2.75216058637519,6.30879590463974e-16,89,1,0.625645013590709,9,89,TRUE,FALSE
REACTOME_DNA_STRAND_ELONGATION,Reactome,2.27004470594925,1.85332424729169e-06,32,1,1.16005012936611,6,32,TRUE,FALSE
REACTOME_DOPAMINE_NEUROTRANSMITTER_RELEASE_CYCLE,Reactome,-1.66677721344629,0.0301306711855963,23,1,1.34498565723607,5,23,FALSE,FALSE
REACTOME_DOWNREGULATION_OF_ERBB2_ERBB3_SIGNALING,Reactome,-0.770076183670987,0.840768649855529,13,,,,,FALSE,FALSE
REACTOME_DOWNREGULATION_OF_ERBB2_SIGNALING,Reactome,-1.18485304245145,0.340978481585906,29,1,1.2800553151626,6,29,FALSE,FALSE
REACTOME_DOWNREGULATION_OF_SMAD2_3_SMAD4_TRANSCRIPTIONAL_ACTIVITY,Reactome,1.00636234444456,0.588096665021505,30,1,0.20623113410953,1,30,FALSE,FALSE
REACTOME_DOWNREGULATION_OF_TGF_BETA_RECEPTOR_SIGNALING,Reactome,-0.731001459335813,0.924442703245414,26,,,,,FALSE,FALSE
REACTOME_DOWNSTREAM_SIGNALING_EVENTS_OF_B_CELL_RECEPTOR_BCR,Reactome,2.61718702370468,1.45755082088866e-11,68,1,0.272952971615554,3,68,TRUE,FALSE
REACTOME_DOWNSTREAM_SIGNALING_OF_ACTIVATED_FGFR1,Reactome,-1.24839519066108,0.257660024566671,23,1,0.806991394341639,3,23,FALSE,FALSE
REACTOME_DOWNSTREAM_SIGNALING_OF_ACTIVATED_FGFR2,Reactome,-0.858448031562105,0.803461591378124,21,1,0.589231811741514,2,21,FALSE,FALSE
REACTOME_DOWNSTREAM_SIGNALING_OF_ACTIVATED_FGFR3,Reactome,-0.728376185885612,0.900095723130955,18,1,0.343718556849217,1,18,FALSE,FALSE
REACTOME_DOWNSTREAM_SIGNALING_OF_ACTIVATED_FGFR4,Reactome,-0.897509230029103,0.729448909735346,19,1,0.325628106488732,1,19,FALSE,FALSE
REACTOME_DOWNSTREAM_SIGNAL_TRANSDUCTION,Reactome,0.842040822084123,0.801892302301133,29,1,0.4266851050542,2,29,FALSE,FALSE
REACTOME_DOWNSTREAM_TCR_SIGNALING,Reactome,2.65257013989168,2.40399599747274e-13,86,1,0.791352026234243,11,86,TRUE,FALSE
REACTOME_DRUG_ADME,Reactome,1.67211886641086,0.00460064509449197,76,0.0101335805195859,2.03517566555457,25,76,TRUE,TRUE
REACTOME_DS_GAG_BIOSYNTHESIS,Reactome,-1.57343658164981,0.0497723564016604,11,1,1.68734564271434,3,11,FALSE,FALSE
REACTOME_DUAL_INCISION_IN_GG_NER,Reactome,1.74169835538888,0.0098771628866786,41,1,0.150900829836242,1,41,TRUE,FALSE
REACTOME_DUAL_INCISION_IN_TC_NER,Reactome,1.84896196233367,0.00118469814348628,63,1,0.098205301956919,1,63,TRUE,FALSE
REACTOME_E2F_MEDIATED_REGULATION_OF_DNA_REPLICATION,Reactome,1.90180439992598,0.00395227592709917,22,1,1.12489709514289,4,22,TRUE,FALSE
REACTOME_E3_UBIQUITIN_LIGASES_UBIQUITINATE_TARGET_PROTEINS,Reactome,2.06523593258236,0.000259826752349158,43,,,,,TRUE,FALSE
REACTOME_EARLY_PHASE_OF_HIV_LIFE_CYCLE,Reactome,1.91894210107954,0.00349659496531088,14,1,0.883847717612271,2,14,TRUE,FALSE
REACTOME_EARLY_SARS_COV_2_INFECTION_EVENTS,Reactome,-1.30243917549884,0.190833446584549,35,1,1.41415634817963,8,35,FALSE,FALSE
REACTOME_ECM_PROTEOGLYCANS,Reactome,-1.86079945206445,0.00123715703481239,68,1,1.18279621033407,13,68,FALSE,FALSE
REACTOME_EFFECTS_OF_PIP2_HYDROLYSIS,Reactome,1.0481344576143,0.541869977037888,23,1,0.537994262894426,2,23,FALSE,FALSE
REACTOME_EGFR_DOWNREGULATION,Reactome,-1.02687361737614,0.550070649458067,30,0.449430086856584,1.85608020698577,9,30,FALSE,FALSE
REACTOME_EGR2_AND_SOX10_MEDIATED_INITIATION_OF_SCHWANN_CELL_MYELINATION,Reactome,-1.91754938593451,0.00264166072813208,27,1,1.37487422739687,6,27,FALSE,FALSE
REACTOME_EICOSANOIDS,Reactome,-0.658595840547683,0.92410888314979,10,0.213351058241566,3.09346701164295,5,10,FALSE,FALSE
REACTOME_EICOSANOID_LIGAND_BINDING_RECEPTORS,Reactome,1.00740593302626,0.595328082376519,14,1,1.32577157641841,3,14,FALSE,FALSE
REACTOME_ELASTIC_FIBRE_FORMATION,Reactome,-2.01880102743679,0.000333884085974941,41,0.195214228216096,1.96171078787114,13,41,FALSE,FALSE
REACTOME_ELEVATION_OF_CYTOSOLIC_CA2_LEVELS,Reactome,-1.83820225565532,0.00535033133444371,12,1,0.515577835273825,1,12,FALSE,FALSE
REACTOME_ENDOGENOUS_STEROLS,Reactome,-1.32877262078714,0.202706692913386,21,1,1.17846362348303,4,21,FALSE,FALSE
REACTOME_ENDOSOMAL_SORTING_COMPLEX_REQUIRED_FOR_TRANSPORT_ESCRT,Reactome,0.926665886972665,0.695102958722358,31,1,0.19957851688019,1,31,FALSE,FALSE
REACTOME_ENDOSOMAL_VACUOLAR_PATHWAY,Reactome,1.22160972161977,0.32946678800556,11,1,0.562448547571445,1,11,FALSE,FALSE
REACTOME_ENERGY_DEPENDENT_REGULATION_OF_MTOR_BY_LKB1_AMPK,Reactome,-1.29995962477937,0.219924360400445,29,1,0.6400276575813,3,29,FALSE,FALSE
REACTOME_ENOS_ACTIVATION,Reactome,-0.80651504789898,0.818872523597137,13,1,0.951836003582446,2,13,FALSE,FALSE
REACTOME_ENTEROBACTERIAL_FACTORS_ANTAGONIZE_HOST_DEFENSE,Reactome,2.108202207616,0.000271480550362404,14,0.988013431424801,1.76769543522454,4,14,TRUE,FALSE
REACTOME_EPHA_MEDIATED_GROWTH_CONE_COLLAPSE,Reactome,-0.987474132686874,0.577378488582022,26,1,1.42775400537367,6,26,FALSE,FALSE
REACTOME_EPHB_MEDIATED_FORWARD_SIGNALING,Reactome,1.27253316202215,0.24571143961086,41,1,0.754504149181207,5,41,FALSE,FALSE
REACTOME_EPHRIN_SIGNALING,Reactome,-1.4109900154864,0.145622880380374,19,1,1.30251242595493,4,19,FALSE,FALSE
REACTOME_EPH_EPHRIN_MEDIATED_REPULSION_OF_CELLS,Reactome,0.905091759339537,0.720068622832203,48,1,0.902261211729194,7,48,FALSE,FALSE
REACTOME_EPH_EPHRIN_SIGNALING,Reactome,-1.03258766822641,0.515405971924096,88,1,0.843672821357168,12,88,FALSE,FALSE
REACTOME_EPIGENETIC_REGULATION_BY_WDR5_CONTAINING_HISTONE_MODIFYING_COMPLEXES,Reactome,-1.07352526001795,0.411429142203922,107,1,0.867327199526061,15,107,FALSE,FALSE
REACTOME_EPIGENETIC_REGULATION_OF_GENE_EXPRESSION,Reactome,0.729888050623147,0.993759999025476,253,1,0.537994262894426,22,253,FALSE,FALSE
REACTOME_EPIGENETIC_REGULATION_OF_GENE_EXPRESSION_BY_MLL3_AND_MLL4_COMPLEXES,Reactome,-0.96967650136833,0.637533698190441,75,1,1.23738680465718,15,75,FALSE,FALSE
REACTOME_ERBB2_ACTIVATES_PTK6_SIGNALING,Reactome,-1.33016438544142,0.202706692913386,13,0.195302374801787,2.85550801074734,6,13,FALSE,FALSE
REACTOME_ERBB2_REGULATES_CELL_MOTILITY,Reactome,-1.17298611299009,0.361375761743296,15,0.289363242401105,2.47477360931436,6,15,FALSE,FALSE
REACTOME_ERCC6_CSB_AND_EHMT2_G9A_POSITIVELY_REGULATE_RRNA_EXPRESSION,Reactome,1.35614238087047,0.201368366246966,16,,,,,FALSE,FALSE
REACTOME_ERKS_ARE_INACTIVATED,Reactome,1.45600991953957,0.115616184581702,13,,,,,FALSE,FALSE
REACTOME_ERK_MAPK_TARGETS,Reactome,1.26653826297956,0.263258016424946,22,,,,,FALSE,FALSE
REACTOME_ERYTHROCYTES_TAKE_UP_CARBON_DIOXIDE_AND_RELEASE_OXYGEN,Reactome,1.00484945156016,0.571787654449522,11,1,1.12489709514289,2,11,FALSE,FALSE
REACTOME_ERYTHROPOIETIN_ACTIVATES_PHOSPHOINOSITIDE_3_KINASE_PI3K,Reactome,0.766632552559159,0.841144659055924,11,1,0.562448547571445,1,11,FALSE,FALSE
REACTOME_ERYTHROPOIETIN_ACTIVATES_RAS,Reactome,1.32190171797422,0.232180042807516,13,1,0.475918001791223,1,13,FALSE,FALSE
REACTOME_ER_QUALITY_CONTROL_COMPARTMENT_ERQC,Reactome,0.706652846282833,0.922607355927795,20,,,,,FALSE,FALSE
REACTOME_ER_TO_GOLGI_ANTEROGRADE_TRANSPORT,Reactome,1.23093564236531,0.196438365072999,147,1,0.294615905870757,7,147,FALSE,FALSE
REACTOME_ESR_MEDIATED_SIGNALING,Reactome,0.883078293410991,0.802923976608187,155,1,0.798314067520761,20,155,FALSE,FALSE
REACTOME_ESTABLISHMENT_OF_SISTER_CHROMATID_COHESION,Reactome,1.43631158378948,0.160073364233514,11,1,1.12489709514289,2,11,FALSE,FALSE
REACTOME_ESTROGEN_DEPENDENT_GENE_EXPRESSION,Reactome,0.824149583931817,0.863755005822375,88,1,0.703060684464307,10,88,FALSE,FALSE
REACTOME_ESTROGEN_DEPENDENT_NUCLEAR_EVENTS_DOWNSTREAM_OF_ESR_MEMBRANE_SIGNALING,Reactome,-1.20442272912016,0.303217927158943,24,0.354282967772552,2.0623113410953,8,24,FALSE,FALSE
REACTOME_ETHANOL_OXIDATION,Reactome,-1.62771537350928,0.035772536995395,11,0.093621496390279,3.37469128542867,6,11,FALSE,FALSE
REACTOME_EUKARYOTIC_TRANSLATION_ELONGATION,Reactome,-1.43266694733025,0.0353271274224928,92,1,0.0672492828618033,1,92,FALSE,FALSE
REACTOME_EUKARYOTIC_TRANSLATION_INITIATION,Reactome,0.902581174993282,0.75086959529394,118,1,0.104863288530269,2,118,FALSE,FALSE
REACTOME_EVASION_BY_RSV_OF_HOST_INTERFERON_RESPONSES,Reactome,1.49231698553727,0.101663038488308,20,1,0.309346701164295,1,20,FALSE,FALSE
REACTOME_EXPORT_OF_VIRAL_RIBONUCLEOPROTEINS_FROM_NUCLEUS,Reactome,2.09353043390687,8.37182255615056e-05,32,1,0.193341688227684,1,32,TRUE,FALSE
REACTOME_EXPRESSION_OF_BMAL_ARNTL_CLOCK_AND_NPAS2,Reactome,-1.44039038482932,0.0858451611673009,34,1,0.909843238718515,5,34,FALSE,FALSE
REACTOME_EXTENSION_OF_TELOMERES,Reactome,2.29000179677974,9.83699845490437e-07,50,1,0.61869340232859,5,50,TRUE,FALSE
REACTOME_EXTRACELLULAR_MATRIX_ORGANIZATION,Reactome,-1.96838197351831,5.39216205416192e-09,289,0.0143710192915932,1.47715725815476,69,289,FALSE,TRUE
REACTOME_EXTRA_NUCLEAR_ESTROGEN_SIGNALING,Reactome,0.927529093652319,0.696534823731728,71,1,1.04567898985114,12,71,FALSE,FALSE
REACTOME_FACTORS_INVOLVED_IN_MEGAKARYOCYTE_DEVELOPMENT_AND_PLATELET_PRODUCTION,Reactome,1.52275769432226,0.0102019668501709,128,1,0.87003759702458,18,128,TRUE,FALSE
REACTOME_FANCONI_ANEMIA_PATHWAY,Reactome,1.99473501527781,0.00066144960824897,39,1,0.317278667860815,2,39,TRUE,FALSE
REACTOME_FATTY_ACID_METABOLISM,Reactome,-1.42625357485096,0.0107723181534761,159,0.737707544359515,1.24516911160471,32,159,FALSE,FALSE
REACTOME_FATTY_ACYL_COA_BIOSYNTHESIS,Reactome,-1.11350366193418,0.412810132575758,33,1,1.12489709514289,6,33,FALSE,FALSE
REACTOME_FBXL7_DOWN_REGULATES_AURKA_DURING_MITOTIC_ENTRY_AND_IN_EARLY_MITOSIS,Reactome,2.48496284344588,1.00018284870289e-08,42,1,0.147307952935379,1,42,TRUE,FALSE
REACTOME_FCERI_MEDIATED_CA_2_MOBILIZATION,Reactome,1.14165328295269,0.365109027459037,77,1,0.241049377530619,3,77,FALSE,FALSE
REACTOME_FCERI_MEDIATED_MAPK_ACTIVATION,Reactome,1.2797887785712,0.196438365072999,78,1,0.158639333930408,2,78,FALSE,FALSE
REACTOME_FCERI_MEDIATED_NF_KB_ACTIVATION,Reactome,2.54427634932343,2.27232343354867e-13,114,1,0.271356755407276,5,114,TRUE,FALSE
REACTOME_FCGAMMA_RECEPTOR_FCGR_DEPENDENT_PHAGOCYTOSIS,Reactome,1.44335194593791,0.0214758014406098,133,1,0.372146407415693,8,133,TRUE,FALSE
REACTOME_FCGR3A_MEDIATED_IL10_SYNTHESIS,Reactome,1.11612102501086,0.376001116082962,85,1,0.800662050072293,11,85,FALSE,FALSE
REACTOME_FCGR_ACTIVATION,Reactome,1.73418005888032,0.00568557845852857,60,1,0.721808969383355,7,60,TRUE,FALSE
REACTOME_FC_EPSILON_RECEPTOR_FCERI_SIGNALING,Reactome,2.25723838689618,2.40712031323921e-10,164,1,0.226351244754362,6,164,TRUE,FALSE
REACTOME_FERTILIZATION,Reactome,-0.946695603259475,0.647705409338694,13,1,1.42775400537367,3,13,FALSE,FALSE
REACTOME_FGFR1_LIGAND_BINDING_AND_ACTIVATION,Reactome,-1.42742617308451,0.184292272966339,10,1,1.85608020698577,3,10,FALSE,FALSE
REACTOME_FGFR1_MUTANT_RECEPTOR_ACTIVATION,Reactome,-1.00461289982721,0.575963914951034,23,1,0.806991394341639,3,23,FALSE,FALSE
REACTOME_FGFR2_ALTERNATIVE_SPLICING,Reactome,1.4869201327457,0.0647501684396034,27,1,0.229145704566144,1,27,FALSE,FALSE
REACTOME_FGFR2_LIGAND_BINDING_AND_ACTIVATION,Reactome,-1.09118760393489,0.468798777315297,11,0.664404386485345,2.24979419028578,4,11,FALSE,FALSE
REACTOME_FGFR2_MUTANT_RECEPTOR_ACTIVATION,Reactome,0.614460299384158,0.967440873621869,24,1,0.515577835273825,2,24,FALSE,FALSE
REACTOME_FIBRONECTIN_MATRIX_FORMATION,Reactome,-1.20141849526522,0.32946678800556,18,1,0.687437113698433,2,18,FALSE,FALSE
REACTOME_FLT3_SIGNALING,Reactome,1.02393863732719,0.561724794426216,38,1,0.325628106488732,2,38,FALSE,FALSE
REACTOME_FLT3_SIGNALING_IN_DISEASE,Reactome,-1.23286588757186,0.265047681556697,28,,,,,FALSE,FALSE
REACTOME_FOLDING_OF_ACTIN_BY_CCT_TRIC,Reactome,1.90098846294659,0.00372430384903453,10,,,,,TRUE,FALSE
REACTOME_FORMATION_OF_APOPTOSOME,Reactome,1.3708625385335,0.208998544876624,11,1,0.562448547571445,1,11,FALSE,FALSE
REACTOME_FORMATION_OF_AXIAL_MESODERM,Reactome,0.807195188351037,0.816219877597858,10,1,0.61869340232859,1,10,FALSE,FALSE
REACTOME_FORMATION_OF_DEFINITIVE_ENDODERM,Reactome,-0.994074026794294,0.58925568281059,11,1,1.68734564271434,3,11,FALSE,FALSE
REACTOME_FORMATION_OF_FIBRIN_CLOT_CLOTTING_CASCADE,Reactome,-1.1145909578598,0.394052749861364,24,0.988013431424801,1.54673350582147,6,24,FALSE,FALSE
REACTOME_FORMATION_OF_INCISION_COMPLEX_IN_GG_NER,Reactome,1.04055925821521,0.504267375564028,43,,,,,FALSE,FALSE
REACTOME_FORMATION_OF_NEURONAL_PROGENITOR_AND_NEURONAL_BAF_NPBAF_AND_NBAF,Reactome,-0.73486103590674,0.908168463835668,24,,,,,FALSE,FALSE
REACTOME_FORMATION_OF_PARAXIAL_MESODERM,Reactome,2.07472472883208,3.81172101237572e-05,53,1,0.233469208425883,2,53,TRUE,FALSE
REACTOME_FORMATION_OF_RNA_POL_II_ELONGATION_COMPLEX,Reactome,1.98406632474798,0.000254809142878298,56,,,,,TRUE,FALSE
REACTOME_FORMATION_OF_SENESCENCE_ASSOCIATED_HETEROCHROMATIN_FOCI_SAHF,Reactome,1.78145233337558,0.0136540737822879,10,1,0.61869340232859,1,10,TRUE,FALSE
REACTOME_FORMATION_OF_TC_NER_PRE_INCISION_COMPLEX,Reactome,1.66787659736345,0.0165393447302167,51,,,,,TRUE,FALSE
REACTOME_FORMATION_OF_THE_BETA_CATENIN_TCF_TRANSACTIVATING_COMPLEX,Reactome,1.01437535313944,0.577378488582022,32,1,0.386683376455369,2,32,FALSE,FALSE
REACTOME_FORMATION_OF_THE_CANONICAL_BAF_CBAF_COMPLEX,Reactome,0.62247658988491,0.968081029130815,18,,,,,FALSE,FALSE
REACTOME_FORMATION_OF_THE_CORNIFIED_ENVELOPE,Reactome,2.18423086933706,7.62815412349161e-08,121,8.18059231979379e-19,3.32355959928581,65,121,TRUE,TRUE
REACTOME_FORMATION_OF_THE_DYSTROPHIN_GLYCOPROTEIN_COMPLEX_DGC,Reactome,-2.4216633817663,2.23196197329978e-07,36,0.0268706713553461,2.40602989794452,14,36,FALSE,TRUE
REACTOME_FORMATION_OF_THE_EARLY_ELONGATION_COMPLEX,Reactome,1.72850383356212,0.00829896192459237,33,,,,,TRUE,FALSE
REACTOME_FORMATION_OF_THE_EMBRYONIC_STEM_CELL_BAF_ESBAF_COMPLEX,Reactome,0.892570739641835,0.740444226050301,19,,,,,FALSE,FALSE
REACTOME_FORMATION_OF_THE_NEPHRIC_DUCT,Reactome,-1.84340482619982,0.00821103998950916,16,0.718271320102921,1.93341688227684,5,16,FALSE,FALSE
REACTOME_FORMATION_OF_THE_NON_CANONICAL_BAF_NCBAF_COMPLEX,Reactome,-0.709678318502141,0.913301779170984,15,,,,,FALSE,FALSE
REACTOME_FORMATION_OF_THE_POLYBROMO_BAF_PBAF_COMPLEX,Reactome,-0.782125848104191,0.849529137625558,18,,,,,FALSE,FALSE
REACTOME_FORMATION_OF_THE_URETERIC_BUD,Reactome,-1.8477033903594,0.00676636518332513,19,0.609336313083872,1.95376863893239,6,19,FALSE,FALSE
REACTOME_FORMATION_OF_TUBULIN_FOLDING_INTERMEDIATES_BY_CCT_TRIC,Reactome,1.60066865390207,0.0433182609058408,24,1,0.257788917636913,1,24,TRUE,FALSE
REACTOME_FORMATION_OF_WDR5_CONTAINING_HISTONE_MODIFYING_COMPLEXES,Reactome,-0.749952504996079,0.927232026547095,42,,,,,FALSE,FALSE
REACTOME_FOXO_MEDIATED_TRANSCRIPTION,Reactome,-1.33284843326567,0.0937496147682474,59,1,0.838906308242156,8,59,FALSE,FALSE
REACTOME_FOXO_MEDIATED_TRANSCRIPTION_OF_CELL_CYCLE_GENES,Reactome,-1.69921624321465,0.0252478109525072,16,1,0.386683376455369,1,16,FALSE,FALSE
REACTOME_FOXO_MEDIATED_TRANSCRIPTION_OF_CELL_DEATH_GENES,Reactome,-1.04659115429554,0.521747526849568,16,1,0.386683376455369,1,16,FALSE,FALSE
REACTOME_FOXO_MEDIATED_TRANSCRIPTION_OF_OXIDATIVE_STRESS_METABOLIC_AND_NEURONAL_GENES,Reactome,-1.580911131459,0.0420292716484568,24,1,1.03115567054765,4,24,FALSE,FALSE
REACTOME_FREE_FATTY_ACIDS_REGULATE_INSULIN_SECRETION,Reactome,1.26111341861481,0.29291546361004,10,1,1.23738680465718,2,10,FALSE,FALSE
REACTOME_FRS_MEDIATED_FGFR1_SIGNALING,Reactome,-1.25261616909007,0.270111877902432,15,1,0.82492453643812,2,15,FALSE,FALSE
REACTOME_FRS_MEDIATED_FGFR2_SIGNALING,Reactome,-1.01220196692919,0.575921657359848,16,1,0.773366752910737,2,16,FALSE,FALSE
REACTOME_FRS_MEDIATED_FGFR3_SIGNALING,Reactome,-0.681108334403337,0.924442703245414,13,1,0.475918001791223,1,13,FALSE,FALSE
REACTOME_FRS_MEDIATED_FGFR4_SIGNALING,Reactome,-1.00538078714607,0.577378488582022,14,1,0.441923858806136,1,14,FALSE,FALSE
REACTOME_G0_AND_EARLY_G1,Reactome,2.26832856500592,6.10828770838772e-06,27,0.542435451881612,1.83316563652916,8,27,TRUE,FALSE
REACTOME_G1_S_DNA_DAMAGE_CHECKPOINTS,Reactome,2.59071813588686,1.27762092528638e-10,66,1,0.468707122976205,5,66,TRUE,FALSE
REACTOME_G1_S_SPECIFIC_TRANSCRIPTION,Reactome,2.35423162611077,1.88504055900827e-06,29,0.093621496390279,2.3467680777981,11,29,TRUE,FALSE
REACTOME_G2_M_CHECKPOINTS,Reactome,2.87684646218582,7.16208726366731e-21,120,1,0.979597887020267,19,120,TRUE,FALSE
REACTOME_G2_M_DNA_DAMAGE_CHECKPOINT,Reactome,2.34088233930806,1.66494309397484e-07,60,1,1.03115567054765,10,60,TRUE,FALSE
REACTOME_GAB1_SIGNALOSOME,Reactome,1.13725815777166,0.414106484361959,17,0.213351058241566,2.54756106841184,7,17,FALSE,FALSE
REACTOME_GABA_B_RECEPTOR_ACTIVATION,Reactome,-0.950431013682073,0.656352184007131,33,1,1.31237994433337,7,33,FALSE,FALSE
REACTOME_GABA_RECEPTOR_ACTIVATION,Reactome,-1.07813184371182,0.46448571222918,43,1,1.2949396792924,9,43,FALSE,FALSE
REACTOME_GABA_SYNTHESIS_RELEASE_REUPTAKE_AND_DEGRADATION,Reactome,0.957157891361055,0.636006259780908,15,1,0.82492453643812,2,15,FALSE,FALSE
REACTOME_GAMMA_CARBOXYLATION_HYPUSINYLATION_HYDROXYLATION_AND_ARYLSULFATASE_ACTIVATION,Reactome,0.963960241155041,0.626031777770709,56,1,0.441923858806136,4,56,FALSE,FALSE
REACTOME_GAP_FILLING_DNA_REPAIR_SYNTHESIS_AND_LIGATION_IN_GG_NER,Reactome,1.75817189631342,0.012904144986832,25,1,0.247477360931436,1,25,TRUE,FALSE
REACTOME_GAP_JUNCTION_ASSEMBLY,Reactome,1.28944931779576,0.220902011125374,29,1,1.2800553151626,6,29,FALSE,FALSE
REACTOME_GAP_JUNCTION_DEGRADATION,Reactome,1.11750314138978,0.470169091471908,12,,,,,FALSE,FALSE
REACTOME_GAP_JUNCTION_TRAFFICKING_AND_REGULATION,Reactome,1.32766641999156,0.184292272966339,42,1,0.883847717612271,6,42,FALSE,FALSE
REACTOME_GASTRIN_CREB_SIGNALLING_PATHWAY_VIA_PKC_AND_MAPK,Reactome,0.888032150614646,0.719499035652934,17,1,1.09181188646222,3,17,FALSE,FALSE
REACTOME_GASTRULATION,Reactome,1.59915381668864,0.00750112269671407,95,1,0.586130591679717,9,95,TRUE,FALSE
REACTOME_GBP_MEDIATED_HOST_DEFENSE,Reactome,1.92850835519463,0.00309497082172682,14,0.988013431424801,1.76769543522454,4,14,TRUE,FALSE
REACTOME_GENERATION_OF_SECOND_MESSENGER_MOLECULES,Reactome,1.96561311772336,0.00101307863875671,35,0.255415366463166,1.944464978747,11,35,TRUE,FALSE
REACTOME_GENE_AND_PROTEIN_EXPRESSION_BY_JAK_STAT_SIGNALING_AFTER_INTERLEUKIN_12_STIMULATION,Reactome,2.10109503347448,0.000101506435519794,35,1,0.707078174089817,4,35,TRUE,FALSE
REACTOME_GENE_SILENCING_BY_RNA,Reactome,0.991168485632205,0.574519474048874,44,1,0.421836410678584,3,44,FALSE,FALSE
REACTOME_GERM_LAYER_FORMATION_AT_GASTRULATION,Reactome,-0.781148025859522,0.836643610013175,13,1,0.475918001791223,1,13,FALSE,FALSE
REACTOME_GLOBAL_GENOME_NUCLEOTIDE_EXCISION_REPAIR_GG_NER,Reactome,1.7191705646864,0.0025376388993249,84,1,0.0736539764676893,1,84,TRUE,FALSE
REACTOME_GLUCAGON_LIKE_PEPTIDE_1_GLP1_REGULATES_INSULIN_SECRETION,Reactome,-1.55473328104661,0.036389047622725,35,1,0.707078174089817,4,35,FALSE,FALSE
REACTOME_GLUCAGON_SIGNALING_IN_METABOLIC_REGULATION,Reactome,-1.48766077876961,0.0901235068055509,29,1,0.8533702101084,4,29,FALSE,FALSE
REACTOME_GLUCAGON_TYPE_LIGAND_RECEPTORS,Reactome,-1.00972829865196,0.564009097827591,22,1,1.12489709514289,4,22,FALSE,FALSE
REACTOME_GLUCONEOGENESIS,Reactome,1.17849604306878,0.358952131590948,22,1,0.843672821357168,3,22,FALSE,FALSE
REACTOME_GLUCOSE_METABOLISM,Reactome,2.07210765303342,2.07146453641795e-05,77,1,0.482098755061239,6,77,TRUE,FALSE
REACTOME_GLUCURONIDATION,Reactome,1.59808279707874,0.0460753642133941,18,0.000186531742729116,4.1246226821906,12,18,TRUE,TRUE
REACTOME_GLUTAMATE_AND_GLUTAMINE_METABOLISM,Reactome,-0.867835666861866,0.752615875659173,13,1,0.951836003582446,2,13,FALSE,FALSE
REACTOME_GLUTAMATE_NEUROTRANSMITTER_RELEASE_CYCLE,Reactome,-1.46437194655847,0.0924779152130875,24,1,1.03115567054765,4,24,FALSE,FALSE
REACTOME_GLUTATHIONE_CONJUGATION,Reactome,1.01289145193093,0.58071401651984,32,0.838028827761563,1.54673350582147,8,32,FALSE,FALSE
REACTOME_GLUTATHIONE_SYNTHESIS_AND_RECYCLING,Reactome,1.49884866900011,0.110016025641026,12,1,1.03115567054765,2,12,FALSE,FALSE
REACTOME_GLYCEROPHOSPHOLIPID_BIOSYNTHESIS,Reactome,0.921929031226096,0.709099560718866,116,1,0.96004148637195,18,116,FALSE,FALSE
REACTOME_GLYCOGEN_BREAKDOWN_GLYCOGENOLYSIS,Reactome,0.894560649008063,0.702010245165923,15,1,0.82492453643812,2,15,FALSE,FALSE
REACTOME_GLYCOGEN_METABOLISM,Reactome,0.978419286527188,0.638572213174345,25,1,0.742432082794308,3,25,FALSE,FALSE
REACTOME_GLYCOGEN_STORAGE_DISEASES,Reactome,0.758629116499075,0.849529137625558,14,1,0.441923858806136,1,14,FALSE,FALSE
REACTOME_GLYCOGEN_SYNTHESIS,Reactome,0.808699028600683,0.814232132988071,13,1,0.475918001791223,1,13,FALSE,FALSE
REACTOME_GLYCOSAMINOGLYCAN_METABOLISM,Reactome,-1.23339173253733,0.155631122985993,128,0.269816606414483,1.45006266170763,30,128,FALSE,FALSE
REACTOME_GLYCOSAMINOGLYCAN_PROTEIN_LINKAGE_REGION_BIOSYNTHESIS,Reactome,-1.8958045560135,0.00321629709235048,27,0.542435451881612,1.83316563652916,8,27,FALSE,FALSE
REACTOME_GLYCOSPHINGOLIPID_BIOSYNTHESIS,Reactome,1.0425403561727,0.547172581592416,18,0.905475592769543,1.71859278424608,5,18,FALSE,FALSE
REACTOME_GLYCOSPHINGOLIPID_CATABOLISM,Reactome,1.58050978931335,0.028258217938948,33,1,0.937414245952409,5,33,TRUE,FALSE
REACTOME_GLYCOSPHINGOLIPID_METABOLISM,Reactome,1.47675982499015,0.0623118578716357,51,1,1.21312431829135,10,51,FALSE,FALSE
REACTOME_GLYOXYLATE_METABOLISM_AND_GLYCINE_DEGRADATION,Reactome,0.987872731160391,0.608574674055198,13,0.896992344996639,1.90367200716489,4,13,FALSE,FALSE
REACTOME_GOLGI_ASSOCIATED_VESICLE_BIOGENESIS,Reactome,1.41648130380372,0.134099262343537,55,1,0.112489709514289,1,55,FALSE,FALSE
REACTOME_GOLGI_CISTERNAE_PERICENTRIOLAR_STACK_REORGANIZATION,Reactome,2.03796521091174,0.000820509074330246,14,0.988013431424801,1.76769543522454,4,14,TRUE,FALSE
REACTOME_GOLGI_TO_ER_RETROGRADE_TRANSPORT,Reactome,1.62647653193369,0.00306687587240989,127,1,0.68202422303939,14,127,TRUE,FALSE
REACTOME_GP1B_IX_V_ACTIVATION_SIGNALLING,Reactome,-0.791558814623747,0.81613326645474,10,,,,,FALSE,FALSE
REACTOME_GPCR_LIGAND_BINDING,Reactome,1.24193216177258,0.127957403449476,286,3.52224098060761e-10,2.03346782583523,94,286,FALSE,TRUE
REACTOME_GPER1_SIGNALING,Reactome,-1.25904204314173,0.221994120529152,40,1,0.928040103492885,6,40,FALSE,FALSE
REACTOME_GPVI_MEDIATED_ACTIVATION_CASCADE,Reactome,1.36011760654036,0.178062649640862,34,1,0.545905943231109,3,34,FALSE,FALSE
REACTOME_GRB2_EVENTS_IN_ERBB2_SIGNALING,Reactome,-1.37995652855821,0.167539139241742,16,0.367981965513565,2.32010025873221,6,16,FALSE,FALSE
REACTOME_GRB2_SOS_PROVIDES_LINKAGE_TO_MAPK_SIGNALING_FOR_INTEGRINS,Reactome,-1.18392908205775,0.370466861664739,12,1,0.515577835273825,1,12,FALSE,FALSE
REACTOME_GROWTH_HORMONE_RECEPTOR_SIGNALING,Reactome,1.35225879532641,0.182439166028942,20,1,1.54673350582147,5,20,FALSE,FALSE
REACTOME_GSK3B_MEDIATED_PROTEASOMAL_DEGRADATION_OF_PD_L1_CD274,Reactome,2.61706581841251,1.70416947984811e-10,44,1,0.281224273785723,2,44,TRUE,FALSE
REACTOME_G_ALPHA_12_13_SIGNALLING_EVENTS,Reactome,-1.54481727266726,0.0159753753709711,76,1,0.488442159733097,6,76,FALSE,FALSE
REACTOME_G_ALPHA_I_SIGNALLING_EVENTS,Reactome,1.27022896579764,0.0996182661183679,227,0.000807914014657927,1.68982338961994,62,227,FALSE,TRUE
REACTOME_G_ALPHA_Q_SIGNALLING_EVENTS,Reactome,1.05572252476946,0.468798777315297,160,0.517244521943708,1.31472347994825,34,160,FALSE,FALSE
REACTOME_G_ALPHA_S_SIGNALLING_EVENTS,Reactome,-1.18488709238919,0.220902011125374,105,0.770115007640215,1.29630998583133,22,105,FALSE,FALSE
REACTOME_G_ALPHA_Z_SIGNALLING_EVENTS,Reactome,-1.14428043513397,0.353345588235294,42,0.835997967254066,1.47307952935379,10,42,FALSE,FALSE
REACTOME_G_BETA_GAMMA_SIGNALLING_THROUGH_CDC42,Reactome,-0.570355708390031,0.976921680556771,17,1,0.363937295487406,1,17,FALSE,FALSE
REACTOME_G_BETA_GAMMA_SIGNALLING_THROUGH_PI3KGAMMA,Reactome,-0.696513050796583,0.937823899134598,22,1,0.281224273785723,1,22,FALSE,FALSE
REACTOME_G_PROTEIN_ACTIVATION,Reactome,0.866562147830355,0.767958281742286,19,1,0.651256212977463,2,19,FALSE,FALSE
REACTOME_G_PROTEIN_BETA_GAMMA_SIGNALLING,Reactome,-0.612260024741483,0.985777877669769,29,1,0.2133425525271,1,29,FALSE,FALSE
REACTOME_G_PROTEIN_MEDIATED_EVENTS,Reactome,-1.21045850606006,0.262702329141108,51,1,0.970499454633082,8,51,FALSE,FALSE
REACTOME_HATS_ACETYLATE_HISTONES,Reactome,-0.822004046605052,0.870199011281531,79,1,0.0783156205479228,1,79,FALSE,FALSE
REACTOME_HCMV_EARLY_EVENTS,Reactome,1.79973360666836,0.0019154425500215,71,1,0.261419747462784,3,71,TRUE,FALSE
REACTOME_HCMV_INFECTION,Reactome,1.66748384741122,0.00306687587240989,95,1,0.260502485190985,4,95,TRUE,FALSE
REACTOME_HCMV_LATE_EVENTS,Reactome,1.8218571017557,0.00177855628905395,53,1,0.233469208425883,2,53,TRUE,FALSE
REACTOME_HDACS_DEACETYLATE_HISTONES,Reactome,1.0801730595798,0.479432921293387,32,,,,,FALSE,FALSE
REACTOME_HDMS_DEMETHYLATE_HISTONES,Reactome,0.769795131278965,0.869453606534606,23,,,,,FALSE,FALSE
REACTOME_HDR_THROUGH_HOMOLOGOUS_RECOMBINATION_HRR,Reactome,2.34788213083785,3.75052968933926e-08,69,1,0.986322815306448,11,69,TRUE,FALSE
REACTOME_HDR_THROUGH_MMEJ_ALT_NHEJ,Reactome,1.36612588160088,0.209718048878205,12,1,1.03115567054765,2,12,FALSE,FALSE
REACTOME_HDR_THROUGH_SINGLE_STRAND_ANNEALING_SSA,Reactome,1.91889763778272,0.00112222687344138,37,1,0.836072165308905,5,37,TRUE,FALSE
REACTOME_HEDGEHOG_LIGAND_BIOGENESIS,Reactome,2.42083368448437,7.40052126614899e-08,49,1,0.126263959658896,1,49,TRUE,FALSE
REACTOME_HEDGEHOG_OFF_STATE,Reactome,1.45010434271135,0.0366331861324657,97,1,0.318914124911644,5,97,TRUE,FALSE
REACTOME_HEDGEHOG_ON_STATE,Reactome,1.63255866302836,0.0155533989163412,71,1,0.348559663283713,4,71,TRUE,FALSE
REACTOME_HEME_BIOSYNTHESIS,Reactome,1.18659270465014,0.367685138326586,12,,,,,FALSE,FALSE
REACTOME_HEME_DEGRADATION,Reactome,1.9922456611769,0.00115479807195472,10,0.553075311529958,2.47477360931436,4,10,TRUE,FALSE
REACTOME_HEME_SIGNALING,Reactome,-1.13645041474362,0.371257379103995,45,1,0.687437113698433,5,45,FALSE,FALSE
REACTOME_HEPARAN_SULFATE_HEPARIN_HS_GAG_METABOLISM,Reactome,-1.37307994203857,0.122528021703434,37,0.0135535022484444,2.50821649592672,15,37,FALSE,TRUE
REACTOME_HH_MUTANTS_ABROGATE_LIGAND_SECRETION,Reactome,2.439893422201,5.48140039481152e-08,44,,,,,TRUE,FALSE
REACTOME_HIGH_LAMINAR_FLOW_SHEAR_STRESS_ACTIVATES_SIGNALING_BY_PIEZO1_AND_PECAM1_CDH5_KDR_IN_ENDOTHELIAL_CELLS,Reactome,-1.04291132334808,0.514931939589474,65,1,0.475918001791223,5,65,FALSE,FALSE
REACTOME_HIV_ELONGATION_ARREST_AND_RECOVERY,Reactome,1.83787169307937,0.0024190088035088,32,,,,,TRUE,FALSE
REACTOME_HIV_INFECTION,Reactome,2.49412070487454,1.7330619838049e-16,217,1,0.25660095027453,9,217,TRUE,FALSE
REACTOME_HIV_LIFE_CYCLE,Reactome,2.17349155333604,1.87102072470772e-08,148,1,0.209018041327226,5,148,TRUE,FALSE
REACTOME_HIV_TRANSCRIPTION_ELONGATION,Reactome,1.90895856038348,0.000998463065787441,42,,,,,TRUE,FALSE
REACTOME_HIV_TRANSCRIPTION_INITIATION,Reactome,1.41389588239085,0.119434794191363,48,,,,,FALSE,FALSE
REACTOME_HOMOLOGOUS_DNA_PAIRING_AND_STRAND_EXCHANGE,Reactome,2.19933892954587,3.1487195976048e-05,43,1,1.15105749270435,8,43,TRUE,FALSE
REACTOME_HOMOLOGY_DIRECTED_REPAIR,Reactome,2.42274174291663,1.71007000695216e-10,103,1,0.961077129830819,16,103,TRUE,FALSE
REACTOME_HOST_INTERACTIONS_OF_HIV_FACTORS,Reactome,2.65210759033787,9.74648354495954e-16,117,1,0.317278667860815,6,117,TRUE,FALSE
REACTOME_HSF1_ACTIVATION,Reactome,1.46354796382592,0.0780250140356417,28,1,0.662885788209203,3,28,FALSE,FALSE
REACTOME_HSF1_DEPENDENT_TRANSACTIVATION,Reactome,0.901350814388794,0.710795143299161,35,1,1.06061726113473,6,35,FALSE,FALSE
REACTOME_HSP90_CHAPERONE_CYCLE_FOR_STEROID_HORMONE_RECEPTORS_SHR_IN_THE_PRESENCE_OF_LIGAND,Reactome,0.929951124407059,0.669507364174904,52,1,0.594897502239029,5,52,FALSE,FALSE
REACTOME_HS_GAG_BIOSYNTHESIS,Reactome,-1.40022923491033,0.134721054107093,29,0.0106391670650263,2.7734531828523,13,29,FALSE,TRUE
REACTOME_HS_GAG_DEGRADATION,Reactome,-1.60040942495405,0.0377482561766857,19,0.143624698382124,2.60502485190985,8,19,FALSE,FALSE
REACTOME_HYALURONAN_DEGRADATION,Reactome,1.26526902156622,0.276428111242349,15,1,1.64984907287624,4,15,FALSE,FALSE
REACTOME_HYALURONAN_METABOLISM,Reactome,1.38863251010688,0.170778224636179,19,0.609336313083872,1.95376863893239,6,19,FALSE,FALSE
REACTOME_IKK_COMPLEX_RECRUITMENT_MEDIATED_BY_RIP1,Reactome,1.53078625904273,0.0850266660537913,23,1,0.268997131447213,1,23,FALSE,FALSE
REACTOME_IL_6_TYPE_CYTOKINE_RECEPTOR_LIGAND_INTERACTIONS,Reactome,-1.46464291648229,0.104703757190996,16,0.718271320102921,1.93341688227684,5,16,FALSE,FALSE
REACTOME_IMMUNOREGULATORY_INTERACTIONS_BETWEEN_A_LYMPHOID_AND_A_NON_LYMPHOID_CELL,Reactome,2.02448910806632,3.57342327706232e-07,160,0.275753827280848,1.39206015523933,36,160,TRUE,FALSE
REACTOME_INACTIVATION_OF_CSF3_G_CSF_SIGNALING,Reactome,1.93553861279587,0.00239687379126459,24,1,1.03115567054765,4,24,TRUE,FALSE
REACTOME_INCRETIN_SYNTHESIS_SECRETION_AND_INACTIVATION,Reactome,-1.04985569450093,0.513663705951836,15,1,1.23738680465718,3,15,FALSE,FALSE
REACTOME_INDUCTION_OF_CELL_CELL_FUSION,Reactome,-1.03209434884722,0.544056195965418,13,1,0.951836003582446,2,13,FALSE,FALSE
REACTOME_INFECTION_WITH_ENTEROBACTERIA,Reactome,1.13564509354142,0.388858699406393,40,1,1.39206015523933,9,40,FALSE,FALSE
REACTOME_INFECTION_WITH_MYCOBACTERIUM_TUBERCULOSIS,Reactome,2.07720983781824,0.000267610194003573,27,1,0.458291409132289,2,27,TRUE,FALSE
REACTOME_INFLAMMASOMES,Reactome,1.37728364786738,0.167492573433167,21,0.754307996430032,1.76769543522454,6,21,FALSE,FALSE
REACTOME_INFLUENZA_INFECTION,Reactome,1.4776290956611,0.0181672023367059,155,1,0.239494220256228,6,155,TRUE,FALSE
REACTOME_INFLUENZA_VIRAL_RNA_TRANSCRIPTION_AND_REPLICATION,Reactome,1.01817872727563,0.545922815040879,134,1,0.0923422988550134,2,134,FALSE,FALSE
REACTOME_INHIBITION_OF_DNA_RECOMBINATION_AT_TELOMERE,Reactome,1.16099583130274,0.367685138326586,20,,,,,FALSE,FALSE
REACTOME_INHIBITION_OF_REPLICATION_INITIATION_OF_DAMAGED_DNA_BY_RB1_E2F1,Reactome,1.55875018090675,0.0819345658704666,13,,,,,FALSE,FALSE
REACTOME_INHIBITION_OF_THE_PROTEOLYTIC_ACTIVITY_OF_APC_C_REQUIRED_FOR_THE_ONSET_OF_ANAPHASE_BY_MITOTIC_SPINDLE_CHECKPOINT_COMPONENTS,Reactome,1.97551457270079,0.00117166295581007,21,1,1.47307952935379,5,21,TRUE,FALSE
REACTOME_INITIAL_TRIGGERING_OF_COMPLEMENT,Reactome,0.748471127524642,0.937823899134598,65,1,0.571101602149468,6,65,FALSE,FALSE
REACTOME_INITIATION_OF_NUCLEAR_ENVELOPE_NE_REFORMATION,Reactome,2.29224885070275,2.95175414796169e-06,19,1,1.30251242595493,4,19,TRUE,FALSE
REACTOME_INLB_MEDIATED_ENTRY_OF_LISTERIA_MONOCYTOGENES_INTO_HOST_CELL,Reactome,1.08932333272097,0.472412120391679,14,1,0.441923858806136,1,14,FALSE,FALSE
REACTOME_INOSITOL_PHOSPHATE_METABOLISM,Reactome,-1.4388832513108,0.0586755993590633,45,1,0.82492453643812,6,45,FALSE,FALSE
REACTOME_INSERTION_OF_TAIL_ANCHORED_PROTEINS_INTO_THE_ENDOPLASMIC_RETICULUM_MEMBRANE,Reactome,-0.954683819329987,0.656120555726455,20,1,0.928040103492885,3,20,FALSE,FALSE
REACTOME_INSULIN_PROCESSING,Reactome,1.00879149591153,0.577378488582022,22,1,0.281224273785723,1,22,FALSE,FALSE
REACTOME_INSULIN_RECEPTOR_RECYCLING,Reactome,1.32216567165164,0.182591927654764,27,1,0.458291409132289,2,27,FALSE,FALSE
REACTOME_INSULIN_RECEPTOR_SIGNALLING_CASCADE,Reactome,-1.36253988983355,0.141159995745737,43,1,0.287764373176088,2,43,FALSE,FALSE
REACTOME_INTEGRATION_OF_ENERGY_METABOLISM,Reactome,-1.45393387291152,0.0266771514235174,97,1,1.14809084968192,18,97,FALSE,FALSE
REACTOME_INTEGRIN_CELL_SURFACE_INTERACTIONS,Reactome,-0.878994024268873,0.794909732309608,76,1,0.651256212977463,8,76,FALSE,FALSE
REACTOME_INTEGRIN_SIGNALING,Reactome,1.01513471367212,0.577140830454372,24,1,0.515577835273825,2,24,FALSE,FALSE
REACTOME_INTERACTIONS_OF_REV_WITH_HOST_CELLULAR_PROTEINS,Reactome,2.35759215602408,1.41553187092297e-06,36,1,0.343718556849217,2,36,TRUE,FALSE
REACTOME_INTERACTIONS_OF_VPR_WITH_HOST_CELLULAR_PROTEINS,Reactome,2.03163735266067,0.000561326948497298,36,1,0.171859278424608,1,36,TRUE,FALSE
REACTOME_INTERACTION_BETWEEN_L1_AND_ANKYRINS,Reactome,-1.6645051904686,0.0256510676954556,27,1,1.37487422739687,6,27,FALSE,FALSE
REACTOME_INTERCONVERSION_OF_NUCLEOTIDE_DI_AND_TRIPHOSPHATES,Reactome,1.59529258039204,0.0589522532695314,29,1,0.8533702101084,4,29,FALSE,FALSE
REACTOME_INTERFERON_ALPHA_BETA_SIGNALING,Reactome,2.52822507350039,2.55601970350712e-10,64,0.0238340819866686,2.03008772639069,21,64,TRUE,TRUE
REACTOME_INTERFERON_GAMMA_SIGNALING,Reactome,2.15257484726226,1.00826695172744e-06,92,0.256370684715949,1.54673350582147,23,92,TRUE,FALSE
REACTOME_INTERFERON_SIGNALING,Reactome,2.6617242547812,9.94922847368401e-23,262,1,1.08625559187462,46,262,TRUE,FALSE
REACTOME_INTERLEUKIN_10_SIGNALING,Reactome,2.30970889842328,1.00826695172744e-06,42,8.55250045579534e-06,3.24077496457833,22,42,TRUE,TRUE
REACTOME_INTERLEUKIN_12_FAMILY_SIGNALING,Reactome,2.31746683598554,8.8304750371623e-07,51,1,1.33443675012049,11,51,TRUE,FALSE
REACTOME_INTERLEUKIN_12_SIGNALING,Reactome,2.19596520338461,3.36743990118242e-05,43,1,1.00717530611631,7,43,TRUE,FALSE
REACTOME_INTERLEUKIN_15_SIGNALING,Reactome,1.24004572113429,0.308420702495583,14,1,1.32577157641841,3,14,FALSE,FALSE
REACTOME_INTERLEUKIN_17_SIGNALING,Reactome,2.01740896083172,9.22343849172504e-05,70,1,0.61869340232859,7,70,TRUE,FALSE
REACTOME_INTERLEUKIN_1_FAMILY_SIGNALING,Reactome,2.51899588283457,1.36010117275977e-13,136,1,0.818858914846663,18,136,TRUE,FALSE
REACTOME_INTERLEUKIN_1_SIGNALING,Reactome,2.64213420024711,2.14473835845343e-14,101,1,0.612567725077812,10,101,TRUE,FALSE
REACTOME_INTERLEUKIN_20_FAMILY_SIGNALING,Reactome,1.9504433313803,0.00218059283415228,22,0.249407060125913,2.24979419028578,8,22,TRUE,FALSE
REACTOME_INTERLEUKIN_27_SIGNALING,Reactome,1.45541953183854,0.139150704368096,10,1,1.85608020698577,3,10,FALSE,FALSE
REACTOME_INTERLEUKIN_2_FAMILY_SIGNALING,Reactome,1.77288957631657,0.00585750216951999,38,1,1.30251242595493,8,38,TRUE,FALSE
REACTOME_INTERLEUKIN_2_SIGNALING,Reactome,1.69592011709874,0.0228187563543119,11,0.664404386485345,2.24979419028578,4,11,TRUE,FALSE
REACTOME_INTERLEUKIN_35_SIGNALLING,Reactome,1.63086321434524,0.037134000328029,11,0.664404386485345,2.24979419028578,4,11,TRUE,FALSE
REACTOME_INTERLEUKIN_37_SIGNALING,Reactome,0.910161160632314,0.713273998242866,21,1,0.883847717612271,3,21,FALSE,FALSE
REACTOME_INTERLEUKIN_3_INTERLEUKIN_5_AND_GM_CSF_SIGNALING,Reactome,1.71068919170834,0.0136540737822879,44,1,0.843672821357168,6,44,TRUE,FALSE
REACTOME_INTERLEUKIN_4_AND_INTERLEUKIN_13_SIGNALING,Reactome,1.90828821889923,6.48742453797053e-05,103,9.27311188725916e-06,2.34262550396262,39,103,TRUE,TRUE
REACTOME_INTERLEUKIN_6_FAMILY_SIGNALING,Reactome,1.10571243458897,0.456498973214683,23,0.148627905224347,2.42097418302492,9,23,FALSE,FALSE
REACTOME_INTERLEUKIN_6_SIGNALING,Reactome,1.61121667414323,0.043194648234935,11,0.664404386485345,2.24979419028578,4,11,TRUE,FALSE
REACTOME_INTERLEUKIN_7_SIGNALING,Reactome,1.16506311722983,0.375141594549108,23,0.905475592769543,1.61398278868328,6,23,FALSE,FALSE
REACTOME_INTERLEUKIN_RECEPTOR_SHC_SIGNALING,Reactome,1.40928105766857,0.143128179467934,23,1,1.07598852578885,4,23,FALSE,FALSE
REACTOME_INTRACELLULAR_SIGNALING_BY_SECOND_MESSENGERS,Reactome,1.25980680828367,0.109895601233922,288,1,0.644472294092281,30,288,FALSE,FALSE
REACTOME_INTRAFLAGELLAR_TRANSPORT,Reactome,-1.30008379497135,0.182591927654764,44,1,0.140612136892861,1,44,FALSE,FALSE
REACTOME_INTRA_GOLGI_AND_RETROGRADE_GOLGI_TO_ER_TRAFFIC,Reactome,1.52329129372744,0.00460064509449197,194,1,0.510262599858631,16,194,TRUE,FALSE
REACTOME_INTRA_GOLGI_TRAFFIC,Reactome,1.09588745573427,0.436134542759327,42,,,,,FALSE,FALSE
REACTOME_INTRINSIC_PATHWAY_FOR_APOPTOSIS,Reactome,2.0773120502564,3.69963078353551e-05,53,1,0.81714222949059,7,53,TRUE,FALSE
REACTOME_INTRINSIC_PATHWAY_OF_FIBRIN_CLOT_FORMATION,Reactome,-0.852554193028379,0.790366760906534,15,1,1.23738680465718,3,15,FALSE,FALSE
REACTOME_INWARDLY_RECTIFYING_K_CHANNELS,Reactome,-1.05856977256161,0.483322242838682,26,1,1.42775400537367,6,26,FALSE,FALSE
REACTOME_IONOTROPIC_ACTIVITY_OF_KAINATE_RECEPTORS,Reactome,-1.22558663680685,0.321359380793474,10,0.213351058241566,3.09346701164295,5,10,FALSE,FALSE
REACTOME_ION_CHANNEL_TRANSPORT,Reactome,-1.1254404632299,0.297035459554474,160,0.375219145334143,1.35339181759379,35,160,FALSE,FALSE
REACTOME_ION_HOMEOSTASIS,Reactome,-2.02483227966669,0.000211864050883116,51,0.213351058241566,1.81968647743703,15,51,FALSE,FALSE
REACTOME_ION_TRANSPORT_BY_P_TYPE_ATPASES,Reactome,-1.07087078943425,0.462756993596225,50,0.509628731595797,1.60860284605433,13,50,FALSE,FALSE
REACTOME_IRAK1_RECRUITS_IKK_COMPLEX,Reactome,1.17746638611223,0.372104917818994,14,1,0.441923858806136,1,14,FALSE,FALSE
REACTOME_IRAK2_MEDIATED_ACTIVATION_OF_TAK1_COMPLEX,Reactome,1.25296403202602,0.309482067721899,10,1,0.61869340232859,1,10,FALSE,FALSE
REACTOME_IRAK4_DEFICIENCY_TLR2_4,Reactome,1.95452799643713,0.00207684007162761,15,1,1.64984907287624,4,15,TRUE,FALSE
REACTOME_IRE1ALPHA_ACTIVATES_CHAPERONES,Reactome,1.46889835113284,0.0707987830496877,50,1,0.371216041397154,3,50,FALSE,FALSE
REACTOME_IRF3_MEDIATED_INDUCTION_OF_TYPE_I_IFN,Reactome,1.45395858410874,0.153751737372895,11,1,0.562448547571445,1,11,FALSE,FALSE
REACTOME_IRON_UPTAKE_AND_TRANSPORT,Reactome,1.40246965615353,0.134099262343537,55,1,0.899917676114313,8,55,FALSE,FALSE
REACTOME_IRS_MEDIATED_SIGNALLING,Reactome,-1.46291269513031,0.0587836376394559,38,1,0.325628106488732,2,38,FALSE,FALSE
REACTOME_ISG15_ANTIVIRAL_MECHANISM,Reactome,2.46421729806222,1.31231998595937e-09,71,1,0.784259242388353,9,71,TRUE,FALSE
REACTOME_JNK_C_JUN_KINASES_PHOSPHORYLATION_AND_ACTIVATION_MEDIATED_BY_ACTIVATED_HUMAN_TAK1,Reactome,1.59667712089462,0.0587836376394559,22,1,0.562448547571445,2,22,FALSE,FALSE
REACTOME_JOSEPHIN_DOMAIN_DUBS,Reactome,1.17836612224817,0.392165428250999,10,,,,,FALSE,FALSE
REACTOME_KEAP1_NFE2L2_PATHWAY,Reactome,2.29434258646717,2.56778330479001e-09,111,1,0.55738144353927,10,111,TRUE,FALSE
REACTOME_KERATAN_SULFATE_BIOSYNTHESIS,Reactome,-1.39908058870824,0.119960857637129,27,1,1.14572852283072,5,27,FALSE,FALSE
REACTOME_KERATAN_SULFATE_DEGRADATION,Reactome,-1.09794102933489,0.460255977715492,14,0.988013431424801,1.76769543522454,4,14,FALSE,FALSE
REACTOME_KERATAN_SULFATE_KERATIN_METABOLISM,Reactome,-1.130412690254,0.385721678700806,35,1,1.06061726113473,6,35,FALSE,FALSE
REACTOME_KERATINIZATION,Reactome,1.88011460547733,1.84928684347743e-05,178,1.00559688034552e-47,4.06669258833961,117,178,TRUE,TRUE
REACTOME_KETONE_BODY_METABOLISM,Reactome,-1.42774430123331,0.184292272966339,10,1,1.85608020698577,3,10,FALSE,FALSE
REACTOME_KIDNEY_DEVELOPMENT,Reactome,-2.18901990854678,3.25455935450492e-05,40,0.169525532675029,2.01075355756792,13,40,FALSE,FALSE
REACTOME_KILLING_MECHANISMS,Reactome,1.10487771744115,0.483413700727134,12,1,1.03115567054765,2,12,FALSE,FALSE
REACTOME_KINESINS,Reactome,1.79095548320726,0.00423202437727561,55,0.509628731595797,1.57485593320005,14,55,TRUE,FALSE
REACTOME_KSRP_KHSRP_BINDS_AND_DESTABILIZES_MRNA,Reactome,1.43136946756039,0.155912303125693,17,1,0.363937295487406,1,17,FALSE,FALSE
REACTOME_L1CAM_INTERACTIONS,Reactome,-1.09591888895884,0.382793754857896,111,1,1.05902474272461,19,111,FALSE,FALSE
REACTOME_LAGGING_STRAND_SYNTHESIS,Reactome,1.8958043366103,0.00373017325875129,20,1,0.309346701164295,1,20,TRUE,FALSE
REACTOME_LAMININ_INTERACTIONS,Reactome,-1.4289850542872,0.0780809507121201,30,1,0.41246226821906,2,30,FALSE,FALSE
REACTOME_LANOSTEROL_BIOSYNTHESIS,Reactome,1.03130070658366,0.57136912193092,14,1,0.441923858806136,1,14,FALSE,FALSE
REACTOME_LATE_ENDOSOMAL_MICROAUTOPHAGY,Reactome,-0.843305310993116,0.813700982202201,33,1,0.374965698380964,2,33,FALSE,FALSE
REACTOME_LATE_SARS_COV_2_INFECTION_EVENTS,Reactome,0.765400460306687,0.92356184593841,73,1,0.423762604334651,5,73,FALSE,FALSE
REACTOME_LDL_CLEARANCE,Reactome,1.37107009191495,0.183918010412981,19,0.988013431424801,1.62814053244366,5,19,FALSE,FALSE
REACTOME_LEISHMANIA_INFECTION,Reactome,1.59628770740402,0.0009200738339203,203,1,0.670505165085171,22,203,TRUE,FALSE
REACTOME_LGI_ADAM_INTERACTIONS,Reactome,-1.42559845817088,0.147048923487436,12,0.147120381625164,3.09346701164295,6,12,FALSE,FALSE
REACTOME_LISTERIA_MONOCYTOGENES_ENTRY_INTO_HOST_CELLS,Reactome,1.07016714487545,0.493124936190073,19,1,0.325628106488732,1,19,FALSE,FALSE
REACTOME_LONG_TERM_POTENTIATION,Reactome,-1.60686015537764,0.0608561866655647,22,0.249407060125913,2.24979419028578,8,22,FALSE,FALSE
REACTOME_LOSS_OF_FUNCTION_OF_MECP2_IN_RETT_SYNDROME,Reactome,1.08383469505828,0.483322242838682,13,,,,,FALSE,FALSE
REACTOME_LYSINE_CATABOLISM,Reactome,0.924336056860543,0.656352184007131,12,1,0.515577835273825,1,12,FALSE,FALSE
REACTOME_LYSOSOME_VESICLE_BIOGENESIS,Reactome,1.12281867058625,0.409489420768307,34,1,0.363937295487406,2,34,FALSE,FALSE
REACTOME_LYSOSPHINGOLIPID_AND_LPA_RECEPTORS,Reactome,0.816851837527987,0.795105525051476,11,1,0.562448547571445,1,11,FALSE,FALSE
REACTOME_MAP2K_AND_MAPK_ACTIVATION,Reactome,-0.866257479349819,0.786484800362976,37,1,0.334428866123562,2,37,FALSE,FALSE
REACTOME_MAP3K8_TPL2_DEPENDENT_MAPK1_3_ACTIVATION,Reactome,1.9795475882348,0.0012646470008123,16,,,,,TRUE,FALSE
REACTOME_MAPK1_MAPK3_SIGNALING,Reactome,1.21974048358992,0.159333114132642,249,1,0.819955111519818,33,249,FALSE,FALSE
REACTOME_MAPK3_ERK1_ACTIVATION,Reactome,1.13785744944195,0.435278735536916,10,1,1.23738680465718,2,10,FALSE,FALSE
REACTOME_MAPK6_MAPK4_SIGNALING,Reactome,1.99101622460254,0.000109242019529911,74,1,0.418036082654453,5,74,TRUE,FALSE
REACTOME_MAPK_FAMILY_SIGNALING_CASCADES,Reactome,1.1829873787298,0.185294203469456,286,1,0.800407548467057,37,286,FALSE,FALSE
REACTOME_MAPK_TARGETS_NUCLEAR_EVENTS_MEDIATED_BY_MAP_KINASES,Reactome,1.07636193930236,0.494130195822986,31,,,,,FALSE,FALSE
REACTOME_MASTL_FACILITATES_MITOTIC_PROGRESSION,Reactome,1.925678011745,0.00260472797141715,10,1,1.23738680465718,2,10,TRUE,FALSE
REACTOME_MATERNAL_TO_ZYGOTIC_TRANSITION_MZT,Reactome,1.90604531814756,0.00122952706560529,45,1,0.137487422739687,1,45,TRUE,FALSE
REACTOME_MATRIGLYCAN_BIOSYNTHESIS_ON_DAG1,Reactome,-1.33455517703423,0.246291020365094,10,,,,,FALSE,FALSE
REACTOME_MATURATION_OF_DENV_PROTEINS,Reactome,1.52977454370555,0.0456058811625407,50,1,0.371216041397154,3,50,TRUE,FALSE
REACTOME_MATURATION_OF_SARS_COV_1_NUCLEOPROTEIN,Reactome,1.49514033598158,0.112258592009924,11,1,1.12489709514289,2,11,FALSE,FALSE
REACTOME_MATURATION_OF_SARS_COV_2_NUCLEOPROTEIN,Reactome,1.68724271081524,0.0352744776617317,15,1,0.82492453643812,2,15,TRUE,FALSE
REACTOME_MATURATION_OF_SARS_COV_2_SPIKE_PROTEIN,Reactome,-0.780810653816852,0.893373152257333,40,1,0.154673350582147,1,40,FALSE,FALSE
REACTOME_MATURATION_OF_TCA_ENZYMES_AND_REGULATION_OF_TCA_CYCLE,Reactome,-0.898055576697422,0.728562331965473,19,,,,,FALSE,FALSE
REACTOME_MECHANICAL_LOAD_ACTIVATES_SIGNALING_BY_PIEZO1_AND_INTEGRINS_IN_OSTEOCYTES,Reactome,-1.21496053278362,0.331419888181852,16,0.718271320102921,1.93341688227684,5,16,FALSE,FALSE
REACTOME_MECP2_REGULATES_NEURONAL_RECEPTORS_AND_CHANNELS,Reactome,0.877833925294199,0.733072830534582,14,1,1.32577157641841,3,14,FALSE,FALSE
REACTOME_MEIOSIS,Reactome,1.21405203196899,0.297361323223392,50,1,0.866170763260026,7,50,FALSE,FALSE
REACTOME_MEIOTIC_RECOMBINATION,Reactome,1.89429323375984,0.00349659496531088,23,1,1.07598852578885,4,23,TRUE,FALSE
REACTOME_MEIOTIC_SYNAPSIS,Reactome,-1.11625373049658,0.409839365793383,28,1,0.662885788209203,3,28,FALSE,FALSE
REACTOME_METABOLIC_DISORDERS_OF_BIOLOGICAL_OXIDATION_ENZYMES,Reactome,1.15591779579109,0.372104917818994,31,0.509628731595797,1.79620665192171,9,31,FALSE,FALSE
REACTOME_METABOLISM_OF_AMINE_DERIVED_HORMONES,Reactome,1.11447711335433,0.451790319114645,13,0.00188277103615362,4.28326201612101,9,13,FALSE,TRUE
REACTOME_METABOLISM_OF_AMINO_ACIDS_AND_DERIVATIVES,Reactome,1.48029950560698,0.00176698477057502,320,1,0.87003759702458,45,320,TRUE,FALSE
REACTOME_METABOLISM_OF_ANGIOTENSINOGEN_TO_ANGIOTENSINS,Reactome,0.756718792479071,0.862349818668072,16,0.367981965513565,2.32010025873221,6,16,FALSE,FALSE
REACTOME_METABOLISM_OF_CARBOHYDRATES_AND_CARBOHYDRATE_DERIVATIVES,Reactome,1.45800668851404,0.00912754938392979,279,1,1.10876953822328,50,279,TRUE,FALSE
REACTOME_METABOLISM_OF_COFACTORS,Reactome,1.38786515642462,0.128706920319824,25,1,0.989909443725744,4,25,FALSE,FALSE
REACTOME_METABOLISM_OF_FAT_SOLUBLE_VITAMINS,Reactome,-1.40775265821474,0.0952234556584129,37,0.00431410537310471,2.6754309289885,16,37,FALSE,TRUE
REACTOME_METABOLISM_OF_FOLATE_AND_PTERINES,Reactome,1.4529476763855,0.136869621080381,17,1,0.363937295487406,1,17,FALSE,FALSE
REACTOME_METABOLISM_OF_NITRIC_OXIDE_NOS3_ACTIVATION_AND_REGULATION,Reactome,0.781478426302676,0.836643610013175,17,1,0.727874590974812,2,17,FALSE,FALSE
REACTOME_METABOLISM_OF_NUCLEOTIDES,Reactome,2.11256184911397,1.47333134379181e-06,88,1,1.12489709514289,16,88,TRUE,FALSE
REACTOME_METABOLISM_OF_POLYAMINES,Reactome,2.47862382655985,6.56558208664521e-09,46,1,0.40349569717082,3,46,TRUE,FALSE
REACTOME_METABOLISM_OF_PORPHYRINS,Reactome,1.8243637219469,0.00667081454460227,21,1,1.17846362348303,4,21,TRUE,FALSE
REACTOME_METABOLISM_OF_STEROIDS,Reactome,0.876455136572563,0.814039209105909,134,1,0.923422988550134,20,134,FALSE,FALSE
REACTOME_METABOLISM_OF_STEROID_HORMONES,Reactome,-1.02364750213653,0.549638515946418,28,0.905475592769543,1.54673350582147,7,28,FALSE,FALSE
REACTOME_METABOLISM_OF_VITAMINS_AND_COFACTORS,Reactome,1.44146649536973,0.0315381564321236,178,0.959729588653706,1.18177391456023,34,178,TRUE,FALSE
REACTOME_METABOLISM_OF_WATER_SOLUBLE_VITAMINS_AND_COFACTORS,Reactome,1.6086201128481,0.00553959897809095,117,1,0.740316891675236,14,117,TRUE,FALSE
REACTOME_METALLOPROTEASE_DUBS,Reactome,1.54373165782758,0.0963477820176851,17,,,,,FALSE,FALSE
REACTOME_METAL_ION_SLC_TRANSPORTERS,Reactome,-0.962011876248268,0.634834258073695,40,1,1.08271345407503,7,40,FALSE,FALSE
REACTOME_METHYLATION,Reactome,1.01834677501456,0.577378488582022,12,1,1.03115567054765,2,12,FALSE,FALSE
REACTOME_MET_ACTIVATES_PTK2_SIGNALING,Reactome,-1.73537796632812,0.0200742752705704,29,1,0.6400276575813,3,29,FALSE,FALSE
REACTOME_MET_ACTIVATES_RAP1_AND_RAC1,Reactome,-0.592510627393827,0.969771475573993,11,,,,,FALSE,FALSE
REACTOME_MET_ACTIVATES_RAS_SIGNALING,Reactome,1.44861536940829,0.15684616966346,11,,,,,FALSE,FALSE
REACTOME_MET_PROMOTES_CELL_MOTILITY,Reactome,-1.58388996221126,0.0264003775118661,40,1,0.464020051746442,3,40,FALSE,FALSE
REACTOME_MET_RECEPTOR_RECYCLING,Reactome,0.626346033626912,0.950914913890457,10,,,,,FALSE,FALSE
REACTOME_MHC_CLASS_II_ANTIGEN_PRESENTATION,Reactome,1.82717827866175,0.000333164862876058,116,1,0.906705848240175,17,116,TRUE,FALSE
REACTOME_MICRORNA_MIRNA_BIOGENESIS,Reactome,1.45127542655486,0.111454881884174,24,,,,,FALSE,FALSE
REACTOME_MISCELLANEOUS_TRANSPORT_AND_BINDING_EVENTS,Reactome,1.33121626633473,0.167492573433167,25,1,1.23738680465718,5,25,FALSE,FALSE
REACTOME_MISMATCH_REPAIR,Reactome,1.64992105513414,0.0463129350336538,15,1,0.41246226821906,1,15,TRUE,FALSE
REACTOME_MITF_M_DEPENDENT_GENE_EXPRESSION,Reactome,1.31353356009349,0.138708218677237,106,1,0.700407625277649,12,106,FALSE,FALSE
REACTOME_MITF_M_REGULATED_MELANOCYTE_DEVELOPMENT,Reactome,1.36053775585666,0.0421142122426279,147,1,0.673407784847445,16,147,TRUE,FALSE
REACTOME_MITOCHONDRIAL_BIOGENESIS,Reactome,1.29221539527938,0.181157639950499,75,1,0.577447175506684,7,75,FALSE,FALSE
REACTOME_MITOCHONDRIAL_CALCIUM_ION_TRANSPORT,Reactome,1.14775602945826,0.407870546824205,22,1,0.281224273785723,1,22,FALSE,FALSE
REACTOME_MITOCHONDRIAL_FATTY_ACID_BETA_OXIDATION,Reactome,-0.996426376549829,0.580650067081656,34,1,0.727874590974812,4,34,FALSE,FALSE
REACTOME_MITOCHONDRIAL_FATTY_ACID_BETA_OXIDATION_OF_SATURATED_FATTY_ACIDS,Reactome,-1.40336934254686,0.180698364695341,11,1,1.12489709514289,2,11,FALSE,FALSE
REACTOME_MITOCHONDRIAL_IRON_SULFUR_CLUSTER_BIOGENESIS,Reactome,0.954787232938463,0.639543549769471,13,,,,,FALSE,FALSE
REACTOME_MITOCHONDRIAL_MRNA_MODIFICATION,Reactome,1.34304489012127,0.230418751909908,11,,,,,FALSE,FALSE
REACTOME_MITOCHONDRIAL_PROTEIN_DEGRADATION,Reactome,1.46477842092086,0.0458645135662313,91,1,0.339941429850874,5,91,TRUE,FALSE
REACTOME_MITOCHONDRIAL_PROTEIN_IMPORT,Reactome,1.96354896646359,0.000254809142878298,60,1,0.103115567054765,1,60,TRUE,FALSE
REACTOME_MITOCHONDRIAL_RNA_DEGRADATION,Reactome,1.73969647204924,0.0244056800640731,12,,,,,TRUE,FALSE
REACTOME_MITOCHONDRIAL_TRANSLATION,Reactome,2.37210101432088,1.01091463004402e-10,112,,,,,TRUE,FALSE
REACTOME_MITOCHONDRIAL_TRANSLATION_ELONGATION,Reactome,2.59786447687734,9.66323428419319e-13,89,,,,,TRUE,FALSE
REACTOME_MITOCHONDRIAL_TRNA_AMINOACYLATION,Reactome,1.67176014003587,0.0300490411409588,18,,,,,TRUE,FALSE
REACTOME_MITOCHONDRIAL_UNFOLDED_PROTEIN_RESPONSE_UPRMT,Reactome,0.668689656009393,0.937823899134598,17,1,0.363937295487406,1,17,FALSE,FALSE
REACTOME_MITOPHAGY,Reactome,1.77577384205465,0.00568557845852857,38,,,,,TRUE,FALSE
REACTOME_MITOTIC_G1_PHASE_AND_G1_S_TRANSITION,Reactome,2.77701638233288,3.60170930545111e-20,138,1,0.986322815306448,22,138,TRUE,FALSE
REACTOME_MITOTIC_G2_G2_M_PHASES,Reactome,2.53787908175125,6.84145076353817e-16,186,1,0.765050981374063,23,186,TRUE,FALSE
REACTOME_MITOTIC_METAPHASE_AND_ANAPHASE,Reactome,2.91150345925261,4.05684192947232e-29,218,1,1.02169552678116,36,218,TRUE,FALSE
REACTOME_MITOTIC_PROMETAPHASE,Reactome,2.51626882556272,1.20443484322584e-16,196,1,1.07324365710062,34,196,TRUE,FALSE
REACTOME_MITOTIC_PROPHASE,Reactome,2.31457929037752,6.46440525204979e-08,81,1,0.534673310654337,7,81,TRUE,FALSE
REACTOME_MITOTIC_SPINDLE_CHECKPOINT,Reactome,2.68972623356639,6.84145076353817e-16,110,0.227755075493563,1.5186110784429,27,110,TRUE,FALSE
REACTOME_MITOTIC_TELOPHASE_CYTOKINESIS,Reactome,1.94250976989172,0.00290575149612532,13,1,1.42775400537367,3,13,TRUE,FALSE
REACTOME_MODULATION_OF_HOST_RESPONSES_BY_IFN_STIMULATED_GENES,Reactome,2.0952046011685,0.000217579511819709,18,0.249407060125913,2.40602989794452,7,18,TRUE,FALSE
REACTOME_MOLECULES_ASSOCIATED_WITH_ELASTIC_FIBRES,Reactome,-2.02806363056661,0.000669344962286325,34,0.227755075493563,2.00165512518073,11,34,FALSE,FALSE
REACTOME_MRNA_3_END_PROCESSING,Reactome,2.32383309056531,8.69576539863431e-11,151,1,0.0409730730018934,1,151,TRUE,FALSE
REACTOME_MRNA_CAPPING,Reactome,1.65208232755919,0.0406002263617123,29,,,,,TRUE,FALSE
REACTOME_MRNA_DECAY_BY_3_TO_5_EXORIBONUCLEASE,Reactome,1.12509934559926,0.4379302517621,13,1,0.475918001791223,1,13,FALSE,FALSE
REACTOME_MRNA_DECAY_BY_5_TO_3_EXORIBONUCLEASE,Reactome,1.34993192498842,0.21623618918395,15,,,,,FALSE,FALSE
REACTOME_MRNA_POLYADENYLATION,Reactome,2.30616011383318,5.49026588445495e-10,127,,,,,TRUE,FALSE
REACTOME_MRNA_SPLICING,Reactome,2.08010783272985,9.29849281976283e-09,208,1,0.0297448751119514,1,208,TRUE,FALSE
REACTOME_MRNA_SPLICING_MINOR_PATHWAY,Reactome,1.89335706334254,0.00132787586618903,50,,,,,TRUE,FALSE
REACTOME_MTORC1_MEDIATED_SIGNALLING,Reactome,0.944147160187736,0.659091885060856,24,1,0.773366752910737,3,24,FALSE,FALSE
REACTOME_MTOR_SIGNALLING,Reactome,-1.15654449157617,0.337487313401277,41,1,0.754504149181207,5,41,FALSE,FALSE
REACTOME_MUCOPOLYSACCHARIDOSES,Reactome,-1.12242442424451,0.435278735536916,11,,,,,FALSE,FALSE
REACTOME_MUSCLE_CONTRACTION,Reactome,-2.3129471336444,5.66724834319293e-11,172,5.63034399067921e-07,2.12226225217365,59,172,FALSE,TRUE
REACTOME_MYD88_INDEPENDENT_TLR4_CASCADE,Reactome,2.24868242252117,2.06992864638221e-08,109,1,0.567608625989532,10,109,TRUE,FALSE
REACTOME_MYOGENESIS,Reactome,-1.82588004022106,0.0129242121871283,22,1,1.12489709514289,4,22,FALSE,FALSE
REACTOME_M_DECAY_DEGRADATION_OF_MATERNAL_MRNAS_BY_MATERNALLY_STORED_FACTORS,Reactome,1.8963069135843,0.00256600079908795,27,,,,,TRUE,FALSE
REACTOME_M_PHASE,Reactome,2.78319994435855,4.56079601386199e-32,335,1,0.812612229924118,44,335,TRUE,FALSE
REACTOME_NCAM1_INTERACTIONS,Reactome,-1.4100421557782,0.0952234556584129,37,1,1.33771546449425,8,37,FALSE,FALSE
REACTOME_NCAM_SIGNALING_FOR_NEURITE_OUT_GROWTH,Reactome,-1.68622098505945,0.0058788282906871,57,1,0.868341617303284,8,57,FALSE,FALSE
REACTOME_NEDDYLATION,Reactome,1.68885605159166,0.000201271619857911,219,1,0.508515125201581,18,219,TRUE,FALSE
REACTOME_NEF_MEDIATED_DOWNREGULATION_OF_MHC_CLASS_I_COMPLEX_CELL_SURFACE_EXPRESSION,Reactome,1.58906488848408,0.0732051830489564,10,1,0.61869340232859,1,10,FALSE,FALSE
REACTOME_NEF_MEDIATES_DOWN_MODULATION_OF_CELL_SURFACE_RECEPTORS_BY_RECRUITING_THEM_TO_CLATHRIN_ADAPTERS,Reactome,1.5700984274004,0.0411713904819351,21,1,0.883847717612271,3,21,TRUE,FALSE
REACTOME_NEGATIVE_EPIGENETIC_REGULATION_OF_RRNA_EXPRESSION,Reactome,1.58461765397377,0.0237493068047406,46,1,0.134498565723607,1,46,TRUE,FALSE
REACTOME_NEGATIVE_REGULATION_OF_FGFR1_SIGNALING,Reactome,-1.04094927392171,0.507289952034549,25,1,0.742432082794308,3,25,FALSE,FALSE
REACTOME_NEGATIVE_REGULATION_OF_FGFR2_SIGNALING,Reactome,-0.8305846598712,0.834738307244701,25,1,0.742432082794308,3,25,FALSE,FALSE
REACTOME_NEGATIVE_REGULATION_OF_FGFR3_SIGNALING,Reactome,-0.708027585055742,0.927232026547095,22,1,0.562448547571445,2,22,FALSE,FALSE
REACTOME_NEGATIVE_REGULATION_OF_FGFR4_SIGNALING,Reactome,-0.84895280700572,0.808096425854362,23,1,0.537994262894426,2,23,FALSE,FALSE
REACTOME_NEGATIVE_REGULATION_OF_FLT3,Reactome,1.34040500502362,0.218710779865228,15,1,0.41246226821906,1,15,FALSE,FALSE
REACTOME_NEGATIVE_REGULATION_OF_MAPK_PATHWAY,Reactome,1.33484390863313,0.192204245553643,43,1,0.143882186588044,1,43,FALSE,FALSE
REACTOME_NEGATIVE_REGULATION_OF_MET_ACTIVITY,Reactome,1.01073373150464,0.575833184523566,20,1,0.309346701164295,1,20,FALSE,FALSE
REACTOME_NEGATIVE_REGULATION_OF_NMDA_RECEPTOR_MEDIATED_NEURONAL_TRANSMISSION,Reactome,-1.41910772154909,0.130361508699471,20,0.675985184339933,1.85608020698577,6,20,FALSE,FALSE
REACTOME_NEGATIVE_REGULATION_OF_NOTCH4_SIGNALING,Reactome,2.53810499488146,2.74199196970755e-09,44,1,0.140612136892861,1,44,TRUE,FALSE
REACTOME_NEGATIVE_REGULATION_OF_TCF_DEPENDENT_SIGNALING_BY_WNT_LIGAND_ANTAGONISTS,Reactome,-0.836746183258811,0.811627508386063,15,0.124491828545042,2.88723587753342,7,15,FALSE,FALSE
REACTOME_NEGATIVE_REGULATION_OF_THE_PI3K_AKT_NETWORK,Reactome,-1.09609638508793,0.375925481617388,109,1,1.02169552678116,18,109,FALSE,FALSE
REACTOME_NEGATIVE_REGULATORS_OF_DDX58_IFIH1_SIGNALING,Reactome,2.00246397530188,0.000386505451593918,34,1,0.909843238718515,5,34,TRUE,FALSE
REACTOME_NEPHRIN_FAMILY_INTERACTIONS,Reactome,-1.3741513484788,0.160770798521444,18,1,0.343718556849217,1,18,FALSE,FALSE
REACTOME_NETRIN_1_SIGNALING,Reactome,-1.44632608741199,0.0643592351476627,38,1,1.30251242595493,8,38,FALSE,FALSE
REACTOME_NEUREXINS_AND_NEUROLIGINS,Reactome,-1.48871238075801,0.0420292716484568,50,1,1.23738680465718,10,50,FALSE,FALSE
REACTOME_NEURONAL_SYSTEM,Reactome,-1.68347879771309,1.19292225059994e-05,326,0.00431410537310471,1.49928769275947,79,326,FALSE,TRUE
REACTOME_NEUROTOXICITY_OF_CLOSTRIDIUM_TOXINS,Reactome,-1.35413190607387,0.233290221140191,10,1,0.61869340232859,1,10,FALSE,FALSE
REACTOME_NEUROTRANSMITTER_RECEPTORS_AND_POSTSYNAPTIC_SIGNAL_TRANSMISSION,Reactome,-1.47160874995867,0.0127263506113158,166,0.114988714344868,1.49082747549058,40,166,FALSE,FALSE
REACTOME_NEUROTRANSMITTER_RELEASE_CYCLE,Reactome,-1.40078083366418,0.0648147222883091,42,1,1.03115567054765,7,42,FALSE,FALSE
REACTOME_NEUTROPHIL_DEGRANULATION,Reactome,2.36886802594679,1.99569895025938e-21,441,1,0.953994361867213,68,441,TRUE,FALSE
REACTOME_NFE2L2_REGULATING_ANTI_OXIDANT_DETOXIFICATION_ENZYMES,Reactome,1.44189459854589,0.140522911975746,19,1,1.30251242595493,4,19,FALSE,FALSE
REACTOME_NFE2L2_REGULATING_TUMORIGENIC_GENES,Reactome,-1.11771226926213,0.44301609614942,11,1,1.12489709514289,2,11,FALSE,FALSE
REACTOME_NF_KB_ACTIVATION_THROUGH_FADD_RIP_1_PATHWAY_MEDIATED_BY_CASPASE_8_AND_10,Reactome,1.81180065992667,0.0128991669903431,12,1,0.515577835273825,1,12,TRUE,FALSE
REACTOME_NF_KB_IS_ACTIVATED_AND_SIGNALS_SURVIVAL,Reactome,1.14828106859237,0.417459579338961,13,,,,,FALSE,FALSE
REACTOME_NGF_STIMULATED_TRANSCRIPTION,Reactome,1.14261982760761,0.370257650938453,35,0.255415366463166,1.944464978747,11,35,FALSE,FALSE
REACTOME_NICOTINATE_METABOLISM,Reactome,1.30112171406029,0.201368366246966,27,1,0.916582818264578,4,27,FALSE,FALSE
REACTOME_NITRIC_OXIDE_STIMULATES_GUANYLATE_CYCLASE,Reactome,-1.70908643623637,0.0214009963765603,18,0.905475592769543,1.71859278424608,5,18,FALSE,FALSE
REACTOME_NOD1_2_SIGNALING_PATHWAY,Reactome,2.08417917454377,0.000280534619067706,36,1,0.687437113698433,4,36,TRUE,FALSE
REACTOME_NONHOMOLOGOUS_END_JOINING_NHEJ,Reactome,1.87671358293281,0.00133825560463532,32,,,,,TRUE,FALSE
REACTOME_NONSENSE_MEDIATED_DECAY_NMD,Reactome,0.698995411857165,0.983199294921229,114,1,0.0542713510814553,1,114,FALSE,FALSE
REACTOME_NON_CANONICAL_INFLAMMASOME_ACTIVATION,Reactome,2.05555358538771,0.00066144960824897,14,0.249115923890674,2.65154315283681,6,14,TRUE,FALSE
REACTOME_NON_INTEGRIN_MEMBRANE_ECM_INTERACTIONS,Reactome,-2.39502371780584,7.34293755234483e-08,77,0.255415366463166,1.60699585020413,20,77,FALSE,FALSE
REACTOME_NOREPINEPHRINE_NEUROTRANSMITTER_RELEASE_CYCLE,Reactome,-1.61152180395038,0.0469800376334798,16,1,0.773366752910737,2,16,FALSE,FALSE
REACTOME_NOTCH1_INTRACELLULAR_DOMAIN_REGULATES_TRANSCRIPTION,Reactome,0.898126446268111,0.728562331965473,48,1,0.644472294092281,5,48,FALSE,FALSE
REACTOME_NOTCH2_ACTIVATION_AND_TRANSMISSION_OF_SIGNAL_TO_THE_NUCLEUS,Reactome,-0.919239760232931,0.720529742332524,22,,,,,FALSE,FALSE
REACTOME_NOTCH2_INTRACELLULAR_DOMAIN_REGULATES_TRANSCRIPTION,Reactome,-1.17999197781505,0.377962642173253,12,1,1.54673350582147,3,12,FALSE,FALSE
REACTOME_NOTCH3_ACTIVATION_AND_TRANSMISSION_OF_SIGNAL_TO_THE_NUCLEUS,Reactome,-0.71414113833875,0.924442703245414,25,1,0.494954721862872,2,25,FALSE,FALSE
REACTOME_NOTCH3_INTRACELLULAR_DOMAIN_REGULATES_TRANSCRIPTION,Reactome,0.985646517399566,0.608278808709225,24,1,1.03115567054765,4,24,FALSE,FALSE
REACTOME_NOTCH4_ACTIVATION_AND_TRANSMISSION_OF_SIGNAL_TO_THE_NUCLEUS,Reactome,0.767690499289782,0.841144659055924,11,,,,,FALSE,FALSE
REACTOME_NOTCH4_INTRACELLULAR_DOMAIN_REGULATES_TRANSCRIPTION,Reactome,-1.84979960017264,0.00916166397517424,20,1,0.61869340232859,2,20,FALSE,FALSE
REACTOME_NOTCH_HLH_TRANSCRIPTION_PATHWAY,Reactome,-0.96335073252167,0.611975737956788,28,1,0.220961929403068,1,28,FALSE,FALSE
REACTOME_NPAS4_REGULATES_EXPRESSION_OF_TARGET_GENES,Reactome,1.41304598659325,0.167492573433167,17,1,0.727874590974812,2,17,FALSE,FALSE
REACTOME_NR1H2_AND_NR1H3_MEDIATED_SIGNALING,Reactome,-0.912451626755605,0.689995036080719,43,1,1.15105749270435,8,43,FALSE,FALSE
REACTOME_NR1H3_NR1H2_REGULATE_GENE_EXPRESSION_LINKED_TO_CHOLESTEROL_TRANSPORT_AND_EFFLUX,Reactome,-1.13970772118856,0.372104917818994,34,1,0.727874590974812,4,34,FALSE,FALSE
REACTOME_NRAGE_SIGNALS_DEATH_THROUGH_JNK,Reactome,-1.24521721846743,0.198437833829758,58,1,0.2133425525271,2,58,FALSE,FALSE
REACTOME_NRIF_SIGNALS_CELL_DEATH_FROM_THE_NUCLEUS,Reactome,-0.813518112275689,0.825187361113757,16,,,,,FALSE,FALSE
REACTOME_NS1_MEDIATED_EFFECTS_ON_HOST_PATHWAYS,Reactome,2.40740408310915,2.35194027652717e-07,41,1,0.754504149181207,5,41,TRUE,FALSE
REACTOME_NUCLEAR_ENVELOPE_BREAKDOWN,Reactome,2.18934417832123,1.4030653911205e-05,52,1,0.83285650313464,7,52,TRUE,FALSE
REACTOME_NUCLEAR_ENVELOPE_NE_REASSEMBLY,Reactome,2.16454940172181,3.60509128793973e-06,72,1,0.515577835273825,6,72,TRUE,FALSE
REACTOME_NUCLEAR_EVENTS_KINASE_AND_TRANSCRIPTION_FACTOR_ACTIVATION,Reactome,1.31290047726824,0.188430659438688,57,1,1.19396972379202,11,57,FALSE,FALSE
REACTOME_NUCLEAR_EVENTS_MEDIATED_BY_NFE2L2,Reactome,2.28685040453428,6.76101635157505e-08,86,1,0.719410932940221,10,86,TRUE,FALSE
REACTOME_NUCLEAR_EVENTS_STIMULATED_BY_ALK_SIGNALING_IN_CANCER,Reactome,1.98401985011218,0.000543585949375062,34,1,1.27378053420592,7,34,TRUE,FALSE
REACTOME_NUCLEAR_IMPORT_OF_REV_PROTEIN,Reactome,2.30811203070856,1.0430468388213e-06,33,1,0.374965698380964,2,33,TRUE,FALSE
REACTOME_NUCLEAR_PORE_COMPLEX_NPC_DISASSEMBLY,Reactome,2.18429537838366,2.55888917994409e-05,35,1,0.707078174089817,4,35,TRUE,FALSE
REACTOME_NUCLEAR_RECEPTOR_TRANSCRIPTION_PATHWAY,Reactome,-1.86308847612457,0.00268306635706012,43,0.387043860846128,1.72658623905653,12,43,FALSE,FALSE
REACTOME_NUCLEAR_RNA_DECAY,Reactome,1.57026241091617,0.0300927994618386,32,1,0.386683376455369,2,32,TRUE,FALSE
REACTOME_NUCLEAR_SIGNALING_BY_ERBB4,Reactome,-1.14899400445327,0.37353401813222,31,1,1.39704961816133,7,31,FALSE,FALSE
REACTOME_NUCLEOTIDE_BINDING_DOMAIN_LEUCINE_RICH_REPEAT_CONTAINING_RECEPTOR_NLR_SIGNALING_PATHWAYS,Reactome,1.97432538663707,0.000307942331297717,56,1,1.10480964701534,10,56,TRUE,FALSE
REACTOME_NUCLEOTIDE_BIOSYNTHESIS,Reactome,1.67232877900826,0.0417596715194737,12,1,0.515577835273825,1,12,TRUE,FALSE
REACTOME_NUCLEOTIDE_CATABOLISM,Reactome,1.99597356111968,0.00026581966349011,30,0.716570370527519,1.64984907287624,8,30,TRUE,FALSE
REACTOME_NUCLEOTIDE_EXCISION_REPAIR,Reactome,1.79023285119613,0.000511212027217698,108,1,0.0572864261415361,1,108,TRUE,FALSE
REACTOME_NUCLEOTIDE_LIKE_PURINERGIC_RECEPTORS,Reactome,1.00115662205749,0.596917290572409,16,1,1.16005012936611,3,16,FALSE,FALSE
REACTOME_NUCLEOTIDE_SALVAGE,Reactome,1.99657583708795,0.00131540720491184,20,0.675985184339933,1.85608020698577,6,20,TRUE,FALSE
REACTOME_N_GLYCAN_ANTENNAE_ELONGATION,Reactome,-0.715872651590844,0.895796643695763,13,,,,,FALSE,FALSE
REACTOME_N_GLYCAN_ANTENNAE_ELONGATION_IN_THE_MEDIAL_TRANS_GOLGI,Reactome,-0.993167177396699,0.588741262155501,23,1,1.07598852578885,4,23,FALSE,FALSE
REACTOME_N_GLYCAN_TRIMMING_IN_THE_ER_AND_CALNEXIN_CALRETICULIN_CYCLE,Reactome,1.45003775404811,0.0862589699169627,34,,,,,FALSE,FALSE
REACTOME_OLFACTORY_SIGNALING_PATHWAY,Reactome,-1.09187902318738,0.469756242414853,14,1,0.883847717612271,2,14,FALSE,FALSE
REACTOME_ONCOGENE_INDUCED_SENESCENCE,Reactome,1.2702047576488,0.221812398176043,33,1,0.562448547571445,3,33,FALSE,FALSE
REACTOME_ONCOGENIC_MAPK_SIGNALING,Reactome,-0.768715098506963,0.938269963828082,77,1,0.401748962551032,5,77,FALSE,FALSE
REACTOME_OPIOID_SIGNALLING,Reactome,-1.08619849153663,0.405068857642252,82,1,0.754504149181207,10,82,FALSE,FALSE
REACTOME_ORC1_REMOVAL_FROM_CHROMATIN,Reactome,2.72830233353952,1.86898725409479e-13,58,1,0.6400276575813,6,58,TRUE,FALSE
REACTOME_ORGANELLE_BIOGENESIS_AND_MAINTENANCE,Reactome,1.14323915089485,0.268713115741298,256,1,0.362515665426908,15,256,FALSE,FALSE
REACTOME_OTHER_INTERLEUKIN_SIGNALING,Reactome,-0.990291617829232,0.596917290572409,21,1,0.294615905870757,1,21,FALSE,FALSE
REACTOME_OTHER_SEMAPHORIN_INTERACTIONS,Reactome,0.666852780931207,0.934988359636034,19,1,0.976884319466195,3,19,FALSE,FALSE
REACTOME_OVARIAN_TUMOR_DOMAIN_PROTEASES,Reactome,1.78148041860274,0.00522345657590369,38,1,0.976884319466195,6,38,TRUE,FALSE
REACTOME_OXIDATIVE_STRESS_INDUCED_SENESCENCE,Reactome,1.57672194902751,0.0198807601694784,63,1,0.491026509784595,5,63,TRUE,FALSE
REACTOME_O_GLYCOSYLATION_OF_TSR_DOMAIN_CONTAINING_PROTEINS,Reactome,-1.59135196461978,0.0292240919575149,36,1,1.03115567054765,6,36,FALSE,FALSE
REACTOME_O_LINKED_GLYCOSYLATION,Reactome,-1.56427229325492,0.00598223920602647,107,1,1.04079263943127,18,107,FALSE,FALSE
REACTOME_O_LINKED_GLYCOSYLATION_OF_MUCINS,Reactome,-1.0031798828725,0.574519474048874,50,0.715483531231944,1.48486416558862,12,50,FALSE,FALSE
REACTOME_P130CAS_LINKAGE_TO_MAPK_SIGNALING_FOR_INTEGRINS,Reactome,-1.26280222473159,0.285194288794702,12,1,0.515577835273825,1,12,FALSE,FALSE
REACTOME_P2Y_RECEPTORS,Reactome,0.923986143718191,0.656352184007131,12,1,1.54673350582147,3,12,FALSE,FALSE
REACTOME_P38MAPK_EVENTS,Reactome,1.77023324826935,0.0162354453186688,13,1,0.475918001791223,1,13,TRUE,FALSE
REACTOME_P53_DEPENDENT_G1_DNA_DAMAGE_RESPONSE,Reactome,2.49842267373425,3.84702621795243e-09,52,1,0.475918001791223,4,52,TRUE,FALSE
REACTOME_P75NTR_RECRUITS_SIGNALLING_COMPLEXES,Reactome,1.19142149715978,0.362495617314459,13,1,0.475918001791223,1,13,FALSE,FALSE
REACTOME_P75NTR_SIGNALS_VIA_NF_KB,Reactome,1.4923865757082,0.112855498931448,16,1,0.386683376455369,1,16,FALSE,FALSE
REACTOME_P75_NTR_RECEPTOR_MEDIATED_SIGNALLING,Reactome,0.865597537296045,0.81498006430188,95,1,0.195376863893239,3,95,FALSE,FALSE
REACTOME_PARACETAMOL_ADME,Reactome,1.71803060679096,0.019145367572414,25,0.704150419463123,1.73234152652005,7,25,TRUE,FALSE
REACTOME_PARASITE_INFECTION,Reactome,1.70636015159935,0.00207684007162761,106,1,0.350203812638825,6,106,TRUE,FALSE
REACTOME_PCNA_DEPENDENT_LONG_PATCH_BASE_EXCISION_REPAIR,Reactome,1.94408107962635,0.0016724466482952,21,1,0.589231811741514,2,21,TRUE,FALSE
REACTOME_PCP_CE_PATHWAY,Reactome,1.82231615987314,0.00133649848687939,77,1,0.321399170040826,4,77,TRUE,FALSE
REACTOME_PD_L1_CD274_GLYCOSYLATION_AND_TRANSLOCATION_TO_PLASMA_MEMBRANE,Reactome,1.58405706015149,0.0370222112371244,21,1,0.883847717612271,3,21,TRUE,FALSE
REACTOME_PECAM1_INTERACTIONS,Reactome,1.00886361462943,0.584640392191712,12,1,1.03115567054765,2,12,FALSE,FALSE
REACTOME_PENTOSE_PHOSPHATE_PATHWAY,Reactome,1.86295410977982,0.00589771736440143,14,1,0.441923858806136,1,14,TRUE,FALSE
REACTOME_PEPTIDE_HORMONE_METABOLISM,Reactome,-0.861584432592728,0.814542830801299,64,1,1.06337928525226,11,64,FALSE,FALSE
REACTOME_PEPTIDE_LIGAND_BINDING_RECEPTORS,Reactome,1.58290966377355,0.00522345657590369,121,2.23850335384073e-06,2.30092587642864,45,121,TRUE,TRUE
REACTOME_PERK_REGULATES_GENE_EXPRESSION,Reactome,1.6231160652771,0.0209029420610497,31,1,0.598735550640571,3,31,TRUE,FALSE
REACTOME_PEROXISOMAL_LIPID_METABOLISM,Reactome,-1.71662674641957,0.0162655216711861,27,1,1.14572852283072,5,27,FALSE,FALSE
REACTOME_PEROXISOMAL_PROTEIN_IMPORT,Reactome,-1.30821155804699,0.139429284356821,59,1,0.734043019711886,7,59,FALSE,FALSE
REACTOME_PEXOPHAGY,Reactome,-1.25290084838564,0.29291546361004,11,,,,,FALSE,FALSE
REACTOME_PHASE_0_RAPID_DEPOLARISATION,Reactome,-2.00262186678172,0.00141200113154159,28,0.0749506868349514,2.43058122343375,11,28,FALSE,FALSE
REACTOME_PHASE_2_PLATEAU_PHASE,Reactome,-1.80936363739566,0.00735558815493882,11,0.664404386485345,2.24979419028578,4,11,FALSE,FALSE
REACTOME_PHASE_4_RESTING_MEMBRANE_POTENTIAL,Reactome,1.36730758693512,0.190650312427679,13,0.473300002633322,2.37959000895612,5,13,FALSE,FALSE
REACTOME_PHASE_II_CONJUGATION_OF_COMPOUNDS,Reactome,1.38166525328987,0.112258592009924,81,0.0226896222240135,1.9095475380512,25,81,FALSE,TRUE
REACTOME_PHASE_I_FUNCTIONALIZATION_OF_COMPOUNDS,Reactome,-1.52868191703196,0.0183659816664416,83,0.00337193584894006,2.08715846568681,28,83,FALSE,TRUE
REACTOME_PHOSPHOLIPID_METABOLISM,Reactome,-0.977317069760827,0.623950852782765,196,1,0.726017768038651,23,196,FALSE,FALSE
REACTOME_PHOSPHORYLATED_BMAL1_CLOCK_ARNTL_CLOCK_ACTIVATES_EXPRESSION_OF_CORE_CLOCK_GENES,Reactome,-1.55336272809775,0.0620741270319699,21,1,1.17846362348303,4,21,FALSE,FALSE
REACTOME_PHOSPHORYLATION_AND_NUCLEAR_TRANSLOCATION_OF_THE_CRY_PER_KINASE_COMPLEX,Reactome,-0.814539370929628,0.817295649421253,14,1,0.883847717612271,2,14,FALSE,FALSE
REACTOME_PHOSPHORYLATION_OF_CD3_AND_TCR_ZETA_CHAINS,Reactome,1.94977848975373,0.0020543430744484,24,0.072702366213127,2.57788917636913,10,24,TRUE,FALSE
REACTOME_PHOSPHORYLATION_OF_CLOCK_ACETYLATION_OF_BMAL1_ARNTL_AT_TARGET_GENE_PROMOTERS,Reactome,-1.66642160972546,0.0360383522308798,10,1,1.85608020698577,3,10,FALSE,FALSE
REACTOME_PHOSPHORYLATION_OF_THE_APC_C,Reactome,1.94681636456163,0.00236732932595396,20,1,1.54673350582147,5,20,TRUE,FALSE
REACTOME_PHYSIOLOGICAL_FACTORS,Reactome,-1.38138163073412,0.201120190054119,11,1,1.12489709514289,2,11,FALSE,FALSE
REACTOME_PI3K_AKT_SIGNALING_IN_CANCER,Reactome,-1.2804081664038,0.0917218985026488,102,1,1.09181188646222,18,102,FALSE,FALSE
REACTOME_PI3K_EVENTS_IN_ERBB2_SIGNALING,Reactome,-1.44993314739653,0.112343986398835,16,0.367981965513565,2.32010025873221,6,16,FALSE,FALSE
REACTOME_PI3K_EVENTS_IN_ERBB4_SIGNALING,Reactome,-1.44574894695546,0.178062649640862,10,0.213351058241566,3.09346701164295,5,10,FALSE,FALSE
REACTOME_PINK1_PRKN_MEDIATED_MITOPHAGY,Reactome,1.71280130396128,0.00814662181335581,31,,,,,TRUE,FALSE
REACTOME_PIWI_INTERACTING_RNA_PIRNA_BIOGENESIS,Reactome,0.743643323113821,0.893373152257333,24,1,0.515577835273825,2,24,FALSE,FALSE
REACTOME_PI_3K_CASCADE_FGFR1,Reactome,-1.5119808592259,0.0981567588710265,13,1,0.951836003582446,2,13,FALSE,FALSE
REACTOME_PI_3K_CASCADE_FGFR2,Reactome,-1.26046654450733,0.261814828746369,14,1,0.883847717612271,2,14,FALSE,FALSE
REACTOME_PI_3K_CASCADE_FGFR3,Reactome,-1.14939850944676,0.407937181663837,11,1,0.562448547571445,1,11,FALSE,FALSE
REACTOME_PI_3K_CASCADE_FGFR4,Reactome,-1.28168105022284,0.274228420490236,12,1,0.515577835273825,1,12,FALSE,FALSE
REACTOME_PI_METABOLISM,Reactome,-0.947833522319261,0.657223672758921,81,1,0.381909507610241,5,81,FALSE,FALSE
REACTOME_PKA_ACTIVATION_IN_GLUCAGON_SIGNALLING,Reactome,-1.44894590282793,0.113397677671401,16,1,1.16005012936611,3,16,FALSE,FALSE
REACTOME_PKA_MEDIATED_PHOSPHORYLATION_OF_CREB,Reactome,-1.1744172718756,0.339868143718445,19,1,1.30251242595493,4,19,FALSE,FALSE
REACTOME_PKMTS_METHYLATE_HISTONE_LYSINES,Reactome,1.54577206602851,0.0332332376436281,42,1,0.147307952935379,1,42,TRUE,FALSE
REACTOME_PKR_MEDIATED_SIGNALING,Reactome,2.09664537078145,1.51550822107364e-05,72,1,0.687437113698433,8,72,TRUE,FALSE
REACTOME_PLASMA_LIPOPROTEIN_ASSEMBLY,Reactome,-1.16754389255375,0.39091771872517,12,0.767219325611279,2.0623113410953,4,12,FALSE,FALSE
REACTOME_PLASMA_LIPOPROTEIN_ASSEMBLY_REMODELING_AND_CLEARANCE,Reactome,1.01452679608462,0.548362102707064,61,0.988013431424801,1.31852692299536,13,61,FALSE,FALSE
REACTOME_PLASMA_LIPOPROTEIN_CLEARANCE,Reactome,0.806409245220061,0.828938257844429,35,1,1.23738680465718,7,35,FALSE,FALSE
REACTOME_PLASMA_LIPOPROTEIN_REMODELING,Reactome,1.04910772748228,0.529698723317851,22,0.249407060125913,2.24979419028578,8,22,FALSE,FALSE
REACTOME_PLATELET_ACTIVATION_SIGNALING_AND_AGGREGATION,Reactome,0.89830098043369,0.825521710649448,230,1,0.672492828618033,25,230,FALSE,FALSE
REACTOME_PLATELET_ADHESION_TO_EXPOSED_COLLAGEN,Reactome,0.774740411257937,0.836643610013175,14,1,0.441923858806136,1,14,FALSE,FALSE
REACTOME_PLATELET_AGGREGATION_PLUG_FORMATION,Reactome,-0.864093126445144,0.784249326169609,33,1,0.749931396761927,4,33,FALSE,FALSE
REACTOME_PLATELET_CALCIUM_HOMEOSTASIS,Reactome,-1.67674135689365,0.0282650684952063,23,1,1.34498565723607,5,23,FALSE,FALSE
REACTOME_PLATELET_HOMEOSTASIS,Reactome,-1.55253511922696,0.0191018742378262,74,1,1.08689381490158,13,74,FALSE,FALSE
REACTOME_PLATELET_SENSITIZATION_BY_LDL,Reactome,1.54494172034752,0.0963477820176851,17,1,0.727874590974812,2,17,FALSE,FALSE
REACTOME_POLO_LIKE_KINASE_MEDIATED_EVENTS,Reactome,2.17231886690393,4.10059606317574e-05,16,0.0494655658746001,3.09346701164295,8,16,TRUE,TRUE
REACTOME_POLYMERASE_SWITCHING,Reactome,1.76107138009682,0.0142248026711113,14,,,,,TRUE,FALSE
REACTOME_POLYMERASE_SWITCHING_ON_THE_C_STRAND_OF_THE_TELOMERE,Reactome,1.69480387611542,0.0235989012395351,26,,,,,TRUE,FALSE
REACTOME_POSITIVE_EPIGENETIC_REGULATION_OF_RRNA_EXPRESSION,Reactome,1.83217129329004,0.00408240174713907,43,,,,,TRUE,FALSE
REACTOME_POSITIVE_REGULATION_OF_CDH1_GENE_TRANSCRIPTION,Reactome,-0.681878716564195,0.909352564417781,11,,,,,FALSE,FALSE
REACTOME_POSTMITOTIC_NUCLEAR_PORE_COMPLEX_NPC_REFORMATION,Reactome,2.16326984133059,4.98251190366418e-05,27,1,0.229145704566144,1,27,TRUE,FALSE
REACTOME_POST_CHAPERONIN_TUBULIN_FOLDING_PATHWAY,Reactome,1.07609214254179,0.480673249551167,21,1,0.294615905870757,1,21,FALSE,FALSE
REACTOME_POST_TRANSLATIONAL_MODIFICATION_SYNTHESIS_OF_GPI_ANCHORED_PROTEINS,Reactome,-0.942654403789902,0.6756100301083,80,0.0189847889597671,1.93341688227684,25,80,FALSE,TRUE
REACTOME_POTASSIUM_CHANNELS,Reactome,-1.13067388998004,0.355773217247098,72,0.093621496390279,1.80452242345839,21,72,FALSE,FALSE
REACTOME_POTENTIAL_THERAPEUTICS_FOR_SARS,Reactome,1.33665266355221,0.0931090245174752,143,1,0.519183274681334,12,143,FALSE,FALSE
REACTOME_PRC2_METHYLATES_HISTONES_AND_DNA,Reactome,1.43753248004112,0.167492573433167,15,1,1.23738680465718,3,15,FALSE,FALSE
REACTOME_PREGNENOLONE_BIOSYNTHESIS,Reactome,-0.788410431328804,0.820259372305713,11,1,0.562448547571445,1,11,FALSE,FALSE
REACTOME_PRESYNAPTIC_FUNCTION_OF_KAINATE_RECEPTORS,Reactome,-0.844393279183623,0.784705237718541,18,1,0.687437113698433,2,18,FALSE,FALSE
REACTOME_PRE_NOTCH_EXPRESSION_AND_PROCESSING,Reactome,-0.847057369920502,0.816219877597858,50,1,0.61869340232859,5,50,FALSE,FALSE
REACTOME_PRE_NOTCH_PROCESSING_IN_GOLGI,Reactome,-0.601558214194854,0.976132892263642,18,1,0.343718556849217,1,18,FALSE,FALSE
REACTOME_PROCESSING_AND_ACTIVATION_OF_SUMO,Reactome,0.71415974589549,0.894083261399603,10,,,,,FALSE,FALSE
REACTOME_PROCESSING_OF_CAPPED_INTRONLESS_PRE_MRNA,Reactome,2.00466422467801,0.00118469814348628,29,,,,,TRUE,FALSE
REACTOME_PROCESSING_OF_CAPPED_INTRON_CONTAINING_PRE_MRNA,Reactome,2.35908148406492,1.59721966325125e-15,286,1,0.0648979093351668,3,286,TRUE,FALSE
REACTOME_PROCESSING_OF_DNA_DOUBLE_STRAND_BREAK_ENDS,Reactome,2.24756039217769,1.533479422802e-06,61,1,0.811401183381758,8,61,TRUE,FALSE
REACTOME_PROCESSING_OF_INTRONLESS_PRE_MRNAS,Reactome,1.81401609098666,0.00932494939989633,20,,,,,TRUE,FALSE
REACTOME_PROCESSING_OF_SMDT1,Reactome,1.04600711738388,0.541869977037888,15,,,,,FALSE,FALSE
REACTOME_PROCESSIVE_SYNTHESIS_ON_THE_C_STRAND_OF_THE_TELOMERE,Reactome,1.65559109642883,0.0403722274253186,19,1,0.651256212977463,2,19,TRUE,FALSE
REACTOME_PROCESSIVE_SYNTHESIS_ON_THE_LAGGING_STRAND,Reactome,1.86194664312894,0.0069904136098562,15,1,0.41246226821906,1,15,TRUE,FALSE
REACTOME_PROGRAMMED_CELL_DEATH,Reactome,2.30579095716271,1.68690561567363e-11,189,1,0.851112616959965,26,189,TRUE,FALSE
REACTOME_PROLACTIN_RECEPTOR_SIGNALING,Reactome,-0.91612248747111,0.696081355123464,11,1,0.562448547571445,1,11,FALSE,FALSE
REACTOME_PROLONGED_ERK_ACTIVATION_EVENTS,Reactome,-0.419251423778059,0.995833333333333,13,,,,,FALSE,FALSE
REACTOME_PROSTACYCLIN_SIGNALLING_THROUGH_PROSTACYCLIN_RECEPTOR,Reactome,-0.752469036688465,0.875840072329097,16,1,0.386683376455369,1,16,FALSE,FALSE
REACTOME_PROTEASOME_ASSEMBLY,Reactome,2.5731512583098,4.47936201538029e-10,50,1,0.123738680465718,1,50,TRUE,FALSE
REACTOME_PROTEIN_FOLDING,Reactome,1.483949773181,0.0384904249575491,91,1,0.679882859701747,10,91,TRUE,FALSE
REACTOME_PROTEIN_HYDROXYLATION,Reactome,1.14980403540985,0.39091771872517,19,,,,,FALSE,FALSE
REACTOME_PROTEIN_LIPOYLATION,Reactome,0.60190381634974,0.968081029130815,10,,,,,FALSE,FALSE
REACTOME_PROTEIN_LOCALIZATION,Reactome,1.28149162542793,0.153751737372895,153,1,0.444812250040163,11,153,FALSE,FALSE
REACTOME_PROTEIN_METHYLATION,Reactome,1.67917818263237,0.0221430904790753,16,,,,,TRUE,FALSE
REACTOME_PROTEIN_PROTEIN_INTERACTIONS_AT_SYNAPSES,Reactome,-1.739228195362,0.00176676745821952,76,1,1.22110539933274,15,76,FALSE,FALSE
REACTOME_PROTEIN_UBIQUITINATION,Reactome,2.2360426679375,1.37559179896688e-06,63,1,0.392821207827676,4,63,TRUE,FALSE
REACTOME_PTEN_REGULATION,Reactome,1.79442556386882,0.000208993823436895,125,1,0.197981888745149,4,125,TRUE,FALSE
REACTOME_PTK6_REGULATES_RHO_GTPASES_RAS_GTPASE_AND_MAP_KINASES,Reactome,-0.887844245840479,0.744847037102532,14,,,,,FALSE,FALSE
REACTOME_PURINERGIC_SIGNALING_IN_LEISHMANIASIS_INFECTION,Reactome,1.25924498310312,0.259692458872407,26,1,1.18979500447806,5,26,FALSE,FALSE
REACTOME_PURINE_CATABOLISM,Reactome,1.74163422782263,0.0159879534217765,16,1,1.16005012936611,3,16,TRUE,FALSE
REACTOME_PURINE_SALVAGE,Reactome,1.72035001211386,0.02021537332253,11,1,1.12489709514289,2,11,TRUE,FALSE
REACTOME_PYRIMIDINE_SALVAGE,Reactome,1.87874938241523,0.00483718475896214,10,0.553075311529958,2.47477360931436,4,10,TRUE,FALSE
REACTOME_PYROPTOSIS,Reactome,1.78334779320643,0.0122331084481447,26,0.483625228188194,1.90367200716489,8,26,TRUE,FALSE
REACTOME_PYRUVATE_METABOLISM,Reactome,1.16554104428266,0.337613067533152,44,1,0.281224273785723,2,44,FALSE,FALSE
REACTOME_RAB_GEFS_EXCHANGE_GTP_FOR_GDP_ON_RABS,Reactome,1.32007022908541,0.166049566479366,89,1,0.417096675727139,6,89,FALSE,FALSE
REACTOME_RAB_GERANYLGERANYLATION,Reactome,1.34929807287836,0.159333114132642,63,1,0.392821207827676,4,63,FALSE,FALSE
REACTOME_RAB_REGULATION_OF_TRAFFICKING,Reactome,1.12435560227376,0.384595772802829,121,1,0.306790116857152,6,121,FALSE,FALSE
REACTOME_RAC1_GTPASE_CYCLE,Reactome,0.982236400371705,0.61828727063598,180,1,0.309346701164295,9,180,FALSE,FALSE
REACTOME_RAC2_GTPASE_CYCLE,Reactome,1.29401132705969,0.180923792996398,86,1,0.35970546647011,5,86,FALSE,FALSE
REACTOME_RAC3_GTPASE_CYCLE,Reactome,1.1171887712929,0.388151778776779,90,1,0.41246226821906,6,90,FALSE,FALSE
REACTOME_RAF_ACTIVATION,Reactome,0.838273688498318,0.813690345091402,33,1,0.187482849190482,1,33,FALSE,FALSE
REACTOME_RAF_INDEPENDENT_MAPK1_3_ACTIVATION,Reactome,1.40006057367846,0.145622880380374,23,1,0.806991394341639,3,23,FALSE,FALSE
REACTOME_RAP1_SIGNALLING,Reactome,0.837021678347563,0.784249326169609,15,1,0.41246226821906,1,15,FALSE,FALSE
REACTOME_RAS_ACTIVATION_UPON_CA2_INFLUX_THROUGH_NMDA_RECEPTOR,Reactome,-1.35085809410496,0.166532935249114,19,0.988013431424801,1.62814053244366,5,19,FALSE,FALSE
REACTOME_RAS_PROCESSING,Reactome,1.49951811297518,0.0981086067882688,23,1,0.806991394341639,3,23,FALSE,FALSE
REACTOME_RA_BIOSYNTHESIS_PATHWAY,Reactome,0.91639990041531,0.726529866821511,19,0.289363242401105,2.27939674542112,7,19,FALSE,FALSE
REACTOME_RECEPTOR_MEDIATED_MITOPHAGY,Reactome,1.04027520373339,0.529698723317851,11,,,,,FALSE,FALSE
REACTOME_RECEPTOR_TYPE_TYROSINE_PROTEIN_PHOSPHATASES,Reactome,-1.68492190339337,0.0296615180219279,16,1,1.54673350582147,4,16,FALSE,FALSE
REACTOME_RECOGNITION_AND_ASSOCIATION_OF_DNA_GLYCOSYLASE_WITH_SITE_CONTAINING_AN_AFFECTED_PURINE,Reactome,0.757893774589768,0.852189352766798,10,1,0.61869340232859,1,10,FALSE,FALSE
REACTOME_RECOGNITION_OF_DNA_DAMAGE_BY_PCNA_CONTAINING_REPLICATION_COMPLEX,Reactome,1.87930073743525,0.00142345798464568,30,1,0.41246226821906,2,30,TRUE,FALSE
REACTOME_RECRUITMENT_OF_MITOTIC_CENTROSOME_PROTEINS_AND_COMPLEXES,Reactome,1.45878155526149,0.035772536995395,79,1,0.313262482191691,4,79,TRUE,FALSE
REACTOME_RECRUITMENT_OF_NUMA_TO_MITOTIC_CENTROSOMES,Reactome,1.44439326408389,0.0384514327194403,89,1,0.347580563105949,5,89,TRUE,FALSE
REACTOME_RECYCLING_OF_BILE_ACIDS_AND_SALTS,Reactome,-1.44349687883127,0.180698364695341,10,,,,,FALSE,FALSE
REACTOME_RECYCLING_PATHWAY_OF_L1,Reactome,1.24091885886016,0.266667084348823,44,1,0.562448547571445,4,44,FALSE,FALSE
REACTOME_REDUCTION_OF_CYTOSOLIC_CA_LEVELS,Reactome,-1.21416225444464,0.331419888181852,11,0.664404386485345,2.24979419028578,4,11,FALSE,FALSE
REACTOME_REGULATED_NECROSIS,Reactome,2.11807254382902,1.8876321794473e-05,57,0.794544102585018,1.41105512811784,13,57,TRUE,FALSE
REACTOME_REGULATED_PROTEOLYSIS_OF_P75NTR,Reactome,1.06939813170682,0.504267375564028,11,,,,,FALSE,FALSE
REACTOME_REGULATION_BY_C_FLIP,Reactome,1.77091300603211,0.0110896104075406,11,1,1.68734564271434,3,11,TRUE,FALSE
REACTOME_REGULATION_OF_APOPTOSIS,Reactome,2.40853152273349,1.08613377108879e-07,40,,,,,TRUE,FALSE
REACTOME_REGULATION_OF_BACH1_ACTIVITY,Reactome,1.29058963709204,0.263440653900764,11,,,,,FALSE,FALSE
REACTOME_REGULATION_OF_BETA_CELL_DEVELOPMENT,Reactome,-1.71409323044705,0.02021537332253,24,1,0.257788917636913,1,24,FALSE,FALSE
REACTOME_REGULATION_OF_CDH11_FUNCTION,Reactome,0.860466082310434,0.739294187847188,11,1,1.12489709514289,2,11,FALSE,FALSE
REACTOME_REGULATION_OF_CDH11_GENE_TRANSCRIPTION,Reactome,-1.08403235152465,0.487851325455126,10,1,0.61869340232859,1,10,FALSE,FALSE
REACTOME_REGULATION_OF_CDH1_FUNCTION,Reactome,2.06674066475208,5.80353420195045e-05,60,1,0.41246226821906,4,60,TRUE,FALSE
REACTOME_REGULATION_OF_CDH1_GENE_TRANSCRIPTION,Reactome,1.03390557263595,0.509702676251223,43,1,0.143882186588044,1,43,FALSE,FALSE
REACTOME_REGULATION_OF_CDH1_MRNA_TRANSLATION_BY_MICRORNAS,Reactome,0.714661721944519,0.893373152257333,11,,,,,FALSE,FALSE
REACTOME_REGULATION_OF_CDH1_POSTTRANSLATIONAL_PROCESSING_AND_TRAFFICKING_TO_PLASMA_MEMBRANE,Reactome,1.41582480872412,0.125276147237975,32,,,,,FALSE,FALSE
REACTOME_REGULATION_OF_CHOLESTEROL_BIOSYNTHESIS_BY_SREBP_SREBF,Reactome,1.03876571503777,0.516915575021044,55,1,0.562448547571445,5,55,FALSE,FALSE
REACTOME_REGULATION_OF_COMMISSURAL_AXON_PATHFINDING_BY_SLIT_AND_ROBO,Reactome,-1.2727044842959,0.291556117579691,10,1,1.23738680465718,2,10,FALSE,FALSE
REACTOME_REGULATION_OF_ENDOGENOUS_RETROELEMENTS,Reactome,-1.06677346265935,0.449410823392493,79,1,0.234946861643768,3,79,FALSE,FALSE
REACTOME_REGULATION_OF_ENDOGENOUS_RETROELEMENTS_BY_KRAB_ZFP_PROTEINS,Reactome,-1.23721970386182,0.230627779300346,48,1,0.386683376455369,3,48,FALSE,FALSE
REACTOME_REGULATION_OF_ENDOGENOUS_RETROELEMENTS_BY_PIWI_INTERACTING_RNAS_PIRNAS,Reactome,0.775485323980227,0.869813113715553,36,,,,,FALSE,FALSE
REACTOME_REGULATION_OF_EXPRESSION_AND_FUNCTION_OF_TYPE_II_CLASSICAL_CADHERINS,Reactome,-0.903323865188798,0.729448909735346,31,1,0.997892584400951,5,31,FALSE,FALSE
REACTOME_REGULATION_OF_EXPRESSION_OF_SLITS_AND_ROBOS,Reactome,1.45203595622431,0.0257248953580378,155,1,0.119747110128114,3,155,TRUE,FALSE
REACTOME_REGULATION_OF_FOXO_TRANSCRIPTIONAL_ACTIVITY_BY_ACETYLATION,Reactome,-1.38760709803185,0.209325188207091,10,1,0.61869340232859,1,10,FALSE,FALSE
REACTOME_REGULATION_OF_FZD_BY_UBIQUITINATION,Reactome,-1.62007882008679,0.0459349216463253,20,1,0.928040103492885,3,20,FALSE,FALSE
REACTOME_REGULATION_OF_GENE_EXPRESSION_BY_HYPOXIA_INDUCIBLE_FACTOR,Reactome,-0.985848528212794,0.600350901586558,10,0.553075311529958,2.47477360931436,4,10,FALSE,FALSE
REACTOME_REGULATION_OF_GENE_EXPRESSION_IN_LATE_STAGE_BRANCHING_MORPHOGENESIS_PANCREATIC_BUD_PRECURSOR_CELLS,Reactome,-1.59602280236311,0.045175267434983,12,1,0.515577835273825,1,12,FALSE,FALSE
REACTOME_REGULATION_OF_GLUCOKINASE_BY_GLUCOKINASE_REGULATORY_PROTEIN,Reactome,2.10456689209576,7.18084782266416e-05,30,1,0.20623113410953,1,30,TRUE,FALSE
REACTOME_REGULATION_OF_GLYCOLYSIS_BY_FRUCTOSE_2_6_BISPHOSPHATE_METABOLISM,Reactome,1.49340870532947,0.112258592009924,11,,,,,FALSE,FALSE
REACTOME_REGULATION_OF_HOMOTYPIC_CELL_CELL_ADHESION,Reactome,1.7606164965484,0.00019638780181563,157,1,0.394072230782541,10,157,TRUE,FALSE
REACTOME_REGULATION_OF_HSF1_MEDIATED_HEAT_SHOCK_RESPONSE,Reactome,2.01585747137338,6.10024094703342e-05,78,1,0.396598334826019,5,78,TRUE,FALSE
REACTOME_REGULATION_OF_IFNA_IFNB_SIGNALING,Reactome,1.68852004100523,0.0370222112371244,12,1,1.54673350582147,3,12,TRUE,FALSE
REACTOME_REGULATION_OF_IFNG_SIGNALING,Reactome,1.80869448103309,0.0116839624306791,13,1,0.951836003582446,2,13,TRUE,FALSE
REACTOME_REGULATION_OF_INNATE_IMMUNE_RESPONSES_TO_CYTOSOLIC_DNA,Reactome,1.07812452639493,0.491711859203929,13,1,0.475918001791223,1,13,FALSE,FALSE
REACTOME_REGULATION_OF_INSULIN_LIKE_GROWTH_FACTOR_IGF_TRANSPORT_AND_UPTAKE_BY_INSULIN_LIKE_GROWTH_FACTOR_BINDING_PROTEINS_IGFBPS,Reactome,-1.17529378562346,0.256772878820123,94,0.213351058241566,1.57964272934959,24,94,FALSE,FALSE
REACTOME_REGULATION_OF_INSULIN_SECRETION,Reactome,-1.63145865649185,0.0155533989163412,67,1,1.10810758626016,12,67,FALSE,FALSE
REACTOME_REGULATION_OF_KIT_SIGNALING,Reactome,1.19921478751153,0.340978481585906,16,1,0.773366752910737,2,16,FALSE,FALSE
REACTOME_REGULATION_OF_LIPID_METABOLISM_BY_PPARALPHA,Reactome,1.12250170853616,0.359658488381126,108,1,0.744723539839969,13,108,FALSE,FALSE
REACTOME_REGULATION_OF_LOCALIZATION_OF_FOXO_TRANSCRIPTION_FACTORS,Reactome,0.902493913859212,0.686910777208962,12,1,1.03115567054765,2,12,FALSE,FALSE
REACTOME_REGULATION_OF_MECP2_EXPRESSION_AND_ACTIVITY,Reactome,0.894387933607021,0.725828903979072,30,1,0.41246226821906,2,30,FALSE,FALSE
REACTOME_REGULATION_OF_MITF_M_DEPENDENT_GENES_INVOLVED_IN_APOPTOSIS,Reactome,-0.84163570896268,0.784705237718541,17,1,0.727874590974812,2,17,FALSE,FALSE
REACTOME_REGULATION_OF_MITF_M_DEPENDENT_GENES_INVOLVED_IN_CELL_CYCLE_AND_PROLIFERATION,Reactome,1.38177388495663,0.184292272966339,18,0.905475592769543,1.71859278424608,5,18,FALSE,FALSE
REACTOME_REGULATION_OF_MITF_M_DEPENDENT_GENES_INVOLVED_IN_EXTRACELLULAR_MATRIX_FOCAL_ADHESION_AND_EPITHELIAL_TO_MESENCHYMAL_TRANSITION,Reactome,-1.22966246725636,0.311406252238229,12,1,1.54673350582147,3,12,FALSE,FALSE
REACTOME_REGULATION_OF_MITF_M_DEPENDENT_GENES_INVOLVED_IN_LYSOSOME_BIOGENESIS_AND_AUTOPHAGY,Reactome,1.3371528814697,0.221354337037487,17,,,,,FALSE,FALSE
REACTOME_REGULATION_OF_MITF_M_DEPENDENT_GENES_INVOLVED_IN_PIGMENTATION,Reactome,0.945371094710059,0.657425462298627,42,1,0.147307952935379,1,42,FALSE,FALSE
REACTOME_REGULATION_OF_MRNA_STABILITY_BY_PROTEINS_THAT_BIND_AU_RICH_ELEMENTS,Reactome,2.35012723958849,2.06069392464394e-08,74,1,0.0836072165308906,1,74,TRUE,FALSE
REACTOME_REGULATION_OF_NF_KAPPA_B_SIGNALING,Reactome,1.8182012572939,0.00717470290263359,18,1,0.687437113698433,2,18,TRUE,FALSE
REACTOME_REGULATION_OF_NPAS4_GENE_EXPRESSION,Reactome,-1.19020680093358,0.363911382455627,12,,,,,FALSE,FALSE
REACTOME_REGULATION_OF_ORNITHINE_DECARBOXYLASE_ODC,Reactome,2.42323166649696,2.4451424775164e-08,38,,,,,TRUE,FALSE
REACTOME_REGULATION_OF_PD_L1_CD274_EXPRESSION,Reactome,2.0344129059114,7.26721254379889e-07,135,1,0.549949690958747,12,135,TRUE,FALSE
REACTOME_REGULATION_OF_PD_L1_CD274_POST_TRANSLATIONAL_MODIFICATION,Reactome,2.14494981264574,1.67995662995611e-06,86,1,0.431646559764133,6,86,TRUE,FALSE
REACTOME_REGULATION_OF_PD_L1_CD274_TRANSCRIPTION,Reactome,1.67615241482467,0.0116076336624592,42,1,1.03115567054765,7,42,TRUE,FALSE
REACTOME_REGULATION_OF_PLK1_ACTIVITY_AT_G2_M_TRANSITION,Reactome,1.74334694306121,0.00175761306371649,85,1,0.509512213682368,7,85,TRUE,FALSE
REACTOME_REGULATION_OF_PTEN_GENE_TRANSCRIPTION,Reactome,1.08240304639976,0.442797419971333,60,1,0.41246226821906,4,60,FALSE,FALSE
REACTOME_REGULATION_OF_PTEN_STABILITY_AND_ACTIVITY,Reactome,2.1549537935053,1.64630925949397e-05,56,,,,,TRUE,FALSE
REACTOME_REGULATION_OF_PYRUVATE_DEHYDROGENASE_PDH_COMPLEX,Reactome,-0.524092103534203,0.985777877669769,14,1,0.441923858806136,1,14,FALSE,FALSE
REACTOME_REGULATION_OF_PYRUVATE_METABOLISM,Reactome,1.27661585452426,0.21662733851676,32,1,0.193341688227684,1,32,FALSE,FALSE
REACTOME_REGULATION_OF_RAS_BY_GAPS,Reactome,2.25163867696699,2.74721845649687e-06,55,,,,,TRUE,FALSE
REACTOME_REGULATION_OF_RUNX1_EXPRESSION_AND_ACTIVITY,Reactome,-0.684694146450628,0.922607355927795,17,1,0.363937295487406,1,17,FALSE,FALSE
REACTOME_REGULATION_OF_RUNX2_EXPRESSION_AND_ACTIVITY,Reactome,2.33880655823274,1.16453211445461e-07,58,1,0.32001382879065,3,58,TRUE,FALSE
REACTOME_REGULATION_OF_RUNX3_EXPRESSION_AND_ACTIVITY,Reactome,2.39516102659754,1.97329583089816e-07,45,1,0.137487422739687,1,45,TRUE,FALSE
REACTOME_REGULATION_OF_SIGNALING_BY_CBL,Reactome,1.64181159459036,0.0418905761434597,22,1,0.562448547571445,2,22,TRUE,FALSE
REACTOME_REGULATION_OF_TBK1_IKK_IKBKE_MEDIATED_ACTIVATION_OF_IRF3_IRF7,Reactome,1.28393970954251,0.277131130996434,14,1,0.441923858806136,1,14,FALSE,FALSE
REACTOME_REGULATION_OF_TBK1_IKK_MEDIATED_ACTIVATION_OF_IRF3_IRF7_UPON_TLR3_LIGATION,Reactome,1.21920656226663,0.331419888181852,11,1,0.562448547571445,1,11,FALSE,FALSE
REACTOME_REGULATION_OF_TLR_BY_ENDOGENOUS_LIGAND,Reactome,1.65839063535849,0.0256510676954556,16,0.718271320102921,1.93341688227684,5,16,TRUE,FALSE
REACTOME_REGULATION_OF_TP53_ACTIVITY,Reactome,2.15753256406908,2.0213669615994e-08,158,1,0.587367154109421,15,158,TRUE,FALSE
REACTOME_REGULATION_OF_TP53_ACTIVITY_THROUGH_ACETYLATION,Reactome,1.08550076027245,0.483322242838682,29,,,,,FALSE,FALSE
REACTOME_REGULATION_OF_TP53_ACTIVITY_THROUGH_ASSOCIATION_WITH_CO_FACTORS,Reactome,0.689990148296235,0.916409483919955,12,,,,,FALSE,FALSE
REACTOME_REGULATION_OF_TP53_ACTIVITY_THROUGH_METHYLATION,Reactome,1.59310351689491,0.0623118578716357,19,,,,,FALSE,FALSE
REACTOME_REGULATION_OF_TP53_ACTIVITY_THROUGH_PHOSPHORYLATION,Reactome,1.9876450396956,2.91469858343786e-05,93,1,0.731787895227364,11,93,TRUE,FALSE
REACTOME_REGULATION_OF_TP53_EXPRESSION_AND_DEGRADATION,Reactome,1.86828602580731,0.001884507800674,37,1,1.00328659837069,6,37,TRUE,FALSE
REACTOME_REGULATION_OF_T_CELL_ACTIVATION_BY_CD28_FAMILY,Reactome,2.21071462332757,8.33700814239442e-11,208,1,0.803111628022689,27,208,TRUE,FALSE
REACTOME_REPRESSION_OF_WNT_TARGET_GENES,Reactome,-1.22960594319934,0.303994904180888,13,1,0.951836003582446,2,13,FALSE,FALSE
REACTOME_REPRODUCTION,Reactome,1.23094050155112,0.256772878820123,73,1,1.10178277127009,13,73,FALSE,FALSE
REACTOME_RESOLUTION_OF_ABASIC_SITES_AP_SITES,Reactome,1.94650389096828,0.000797522003964317,37,1,0.334428866123562,2,37,TRUE,FALSE
REACTOME_RESOLUTION_OF_AP_SITES_VIA_THE_MULTIPLE_NUCLEOTIDE_PATCH_REPLACEMENT_PATHWAY,Reactome,2.02168467887846,0.000717669786598576,24,1,0.515577835273825,2,24,TRUE,FALSE
REACTOME_RESOLUTION_OF_D_LOOP_STRUCTURES,Reactome,2.19602808489477,4.58297510642717e-05,36,0.529844620750817,1.71859278424608,10,36,TRUE,FALSE
REACTOME_RESOLUTION_OF_D_LOOP_STRUCTURES_THROUGH_SYNTHESIS_DEPENDENT_STRAND_ANNEALING_SDSA,Reactome,1.98851746629866,0.00101307863875671,27,0.542435451881612,1.83316563652916,8,27,TRUE,FALSE
REACTOME_RESOLUTION_OF_SISTER_CHROMATID_COHESION,Reactome,2.61860695965874,2.30954068907573e-14,121,0.182357442328502,1.53395058428576,30,121,TRUE,FALSE
REACTOME_RESPIRATORY_ELECTRON_TRANSPORT,Reactome,1.8595030706737,2.79219324722039e-05,151,1,0.286811511013254,7,151,TRUE,FALSE
REACTOME_RESPIRATORY_SYNCYTIAL_VIRUS_INFECTION_PATHWAY,Reactome,1.42885270790603,0.0460364903169875,103,1,0.660740526758688,11,103,TRUE,FALSE
REACTOME_RESPIRATORY_SYNCYTIAL_VIRUS_RSV_ATTACHMENT_AND_ENTRY,Reactome,-1.48019809858298,0.133520129424889,22,0.837981763835941,1.68734564271434,6,22,FALSE,FALSE
REACTOME_RESPIRATORY_SYNCYTIAL_VIRUS_RSV_GENOME_REPLICATION_TRANSCRIPTION_AND_TRANSLATION,Reactome,1.60628129787894,0.0620209521114528,17,,,,,FALSE,FALSE
REACTOME_RESPONSE_OF_EIF2AK1_HRI_TO_HEME_DEFICIENCY,Reactome,1.72862598427649,0.0252424129022332,15,1,0.41246226821906,1,15,TRUE,FALSE
REACTOME_RESPONSE_OF_EIF2AK4_GCN2_TO_AMINO_ACID_DEFICIENCY,Reactome,-0.968178883585929,0.652903970452447,100,1,0.061869340232859,1,100,FALSE,FALSE
REACTOME_RESPONSE_OF_MTB_TO_PHAGOCYTOSIS,Reactome,1.97405380858007,0.00128934820376213,23,1,0.268997131447213,1,23,TRUE,FALSE
REACTOME_RESPONSE_TO_ELEVATED_PLATELET_CYTOSOLIC_CA2,Reactome,-1.19538525798358,0.186774634677206,113,1,0.876026056394464,16,113,FALSE,FALSE
REACTOME_RESPONSE_TO_METAL_IONS,Reactome,-0.821487460810143,0.795105525051476,11,1,1.12489709514289,2,11,FALSE,FALSE
REACTOME_RETROGRADE_NEUROTROPHIN_SIGNALLING,Reactome,0.579292130722021,0.96866181156122,12,,,,,FALSE,FALSE
REACTOME_RETROGRADE_TRANSPORT_AT_THE_TRANS_GOLGI_NETWORK,Reactome,1.16618087470382,0.341328348275457,49,1,0.252527919317792,2,49,FALSE,FALSE
REACTOME_RET_SIGNALING,Reactome,-1.16240994559743,0.335616509600782,38,1,0.488442159733097,3,38,FALSE,FALSE
REACTOME_RHOA_GTPASE_CYCLE,Reactome,0.961949010670379,0.63823533030818,145,1,0.38401659454878,9,145,FALSE,FALSE
REACTOME_RHOBTB1_GTPASE_CYCLE,Reactome,1.19443739318224,0.335616509600782,23,1,0.268997131447213,1,23,FALSE,FALSE
REACTOME_RHOBTB2_GTPASE_CYCLE,Reactome,1.57080306081366,0.0640321163013413,23,1,0.537994262894426,2,23,FALSE,FALSE
REACTOME_RHOBTB3_ATPASE_CYCLE,Reactome,0.952393526772353,0.628043460599703,10,0.553075311529958,2.47477360931436,4,10,FALSE,FALSE
REACTOME_RHOBTB_GTPASE_CYCLE,Reactome,1.3575876803722,0.19092096083866,35,1,0.353539087044909,2,35,FALSE,FALSE
REACTOME_RHOB_GTPASE_CYCLE,Reactome,0.927263497240325,0.710370406814254,68,1,0.727874590974812,8,68,FALSE,FALSE
REACTOME_RHOC_GTPASE_CYCLE,Reactome,1.00042965376411,0.575963914951034,70,1,0.353539087044909,4,70,FALSE,FALSE
REACTOME_RHOD_GTPASE_CYCLE,Reactome,1.24752806714297,0.24571143961086,52,1,0.594897502239029,5,52,FALSE,FALSE
REACTOME_RHOF_GTPASE_CYCLE,Reactome,1.35532123143568,0.166568457538995,42,1,0.589231811741514,4,42,FALSE,FALSE
REACTOME_RHOG_GTPASE_CYCLE,Reactome,0.975081905609274,0.624863467559892,72,1,0.429648196061521,5,72,FALSE,FALSE
REACTOME_RHOH_GTPASE_CYCLE,Reactome,1.41260172814426,0.149520836358356,35,1,0.353539087044909,2,35,FALSE,FALSE
REACTOME_RHOJ_GTPASE_CYCLE,Reactome,1.01193016200816,0.559243392402047,54,1,0.458291409132289,4,54,FALSE,FALSE
REACTOME_RHOQ_GTPASE_CYCLE,Reactome,0.796919221850534,0.874958439543389,59,1,0.419453154121078,4,59,FALSE,FALSE
REACTOME_RHOU_GTPASE_CYCLE,Reactome,-0.985732515463791,0.594020938281759,40,1,0.464020051746442,3,40,FALSE,FALSE
REACTOME_RHOV_GTPASE_CYCLE,Reactome,-0.84976460922259,0.814039209105909,37,1,0.334428866123562,2,37,FALSE,FALSE
REACTOME_RHO_GTPASES_ACTIVATE_CIT,Reactome,-1.25570074398777,0.262078472958643,19,0.609336313083872,1.95376863893239,6,19,FALSE,FALSE
REACTOME_RHO_GTPASES_ACTIVATE_FORMINS,Reactome,2.36318070329539,4.11430525987151e-11,134,0.664404386485345,1.29279218397019,28,134,TRUE,FALSE
REACTOME_RHO_GTPASES_ACTIVATE_IQGAPS,Reactome,1.41791633875817,0.118310415085738,28,1,0.441923858806136,2,28,FALSE,FALSE
REACTOME_RHO_GTPASES_ACTIVATE_KTN1,Reactome,0.660387170293338,0.937702591392051,11,,,,,FALSE,FALSE
REACTOME_RHO_GTPASES_ACTIVATE_NADPH_OXIDASES,Reactome,1.70679875500307,0.0212392781028744,23,1,1.07598852578885,4,23,TRUE,FALSE
REACTOME_RHO_GTPASES_ACTIVATE_PAKS,Reactome,-1.50482416051957,0.0819345658704666,21,1,1.47307952935379,5,21,FALSE,FALSE
REACTOME_RHO_GTPASES_ACTIVATE_PKNS,Reactome,-1.17409479811255,0.347180580139436,32,0.838028827761563,1.54673350582147,8,32,FALSE,FALSE
REACTOME_RHO_GTPASES_ACTIVATE_ROCKS,Reactome,-1.61551562722984,0.0350216784855833,19,1,1.30251242595493,4,19,FALSE,FALSE
REACTOME_RHO_GTPASES_ACTIVATE_WASPS_AND_WAVES,Reactome,1.62659032314471,0.0261166333958579,36,,,,,TRUE,FALSE
REACTOME_RHO_GTPASE_CYCLE,Reactome,1.2068621774966,0.133280267142968,437,1,0.424732312811389,30,437,FALSE,FALSE
REACTOME_RHO_GTPASE_EFFECTORS,Reactome,2.19531780291057,3.43323909006259e-11,255,0.988013431424801,1.14033685919387,47,255,TRUE,FALSE
REACTOME_RIBAVIRIN_ADME,Reactome,1.57954606012231,0.0757839595275532,10,1,1.23738680465718,2,10,FALSE,FALSE
REACTOME_RIBOSOME_ASSOCIATED_QUALITY_CONTROL,Reactome,1.69848576611574,0.000632198657678629,142,1,0.0435699579104641,1,142,TRUE,FALSE
REACTOME_RIBOSOME_QUALITY_CONTROL_RQC_COMPLEX_EXTRACTS_AND_DEGRADES_NASCENT_PEPTIDE,Reactome,1.87643922085295,0.000162369295480149,101,1,0.0612567725077812,1,101,TRUE,FALSE
REACTOME_RIPK1_MEDIATED_REGULATED_NECROSIS,Reactome,1.9100259590068,0.000824404183306634,31,1,0.997892584400951,5,31,TRUE,FALSE
REACTOME_RIP_MEDIATED_NFKB_ACTIVATION_VIA_ZBP1,Reactome,2.07401333715749,0.000462338855545521,17,1,0.727874590974812,2,17,TRUE,FALSE
REACTOME_RMTS_METHYLATE_HISTONE_ARGININES,Reactome,1.05879344805247,0.527946966900455,29,1,0.2133425525271,1,29,FALSE,FALSE
REACTOME_RNA_POLYMERASE_III_CHAIN_ELONGATION,Reactome,1.43453587911758,0.136869621080381,18,1,0.343718556849217,1,18,FALSE,FALSE
REACTOME_RNA_POLYMERASE_III_TRANSCRIPTION,Reactome,0.992896776014064,0.608278808709225,41,1,0.301801659672483,2,41,FALSE,FALSE
REACTOME_RNA_POLYMERASE_III_TRANSCRIPTION_INITIATION_FROM_TYPE_1_PROMOTER,Reactome,1.4204440118859,0.115034015885251,28,1,0.441923858806136,2,28,FALSE,FALSE
REACTOME_RNA_POLYMERASE_III_TRANSCRIPTION_INITIATION_FROM_TYPE_3_PROMOTER,Reactome,1.31797673169946,0.192102199024395,28,1,0.220961929403068,1,28,FALSE,FALSE
REACTOME_RNA_POLYMERASE_III_TRANSCRIPTION_TERMINATION,Reactome,0.954110476209065,0.647705409338694,23,1,0.268997131447213,1,23,FALSE,FALSE
REACTOME_RNA_POLYMERASE_II_TRANSCRIBES_SNRNA_GENES,Reactome,2.05366109062718,3.62664843126007e-05,74,1,0.0836072165308906,1,74,TRUE,FALSE
REACTOME_RNA_POLYMERASE_II_TRANSCRIPTION_TERMINATION,Reactome,2.16734446419737,1.12376241164723e-05,66,1,0.0937414245952409,1,66,TRUE,FALSE
REACTOME_RNA_POLYMERASE_I_PROMOTER_ESCAPE,Reactome,1.63805497274357,0.0244826373905461,28,,,,,TRUE,FALSE
REACTOME_RNA_POLYMERASE_I_TRANSCRIPTION,Reactome,1.71543923127772,0.00952617915680163,47,,,,,TRUE,FALSE
REACTOME_RNA_POLYMERASE_I_TRANSCRIPTION_INITIATION,Reactome,1.63515999730494,0.0252437002076581,44,,,,,TRUE,FALSE
REACTOME_RNA_POLYMERASE_I_TRANSCRIPTION_TERMINATION,Reactome,1.64490173799125,0.0213012730338264,27,,,,,TRUE,FALSE
REACTOME_RND1_GTPASE_CYCLE,Reactome,1.23357777719214,0.289421801182933,41,1,0.905404979017449,6,41,FALSE,FALSE
REACTOME_RND2_GTPASE_CYCLE,Reactome,1.10394623351954,0.434009842307554,41,1,0.905404979017449,6,41,FALSE,FALSE
REACTOME_RND3_GTPASE_CYCLE,Reactome,1.27030822266096,0.252770071242636,40,1,0.464020051746442,3,40,FALSE,FALSE
REACTOME_ROLE_OF_LAT2_NTAL_LAB_ON_CALCIUM_MOBILIZATION,Reactome,1.0137053425079,0.554005501103597,62,1,0.19957851688019,2,62,FALSE,FALSE
REACTOME_ROLE_OF_PHOSPHOLIPIDS_IN_PHAGOCYTOSIS,Reactome,1.05119831171707,0.494130195822986,73,1,0.593267646068511,7,73,FALSE,FALSE
REACTOME_RORA_B_C_AND_NR1D1_REV_ERBA_REGULATE_GENE_EXPRESSION,Reactome,-1.51192381748778,0.0856028267778966,25,1,1.23738680465718,5,25,FALSE,FALSE
REACTOME_ROS_AND_RNS_PRODUCTION_IN_PHAGOCYTES,Reactome,1.57749730164642,0.0287837231863256,33,1,0.562448547571445,3,33,TRUE,FALSE
REACTOME_RRNA_MODIFICATION_IN_THE_MITOCHONDRION,Reactome,1.27502076839756,0.271587843912965,15,,,,,FALSE,FALSE
REACTOME_RRNA_MODIFICATION_IN_THE_NUCLEUS_AND_CYTOSOL,Reactome,2.43029530349241,7.09964704251017e-09,58,,,,,TRUE,FALSE
REACTOME_RRNA_PROCESSING,Reactome,2.04324828421507,1.80085433455912e-08,206,1,0.0901009809216393,3,206,TRUE,FALSE
REACTOME_RRNA_PROCESSING_IN_THE_MITOCHONDRION,Reactome,1.43305494481599,0.139402337961693,18,,,,,FALSE,FALSE
REACTOME_RSV_HOST_INTERACTIONS,Reactome,1.32181612010558,0.167492573433167,80,1,0.850703428201811,11,80,FALSE,FALSE
REACTOME_RUNX1_INTERACTS_WITH_CO_FACTORS_WHOSE_PRECISE_EFFECT_ON_RUNX1_TARGETS_IS_NOT_KNOWN,Reactome,-0.57932067517033,0.993759999025476,36,1,0.171859278424608,1,36,FALSE,FALSE
REACTOME_RUNX1_REGULATES_GENES_INVOLVED_IN_MEGAKARYOCYTE_DIFFERENTIATION_AND_PLATELET_FUNCTION,Reactome,1.17133911722841,0.335500488711564,35,1,0.530308630567363,3,35,FALSE,FALSE
REACTOME_RUNX1_REGULATES_TRANSCRIPTION_OF_GENES_INVOLVED_IN_DIFFERENTIATION_OF_HSCS,Reactome,2.05636312173063,4.72871701878558e-05,57,1,0.217085404325821,2,57,TRUE,FALSE
REACTOME_RUNX2_REGULATES_BONE_DEVELOPMENT,Reactome,-1.28963614546329,0.232400750503491,28,1,0.441923858806136,2,28,FALSE,FALSE
REACTOME_RUNX2_REGULATES_OSTEOBLAST_DIFFERENTIATION,Reactome,-0.947216130634757,0.652260454375985,22,1,0.281224273785723,1,22,FALSE,FALSE
REACTOME_RUNX3_REGULATES_NOTCH_SIGNALING,Reactome,-1.53118813345911,0.0820109697876148,14,1,0.441923858806136,1,14,FALSE,FALSE
REACTOME_RUNX3_REGULATES_P14_ARF,Reactome,-0.926457603577871,0.673462156123446,10,1,1.23738680465718,2,10,FALSE,FALSE
REACTOME_SARS_COV_1_ACTIVATES_MODULATES_INNATE_IMMUNE_RESPONSES,Reactome,2.14696725060961,5.85458828654188e-05,39,1,0.951836003582446,6,39,TRUE,FALSE
REACTOME_SARS_COV_1_HOST_INTERACTIONS,Reactome,1.76959126055671,0.00123587709541687,94,1,0.460729129393631,7,94,TRUE,FALSE
REACTOME_SARS_COV_1_INFECTION,Reactome,1.6593207823699,0.00154254110515171,139,1,0.489613483857158,11,139,TRUE,FALSE
REACTOME_SARS_COV_1_MODULATES_HOST_TRANSLATION_MACHINERY,Reactome,-1.34842086029056,0.161087571568404,36,,,,,FALSE,FALSE
REACTOME_SARS_COV_1_TARGETS_HOST_INTRACELLULAR_SIGNALLING_AND_REGULATORY_PATHWAYS,Reactome,1.25417496751235,0.289741402808431,16,1,0.386683376455369,1,16,FALSE,FALSE
REACTOME_SARS_COV_2_ACTIVATES_MODULATES_INNATE_AND_ADAPTIVE_IMMUNE_RESPONSES,Reactome,2.29437879419648,3.76967943658765e-09,108,1,0.687437113698433,12,108,TRUE,FALSE
REACTOME_SARS_COV_2_HOST_INTERACTIONS,Reactome,2.09174091419388,3.73465597750288e-08,184,1,0.437120338601721,13,184,TRUE,FALSE
REACTOME_SARS_COV_2_INFECTION,Reactome,1.67959917070256,6.33189894173287e-05,280,1,0.530308630567363,24,280,TRUE,FALSE
REACTOME_SARS_COV_2_MODULATES_AUTOPHAGY,Reactome,-0.771503799217883,0.835140813199862,11,,,,,FALSE,FALSE
REACTOME_SARS_COV_2_MODULATES_HOST_TRANSLATION_MACHINERY,Reactome,0.766021927470068,0.900258558443765,50,,,,,FALSE,FALSE
REACTOME_SARS_COV_2_TARGETS_HOST_INTRACELLULAR_SIGNALLING_AND_REGULATORY_PATHWAYS,Reactome,1.31310149931861,0.237634615384615,12,1,0.515577835273825,1,12,FALSE,FALSE
REACTOME_SARS_COV_INFECTIONS,Reactome,1.70875176314622,3.7657032052216e-06,441,1,0.519085167486572,37,441,TRUE,FALSE
REACTOME_SCAVENGING_BY_CLASS_A_RECEPTORS,Reactome,-0.848067989959527,0.784249326169609,16,1,1.16005012936611,3,16,FALSE,FALSE
REACTOME_SCAVENGING_OF_HEME_FROM_PLASMA,Reactome,0.968604540967236,0.622019723829895,56,1,0.220961929403068,2,56,FALSE,FALSE
REACTOME_SCF_BETA_TRCP_MEDIATED_DEGRADATION_OF_EMI1,Reactome,2.59905174187706,2.06211337930663e-10,42,1,0.147307952935379,1,42,TRUE,FALSE
REACTOME_SCF_SKP2_MEDIATED_DEGRADATION_OF_P27_P21,Reactome,2.41022622506233,7.37238037430082e-08,50,1,0.494954721862872,4,50,TRUE,FALSE
REACTOME_SEALING_OF_THE_NUCLEAR_ENVELOPE_NE_BY_ESCRT_III,Reactome,0.717190878747044,0.919302161153751,28,1,0.220961929403068,1,28,FALSE,FALSE
REACTOME_SELECTIVE_AUTOPHAGY,Reactome,1.24075737091466,0.244925979226881,84,1,0.220961929403068,3,84,FALSE,FALSE
REACTOME_SELENOAMINO_ACID_METABOLISM,Reactome,-1.08219349356787,0.385721678700806,107,1,0.173465439905212,3,107,FALSE,FALSE
REACTOME_SEMA3A_PAK_DEPENDENT_AXON_REPULSION,Reactome,-1.08654303153469,0.484933653276023,16,1,0.386683376455369,1,16,FALSE,FALSE
REACTOME_SEMA3A_PLEXIN_REPULSION_SIGNALING_BY_INHIBITING_INTEGRIN_ADHESION,Reactome,-0.969984319512549,0.650226642311075,14,1,0.441923858806136,1,14,FALSE,FALSE
REACTOME_SEMA4D_INDUCED_CELL_MIGRATION_AND_GROWTH_CONE_COLLAPSE,Reactome,-1.47634583185764,0.108041594740542,20,1,1.54673350582147,5,20,FALSE,FALSE
REACTOME_SEMA4D_IN_SEMAPHORIN_SIGNALING,Reactome,-1.30806354320739,0.233411898944263,24,1,1.28894458818456,5,24,FALSE,FALSE
REACTOME_SEMAPHORIN_INTERACTIONS,Reactome,-1.07585649052051,0.436134542759327,63,1,1.08025832152611,11,63,FALSE,FALSE
REACTOME_SENESCENCE_ASSOCIATED_SECRETORY_PHENOTYPE_SASP,Reactome,1.97833365357585,0.000384370553210658,52,1,0.951836003582446,8,52,TRUE,FALSE
REACTOME_SENSORY_PERCEPTION,Reactome,-1.34219922479674,0.0341730836095186,172,0.00337193584894006,1.72658623905653,48,172,FALSE,TRUE
REACTOME_SENSORY_PERCEPTION_OF_TASTE,Reactome,-0.838191450935373,0.825714452840811,22,1,1.12489709514289,4,22,FALSE,FALSE
REACTOME_SENSORY_PROCESSING_OF_SOUND,Reactome,-1.68668387174879,0.00801554289309708,66,0.718271320102921,1.40612136892861,15,66,FALSE,FALSE
REACTOME_SENSORY_PROCESSING_OF_SOUND_BY_OUTER_HAIR_CELLS_OF_THE_COCHLEA,Reactome,-1.61804796104954,0.0224987276206658,47,0.572001223441203,1.57964272934959,12,47,FALSE,FALSE
REACTOME_SEPARATION_OF_SISTER_CHROMATIDS,Reactome,2.82783010972235,7.37687394236673e-24,173,1,1.10864135677377,31,173,TRUE,FALSE
REACTOME_SERINE_METABOLISM,Reactome,-0.829197266188869,0.786016527279968,11,,,,,FALSE,FALSE
REACTOME_SEROTONIN_NEUROTRANSMITTER_RELEASE_CYCLE,Reactome,-1.65651161062379,0.0300927994618386,18,1,1.37487422739687,4,18,FALSE,FALSE
REACTOME_SHC1_EVENTS_IN_EGFR_SIGNALING,Reactome,1.35060108432188,0.210641282272322,14,0.0887657020087773,3.09346701164295,7,14,FALSE,FALSE
REACTOME_SHC1_EVENTS_IN_ERBB2_SIGNALING,Reactome,-1.10552876507264,0.39805754874248,22,0.837981763835941,1.68734564271434,6,22,FALSE,FALSE
REACTOME_SHC1_EVENTS_IN_ERBB4_SIGNALING,Reactome,-1.06002761435814,0.520921409214092,14,0.553075311529958,2.20961929403068,5,14,FALSE,FALSE
REACTOME_SHC_MEDIATED_CASCADE_FGFR1,Reactome,-1.00377475542086,0.577140830454372,13,1,0.951836003582446,2,13,FALSE,FALSE
REACTOME_SHC_MEDIATED_CASCADE_FGFR3,Reactome,0.77360047885647,0.838854877121233,11,1,0.562448547571445,1,11,FALSE,FALSE
REACTOME_SHC_MEDIATED_CASCADE_FGFR4,Reactome,-0.696649425174489,0.90309190443435,12,1,0.515577835273825,1,12,FALSE,FALSE
REACTOME_SIALIC_ACID_METABOLISM,Reactome,-0.911279650626711,0.709099560718866,30,1,0.82492453643812,4,30,FALSE,FALSE
REACTOME_SIGNALING_BY_ACTIVIN,Reactome,-1.70840763681212,0.0279599204478064,17,1,1.09181188646222,3,17,FALSE,FALSE
REACTOME_SIGNALING_BY_ALK,Reactome,1.80809354944293,0.00555780006840847,28,0.599851605509192,1.76769543522454,8,28,TRUE,FALSE
REACTOME_SIGNALING_BY_ALK_IN_CANCER,Reactome,1.87711236398786,0.000208160315550359,89,1,0.695161126211899,10,89,TRUE,FALSE
REACTOME_SIGNALING_BY_BMP,Reactome,-1.74058832885826,0.0213860154244422,26,1,0.951836003582446,4,26,FALSE,FALSE
REACTOME_SIGNALING_BY_BRAF_AND_RAF1_FUSIONS,Reactome,-0.849679085566047,0.849066950846706,61,1,0.405700591690879,4,61,FALSE,FALSE
REACTOME_SIGNALING_BY_CSF1_M_CSF_IN_MYELOID_CELLS,Reactome,1.3043233774046,0.182439166028942,31,1,0.798314067520761,4,31,FALSE,FALSE
REACTOME_SIGNALING_BY_CSF3_G_CSF,Reactome,1.87291195779423,0.00596753961444461,29,1,0.8533702101084,4,29,TRUE,FALSE
REACTOME_SIGNALING_BY_CTNNB1_PHOSPHO_SITE_MUTANTS,Reactome,1.38036208913912,0.186925171440097,15,,,,,FALSE,FALSE
REACTOME_SIGNALING_BY_CYTOSOLIC_FGFR1_FUSION_MUTANTS,Reactome,1.18307353345328,0.373097826086957,17,1,0.727874590974812,2,17,FALSE,FALSE
REACTOME_SIGNALING_BY_EGFR,Reactome,1.33627181452819,0.190198352695887,52,0.807030464126227,1.42775400537367,12,52,FALSE,FALSE
REACTOME_SIGNALING_BY_EGFR_IN_CANCER,Reactome,1.1474273826679,0.394052749861364,25,0.704150419463123,1.73234152652005,7,25,FALSE,FALSE
REACTOME_SIGNALING_BY_ERBB2,Reactome,-0.967797245696714,0.636006259780908,50,1,0.742432082794308,6,50,FALSE,FALSE
REACTOME_SIGNALING_BY_ERBB2_ECD_MUTANTS,Reactome,-0.854108545977527,0.777014853737074,16,1,0.386683376455369,1,16,FALSE,FALSE
REACTOME_SIGNALING_BY_ERBB2_IN_CANCER,Reactome,-1.25741004285044,0.257112511703956,26,1,1.42775400537367,6,26,FALSE,FALSE
REACTOME_SIGNALING_BY_ERBB4,Reactome,-1.16753886666008,0.336711553457716,54,1,1.03115567054765,9,54,FALSE,FALSE
REACTOME_SIGNALING_BY_ERYTHROPOIETIN,Reactome,0.999988432999647,0.596506980246771,24,1,0.257788917636913,1,24,FALSE,FALSE
REACTOME_SIGNALING_BY_FGFR,Reactome,0.796950521567518,0.894083261399603,79,1,0.626524964383382,8,79,FALSE,FALSE
REACTOME_SIGNALING_BY_FGFR1,Reactome,-1.18916668369073,0.296460544454964,44,1,0.703060684464307,5,44,FALSE,FALSE
REACTOME_SIGNALING_BY_FGFR1_IN_DISEASE,Reactome,-0.967055168605057,0.624863467559892,30,1,0.61869340232859,3,30,FALSE,FALSE
REACTOME_SIGNALING_BY_FGFR2,Reactome,1.01270461103329,0.544250187766002,64,1,0.580025064683053,6,64,FALSE,FALSE
REACTOME_SIGNALING_BY_FGFR2_IIIA_TM,Reactome,1.02772715004822,0.557306273062731,19,,,,,FALSE,FALSE
REACTOME_SIGNALING_BY_FGFR2_IN_DISEASE,Reactome,0.621530418554782,0.984306645735217,34,1,0.363937295487406,2,34,FALSE,FALSE
REACTOME_SIGNALING_BY_FGFR3,Reactome,0.727485474874862,0.924442703245414,33,1,0.374965698380964,2,33,FALSE,FALSE
REACTOME_SIGNALING_BY_FGFR4,Reactome,-0.82270682652917,0.834738307244701,33,1,0.374965698380964,2,33,FALSE,FALSE
REACTOME_SIGNALING_BY_FGFR4_IN_DISEASE,Reactome,-0.7997812493683,0.816390917834213,11,,,,,FALSE,FALSE
REACTOME_SIGNALING_BY_FGFR_IN_DISEASE,Reactome,0.81203332520137,0.843603594378024,53,1,0.466938416851766,4,53,FALSE,FALSE
REACTOME_SIGNALING_BY_FLT3_FUSION_PROTEINS,Reactome,-1.42005278736866,0.139349790466213,19,,,,,FALSE,FALSE
REACTOME_SIGNALING_BY_FLT3_ITD_AND_TKD_MUTANTS,Reactome,-1.08752561944661,0.483432021263349,16,,,,,FALSE,FALSE
REACTOME_SIGNALING_BY_HEDGEHOG,Reactome,1.30068100014101,0.137620046620047,131,1,0.377828031956391,8,131,FALSE,FALSE
REACTOME_SIGNALING_BY_HIPPO,Reactome,0.933978402860249,0.696081355123464,20,,,,,FALSE,FALSE
REACTOME_SIGNALING_BY_INSULIN_RECEPTOR,Reactome,-0.892917161940028,0.757623348840368,69,1,0.358662841929617,4,69,FALSE,FALSE
REACTOME_SIGNALING_BY_INTERLEUKINS,Reactome,2.48414793311783,1.37545845317935e-24,421,0.0477752975285411,1.33731828056774,91,421,TRUE,TRUE
REACTOME_SIGNALING_BY_KIT_IN_DISEASE,Reactome,1.34720684471963,0.184292272966339,20,1,1.23738680465718,4,20,FALSE,FALSE
REACTOME_SIGNALING_BY_LEPTIN,Reactome,-1.07364979918026,0.494130195822986,11,0.664404386485345,2.24979419028578,4,11,FALSE,FALSE
REACTOME_SIGNALING_BY_LTK,Reactome,-0.658129573722972,0.927232026547095,11,1,0.562448547571445,1,11,FALSE,FALSE
REACTOME_SIGNALING_BY_MET,Reactome,0.691754025029157,0.983381806586887,76,1,0.488442159733097,6,76,FALSE,FALSE
REACTOME_SIGNALING_BY_MODERATE_KINASE_ACTIVITY_BRAF_MUTANTS,Reactome,-0.961194857397689,0.64045523595654,41,1,0.452702489508724,3,41,FALSE,FALSE
REACTOME_SIGNALING_BY_NODAL,Reactome,-1.07835591488087,0.50750065927985,17,1,0.363937295487406,1,17,FALSE,FALSE
REACTOME_SIGNALING_BY_NOTCH,Reactome,1.60717657315234,0.00257072777901748,166,1,0.708143050858025,19,166,TRUE,FALSE
REACTOME_SIGNALING_BY_NOTCH1,Reactome,-0.929583916070746,0.696081355123464,74,1,0.585250515716234,7,74,FALSE,FALSE
REACTOME_SIGNALING_BY_NOTCH1_HD_DOMAIN_MUTANTS_IN_CANCER,Reactome,0.987681712657218,0.608574674055198,15,,,,,FALSE,FALSE
REACTOME_SIGNALING_BY_NOTCH1_PEST_DOMAIN_MUTANTS_IN_CANCER,Reactome,0.889525212535226,0.744847037102532,58,1,0.10667127626355,1,58,FALSE,FALSE
REACTOME_SIGNALING_BY_NOTCH2,Reactome,-1.11359309058947,0.412810132575758,33,1,0.562448547571445,3,33,FALSE,FALSE
REACTOME_SIGNALING_BY_NOTCH3,Reactome,0.862455590055455,0.788883730660225,48,1,0.773366752910737,6,48,FALSE,FALSE
REACTOME_SIGNALING_BY_NOTCH4,Reactome,1.99816517784511,8.92592939045458e-05,72,1,0.257788917636912,3,72,TRUE,FALSE
REACTOME_SIGNALING_BY_NTRK2_TRKB,Reactome,1.01827980109827,0.575842937815792,24,1,0.515577835273825,2,24,FALSE,FALSE
REACTOME_SIGNALING_BY_NTRK3_TRKC,Reactome,-1.31686324990003,0.226721112348796,17,1,0.727874590974812,2,17,FALSE,FALSE
REACTOME_SIGNALING_BY_NTRKS,Reactome,1.20841519782986,0.233815575960554,126,1,0.883847717612271,18,126,FALSE,FALSE
REACTOME_SIGNALING_BY_NUCLEAR_RECEPTORS,Reactome,0.934258322319883,0.741792379774647,221,1,1.11980706303817,40,221,FALSE,FALSE
REACTOME_SIGNALING_BY_PDGF,Reactome,0.776595082805658,0.893373152257333,55,1,0.787427966600023,7,55,FALSE,FALSE
REACTOME_SIGNALING_BY_PDGFRA_TRANSMEMBRANE_JUXTAMEMBRANE_AND_KINASE_DOMAIN_MUTANTS,Reactome,1.24859869897067,0.292684143686502,12,1,1.03115567054765,2,12,FALSE,FALSE
REACTOME_SIGNALING_BY_PDGFR_IN_DISEASE,Reactome,1.16260454349541,0.367685138326586,20,1,0.61869340232859,2,20,FALSE,FALSE
REACTOME_SIGNALING_BY_PTK6,Reactome,-1.00985392040322,0.564225766173007,53,0.86057297947853,1.4008152505553,12,53,FALSE,FALSE
REACTOME_SIGNALING_BY_RECEPTOR_TYROSINE_KINASES,Reactome,1.1343772849826,0.221994120529152,500,1,0.866170763260026,70,500,FALSE,FALSE
REACTOME_SIGNALING_BY_RETINOIC_ACID,Reactome,1.17497571268633,0.345154464496028,37,0.195302374801787,2.00657319674137,12,37,FALSE,FALSE
REACTOME_SIGNALING_BY_ROBO_RECEPTORS,Reactome,1.28113682769985,0.104703757190996,199,1,0.217630845040208,7,199,FALSE,FALSE
REACTOME_SIGNALING_BY_SCF_KIT,Reactome,1.47912144455235,0.0819909530544335,43,1,0.863293119528265,6,43,FALSE,FALSE
REACTOME_SIGNALING_BY_TGFBR3,Reactome,-1.36091384512986,0.141159995745737,43,1,0.431646559764133,3,43,FALSE,FALSE
REACTOME_SIGNALING_BY_TGFB_FAMILY_MEMBERS,Reactome,-1.06535120834947,0.433506696252379,149,1,0.539799612769911,13,149,FALSE,FALSE
REACTOME_SIGNALING_BY_TGF_BETA_RECEPTOR_COMPLEX,Reactome,1.17844665949541,0.291887008051872,93,1,0.399157033760381,6,93,FALSE,FALSE
REACTOME_SIGNALING_BY_THE_B_CELL_RECEPTOR_BCR,Reactome,2.32689907319831,1.34332638385315e-10,143,1,0.302856910230778,7,143,TRUE,FALSE
REACTOME_SIGNALING_BY_TYPE_1_INSULIN_LIKE_GROWTH_FACTOR_1_RECEPTOR_IGF1R,Reactome,-1.39877467885008,0.0813512125580117,44,1,0.562448547571445,4,44,FALSE,FALSE
REACTOME_SIGNALING_BY_VEGF,Reactome,-0.769973650076722,0.959503093293739,105,1,0.353539087044909,6,105,FALSE,FALSE
REACTOME_SIGNALING_BY_WNT,Reactome,1.20151164770702,0.167557942962318,248,1,0.573788236030547,23,248,FALSE,FALSE
REACTOME_SIGNALING_BY_WNT_IN_CANCER,Reactome,0.816527976474365,0.827722857142857,34,1,1.09181188646222,6,34,FALSE,FALSE
REACTOME_SIGNALLING_TO_ERKS,Reactome,1.46150456837999,0.0670825207064488,32,1,0.386683376455369,2,32,FALSE,FALSE
REACTOME_SIGNALLING_TO_RAS,Reactome,1.63608717310917,0.0456058811625407,19,1,0.651256212977463,2,19,TRUE,FALSE
REACTOME_SIGNAL_AMPLIFICATION,Reactome,1.22730048980632,0.287591063521388,29,1,0.4266851050542,2,29,FALSE,FALSE
REACTOME_SIGNAL_REGULATORY_PROTEIN_FAMILY_INTERACTIONS,Reactome,1.24563255086692,0.297361323223392,13,1,0.475918001791223,1,13,FALSE,FALSE
REACTOME_SIGNAL_TRANSDUCTION_BY_L1,Reactome,-1.32423990603416,0.202706692913386,21,1,0.294615905870757,1,21,FALSE,FALSE
REACTOME_SLBP_DEPENDENT_PROCESSING_OF_REPLICATION_DEPENDENT_HISTONE_PRE_MRNAS,Reactome,1.70330988645401,0.0223948172030645,11,,,,,TRUE,FALSE
REACTOME_SLC_MEDIATED_TRANSMEMBRANE_TRANSPORT,Reactome,1.1421596948012,0.303994904180888,194,0.767219325611279,1.21187367466425,38,194,FALSE,FALSE
REACTOME_SLC_MEDIATED_TRANSPORT_OF_AMINO_ACIDS,Reactome,1.47375350384309,0.0622336681154059,33,0.905475592769543,1.49986279352385,8,33,FALSE,FALSE
REACTOME_SLC_MEDIATED_TRANSPORT_OF_INORGANIC_ANIONS,Reactome,0.886327490118574,0.744847037102532,27,0.542435451881612,1.83316563652916,8,27,FALSE,FALSE
REACTOME_SLC_MEDIATED_TRANSPORT_OF_NEUROTRANSMITTERS,Reactome,0.981331844348265,0.588741262155501,11,0.275753827280848,2.81224273785723,5,11,FALSE,FALSE
REACTOME_SLC_MEDIATED_TRANSPORT_OF_ORGANIC_ANIONS,Reactome,-0.998223250437609,0.568131903109781,27,1,0.916582818264578,4,27,FALSE,FALSE
REACTOME_SLC_MEDIATED_TRANSPORT_OF_ORGANIC_CATIONS,Reactome,-1.53025164132148,0.0795117363358002,10,1,1.23738680465718,2,10,FALSE,FALSE
REACTOME_SLC_TRANSPORTER_DISORDERS,Reactome,1.69357746779592,0.00620767326741035,77,1,0.803497925102065,10,77,TRUE,FALSE
REACTOME_SMAD2_SMAD3_SMAD4_HETEROTRIMER_REGULATES_TRANSCRIPTION,Reactome,1.69279723466127,0.0154488460265407,36,1,0.171859278424608,1,36,TRUE,FALSE
REACTOME_SMOOTH_MUSCLE_CONTRACTION,Reactome,-1.62904341248437,0.0238692405447202,37,0.557159910484989,1.67214433061781,10,37,FALSE,FALSE
REACTOME_SNRNP_ASSEMBLY,Reactome,2.25800617536921,1.08958743042529e-06,53,1,0.116734604212942,1,53,TRUE,FALSE
REACTOME_SODIUM_CALCIUM_EXCHANGERS,Reactome,-0.656125411995027,0.92410888314979,10,1,1.23738680465718,2,10,FALSE,FALSE
REACTOME_SOMITOGENESIS,Reactome,2.42516192579306,1.66494309397484e-07,41,1,0.150900829836242,1,41,TRUE,FALSE
REACTOME_SPECIFICATION_OF_PRIMORDIAL_GERM_CELLS,Reactome,1.22184517828191,0.353926791544939,10,1,1.85608020698577,3,10,FALSE,FALSE
REACTOME_SPECIFICATION_OF_THE_NEURAL_PLATE_BORDER,Reactome,-1.05609578831098,0.521747526849568,14,1,0.441923858806136,1,14,FALSE,FALSE
REACTOME_SPHINGOLIPID_CATABOLISM,Reactome,-1.04593304228662,0.527713495739945,12,1,1.03115567054765,2,12,FALSE,FALSE
REACTOME_SPHINGOLIPID_DE_NOVO_BIOSYNTHESIS,Reactome,1.25791219601632,0.262215280931302,36,1,1.03115567054765,6,36,FALSE,FALSE
REACTOME_SPHINGOLIPID_METABOLISM,Reactome,1.42889432754398,0.0455280128108149,99,1,1.12489709514289,18,99,TRUE,FALSE
REACTOME_SPOP_MEDIATED_PROTEASOMAL_DEGRADATION_OF_PD_L1_CD274,Reactome,2.28255293487505,1.22350761362743e-06,46,1,0.268997131447213,2,46,TRUE,FALSE
REACTOME_SPRY_REGULATION_OF_FGF_SIGNALING,Reactome,0.75772374868408,0.862349818668072,16,1,0.386683376455369,1,16,FALSE,FALSE
REACTOME_SRP_DEPENDENT_COTRANSLATIONAL_PROTEIN_TARGETING_TO_MEMBRANE,Reactome,0.718857940502579,0.975035507483885,111,1,0.055738144353927,1,111,FALSE,FALSE
REACTOME_STABILIZATION_OF_P53,Reactome,2.50063257590296,3.3076207777199e-08,43,1,0.143882186588044,1,43,TRUE,FALSE
REACTOME_STAT3_NUCLEAR_EVENTS_DOWNSTREAM_OF_ALK_SIGNALING,Reactome,1.97708486671592,0.00101546062251952,11,0.275753827280848,2.81224273785723,5,11,TRUE,FALSE
REACTOME_STAT5_ACTIVATION_DOWNSTREAM_OF_FLT3_ITD_MUTANTS,Reactome,-0.788366169023388,0.818872523597137,10,,,,,FALSE,FALSE
REACTOME_STIMULI_SENSING_CHANNELS,Reactome,-1.19476296582157,0.226271935028807,90,0.664404386485345,1.37487422739687,20,90,FALSE,FALSE
REACTOME_STING_MEDIATED_INDUCTION_OF_HOST_IMMUNE_RESPONSES,Reactome,1.56371347853735,0.0784088365647442,13,1,0.475918001791223,1,13,FALSE,FALSE
REACTOME_STRAND_ASYNCHRONOUS_MITOCHONDRIAL_DNA_REPLICATION,Reactome,1.50365962109858,0.112258592009924,10,,,,,FALSE,FALSE
REACTOME_STRIATED_MUSCLE_CONTRACTION,Reactome,-2.16655497064996,0.000217579511819709,29,0.000152993385587065,3.4134808404336,16,29,FALSE,TRUE
REACTOME_SULFUR_AMINO_ACID_METABOLISM,Reactome,1.110809798042,0.457569381644984,26,0.483625228188194,1.90367200716489,8,26,FALSE,FALSE
REACTOME_SUMOYLATION,Reactome,1.63614793490049,0.000927149760136114,170,1,0.691480861426071,19,170,TRUE,FALSE
REACTOME_SUMOYLATION_OF_CHROMATIN_ORGANIZATION_PROTEINS,Reactome,1.82121825476309,0.00235299452138501,56,1,0.220961929403068,2,56,TRUE,FALSE
REACTOME_SUMOYLATION_OF_DNA_DAMAGE_RESPONSE_AND_REPAIR_PROTEINS,Reactome,1.88093545976429,0.0003204429619207,76,1,0.325628106488732,4,76,TRUE,FALSE
REACTOME_SUMOYLATION_OF_DNA_METHYLATION_PROTEINS,Reactome,1.5461563495232,0.0663214118000943,16,1,0.773366752910737,2,16,FALSE,FALSE
REACTOME_SUMOYLATION_OF_DNA_REPLICATION_PROTEINS,Reactome,2.41084391355535,1.50105506383965e-07,45,1,0.962411959177807,7,45,TRUE,FALSE
REACTOME_SUMOYLATION_OF_IMMUNE_RESPONSE_PROTEINS,Reactome,1.47088412311828,0.122808586762075,12,1,0.515577835273825,1,12,FALSE,FALSE
REACTOME_SUMOYLATION_OF_INTRACELLULAR_RECEPTORS,Reactome,-2.17459713922803,9.69046758020334e-05,27,1,1.14572852283072,5,27,FALSE,FALSE
REACTOME_SUMOYLATION_OF_RNA_BINDING_PROTEINS,Reactome,2.05425356891296,7.0868185579515e-05,46,1,0.268997131447213,2,46,TRUE,FALSE
REACTOME_SUMOYLATION_OF_SUMOYLATION_PROTEINS,Reactome,2.05254590072619,0.000177743607987185,34,1,0.181968647743703,1,34,TRUE,FALSE
REACTOME_SUMOYLATION_OF_TRANSCRIPTION_COFACTORS,Reactome,0.631006228214991,0.985777877669769,43,1,0.287764373176088,2,43,FALSE,FALSE
REACTOME_SUMOYLATION_OF_TRANSCRIPTION_FACTORS,Reactome,-0.755670564013139,0.891029964843431,20,1,0.61869340232859,2,20,FALSE,FALSE
REACTOME_SUMOYLATION_OF_UBIQUITINYLATION_PROTEINS,Reactome,2.05793318096083,0.000122318810658012,38,1,0.162814053244366,1,38,TRUE,FALSE
REACTOME_SUPPRESSION_OF_PHAGOSOMAL_MATURATION,Reactome,1.90233860789362,0.00495646103380231,13,1,0.475918001791223,1,13,TRUE,FALSE
REACTOME_SURFACTANT_METABOLISM,Reactome,-0.898583016628601,0.729448909735346,25,0.213351058241566,2.22729624838292,9,25,FALSE,FALSE
REACTOME_SWITCHING_OF_ORIGINS_TO_A_POST_REPLICATIVE_STATE,Reactome,2.75989507705041,1.60702511186172e-15,79,1,0.704840584931305,9,79,TRUE,FALSE
REACTOME_SYNAPTIC_ADHESION_LIKE_MOLECULES,Reactome,-1.24763895424926,0.264108036890646,19,1,0.651256212977463,2,19,FALSE,FALSE
REACTOME_SYNDECAN_INTERACTIONS,Reactome,-1.33429834242361,0.183974273080531,26,1,0.713877002686835,3,26,FALSE,FALSE
REACTOME_SYNTHESIS_OF_ACTIVE_UBIQUITIN_ROLES_OF_E1_AND_E2_ENZYMES,Reactome,2.09156848977686,8.49802954086209e-05,30,1,0.82492453643812,4,30,TRUE,FALSE
REACTOME_SYNTHESIS_OF_BILE_ACIDS_AND_BILE_SALTS,Reactome,-1.38521129555613,0.144957002979991,29,1,1.2800553151626,6,29,FALSE,FALSE
REACTOME_SYNTHESIS_OF_BILE_ACIDS_AND_BILE_SALTS_VIA_24_HYDROXYCHOLESTEROL,Reactome,-1.65833979607705,0.0283458250869568,12,1,1.54673350582147,3,12,FALSE,FALSE
REACTOME_SYNTHESIS_OF_BILE_ACIDS_AND_BILE_SALTS_VIA_27_HYDROXYCHOLESTEROL,Reactome,-0.849997817937864,0.763943635534819,11,1,1.12489709514289,2,11,FALSE,FALSE
REACTOME_SYNTHESIS_OF_BILE_ACIDS_AND_BILE_SALTS_VIA_7ALPHA_HYDROXYCHOLESTEROL,Reactome,-1.39090788089134,0.152507140590289,19,1,1.30251242595493,4,19,FALSE,FALSE
REACTOME_SYNTHESIS_OF_DNA,Reactome,2.86073574802634,3.0273318038012e-20,108,1,0.916582818264578,16,108,TRUE,FALSE
REACTOME_SYNTHESIS_OF_GLYCOSYLPHOSPHATIDYLINOSITOL_GPI,Reactome,0.753666573918816,0.863755005822375,18,,,,,FALSE,FALSE
REACTOME_SYNTHESIS_OF_IP2_IP_AND_INS_IN_THE_CYTOSOL,Reactome,-1.31193910645553,0.220881595881596,13,1,0.475918001791223,1,13,FALSE,FALSE
REACTOME_SYNTHESIS_OF_IP3_AND_IP4_IN_THE_CYTOSOL,Reactome,-1.4377883791694,0.118409780954696,25,1,0.989909443725744,4,25,FALSE,FALSE
REACTOME_SYNTHESIS_OF_LEUKOTRIENES_LT_AND_EOXINS_EX,Reactome,1.19730170407585,0.335616509600782,18,0.905475592769543,1.71859278424608,5,18,FALSE,FALSE
REACTOME_SYNTHESIS_OF_PA,Reactome,1.09099109648586,0.474142928714572,34,1,1.27378053420592,7,34,FALSE,FALSE
REACTOME_SYNTHESIS_OF_PC,Reactome,-0.748635323238314,0.919302161153751,27,1,0.229145704566144,1,27,FALSE,FALSE
REACTOME_SYNTHESIS_OF_PE,Reactome,-1.01258580036324,0.574519474048874,12,1,0.515577835273825,1,12,FALSE,FALSE
REACTOME_SYNTHESIS_OF_PIPS_AT_THE_EARLY_ENDOSOME_MEMBRANE,Reactome,0.906119636614454,0.710370406814254,16,,,,,FALSE,FALSE
REACTOME_SYNTHESIS_OF_PIPS_AT_THE_GOLGI_MEMBRANE,Reactome,0.880421105104418,0.731172266886553,16,,,,,FALSE,FALSE
REACTOME_SYNTHESIS_OF_PIPS_AT_THE_LATE_ENDOSOME_MEMBRANE,Reactome,0.776589584778481,0.836643610013175,11,,,,,FALSE,FALSE
REACTOME_SYNTHESIS_OF_PIPS_AT_THE_PLASMA_MEMBRANE,Reactome,-0.987458384872351,0.577378488582022,53,1,0.233469208425883,2,53,FALSE,FALSE
REACTOME_SYNTHESIS_OF_PROSTAGLANDINS_PG_AND_THROMBOXANES_TX,Reactome,0.772680038329875,0.836744353917792,14,1,0.883847717612271,2,14,FALSE,FALSE
REACTOME_SYNTHESIS_OF_SUBSTRATES_IN_N_GLYCAN_BIOSYTHESIS,Reactome,0.973290888051175,0.60365922067211,60,1,0.41246226821906,4,60,FALSE,FALSE
REACTOME_SYNTHESIS_OF_VERY_LONG_CHAIN_FATTY_ACYL_COAS,Reactome,-0.805953222614045,0.843603594378024,21,1,0.589231811741514,2,21,FALSE,FALSE
REACTOME_SYNTHESIS_SECRETION_AND_DEACYLATION_OF_GHRELIN,Reactome,0.658858466407686,0.927232026547095,14,1,0.883847717612271,2,14,FALSE,FALSE
REACTOME_SYNTHESIS_SECRETION_AND_INACTIVATION_OF_GLUCAGON_LIKE_PEPTIDE_1_GLP_1,Reactome,-1.05882616915634,0.521747526849568,14,1,1.32577157641841,3,14,FALSE,FALSE
REACTOME_S_PHASE,Reactome,2.64859568768975,7.57411538928808e-17,150,1,0.866170763260026,21,150,TRUE,FALSE
REACTOME_TAK1_DEPENDENT_IKK_AND_NF_KAPPA_B_ACTIVATION,Reactome,2.14234979905287,5.51242324277737e-05,44,1,0.843672821357168,6,44,TRUE,FALSE
REACTOME_TBC_RABGAPS,Reactome,0.837583190443773,0.820259372305713,44,,,,,FALSE,FALSE
REACTOME_TCF_DEPENDENT_SIGNALING_IN_RESPONSE_TO_WNT,Reactome,1.46155447619684,0.0209029420610497,156,1,0.594897502239029,15,156,TRUE,FALSE
REACTOME_TCR_SIGNALING,Reactome,2.65701272149676,7.79187950294143e-15,107,1,0.809505386224323,14,107,TRUE,FALSE
REACTOME_TELOMERE_C_STRAND_LAGGING_STRAND_SYNTHESIS,Reactome,1.89341392670837,0.00185794546941843,34,1,0.363937295487406,2,34,TRUE,FALSE
REACTOME_TELOMERE_C_STRAND_SYNTHESIS_INITIATION,Reactome,1.17686181684466,0.375752599890531,13,,,,,FALSE,FALSE
REACTOME_TELOMERE_EXTENSION_BY_TELOMERASE,Reactome,2.00462684682,0.00112390644606161,22,1,0.843672821357168,3,22,TRUE,FALSE
REACTOME_TELOMERE_MAINTENANCE,Reactome,2.3052821470228,1.29568794021709e-07,64,1,0.483354220569211,5,64,TRUE,FALSE
REACTOME_TERMINATION_OF_O_GLYCAN_BIOSYNTHESIS,Reactome,-1.61816003586308,0.0343362636071378,19,0.988013431424801,1.62814053244366,5,19,FALSE,FALSE
REACTOME_TERMINATION_OF_TRANSLESION_DNA_SYNTHESIS,Reactome,2.07462029916903,0.000109213972251523,32,1,0.773366752910737,4,32,TRUE,FALSE
REACTOME_TETRAHYDROBIOPTERIN_BH4_SYNTHESIS_RECYCLING_SALVAGE_AND_REGULATION,Reactome,1.44372866785116,0.14493144579585,10,1,1.23738680465718,2,10,FALSE,FALSE
REACTOME_TFAP2_AP_2_FAMILY_REGULATES_TRANSCRIPTION_OF_GROWTH_FACTORS_AND_THEIR_RECEPTORS,Reactome,-0.906516809436009,0.714559163914529,12,1,1.03115567054765,2,12,FALSE,FALSE
REACTOME_TGFBR3_EXPRESSION,Reactome,-1.40764316904521,0.144391974868883,22,1,0.562448547571445,2,22,FALSE,FALSE
REACTOME_TGFBR3_PTM_REGULATION,Reactome,-1.26065611072034,0.286359844271413,11,1,1.12489709514289,2,11,FALSE,FALSE
REACTOME_TGF_BETA_RECEPTOR_SIGNALING_ACTIVATES_SMADS,Reactome,-1.27148081434192,0.202757831392022,47,1,0.526547576449864,4,47,FALSE,FALSE
REACTOME_TGF_BETA_RECEPTOR_SIGNALING_IN_EMT_EPITHELIAL_TO_MESENCHYMAL_TRANSITION,Reactome,-0.656941320245211,0.937823899134598,16,,,,,FALSE,FALSE
REACTOME_THE_ACTIVATION_OF_ARYLSULFATASES,Reactome,0.999244070925697,0.577378488582022,11,1,0.562448547571445,1,11,FALSE,FALSE
REACTOME_THE_CANONICAL_RETINOID_CYCLE_IN_RODS_TWILIGHT_VISION,Reactome,1.65759298903099,0.0258933375372904,16,0.367981965513565,2.32010025873221,6,16,TRUE,FALSE
REACTOME_THE_CRY_PER_KINASE_COMPLEX_REPRESSES_TRANSACTIVATION_BY_THE_BMAL_CLOCK_ARNTL_CLOCK_COMPLEX,Reactome,-1.68749851057309,0.0344867750757412,13,1,1.42775400537367,3,13,FALSE,FALSE
REACTOME_THE_NLRP3_INFLAMMASOME,Reactome,1.54534609995506,0.0663214118000943,16,0.718271320102921,1.93341688227684,5,16,FALSE,FALSE
REACTOME_THE_PHOTOTRANSDUCTION_CASCADE,Reactome,0.977579226184251,0.638572213174345,25,1,1.48486416558862,6,25,FALSE,FALSE
REACTOME_THE_ROLE_OF_GTSE1_IN_G2_M_PROGRESSION_AFTER_G2_CHECKPOINT,Reactome,2.49957853646649,1.16549094217546e-09,62,1,0.698524809080666,7,62,TRUE,FALSE
REACTOME_THE_ROLE_OF_NEF_IN_HIV_1_REPLICATION_AND_DISEASE_PATHOGENESIS,Reactome,1.5792673104327,0.0367710151484643,28,1,0.883847717612271,4,28,TRUE,FALSE
REACTOME_THROMBIN_SIGNALLING_THROUGH_PROTEINASE_ACTIVATED_RECEPTORS_PARS,Reactome,0.755187679050537,0.8888620668372,28,1,0.441923858806136,2,28,FALSE,FALSE
REACTOME_THROMBOXANE_SIGNALLING_THROUGH_TP_RECEPTOR,Reactome,0.799449120914347,0.835140813199862,21,1,0.589231811741514,2,21,FALSE,FALSE
REACTOME_THYROXINE_BIOSYNTHESIS,Reactome,1.1774903118872,0.380115340057244,11,0.00298602596326332,4.49958838057156,8,11,FALSE,TRUE
REACTOME_TICAM1_DEPENDENT_ACTIVATION_OF_IRF3_IRF7,Reactome,1.39422295363788,0.167492573433167,13,1,0.951836003582446,2,13,FALSE,FALSE
REACTOME_TICAM1_RIP1_MEDIATED_IKK_COMPLEX_RECRUITMENT,Reactome,1.78796690863741,0.0154488460265407,19,1,0.325628106488732,1,19,TRUE,FALSE
REACTOME_TICAM1_TRAF6_DEPENDENT_INDUCTION_OF_TAK1_COMPLEX,Reactome,-0.634982884817383,0.937823899134598,11,,,,,FALSE,FALSE
REACTOME_TIE2_SIGNALING,Reactome,0.770691114198778,0.8451031543052,18,1,0.687437113698433,2,18,FALSE,FALSE
REACTOME_TIGHT_JUNCTION_INTERACTIONS,Reactome,-1.57081121320729,0.0671964244569166,25,0.704150419463123,1.73234152652005,7,25,FALSE,FALSE
REACTOME_TNFR1_INDUCED_NF_KAPPA_B_SIGNALING_PATHWAY,Reactome,1.12996025247741,0.402872555731945,33,1,0.187482849190482,1,33,FALSE,FALSE
REACTOME_TNFR1_INDUCED_PROAPOPTOTIC_SIGNALING,Reactome,1.27948782919654,0.234340331114525,25,1,0.494954721862872,2,25,FALSE,FALSE
REACTOME_TNFR2_NON_CANONICAL_NF_KB_PATHWAY,Reactome,2.45782041329135,5.49026588445495e-10,85,1,0.800662050072293,11,85,TRUE,FALSE
REACTOME_TNFS_BIND_THEIR_PHYSIOLOGICAL_RECEPTORS,Reactome,1.29990404363575,0.217968599011587,26,0.249407060125913,2.1416310080605,9,26,FALSE,FALSE
REACTOME_TNF_RECEPTOR_SUPERFAMILY_TNFSF_MEMBERS_MEDIATING_NON_CANONICAL_NF_KB_PATHWAY,Reactome,1.69498106037703,0.0352744776617317,17,1,1.09181188646222,3,17,TRUE,FALSE
REACTOME_TNF_SIGNALING,Reactome,1.71758068066461,0.00431108196116023,57,1,0.325628106488732,3,57,TRUE,FALSE
REACTOME_TOLL_LIKE_RECEPTOR_9_TLR9_CASCADE,Reactome,2.10301340478044,6.45253749130197e-07,108,1,0.572864261415361,10,108,TRUE,FALSE
REACTOME_TOLL_LIKE_RECEPTOR_CASCADES,Reactome,2.2630878380205,4.02105404745003e-10,162,1,0.725628064459457,19,162,TRUE,FALSE
REACTOME_TOLL_LIKE_RECEPTOR_TLR1_TLR2_CASCADE,Reactome,2.28151688638353,8.79776571484223e-09,110,1,0.674938257085735,12,110,TRUE,FALSE
REACTOME_TP53_REGULATES_METABOLIC_GENES,Reactome,1.47101458443959,0.035772536995395,81,1,0.687437113698433,9,81,TRUE,FALSE
REACTOME_TP53_REGULATES_TRANSCRIPTION_OF_ADDITIONAL_CELL_CYCLE_GENES_WHOSE_EXACT_ROLE_IN_THE_P53_PATHWAY_REMAIN_UNCERTAIN,Reactome,1.70393888885503,0.0237342749514256,20,1,0.309346701164295,1,20,TRUE,FALSE
REACTOME_TP53_REGULATES_TRANSCRIPTION_OF_CASPASE_ACTIVATORS_AND_CASPASES,Reactome,1.53654744368109,0.107098963303479,12,,,,,FALSE,FALSE
REACTOME_TP53_REGULATES_TRANSCRIPTION_OF_CELL_CYCLE_GENES,Reactome,2.20562770155444,4.5626742651956e-06,48,1,1.28894458818456,10,48,TRUE,FALSE
REACTOME_TP53_REGULATES_TRANSCRIPTION_OF_CELL_DEATH_GENES,Reactome,1.84975510131769,0.00355814267574955,44,1,0.421836410678584,3,44,TRUE,FALSE
REACTOME_TP53_REGULATES_TRANSCRIPTION_OF_DEATH_RECEPTORS_AND_LIGANDS,Reactome,1.55056306917937,0.0992430151216575,12,1,0.515577835273825,1,12,FALSE,FALSE
REACTOME_TP53_REGULATES_TRANSCRIPTION_OF_DNA_REPAIR_GENES,Reactome,1.89273620164989,0.000788859333987453,61,,,,,TRUE,FALSE
REACTOME_TP53_REGULATES_TRANSCRIPTION_OF_GENES_INVOLVED_IN_CYTOCHROME_C_RELEASE,Reactome,1.32181563700193,0.219718256825894,20,,,,,FALSE,FALSE
REACTOME_TP53_REGULATES_TRANSCRIPTION_OF_GENES_INVOLVED_IN_G1_CELL_CYCLE_ARREST,Reactome,1.74759521577454,0.0154488460265407,14,0.553075311529958,2.20961929403068,5,14,TRUE,FALSE
REACTOME_TP53_REGULATES_TRANSCRIPTION_OF_GENES_INVOLVED_IN_G2_CELL_CYCLE_ARREST,Reactome,1.90550937546014,0.00256600079908795,18,0.905475592769543,1.71859278424608,5,18,TRUE,FALSE
REACTOME_TP53_REGULATES_TRANSCRIPTION_OF_SEVERAL_ADDITIONAL_CELL_DEATH_GENES_WHOSE_SPECIFIC_ROLES_IN_P53_DEPENDENT_APOPTOSIS_REMAIN_UNCERTAIN,Reactome,1.69838036579758,0.0232543488042879,14,1,0.883847717612271,2,14,TRUE,FALSE
REACTOME_TRAF3_DEPENDENT_IRF_ACTIVATION_PATHWAY,Reactome,1.80218927131896,0.0122331084481447,13,1,1.42775400537367,3,13,TRUE,FALSE
REACTOME_TRAF6_MEDIATED_INDUCTION_OF_TAK1_COMPLEX_WITHIN_TLR4_COMPLEX,Reactome,0.87332652888223,0.733608121517441,16,1,0.386683376455369,1,16,FALSE,FALSE
REACTOME_TRAF6_MEDIATED_IRF7_ACTIVATION,Reactome,1.56797996520465,0.0820109697876148,15,1,1.23738680465718,3,15,FALSE,FALSE
REACTOME_TRAF6_MEDIATED_IRF7_ACTIVATION_IN_TLR7_8_OR_9_SIGNALING,Reactome,1.67479781983498,0.038972751477701,13,1,0.951836003582446,2,13,TRUE,FALSE
REACTOME_TRAF6_MEDIATED_NF_KB_ACTIVATION,Reactome,1.76033160192809,0.0155533989163412,24,1,0.773366752910737,3,24,TRUE,FALSE
REACTOME_TRAFFICKING_AND_PROCESSING_OF_ENDOSOMAL_TLR,Reactome,1.15136936253171,0.411837400715091,13,1,0.475918001791223,1,13,FALSE,FALSE
REACTOME_TRAFFICKING_OF_AMPA_RECEPTORS,Reactome,-1.62593553277698,0.0294043661825264,28,1,1.32577157641841,6,28,FALSE,FALSE
REACTOME_TRAFFICKING_OF_GLUR2_CONTAINING_AMPA_RECEPTORS,Reactome,-1.16291102196955,0.388858699406393,16,1,1.16005012936611,3,16,FALSE,FALSE
REACTOME_TRANSCRIPTIONAL_ACTIVATION_OF_MITOCHONDRIAL_BIOGENESIS,Reactome,1.05810079745305,0.472429294745299,53,1,0.700407625277649,6,53,FALSE,FALSE
REACTOME_TRANSCRIPTIONAL_ACTIVITY_OF_SMAD2_SMAD3_SMAD4_HETEROTRIMER,Reactome,1.62513645751417,0.020789797425766,50,1,0.247477360931436,2,50,TRUE,FALSE
REACTOME_TRANSCRIPTIONAL_AND_POST_TRANSLATIONAL_REGULATION_OF_MITF_M_EXPRESSION_AND_ACTIVITY,Reactome,1.13143106595622,0.374873840081948,51,1,0.485249727316541,4,51,FALSE,FALSE
REACTOME_TRANSCRIPTIONAL_REGULATION_BY_E2F6,Reactome,1.64392276549909,0.0280325729788916,34,1,0.545905943231109,3,34,TRUE,FALSE
REACTOME_TRANSCRIPTIONAL_REGULATION_BY_MECP2,Reactome,0.958719329975012,0.636006259780908,49,1,0.883847717612271,7,49,FALSE,FALSE
REACTOME_TRANSCRIPTIONAL_REGULATION_BY_NPAS4,Reactome,1.15149726786757,0.404012299119656,29,1,0.4266851050542,2,29,FALSE,FALSE
REACTOME_TRANSCRIPTIONAL_REGULATION_BY_RUNX1,Reactome,1.59637325886185,0.00350206736781997,158,1,0.626524964383382,16,158,TRUE,FALSE
REACTOME_TRANSCRIPTIONAL_REGULATION_BY_RUNX2,Reactome,1.79049532241229,0.000610607702439375,101,1,0.551310952570031,9,101,TRUE,FALSE
REACTOME_TRANSCRIPTIONAL_REGULATION_BY_RUNX3,Reactome,1.74221671355063,0.00179442873370766,85,1,0.436724754584887,6,85,TRUE,FALSE
REACTOME_TRANSCRIPTIONAL_REGULATION_BY_SMALL_RNAS,Reactome,1.44879575640862,0.141889760353324,17,,,,,FALSE,FALSE
REACTOME_TRANSCRIPTIONAL_REGULATION_BY_THE_AP_2_TFAP2_FAMILY_OF_TRANSCRIPTION_FACTORS,Reactome,1.32380794296101,0.185381284417826,33,1,0.937414245952409,5,33,FALSE,FALSE
REACTOME_TRANSCRIPTIONAL_REGULATION_BY_TP53,Reactome,2.32957791062768,1.38129029325249e-17,353,1,0.54332848363134,31,353,TRUE,FALSE
REACTOME_TRANSCRIPTIONAL_REGULATION_BY_VENTX,Reactome,1.24456285147436,0.277691247516164,39,1,0.793196669652038,5,39,FALSE,FALSE
REACTOME_TRANSCRIPTIONAL_REGULATION_OF_BROWN_AND_BEIGE_ADIPOCYTE_DIFFERENTIATION,Reactome,-1.26000242525867,0.262063351718524,29,0.375219145334143,1.9200829727439,9,29,FALSE,FALSE
REACTOME_TRANSCRIPTIONAL_REGULATION_OF_GRANULOPOIESIS,Reactome,1.44690207032159,0.0990800636190707,29,1,0.4266851050542,2,29,FALSE,FALSE
REACTOME_TRANSCRIPTIONAL_REGULATION_OF_PLURIPOTENT_STEM_CELLS,Reactome,-1.01759874009446,0.548423216951727,22,0.837981763835941,1.68734564271434,6,22,FALSE,FALSE
REACTOME_TRANSCRIPTIONAL_REGULATION_OF_WHITE_ADIPOCYTE_DIFFERENTIATION,Reactome,1.02423961054851,0.524603820858127,83,1,0.894496485294347,12,83,FALSE,FALSE
REACTOME_TRANSCRIPTION_COUPLED_NUCLEOTIDE_EXCISION_REPAIR_TC_NER,Reactome,1.89419024289067,0.000267610194003573,76,1,0.0814070266221829,1,76,TRUE,FALSE
REACTOME_TRANSCRIPTION_OF_E2F_TARGETS_UNDER_NEGATIVE_CONTROL_BY_DREAM_COMPLEX,Reactome,1.94413697055118,0.0031110142840591,19,1,0.976884319466195,3,19,TRUE,FALSE
REACTOME_TRANSCRIPTION_OF_E2F_TARGETS_UNDER_NEGATIVE_CONTROL_BY_P107_RBL1_AND_P130_RBL2_IN_COMPLEX_WITH_HDAC1,Reactome,1.77427237125373,0.0121227003454471,16,1,1.16005012936611,3,16,TRUE,FALSE
REACTOME_TRANSCRIPTION_OF_THE_HIV_GENOME,Reactome,1.78924438595314,0.00268306635706012,70,,,,,TRUE,FALSE
REACTOME_TRANSFERRIN_ENDOCYTOSIS_AND_RECYCLING,Reactome,1.49707546952817,0.0984767941754697,29,1,0.6400276575813,3,29,FALSE,FALSE
REACTOME_TRANSLATION,Reactome,2.27035247597587,5.77768294917031e-16,346,1,0.0357626244120572,2,346,TRUE,FALSE
REACTOME_TRANSLATION_OF_REPLICASE_AND_ASSEMBLY_OF_THE_REPLICATION_TRANSCRIPTION_COMPLEX,Reactome,-0.99204306241962,0.596917290572409,14,,,,,FALSE,FALSE
REACTOME_TRANSLATION_OF_SARS_COV_1_STRUCTURAL_PROTEINS,Reactome,0.903005577428094,0.72235076076884,29,1,0.4266851050542,2,29,FALSE,FALSE
REACTOME_TRANSLATION_OF_SARS_COV_2_STRUCTURAL_PROTEINS,Reactome,0.934304500675041,0.661116702973485,60,1,0.309346701164295,3,60,FALSE,FALSE
REACTOME_TRANSLESION_SYNTHESIS_BY_POLH,Reactome,1.76259753721678,0.0145128876512506,18,,,,,TRUE,FALSE
REACTOME_TRANSLESION_SYNTHESIS_BY_POLK,Reactome,1.54218428460934,0.0963477820176851,17,,,,,FALSE,FALSE
REACTOME_TRANSLESION_SYNTHESIS_BY_Y_FAMILY_DNA_POLYMERASES_BYPASSES_LESIONS_ON_DNA_TEMPLATE,Reactome,2.14829064831002,2.00476604615967e-05,38,1,0.651256212977463,4,38,TRUE,FALSE
REACTOME_TRANSLOCATION_OF_SLC2A4_GLUT4_TO_THE_PLASMA_MEMBRANE,Reactome,1.45114400332918,0.0733509516608243,68,1,0.363937295487406,4,68,FALSE,FALSE
REACTOME_TRANSMISSION_ACROSS_CHEMICAL_SYNAPSES,Reactome,-1.53103643505757,0.00183509775837363,219,0.0908954166133576,1.44079285473781,51,219,FALSE,FALSE
REACTOME_TRANSPORT_OF_CONNEXONS_TO_THE_PLASMA_MEMBRANE,Reactome,1.30493638948377,0.256101452662616,17,1,0.727874590974812,2,17,FALSE,FALSE
REACTOME_TRANSPORT_OF_MATURE_MRNAS_DERIVED_FROM_INTRONLESS_TRANSCRIPTS,Reactome,2.24066924429787,4.63009104360175e-06,42,1,0.147307952935379,1,42,TRUE,FALSE
REACTOME_TRANSPORT_OF_MATURE_TRANSCRIPT_TO_CYTOPLASM,Reactome,2.34049496313613,2.06069392464394e-08,80,1,0.154673350582147,2,80,TRUE,FALSE
REACTOME_TRANSPORT_OF_NUCLEOSIDES_AND_FREE_PURINE_AND_PYRIMIDINE_BASES_ACROSS_THE_PLASMA_MEMBRANE,Reactome,0.955080384648396,0.628043460599703,10,1,0.61869340232859,1,10,FALSE,FALSE
REACTOME_TRANSPORT_OF_THE_SLBP_DEPENDANT_MATURE_MRNA,Reactome,2.17328719377946,3.24944485299535e-05,35,1,0.176769543522454,1,35,TRUE,FALSE
REACTOME_TRANSPORT_OF_VITAMINS_NUCLEOSIDES_AND_RELATED_MOLECULES,Reactome,0.974246801274785,0.638815448215156,26,1,0.713877002686835,3,26,FALSE,FALSE
REACTOME_TRANSPORT_TO_THE_GOLGI_AND_SUBSEQUENT_MODIFICATION,Reactome,1.05495044137004,0.458850126268354,175,1,0.388892995749399,11,175,FALSE,FALSE
REACTOME_TRANS_GOLGI_NETWORK_VESICLE_BUDDING,Reactome,1.19097716068029,0.29291546361004,71,1,0.174279831641856,2,71,FALSE,FALSE
REACTOME_TRIGLYCERIDE_BIOSYNTHESIS,Reactome,-1.03528385537977,0.561724794426216,11,0.664404386485345,2.24979419028578,4,11,FALSE,FALSE
REACTOME_TRIGLYCERIDE_CATABOLISM,Reactome,-0.634919649571976,0.964583292392949,20,1,1.54673350582147,5,20,FALSE,FALSE
REACTOME_TRIGLYCERIDE_METABOLISM,Reactome,-0.955862943678892,0.647705409338694,31,0.509628731595797,1.79620665192171,9,31,FALSE,FALSE
REACTOME_TRISTETRAPROLIN_TTP_ZFP36_BINDS_AND_DESTABILIZES_MRNA,Reactome,1.48952041643263,0.114423242715099,17,1,0.363937295487406,1,17,FALSE,FALSE
REACTOME_TRNA_AMINOACYLATION,Reactome,1.92804408173454,0.00256600079908795,24,,,,,TRUE,FALSE
REACTOME_TRNA_MODIFICATION_IN_THE_MITOCHONDRION,Reactome,1.60457613928437,0.0614073476762157,10,,,,,FALSE,FALSE
REACTOME_TRNA_MODIFICATION_IN_THE_NUCLEUS_AND_CYTOSOL,Reactome,1.87643495720544,0.00154162470710905,42,1,0.147307952935379,1,42,TRUE,FALSE
REACTOME_TRNA_PROCESSING,Reactome,2.41717433404816,1.4093380442773e-10,109,1,0.113521725197906,2,109,TRUE,FALSE
REACTOME_TRNA_PROCESSING_IN_THE_NUCLEUS,Reactome,2.33588282912942,2.23196197329978e-07,57,1,0.108542702162911,1,57,TRUE,FALSE
REACTOME_TRP_CHANNELS,Reactome,0.912694863793011,0.710795143299161,21,1,1.47307952935379,5,21,FALSE,FALSE
REACTOME_TRYPTOPHAN_CATABOLISM,Reactome,1.28172670793424,0.279348293236039,13,0.896992344996639,1.90367200716489,4,13,FALSE,FALSE
REACTOME_TURBULENT_OSCILLATORY_DISTURBED_FLOW_SHEAR_STRESS_ACTIVATES_SIGNALING_BY_PIEZO1_AND_INTEGRINS_IN_ENDOTHELIAL_CELLS,Reactome,1.30401497633929,0.182439166028942,31,1,0.598735550640571,3,31,FALSE,FALSE
REACTOME_TYPE_I_HEMIDESMOSOME_ASSEMBLY,Reactome,-0.839224893022144,0.776458974702182,11,,,,,FALSE,FALSE
REACTOME_UBIQUINOL_BIOSYNTHESIS,Reactome,1.31033175283086,0.239712332764121,13,1,0.951836003582446,2,13,FALSE,FALSE
REACTOME_UBIQUITIN_DEPENDENT_DEGRADATION_OF_CYCLIN_D,Reactome,2.2905246812001,2.69737145758871e-06,39,1,0.158639333930408,1,39,TRUE,FALSE
REACTOME_UBIQUITIN_MEDIATED_DEGRADATION_OF_PHOSPHORYLATED_CDC25A,Reactome,2.61512598319822,1.15248654942868e-10,51,1,0.121312431829135,1,51,TRUE,FALSE
REACTOME_UB_SPECIFIC_PROCESSING_PROTEASES,Reactome,1.93513541676175,5.48145760391957e-06,147,1,0.71549577140041,17,147,TRUE,FALSE
REACTOME_UCH_PROTEINASES,Reactome,2.30030350895958,1.51893223583956e-07,71,1,0.0871399158209282,1,71,TRUE,FALSE
REACTOME_UNBLOCKING_OF_NMDA_RECEPTORS_GLUTAMATE_BINDING_AND_ACTIVATION,Reactome,-1.6780729091209,0.0312116189754448,20,0.182357442328502,2.47477360931436,8,20,FALSE,FALSE
REACTOME_UNFOLDED_PROTEIN_RESPONSE_UPR,Reactome,1.55760708258964,0.022607272746387,90,1,0.481205979588903,7,90,TRUE,FALSE
REACTOME_UNWINDING_OF_DNA,Reactome,2.12888803423342,0.000112789594354039,12,0.367981965513565,2.57788917636913,5,12,TRUE,FALSE
REACTOME_UPTAKE_AND_ACTIONS_OF_BACTERIAL_TOXINS,Reactome,0.980536472354595,0.612975853295569,28,1,0.441923858806136,2,28,FALSE,FALSE
REACTOME_UPTAKE_AND_FUNCTION_OF_ANTHRAX_TOXINS,Reactome,1.32673694705801,0.237634615384615,11,,,,,FALSE,FALSE
REACTOME_UREA_CYCLE,Reactome,1.56079273788016,0.0850266660537913,10,1,0.61869340232859,1,10,FALSE,FALSE
REACTOME_VASOPRESSIN_REGULATES_RENAL_WATER_HOMEOSTASIS_VIA_AQUAPORINS,Reactome,-1.18272091588687,0.303994904180888,36,1,0.687437113698433,4,36,FALSE,FALSE
REACTOME_VEGFR2_MEDIATED_CELL_PROLIFERATION,Reactome,-0.951365733014663,0.656352184007131,19,1,0.325628106488732,1,19,FALSE,FALSE
REACTOME_VEGFR2_MEDIATED_VASCULAR_PERMEABILITY,Reactome,0.663220779658558,0.941578849570417,27,1,0.229145704566144,1,27,FALSE,FALSE
REACTOME_VIF_MEDIATED_DEGRADATION_OF_APOBEC3G,Reactome,2.56245762402409,2.70703429925969e-09,41,,,,,TRUE,FALSE
REACTOME_VIRAL_MESSENGER_RNA_SYNTHESIS,Reactome,2.15638250184468,6.1322064616151e-05,43,1,0.143882186588044,1,43,TRUE,FALSE
REACTOME_VISUAL_PHOTOTRANSDUCTION,Reactome,1.24403038609099,0.230181399928696,74,0.000422583555908117,2.34100206286493,28,74,FALSE,TRUE
REACTOME_VITAMIN_B5_PANTOTHENATE_METABOLISM,Reactome,0.967214992590964,0.629131873863598,20,1,0.61869340232859,2,20,FALSE,FALSE
REACTOME_VITAMIN_D_CALCIFEROL_METABOLISM,Reactome,1.15345301909466,0.408014447035157,10,1,1.23738680465718,2,10,FALSE,FALSE
REACTOME_VLDLR_INTERNALISATION_AND_DEGRADATION,Reactome,0.951944327742615,0.656797657295418,16,1,0.386683376455369,1,16,FALSE,FALSE
REACTOME_VOLTAGE_GATED_POTASSIUM_CHANNELS,Reactome,-1.1632433471725,0.33887811926346,28,0.330630205147454,1.98865736462761,9,28,FALSE,FALSE
REACTOME_VXPX_CARGO_TARGETING_TO_CILIUM,Reactome,1.17913143580527,0.35272601231497,18,1,0.343718556849217,1,18,FALSE,FALSE
REACTOME_WNT5A_DEPENDENT_INTERNALIZATION_OF_FZD2_FZD5_AND_ROR2,Reactome,1.23972745735349,0.303994904180888,13,1,0.951836003582446,2,13,FALSE,FALSE
REACTOME_WNT5A_DEPENDENT_INTERNALIZATION_OF_FZD4,Reactome,0.828072031923454,0.788038678028799,14,1,0.883847717612271,2,14,FALSE,FALSE
REACTOME_WNT_LIGAND_BIOGENESIS_AND_TRAFFICKING,Reactome,-1.15442825132362,0.349206102036261,23,1,1.34498565723607,5,23,FALSE,FALSE
REACTOME_XENOBIOTICS,Reactome,-1.32387067580892,0.205920047993019,13,0.195302374801787,2.85550801074734,6,13,FALSE,FALSE
REACTOME_YAP1_AND_WWTR1_TAZ_STIMULATED_GENE_EXPRESSION,Reactome,0.831456194356774,0.784705237718541,12,,,,,FALSE,FALSE
REACTOME_ZBP1_DAI_MEDIATED_INDUCTION_OF_TYPE_I_IFNS,Reactome,1.91031549531349,0.00345009379693182,20,1,0.61869340232859,2,20,TRUE,FALSE
REACTOME_ZINC_TRANSPORTERS,Reactome,1.10437970159541,0.483413700727134,12,1,1.03115567054765,2,12,FALSE,FALSE
REACTOME_Z_DECAY_DEGRADATION_OF_MATERNAL_MRNAS_BY_ZYGOTICALLY_EXPRESSED_FACTORS,Reactome,1.42940715799196,0.150967308838593,10,,,,,FALSE,FALSE
