rank,gene,gene_types,logFC,direction,SE,P,FDR,FDR_lncRNA,I2,I2_flag,k,k_flag,confidence
1,AP001610.5,antisense,3.10490957855199,up_in_PP,0.243459629019869,2.98887347517166e-37,3.63626927353166e-35,4.78994649150658e-35,48.8415761635544,low,4,all4,A_high
2,RP11-321G12.1,lincRNA,-1.98278005914506,down_in_PP,0.224264224241609,9.46385379981655e-19,3.11263915919951e-17,3.65625851712556e-17,41.1972383327248,low,3,k3,A_high
3,RP11-706C16.7,antisense,1.90770534764615,up_in_PP,0.183229723376551,2.19617370662105e-25,1.19393721117867e-23,1.41833486993273e-23,37.0203219994352,low,3,k3,A_high
4,AC091177.1,antisense,1.8348579919868,up_in_PP,0.0628397728284756,1.99723832947275e-187,2.5027393506623e-183,8.64205025162859e-184,6.22566287601577,low,3,k3,A_high
5,XIST,lincRNA,-1.76039578926664,down_in_PP,0.576850764866821,0.00227522712945458,0.00715813988430713,0.00783830237989647,0,low,3,k3,A_high
6,TSIX,lincRNA,-1.66137140198697,down_in_PP,0.545786172532304,0.00233457567790064,0.00731638559954305,0.00798554067847911,0,low,4,all4,A_high
7,RP11-670E13.6,lincRNA,1.52274224621881,up_in_PP,0.184292963391361,1.4251245698691e-16,3.86960693066732e-15,4.3122475621144e-15,40.9635159580338,low,3,k3,A_high
8,RP1-27K12.4,antisense,-1.4484053785117,down_in_PP,0.1285080009772,1.82619366201954e-29,1.33434593462198e-27,1.61264081133848e-27,0,low,3,k3,A_high
9,SOX2-OT,sense_overlapping,-1.42414632954649,down_in_PP,0.108796889356039,3.75832985995097e-39,4.88037631865758e-37,6.7759555433366e-37,0,low,3,k3,A_high
10,CH17-140K24.7,antisense,-1.41748632307418,down_in_PP,0.0947250119359627,1.25781990199195e-50,2.6490321330859e-48,3.62839114394611e-48,0,low,3,k3,A_high
11,RP11-632L2.2,antisense,-1.41134949674873,down_in_PP,0.147002022089461,7.92609693889791e-22,3.43674466232975e-20,4.03484958289544e-20,0,low,3,k3,A_high
12,GDNF-AS1,antisense,-1.40665726479377,down_in_PP,0.142213907899009,4.5483174614844e-23,2.13864788404732e-21,2.55591813712247e-21,0,low,4,all4,A_high
13,AC016995.3,lincRNA,-1.39553439048098,down_in_PP,0.111965971972609,1.1745913662633e-35,1.30833816983515e-33,1.75257132476597e-33,0,low,3,k3,A_high
14,RP11-32B5.7,lincRNA,-1.36320401841523,down_in_PP,0.183912836959337,1.24194290123673e-13,2.52437737151621e-12,2.81355336840384e-12,0,low,3,k3,A_high
15,RP11-386B13.4,lincRNA,-1.32244041899412,down_in_PP,0.151028814403812,2.01920556622942e-18,6.47126980829177e-17,7.59748042180409e-17,41.7512429651358,low,3,k3,A_high
16,RP1-80N2.3,lincRNA,-1.32012254616438,down_in_PP,0.10996081493857,3.32888062218532e-33,3.01185581780536e-31,3.79054380320944e-31,5.8668698159117,low,3,k3,A_high
17,LINC01127,lincRNA,1.27338202977949,up_in_PP,0.126953439446987,1.12166787180298e-23,5.5337087014028e-22,6.76700080448139e-22,18.8357564454587,low,4,all4,A_high
18,RP11-519G16.5,antisense,1.2718155028336,up_in_PP,0.104331252406373,3.50697319486098e-34,3.44673577292572e-32,4.21518694837874e-32,0,low,3,k3,A_high
19,RP11-535A19.1,antisense,-1.26183176792388,down_in_PP,0.063569466385422,1.10967415517594e-87,9.93237631322124e-85,8.00260011574382e-85,0,low,4,all4,A_high
20,RP11-399F4.2,processed_transcript,-1.22105224195178,down_in_PP,0.190528882314296,1.46716193984604e-10,2.07038358876247e-09,2.30014844699776e-09,24.4270308623179,low,3,k3,A_high
21,LINC02158,antisense,-1.22071324359836,down_in_PP,0.225624516982146,6.28929139402116e-08,5.93457157066861e-07,6.82049219597232e-07,0,low,3,k3,A_high
22,KB-1107E3.1,antisense,-1.15105574940849,down_in_PP,0.108725683584009,3.43165969257372e-26,2.05260752303777e-24,2.5167443202994e-24,0,low,3,k3,A_high
23,MIR193BHG,lincRNA,-1.13131463158944,down_in_PP,0.0747779578981062,1.04290948571972e-51,2.31304402930155e-49,3.47128411131479e-49,5.18531840553482,low,4,all4,A_high
24,RP11-473M20.5,antisense,1.11793344881006,up_in_PP,0.0710987266392442,1.04101818014282e-55,2.71770808653536e-53,4.09498696861635e-53,0,low,4,all4,A_high
25,LINC00598,lincRNA,-1.11282351568027,down_in_PP,0.0959827948083264,4.42052111380915e-31,3.56228617859437e-29,4.15817279553309e-29,0,low,3,k3,A_high
26,LINC01094,lincRNA,1.1061184878885,up_in_PP,0.0839135245891543,1.11919968039114e-39,1.49198842499802e-37,2.10555522480542e-37,27.6715010171308,low,4,all4,A_high
27,RP11-266K4.14,lincRNA,-1.10007134745279,down_in_PP,0.10181620867294,3.278035473889e-27,2.13387337783392e-25,2.57891990827595e-25,0,low,3,k3,A_high
28,CTD-2620I22.1,processed_transcript,-1.09691803869118,down_in_PP,0.126115299853588,3.38560324248408e-18,1.06328306344782e-16,1.22079210251905e-16,0,low,3,k3,A_high
29,CTD-2008P7.9,lincRNA,-1.08735256962282,down_in_PP,0.109367152194362,2.72674254747481e-23,1.30664668689892e-21,1.55244934248993e-21,49.8414619112438,low,3,k3,A_high
30,RP11-138I1.3,lincRNA,1.0865483274186,up_in_PP,0.124845212828294,3.22757760472436e-18,1.01620037600002e-16,1.17359061307919e-16,0,low,3,k3,A_high
31,AC034220.3,processed_transcript,-1.07971426272466,down_in_PP,0.0968615813793146,7.40767326898537e-29,5.18578512478523e-27,6.41060044697994e-27,19.3510020802754,low,4,all4,A_high
32,RP11-161M6.2,lincRNA,-1.06882560027172,down_in_PP,0.101755665080658,8.2932903256248e-26,4.77807912967376e-24,5.69604241888548e-24,0,low,3,k3,A_high
33,RAMP2-AS1,lincRNA,-1.05637594911478,down_in_PP,0.0930570621044585,7.25551539168624e-30,5.41183710554883e-28,6.54054481246382e-28,0,low,3,k3,A_high
34,RP11-968O1.5,sense_overlapping,-1.05330231656487,down_in_PP,0.111134467542255,2.5987828579438e-21,1.08190524893335e-19,1.29252108348538e-19,0,low,3,k3,A_high
35,RP11-701H24.4,lincRNA,-1.05306071162962,down_in_PP,0.160186931642349,4.89980356809477e-11,7.32690197038133e-10,8.12316093453872e-10,43.2201541073066,low,4,all4,A_high
36,RP11-273G15.2,lincRNA,-1.05270528669426,down_in_PP,0.137754210248196,2.14022647481044e-14,4.70924986055306e-13,5.11644196491977e-13,36.5824257536412,low,3,k3,A_high
37,RP11-1391J7.1,antisense,-1.05102883978475,down_in_PP,0.300443510397881,0.000468308303232774,0.00184221357645892,0.00203043088986795,47.3984231577502,low,3,k3,A_high
38,RP11-263K19.6,antisense,1.05095849761573,up_in_PP,0.118812818431141,9.11213590768459e-19,3.02474635918399e-17,3.58438291568648e-17,47.1094192629812,low,4,all4,A_high
39,ACVR2B-AS1,antisense,-1.04345721597256,down_in_PP,0.0943253292479863,1.91084441374365e-28,1.3156478762979e-26,1.62122034868015e-26,0,low,3,k3,A_high
40,RP11-141M3.6,processed_transcript,1.02842726023337,up_in_PP,0.0749271225918913,7.12370665582883e-43,1.12996415321761e-40,1.54121393498857e-40,22.0735421867442,low,3,k3,A_high
41,CTC-270D5.1,antisense,-1.02595076421358,down_in_PP,0.105758629000396,2.98937143427351e-22,1.33308944636588e-20,1.55843496338572e-20,7.46551337926266,low,3,k3,A_high
42,RP11-862L9.3,antisense,-1.00473328805137,down_in_PP,0.108185922461797,1.58551897042235e-20,6.08518781573123e-19,7.29844743086969e-19,33.1226646932533,low,4,all4,A_high
43,LINC02137,lincRNA,-0.968072613538338,down_in_PP,0.27042791707353,0.000343882799638803,0.00140113651837875,0.00154035287167402,49.5135920122375,low,3,k3,A_high
44,RP11-542C16.1,antisense,0.956000377903766,up_in_PP,0.0515448827252285,8.63122606384708e-77,5.54655865672142e-74,5.33533073975233e-74,0,low,4,all4,A_high
45,RP11-428K3.1,antisense,0.945768453987793,up_in_PP,0.0740003928537942,2.10475158028497e-37,2.58574922083833e-35,3.50279234149733e-35,6.55906508152886,low,4,all4,A_high
46,RP11-46H11.3,lincRNA,-0.928651472651732,down_in_PP,0.111662739077938,9.05421952297001e-17,2.49633498002942e-15,2.8185329407116e-15,0,low,3,k3,A_high
47,RP6-201G10.2,lincRNA,-0.92369522663431,down_in_PP,0.12086379981955,2.13131166419269e-14,4.69375509033366e-13,5.11644196491977e-13,0,low,3,k3,A_high
48,AC012360.6,antisense,-0.919032499387465,down_in_PP,0.153587119499796,2.18009326522344e-09,2.58089265059187e-08,2.9025426334221e-08,0,low,3,k3,A_high
49,CTB-49A3.2,antisense,0.914720358291076,up_in_PP,0.13013777689861,2.08226126945295e-12,3.68542598411228e-11,4.04033386229727e-11,0,low,3,k3,A_high
50,XXbac-BPG299F13.17,antisense,-0.903900316940268,down_in_PP,0.0758164529827842,9.06617536916751e-33,8.05732223766228e-31,9.80733520559695e-31,0,low,3,k3,A_high
51,RP11-334C17.5,antisense,0.897255853001517,up_in_PP,0.0620716631275888,2.32586998791792e-47,4.13411018703538e-45,5.34225902019744e-45,6.62506439311351,low,4,all4,A_high
52,HMMR-AS1,antisense,0.884028505269363,up_in_PP,0.141963544549254,4.74991640177495e-10,6.21956138251222e-09,6.94354333462169e-09,10.4147125099154,low,3,k3,A_high
53,CTB-186H2.3,antisense,-0.88157360095297,down_in_PP,0.12238919271056,5.88869825343154e-13,1.11551440383599e-11,1.25519198732011e-11,32.8077244455337,low,3,k3,A_high
54,AC002066.1,antisense,-0.87169937393229,down_in_PP,0.104787522779431,8.89089358562377e-17,2.45400413042845e-15,2.78774612644884e-15,0,low,3,k3,A_high
55,CYP4F26P,lincRNA,-0.864703877317495,down_in_PP,0.138319441124132,4.06531150778593e-10,5.35953903251609e-09,6.00361873521834e-09,17.2000619562577,low,3,k3,A_high
56,RP11-20B24.4,antisense,0.859310686571802,up_in_PP,0.0726600850960728,2.84947853055048e-32,2.47105989386354e-30,2.93564133373617e-30,41.7661376631219,low,4,all4,A_high
57,RP11-482H16.1,processed_transcript,-0.855701035510339,down_in_PP,0.071556231439433,5.86521108930971e-33,5.26859929463369e-31,6.50737650857516e-31,0,low,3,k3,A_high
58,SRP14-AS1,lincRNA,-0.849977865046941,down_in_PP,0.12773413866674,2.8470326104851e-11,4.3747597353757e-10,4.8121523849879e-10,46.4963438547109,low,4,all4,A_high
59,RP11-284F21.7,antisense,-0.840348239694279,down_in_PP,0.145827685935589,8.2822494522905e-09,9.0051946105555e-08,1.00784657829268e-07,0,low,3,k3,A_high
60,RP11-760H22.2,lincRNA,-0.839615423759925,down_in_PP,0.0722568783133115,3.26638648776821e-31,2.65786292715736e-29,3.14081207390512e-29,0,low,3,k3,A_high
61,ZMIZ1-AS1,antisense,-0.836449543581653,down_in_PP,0.0801668156503918,1.73681130037579e-25,9.65143343902839e-24,1.15618192257324e-23,0,low,3,k3,A_high
62,RP11-166P13.4,antisense,-0.83587660149375,down_in_PP,0.114803591111714,3.31533302445777e-13,6.45858920630926e-12,7.31910510042284e-12,0,low,3,k3,A_high
63,RP11-477N3.1,lincRNA,-0.834618297659136,down_in_PP,0.107563989164826,8.54179750564972e-15,1.97485727939662e-13,2.18700342052937e-13,0,low,3,k3,A_high
64,BOLA3-AS1,antisense,-0.82302422928955,down_in_PP,0.0700558292414472,7.22081633648731e-32,6.07275500084043e-30,7.1010164290865e-30,0,low,4,all4,A_high
65,RP11-276H19.2,lincRNA,-0.813740444811295,down_in_PP,0.177700244479249,4.66563322584867e-06,3.05300521948354e-05,3.41016806896068e-05,28.8904938626555,low,3,k3,A_high
66,RP11-384P7.7,lincRNA,-0.809852911299478,down_in_PP,0.176180259042152,4.29175173574323e-06,2.82977853199676e-05,3.15823295247635e-05,12.6632946719769,low,3,k3,A_high
67,MGC32805,antisense,-0.801363296972052,down_in_PP,0.148415927262728,6.68482254370827e-08,6.27471994720662e-07,7.15970968975883e-07,40.2386504227199,low,3,k3,A_high
68,AP001468.58,antisense,-0.800239348993738,down_in_PP,0.0730198062292995,6.00213913172159e-28,4.01134962451217e-26,4.80949185610358e-26,0,low,3,k3,A_high
69,RP11-428F8.2,antisense,0.793212801750572,up_in_PP,0.0753534695818985,6.51729662104189e-26,3.79852297480353e-24,4.70005707987471e-24,0,low,3,k3,A_high
70,COLCA1,antisense,-0.79079004523171,down_in_PP,0.107262243927004,1.67467530106088e-13,3.3711415578464e-12,3.7741250144221e-12,0,low,3,k3,A_high
71,RP11-490M8.1,lincRNA,-0.788885585378637,down_in_PP,0.102297503768162,1.24172435948935e-14,2.80614029734194e-13,3.10574641821411e-13,44.5332895655148,low,4,all4,A_high
72,RP11-57H14.2,antisense,-0.77847887640223,down_in_PP,0.131338169495584,3.07982555354866e-09,3.58008293242285e-08,3.98994166772606e-08,47.4505371555986,low,4,all4,A_high
73,EPB41L4A-AS2,lincRNA,0.772684654901228,up_in_PP,0.074027894948212,1.66715412345038e-25,9.3056161785999e-24,1.12715248315153e-23,15.3576266385512,low,3,k3,A_high
74,HOXC13-AS,antisense,0.764131794943739,up_in_PP,0.0915717565325587,7.14413558333515e-17,1.9827943077469e-15,2.25639961088257e-15,36.3947955107085,low,4,all4,A_high
75,RP11-545E17.3,antisense,0.763525000123733,up_in_PP,0.115649011620121,4.05405586199015e-11,6.12064747067453e-10,6.74688450570438e-10,30.7855277852668,low,4,all4,A_high
76,LINC01235,lincRNA,-0.761723008183791,down_in_PP,0.132528915820996,9.05198268695227e-09,9.75745333765152e-08,1.08799803017896e-07,0,low,4,all4,A_high
77,JMJD1C-AS1,antisense,-0.758507152081164,down_in_PP,0.155654307316728,1.09902948549802e-06,8.18330076133978e-06,9.36122162155498e-06,0,low,3,k3,A_high
78,GLTSCR2-AS1,antisense,-0.757884973536717,down_in_PP,0.10464765601791,4.41286269501902e-13,8.49425229359191e-12,9.49972979171507e-12,49.7040942932431,low,3,k3,A_high
79,ELF3-AS1,antisense,0.746973809816118,up_in_PP,0.0868432617184574,7.87480902496096e-18,2.39803722701788e-16,2.72594389208049e-16,0,low,3,k3,A_high
80,RP11-388P9.3,antisense,-0.731952364865853,down_in_PP,0.0929802510652112,3.48661351507486e-15,8.36186678610586e-14,9.37054452157076e-14,0,low,3,k3,A_high
81,RP11-1094H24.4,lincRNA,-0.726423751741927,down_in_PP,0.164561124309292,1.01332851955383e-05,6.12247814779608e-05,6.78741873701149e-05,23.5059866251105,low,3,k3,A_high
82,LMCD1-AS1,antisense,-0.722101347353927,down_in_PP,0.102363651447623,1.73502945892242e-12,3.09930921593113e-11,3.39704636595353e-11,0,low,4,all4,A_high
83,CTC-559E9.4,lincRNA,-0.720091133024628,down_in_PP,0.090914895953139,2.3656366317322e-15,5.76727483117435e-14,6.43780484622971e-14,33.5433682735647,low,4,all4,A_high
84,RP11-159N11.4,sense_intronic,-0.718686625302986,down_in_PP,0.0852579843699992,3.46990620245711e-17,9.96137333860025e-16,1.13744576803272e-15,0,low,4,all4,A_high
85,CTD-2383M3.1,antisense,-0.717779967015535,down_in_PP,0.087195011318204,1.84278466245911e-16,4.96600744199466e-15,5.49912360997281e-15,0,low,3,k3,A_high
86,RP11-661A12.9,antisense,0.712620566064693,up_in_PP,0.0677754728626448,7.41265079098674e-26,4.29043543010877e-24,5.17331289880639e-24,0,low,4,all4,A_high
87,CTC-429P9.2,lincRNA,-0.694980840565348,down_in_PP,0.0704271105762941,5.72460321040889e-23,2.67169470501429e-21,3.13548836600497e-21,0,low,4,all4,A_high
88,LINC00271,lincRNA,-0.689646098845236,down_in_PP,0.160959307603304,1.83069024056703e-05,0.00010382611181057,0.000115304172793792,44.648292372825,low,3,k3,A_high
89,RP11-624L4.1,lincRNA,-0.689466815725726,down_in_PP,0.128665707928421,8.38738083511352e-08,7.71675985644695e-07,8.8302182174054e-07,24.1346225559913,low,4,all4,A_high
90,CTA-276F8.1,lincRNA,-0.68571453453246,down_in_PP,0.126919888737189,6.56323597074048e-08,6.17215084047647e-07,7.08207532304091e-07,24.3022547793954,low,4,all4,A_high
91,RP11-334E6.3,antisense,0.684562199636027,up_in_PP,0.0881190696273614,7.93555311473215e-15,1.8431958495034e-13,2.0438772813956e-13,2.71766154296692,low,4,all4,A_high
92,CTB-60B18.18,lincRNA,-0.684279952814532,down_in_PP,0.166693439855125,4.04279394891518e-05,0.000212545630265811,0.000235123244851559,12.0647278201331,low,3,k3,A_high
93,AC009228.1,antisense,0.68224338501889,up_in_PP,0.0516760965541977,8.50953458171329e-40,1.14045965607967e-37,1.67367073341243e-37,0,low,4,all4,A_high
94,CH507-338C24.1,lincRNA,-0.682006082613665,down_in_PP,0.132160088244819,2.46351425477501e-07,2.06974838260715e-06,2.34277498470582e-06,0,low,4,all4,A_high
95,RP11-411K7.1,lincRNA,0.680602424547567,up_in_PP,0.0633738697829111,6.64172177778541e-27,4.24629671415454e-25,5.13191609508526e-25,18.2656851292697,low,4,all4,A_high
96,RP11-6E9.4,antisense,-0.67734590568595,down_in_PP,0.0743772659554565,8.47738519227519e-20,3.09257973346144e-18,3.63184611158166e-18,0,low,4,all4,A_high
97,RP11-295H24.4,lincRNA,-0.674531179736395,down_in_PP,0.130057221805816,2.1437678820318e-07,1.82496979142259e-06,2.07518649341199e-06,47.1655802222283,low,3,k3,A_high
98,RP11-787I22.3,antisense,-0.666092300380355,down_in_PP,0.0757391348400585,1.43610719396685e-18,4.63810805350481e-17,5.45090862131102e-17,45.1872064344748,low,4,all4,A_high
99,RP1-239B22.5,antisense,-0.662078363595954,down_in_PP,0.0816225767052555,5.00146337083244e-16,1.29223376288456e-14,1.42377184247316e-14,0,low,4,all4,A_high
100,CELF2-AS1,antisense,-0.660208765579696,down_in_PP,0.16522352926126,6.44620048551452e-05,0.000320544993190407,0.000351293570539311,33.558540359501,low,3,k3,A_high
101,RP11-597D13.8,antisense,-0.659431687048236,down_in_PP,0.124999683204517,1.32418535970267e-07,1.17475162778295e-06,1.3418618387432e-06,0,low,3,k3,A_high
102,WISP1-OT1,sense_intronic,-0.658671341932913,down_in_PP,0.137158771219727,1.56889022565427e-06,1.13052118560516e-05,1.28086566158604e-05,14.0804041852031,low,3,k3,A_high
103,RP11-360L9.4,antisense,0.65744157070163,up_in_PP,0.108742608024621,1.48623698402885e-09,1.8099160006672e-08,2.04807242990218e-08,0,low,3,k3,A_high
104,CTC-429P9.5,sense_intronic,-0.657163039378561,down_in_PP,0.0824339886639307,1.56137816662169e-15,3.86290815517007e-14,4.33082264549491e-14,30.8593232992637,low,4,all4,A_high
105,RP11-78I14.1,antisense,-0.654605410989184,down_in_PP,0.0544251746190622,2.54383320139317e-33,2.32677181362465e-31,2.97490980065628e-31,0,low,4,all4,A_high
106,CTA-363E19.2,antisense,-0.64476345079202,down_in_PP,0.0948349688718847,1.05498281361911e-11,1.72135281737774e-10,1.90204609772079e-10,0,low,3,k3,A_high
107,RP11-119K6.6,sense_overlapping,0.644118157806351,up_in_PP,0.106893813446122,1.6830031683875e-09,2.03470455408237e-08,2.29727277905764e-08,34.6978117751837,low,4,all4,A_high
108,TGFB2-OT1,3prime_overlapping_ncRNA,-0.643058242648454,down_in_PP,0.102884281852081,4.09649323123126e-10,5.3978082734552e-09,6.02909054814206e-09,31.6584546381622,low,4,all4,A_high
109,LA16c-366D1.3,antisense,0.641394905881018,up_in_PP,0.090401143072062,1.29363945316667e-12,2.35277155118019e-11,2.61569061394962e-11,49.1616312569635,low,4,all4,A_high
110,RP11-53I6.2,processed_transcript,-0.633811593180215,down_in_PP,0.0807469533429094,4.18178585367883e-15,9.97182845527106e-14,1.11009738582014e-13,47.4617646324435,low,4,all4,A_high
111,RP11-927P21.1,antisense,-0.632675330392451,down_in_PP,0.103161964676903,8.63265513790062e-10,1.09103178550714e-08,1.21277593447065e-08,0,low,4,all4,A_high
112,RP11-496I9.1,antisense,-0.631990640374727,down_in_PP,0.0949005201999903,2.74748371654319e-11,4.23738073255417e-10,4.66210276136564e-10,0,low,4,all4,A_high
113,RRM1-AS1,antisense,0.61621579321725,up_in_PP,0.0632964005593024,2.12977613106268e-22,9.60008082674332e-21,1.12384650233027e-20,35.855160720609,low,4,all4,A_high
114,AC000032.2,antisense,-0.614749594334826,down_in_PP,0.168971882761643,0.000274574850416725,0.0011524694190494,0.00126257744713408,0,low,4,all4,A_high
115,AC068831.16,lincRNA,0.613733175457572,up_in_PP,0.116229223124174,1.28924042791523e-07,1.1474056677703e-06,1.30951721398808e-06,37.5253720105813,low,4,all4,A_high
116,RP11-514P8.10,sense_overlapping,-0.609538497985494,down_in_PP,0.0689270531632112,9.29819165478764e-19,3.07024083336348e-17,3.62461939551947e-17,0,low,3,k3,A_high
117,SSBP3-AS1,antisense,-0.605920498504083,down_in_PP,0.125340874811882,1.33694779912503e-06,9.78580191053492e-06,1.11249483207962e-05,31.4255154672851,low,3,k3,A_high
118,TMEM254-AS1,antisense,-0.600661118082542,down_in_PP,0.0570915689965561,6.91266118815098e-26,4.01960822963898e-24,4.9034565510048e-24,0.636880638507033,low,4,all4,A_high
119,RP11-350N15.6,antisense,-0.599501667780322,down_in_PP,0.12083800299365,7.00585101096498e-07,5.40580782133018e-06,6.11175752508981e-06,0,low,3,k3,A_high
120,RP11-211G3.3,antisense,-0.598910941897043,down_in_PP,0.0460259590856999,1.03941584685482e-38,1.33588922840387e-36,1.79902094773632e-36,0,low,4,all4,A_high
121,RP3-400B16.4,antisense,-0.59648510836467,down_in_PP,0.12225289661968,1.06566601993416e-06,7.96057281418475e-06,9.11291871196662e-06,30.5243210424746,low,3,k3,A_high
122,RP11-696N14.1,antisense,0.595539251614831,up_in_PP,0.077047223506955,1.07939680810769e-14,2.45702477791052e-13,2.71543603993138e-13,0,low,4,all4,A_high
123,RP4-718D20.3,processed_transcript,0.594466863383142,up_in_PP,0.0916127838236512,8.64611310396614e-11,1.25398661233564e-09,1.38561968151339e-09,38.0714985523603,low,3,k3,A_high
124,RP11-254F7.3,antisense,-0.594291336837534,down_in_PP,0.0502956503808148,3.22844271474288e-32,2.79004245920297e-30,3.24871433178894e-30,0,low,4,all4,A_high
125,RP11-6O2.3,antisense,-0.591970286795061,down_in_PP,0.121915663415417,1.20039701385862e-06,8.87967826485385e-06,1.0105287702269e-05,40.8497466711604,low,4,all4,A_high
126,RP11-701H16.4,antisense,-0.591072722661715,down_in_PP,0.0748220428073978,2.79544595850445e-15,6.7429708000037e-14,7.55993416403047e-14,0,low,3,k3,A_high
127,AC097467.2,antisense,-0.589249294390872,down_in_PP,0.168747979600491,0.000479616658226746,0.0018787359625631,0.0020670331475569,30.4318770616629,low,3,k3,A_high
128,RP1-69D17.3,antisense,-0.58428331914329,down_in_PP,0.079642896913242,2.19597355496277e-13,4.37484016172312e-12,4.9233044416186e-12,0,low,3,k3,A_high
129,NR2F1-AS1,antisense,-0.584123036555553,down_in_PP,0.120132475372694,1.16015429892336e-06,8.60418076899279e-06,9.82385058990485e-06,24.6382048932343,low,3,k3,A_high
130,CTD-2284J15.1,processed_transcript,-0.579815953141248,down_in_PP,0.13290813429466,1.28565932067167e-05,7.56188544817495e-05,8.35292474556504e-05,36.5663275630137,low,3,k3,A_high
131,CTD-3060P21.1,antisense,-0.579056338792677,down_in_PP,0.108967777498345,1.07236138607166e-07,9.68487245323525e-07,1.09955159183224e-06,0,low,3,k3,A_high
132,CTD-2517M22.17,antisense,0.577938304554559,up_in_PP,0.0815312089325012,1.35521373573136e-12,2.45762421453686e-11,2.72207753688973e-11,0,low,3,k3,A_high
133,CTD-2349P21.11,antisense,0.577184400206807,up_in_PP,0.115091689429649,5.3034477786258e-07,4.18103202981818e-06,4.72181451401519e-06,0,low,3,k3,A_high
134,RP11-178L8.8,antisense,-0.57235182973156,down_in_PP,0.126906358993368,6.48176315844563e-06,4.09585759006663e-05,4.60535126216654e-05,45.4404332281585,low,3,k3,A_high
135,RP11-285F7.2,antisense,-0.569508628185343,down_in_PP,0.11334968996749,5.05137791076217e-07,4.00118941844253e-06,4.51597359914626e-06,43.972899017384,low,4,all4,A_high
136,AC017074.2,lincRNA,0.566894821783842,up_in_PP,0.125487565250204,6.25628565940029e-06,3.96949446065544e-05,4.48194504109686e-05,42.6699934766224,low,4,all4,A_high
137,RP11-250B2.6,lincRNA,-0.566207911231771,down_in_PP,0.150516355662676,0.000168715160912618,0.000747716951864195,0.000819338385262512,39.7221444389996,low,4,all4,A_high
138,AGAP2-AS1,antisense,0.564622961999134,up_in_PP,0.0728579137595625,9.21498519140096e-15,2.11877026483386e-13,2.34548476018776e-13,42.3732542342682,low,4,all4,A_high
139,XXbac-B461K10.4,processed_transcript,-0.564106216075699,down_in_PP,0.0629440606576973,3.18770898665829e-19,1.10498426865325e-17,1.31363969383528e-17,35.8427726890677,low,4,all4,A_high
140,CTA-228A9.4,antisense,-0.561883076763429,down_in_PP,0.0576016940721006,1.76246275262544e-22,8.03106209205432e-21,9.41503250692627e-21,0,low,4,all4,A_high
141,RP5-1009E24.9,processed_transcript,0.552666465355791,up_in_PP,0.0829377604601237,2.67147352156508e-11,4.12522916805078e-10,4.5509708377213e-10,23.908489923235,low,4,all4,A_high
142,AP003068.23,antisense,0.551583713252675,up_in_PP,0.0823856767979753,2.15463944601785e-11,3.3813133247401e-10,3.72924995316769e-10,0,low,4,all4,A_high
143,RP11-798G7.8,TEC;lincRNA,-0.550902951337549,down_in_PP,0.169800611104392,0.00117693837182499,0.00406735100312714,0.00448293339338621,28.1132114585443,low,3,k3,A_high
144,CTD-2267D19.3,antisense,0.548715042672214,up_in_PP,0.0876983037967851,3.92833474889971e-10,5.20634190782256e-09,5.8212001570168e-09,42.8341243156432,low,4,all4,A_high
145,LINC00639,lincRNA,-0.544760586782357,down_in_PP,0.146847898695711,0.000207510914989388,0.000899920150798413,0.000985619900284393,30.9584218880223,low,3,k3,A_high
146,CTD-3110H11.1,lincRNA,-0.541947078648842,down_in_PP,0.175840764637275,0.00205591889661209,0.00657128419677237,0.00721489137521534,43.0154190300675,low,3,k3,A_high
147,RP11-342M3.5,antisense,-0.540096912326973,down_in_PP,0.0657907487272218,2.22455842305426e-16,5.93736775277804e-15,6.59292075106561e-15,0,low,3,k3,A_high
148,KIZ-AS1,antisense,-0.539479971751904,down_in_PP,0.113793897198094,2.12821849632793e-06,1.49488262205635e-05,1.68659366915952e-05,46.6259319483226,low,3,k3,A_high
149,RP11-734K23.9,lincRNA,-0.532376091181181,down_in_PP,0.111272232457928,1.71458789030006e-06,1.22599148949215e-05,1.38414585845678e-05,0,low,4,all4,A_high
150,SEMA6A-AS1,antisense,-0.528940096514328,down_in_PP,0.106251910389001,6.41881934733589e-07,4.97890592642934e-06,5.61095582139846e-06,39.767227395203,low,4,all4,A_high
151,RP11-456H18.2,lincRNA,-0.524792050970676,down_in_PP,0.190519443764472,0.00587760038589734,0.0160026530006908,0.0173837162472849,37.9612960851666,low,3,k3,A_high
152,KLHL7-AS1,lincRNA,-0.524496606560115,down_in_PP,0.170544763752423,0.00210207017928502,0.00670170243394493,0.00735894633152612,14.0095277647554,low,4,all4,A_high
153,SNHG25,lincRNA,0.520795698432594,up_in_PP,0.112692339086706,3.8117009863018e-06,2.5447216334229e-05,2.85844543634799e-05,0,low,3,k3,A_high
154,CTB-39G8.3,antisense,0.520605091754176,up_in_PP,0.0779163418805914,2.36362695901444e-11,3.68619905705165e-10,4.07466687316952e-10,17.4200627673114,low,4,all4,A_high
155,AC114730.7,antisense,-0.519838740623562,down_in_PP,0.141954369995437,0.000250241210653448,0.0010606367700654,0.00115963576873185,0,low,3,k3,A_high
156,RP11-554A11.5,antisense,-0.5175914534746,down_in_PP,0.139321720402741,0.000203138744245391,0.000882792140466753,0.000968041130341197,46.0473054681223,low,3,k3,A_high
157,LGALS8-AS1,antisense,0.517200184084284,up_in_PP,0.048723274336183,2.53647953826789e-26,1.52810697567476e-24,1.89230120035951e-24,0,low,4,all4,A_high
158,AC037445.1,antisense,-0.516694271771951,down_in_PP,0.1186976326186,1.34269201576282e-05,7.85677032431658e-05,8.71038733464126e-05,35.6870141796783,low,3,k3,A_high
159,RP11-390P24.1,lincRNA,-0.513811047601196,down_in_PP,0.101314537592735,3.94807550213587e-07,3.19182800756546e-06,3.63474951015785e-06,29.2389685190885,low,4,all4,A_high
160,BX322557.10,processed_transcript,-0.512260942690498,down_in_PP,0.0643774996738349,1.7605781771566e-15,4.33434285617866e-14,4.85224316723351e-14,0,low,4,all4,A_high
161,AC096579.15,processed_transcript,0.510648541549864,up_in_PP,0.193800753032156,0.00841583162817607,0.0216081930401955,0.0233431432404602,0,low,3,k3,A_high
162,RP5-857K21.4,lincRNA,0.505378182278552,up_in_PP,0.0931987221996465,5.87425977995731e-08,5.57443008728853e-07,6.40249926142954e-07,26.9837888075164,low,4,all4,A_high
163,AC159540.2,lincRNA,-0.504302284939235,down_in_PP,0.150799170888292,0.000825208208959732,0.00300688690505217,0.0033308544031425,13.386910978512,low,3,k3,A_high
164,SNHG1,processed_transcript,0.503375009062107,up_in_PP,0.0838623866767023,1.94430300469332e-09,2.32259875613079e-08,2.62087199417695e-08,44.0313914379684,low,4,all4,A_high
165,CTD-2651B20.1,3prime_overlapping_ncRNA,0.502187840957842,up_in_PP,0.118850603767733,2.38547922851924e-05,0.000132092091085173,0.00014620352155528,36.1873751168455,low,4,all4,A_high
166,RP4-758J18.13,lincRNA,0.501750976854987,up_in_PP,0.0860313761460121,5.47059278101447e-09,6.13166351868447e-08,6.80208475961196e-08,33.655736658029,low,4,all4,A_high
167,CTC-467M3.1,antisense,-0.501422302687276,down_in_PP,0.0691660378744608,4.18174073497536e-13,8.08039986892463e-12,9.04719608011919e-12,0,low,3,k3,A_high
168,RP11-74J13.8,antisense,-0.497543653871331,down_in_PP,0.0829840226928831,2.02665628412688e-09,2.41292445571439e-08,2.71496648341084e-08,35.7795029770602,low,4,all4,A_high
169,AC012074.2,lincRNA,-0.496464750087978,down_in_PP,0.0944336293176184,1.46195576227975e-07,1.28604897557933e-06,1.45422588123781e-06,0,low,3,k3,A_high
170,CTD-2553L13.10,lincRNA,-0.494558550012759,down_in_PP,0.0893414702033895,3.10166535908589e-08,3.06763761757737e-07,3.47691865512038e-07,11.3092730972058,low,3,k3,A_high
171,RP11-389C8.2,sense_overlapping,0.493599951029268,up_in_PP,0.0651333438901556,3.50114945380423e-14,7.57735817022812e-13,8.23340961228854e-13,0,low,3,k3,A_high
172,NKILA,antisense,-0.492471425899936,down_in_PP,0.123360584145328,6.54825967476525e-05,0.000324975215780132,0.000356406536008921,0,low,3,k3,A_high
173,RP11-1228E12.1,lincRNA,0.491774715616508,up_in_PP,0.0952086509492099,2.40141618597933e-07,2.02368165612017e-06,2.28875062483096e-06,0,low,4,all4,A_high
174,ZNF793-AS1,antisense,-0.48795956636858,down_in_PP,0.0817302621406916,2.36722150938046e-09,2.78924802388778e-08,3.11336397297546e-08,0,low,4,all4,A_high
175,BISPR,lincRNA,0.487412308214543,up_in_PP,0.0797233139608555,9.72868979888321e-10,1.22154520911629e-08,1.36233141617371e-08,0,low,3,k3,A_high
176,RP11-485M7.3,lincRNA,0.48472932129247,up_in_PP,0.164765222691159,0.00326163614261805,0.00976387064098107,0.0106917421129608,43.9855172237407,low,3,k3,A_high
177,RP11-535A19.2,antisense,-0.484403901635551,down_in_PP,0.0622146721391747,6.91598663497574e-15,1.61837961760749e-13,1.80273940780362e-13,0,low,4,all4,A_high
178,RP11-33N14.3,antisense,0.480600291594557,up_in_PP,0.0656419502678344,2.45137691587318e-13,4.86047533746944e-12,5.4675813994759e-12,23.9515493384896,low,4,all4,A_high
179,RP11-342K6.2,sense_intronic,-0.478506814297196,down_in_PP,0.0665014591398332,6.22627134315574e-13,1.17413703839104e-11,1.31419883423585e-11,37.7008941866527,low,4,all4,A_high
180,RP4-621N11.2,antisense,0.477286455258127,up_in_PP,0.148080452941576,0.00126786319782321,0.00432845490585005,0.00475393765769587,41.1024460404853,low,3,k3,A_high
181,RP11-850A17.1,antisense,-0.476271959405192,down_in_PP,0.114232762231267,3.05521298081377e-05,0.000165270338280066,0.000183865181752172,49.3119199477279,low,4,all4,A_high
182,LINC01641,lincRNA,-0.476181690560034,down_in_PP,0.147546125362974,0.00124946368996754,0.0042767084127242,0.00469308106466106,45.6454007513062,low,3,k3,A_high
183,ZNF436-AS1,antisense,-0.475909325076891,down_in_PP,0.0919424273401342,2.26491180970934e-07,1.91573472072007e-06,2.17300962319564e-06,31.4988451356935,low,4,all4,A_high
184,TNK2-AS1,antisense,-0.475041750068358,down_in_PP,0.0878320597763335,6.35464878015562e-08,5.98722585444587e-07,6.87414131793334e-07,23.1710987404017,low,4,all4,A_high
185,RP11-334E6.12,sense_intronic,0.474600553608466,up_in_PP,0.116216735358771,4.43139494311885e-05,0.000230318581635099,0.000254415861318773,20.2287235412755,low,4,all4,A_high
186,RP11-468E2.10,lincRNA,-0.471116475935034,down_in_PP,0.0980996772041068,1.56754473728959e-06,1.13052118560516e-05,1.28086566158604e-05,0,low,3,k3,A_high
187,RP4-693M11.3,antisense,-0.4710260719526,down_in_PP,0.0936811964033715,4.95704177387036e-07,3.93392593213233e-06,4.46856661573688e-06,0,low,4,all4,A_high
188,RP11-57A1.1,lincRNA,0.468844710831247,up_in_PP,0.0701773682795547,2.37554746214919e-11,3.70248572738701e-10,4.07896582092045e-10,0,low,4,all4,A_high
189,RP5-965G21.6,antisense,-0.468395380435964,down_in_PP,0.108358577872416,1.5417152893809e-05,8.90082206460817e-05,9.8829660105943e-05,15.3216497206624,low,4,all4,A_high
190,KLF3-AS1,processed_transcript,-0.468166574721762,down_in_PP,0.0580143053171193,7.03862456463242e-16,1.79635446882706e-14,1.99059663340944e-14,0,low,4,all4,A_high
191,CTD-2659N19.2,antisense,0.466927488453781,up_in_PP,0.112368815138975,3.2484392496461e-05,0.000174629739327822,0.000193690868049707,45.4740103683989,low,3,k3,A_high
192,RP11-876N24.5,sense_intronic,0.464116120732391,up_in_PP,0.0970369668378221,1.72801713107513e-06,1.23453721034792e-05,1.38980113869184e-05,42.5144047603991,low,4,all4,A_high
193,NPHP3-AS1,antisense,-0.461958900017054,down_in_PP,0.117379229177199,8.29855490661408e-05,0.00040022584018311,0.000439508532202192,42.1517061644656,low,4,all4,A_high
194,RP11-428J1.4,lincRNA,-0.46188851805313,down_in_PP,0.103059148409149,7.40227351968632e-06,4.6090876757858e-05,5.14945940830912e-05,0,low,3,k3,A_high
195,RP11-554E23.4,antisense,0.461598773500058,up_in_PP,0.0596354977947575,9.91546476364992e-15,2.26528147590332e-13,2.50901848142183e-13,0,low,4,all4,A_high
196,CTA-228A9.3,lincRNA,-0.460300676886239,down_in_PP,0.127568001972569,0.000308237393668017,0.0012738075412241,0.00140104235859622,0,low,3,k3,A_high
197,RP11-87F15.2,antisense,0.457764075634611,up_in_PP,0.0678304489717321,1.49225313888787e-11,2.38817676671825e-10,2.60362069837412e-10,33.2309988746113,low,4,all4,A_high
198,AC090616.2,antisense,-0.452504066693982,down_in_PP,0.0904805769632069,5.69987310072441e-07,4.46686115229378e-06,5.04363004229745e-06,39.5526990119633,low,4,all4,A_high
199,CTD-2630F21.1,antisense,-0.452435333663835,down_in_PP,0.0799344788101356,1.51304775314384e-08,1.57475094639913e-07,1.76944800752794e-07,0,low,3,k3,A_high
200,AC010761.10,antisense,0.451964076222324,up_in_PP,0.0784404689182114,8.31852304884456e-09,9.03679343953803e-08,1.00824227541598e-07,0,low,3,k3,A_high
201,RP11-799B12.4,lincRNA,-0.450743533414471,down_in_PP,0.0520540365292495,4.75309218879327e-18,1.47245978288674e-16,1.69972147941392e-16,0,low,4,all4,A_high
202,RP11-831H9.3,antisense,0.449269479050605,up_in_PP,0.112670577662751,6.67843163024708e-05,0.000330845727450588,0.00036303484502612,41.6286676019442,low,3,k3,A_high
203,RP11-632F7.3,antisense,-0.447556403791491,down_in_PP,0.060037783621752,9.0155211509762e-14,1.87819610212606e-12,2.06402963070233e-12,0,low,4,all4,A_high
204,RP11-524H19.2,antisense,0.445900688153869,up_in_PP,0.168493383467153,0.0081353842860642,0.0209870304660155,0.0227108437456773,18.6309527691682,low,4,all4,A_high
205,CTD-2366F13.1,antisense,-0.442426244296292,down_in_PP,0.0966325630077822,4.68459910308099e-06,3.06221759836765e-05,3.41825637757697e-05,21.8224594712842,low,4,all4,A_high
206,CTD-2653D5.1,antisense,-0.441919437643949,down_in_PP,0.0779326044286384,1.4235359936658e-08,1.48838794631841e-07,1.6738152838565e-07,5.44957816062801,low,4,all4,A_high
207,MAFG-AS1,antisense,0.441115267146262,up_in_PP,0.0846522132782518,1.87914179214505e-07,1.62080929236374e-06,1.83545068501391e-06,8.27995396969041,low,4,all4,A_high
208,RP1-257A7.4,antisense,-0.437882586065553,down_in_PP,0.0802629901583127,4.88083803877282e-08,4.69572218532531e-07,5.38759851881888e-07,0,low,4,all4,A_high
209,LINC00926,lincRNA,-0.437212529485546,down_in_PP,0.0891538432529968,9.38933185252366e-07,7.07715593647964e-06,8.07706539281707e-06,0,low,4,all4,A_high
210,RP1-221C16.8,antisense,-0.436619003101831,down_in_PP,0.148894545063133,0.0033634857417464,0.0100149316454376,0.0109591888588379,0,low,3,k3,A_high
211,FAM87A,lincRNA,-0.434562770720968,down_in_PP,0.083059086475521,1.67711640776672e-07,1.46096250995653e-06,1.66061388933789e-06,0,low,4,all4,A_high
212,CTD-2292P10.4,antisense,-0.434374320706878,down_in_PP,0.072213581833436,1.79738736202154e-09,2.15944976351792e-08,2.44569028788277e-08,0,low,4,all4,A_high
213,RP11-73M18.6,sense_intronic,-0.434142088620299,down_in_PP,0.0967080209143693,7.14896215026094e-06,4.46689826501719e-05,5.00543029517461e-05,1.20086278183033,low,4,all4,A_high
214,OXCT1-AS1,processed_transcript,0.433100308616561,up_in_PP,0.0553466707946457,5.06738364174777e-15,1.19923294456546e-13,1.32888297077834e-13,6.78555967677862,low,4,all4,A_high
215,KCNQ1OT1,antisense,-0.430303522596387,down_in_PP,0.0759124229576646,1.44120045058001e-08,1.5030947021405e-07,1.68999304868827e-07,16.2648613873843,low,4,all4,A_high
216,RP11-575L7.2,antisense,-0.429711495793975,down_in_PP,0.0718378114000471,2.20834681597211e-09,2.60941008495488e-08,2.93114008365378e-08,0,low,4,all4,A_high
217,RP11-54A4.2,antisense,-0.429475270813236,down_in_PP,0.127181182705386,0.000733137004725836,0.00271275661659628,0.00300121458793632,35.8489248649806,low,4,all4,A_high
218,RP1-12G14.7,antisense,-0.427920782220785,down_in_PP,0.104316242812627,4.09330338978583e-05,0.000214660743994167,0.000237422570611304,39.5129547069267,low,4,all4,A_high
219,RP11-48B3.4,lincRNA,-0.42782441426544,down_in_PP,0.124523555334133,0.000591045446816124,0.00224742542681015,0.00249507673012036,3.09003203415447,low,3,k3,A_high
220,RP5-855D21.3,sense_intronic,-0.42713401738773,down_in_PP,0.111624254188464,0.000129960142506631,0.000595876526070469,0.000654642068249351,0,low,3,k3,A_high
221,RP11-218L14.4,antisense,-0.426593084234479,down_in_PP,0.123452442874098,0.000549220910171477,0.0021091900782589,0.0023390540140866,17.1099686070524,low,4,all4,A_high
222,GS1-124K5.4,lincRNA,-0.424237243799538,down_in_PP,0.125665606327287,0.000735688607013049,0.00272145060796473,0.00300881342395601,30.1940561289056,low,4,all4,A_high
223,RP11-485O10.2,antisense,0.423558559828105,up_in_PP,0.111805456964209,0.000151649160883675,0.000680994673009615,0.000746514128718614,0,low,3,k3,A_high
224,RP11-49I4.3,antisense,-0.423506932408955,down_in_PP,0.0907059360630775,3.0265448828954e-06,2.05503299526211e-05,2.3106237801445e-05,0,low,4,all4,A_high
225,CTC-471J1.8,processed_transcript,-0.421529504125928,down_in_PP,0.0446640546574701,3.80762234702444e-21,1.56437100428076e-19,1.85118897703087e-19,0,low,4,all4,A_high
226,CTB-33G10.11,antisense,-0.420647461108857,down_in_PP,0.0779327724513246,6.75501670911703e-08,6.33586185493604e-07,7.21702649391343e-07,0,low,3,k3,A_high
227,RP11-23N2.4,antisense,0.419643810779808,up_in_PP,0.0481277107794633,2.79728662865176e-18,8.82942033844716e-17,1.02575078323527e-16,0,low,4,all4,A_high
228,RP11-230F18.5,sense_intronic,-0.417997384040552,down_in_PP,0.082947010407403,4.6716360771788e-07,3.72393585770532e-06,4.25561459072688e-06,0,low,4,all4,A_high
229,RP11-259O2.1,lincRNA,-0.417910334778809,down_in_PP,0.0890115038921327,2.66587324829801e-06,1.83448971303802e-05,2.07468229233552e-05,0,low,3,k3,A_high
230,LINC00571,lincRNA,-0.416679993181484,down_in_PP,0.152605222728138,0.00632491048913104,0.0170247533220278,0.0185670879826798,28.5797235584593,low,3,k3,A_high
231,CTD-2544N14.3,antisense,0.415722667577942,up_in_PP,0.0595756290361237,2.99271209464559e-12,5.2085660080561e-11,5.70461023503589e-11,18.5450182613274,low,4,all4,A_high
232,RP11-967K21.1,antisense,-0.415424467221404,down_in_PP,0.074094983563119,2.06282977340284e-08,2.10585090757727e-07,2.38659476724976e-07,26.761551779422,low,4,all4,A_high
233,RP11-93B14.6,antisense,-0.413340377860644,down_in_PP,0.089151992956878,3.546050212338e-06,2.37877704554644e-05,2.67312879247152e-05,0,low,3,k3,A_high
234,RP11-839G9.1,antisense,0.412230957164034,up_in_PP,0.0662331080084736,4.84819428530132e-10,6.34162031201574e-09,7.06334568097603e-09,40.5061268255996,low,4,all4,A_high
235,RP11-1277A3.1,antisense,-0.410781738575438,down_in_PP,0.0562997080247115,2.95703960628525e-13,5.79885184763075e-12,6.5615950648186e-12,0,low,4,all4,A_high
236,CH17-189H20.1,lincRNA,-0.409248526614965,down_in_PP,0.0735849963876013,2.67349687631044e-08,2.68119962841506e-07,3.05230105113332e-07,30.3231033847607,low,4,all4,A_high
237,RP11-45P15.4,antisense,-0.406083577194284,down_in_PP,0.090912652677353,7.94189428169772e-06,4.92063669933024e-05,5.48954897075176e-05,0,low,3,k3,A_high
238,RP11-188P20.3,antisense,-0.405564106516125,down_in_PP,0.05632250543948,5.98836148176175e-13,1.13182741671126e-11,1.2701784378227e-11,24.1194535647871,low,4,all4,A_high
239,RP11-473O4.5,antisense,0.404511397279092,up_in_PP,0.0640663043546775,2.72003088852585e-10,3.6848331961208e-09,4.10089674378096e-09,0.528365181614364,low,4,all4,A_high
240,RP11-304L19.2,antisense,-0.404165374738767,down_in_PP,0.12637448979612,0.00138309278848373,0.00466277528450085,0.00512383775322697,48.1848014534246,low,4,all4,A_high
241,CFAP58-AS1,antisense,0.400906960015127,up_in_PP,0.136953015837014,0.00341883596114142,0.010151998442906,0.0111060834863806,34.2069857442133,low,3,k3,A_high
242,RP11-166O4.6,lincRNA,-0.400705485413479,down_in_PP,0.118273313524222,0.000704140330424517,0.00262208027047308,0.0029072664215142,0,low,3,k3,A_high
243,RP11-190A12.8,antisense,-0.400200076653945,down_in_PP,0.150660593971219,0.00790027675289762,0.0204986785361963,0.0222265913587698,31.390655771175,low,3,k3,A_high
244,RP11-1105G2.3,antisense,-0.39988915424443,down_in_PP,0.11340704502117,0.000421663489800761,0.00168088601580828,0.00185798158896934,3.50978149466816,low,3,k3,A_high
245,GCC2-AS1,antisense,-0.399121253517577,down_in_PP,0.068355350365291,5.25410677079267e-09,5.89957096279597e-08,6.55173486951582e-08,0,low,4,all4,A_high
246,ZNF561-AS1,processed_transcript,-0.398355549890614,down_in_PP,0.0403099813554235,4.96766173155512e-23,2.32709417413522e-21,2.75577850159474e-21,0,low,4,all4,A_high
247,RP11-767N6.7,sense_intronic,-0.396495507624605,down_in_PP,0.0588759303756973,1.64580040859737e-11,2.61388148544153e-10,2.85999131245013e-10,0,low,4,all4,A_high
248,STAM-AS1,antisense,0.395890999912815,up_in_PP,0.136028323496524,0.00361015989178533,0.0106406647584234,0.0116342768690527,0,low,3,k3,A_high
249,RP11-585P4.5,antisense,0.394696012746234,up_in_PP,0.0902337866656812,1.21907189075065e-05,7.20574993537566e-05,7.99230919890616e-05,0,low,4,all4,A_high
250,LA16c-390E6.4,antisense,0.392592062044794,up_in_PP,0.140000179218,0.00504376271845596,0.0140264959220976,0.0153692685089852,17.4130399499397,low,4,all4,A_high
251,EP300-AS1,antisense,0.392441977432773,up_in_PP,0.0869291253131514,6.34648023790427e-06,4.02061394647009e-05,4.53904462634905e-05,0,low,3,k3,A_high
252,RP11-350N15.5,lincRNA,0.388318986724982,up_in_PP,0.0950589159786856,4.40701973333918e-05,0.000229227549429196,0.00025357944662445,15.6670012904142,low,4,all4,A_high
253,RP11-206L10.9,lincRNA,-0.38598404894594,down_in_PP,0.0808325947995902,1.79614382085821e-06,1.27919739807753e-05,1.43924339126916e-05,0,low,4,all4,A_high
254,RP11-385F5.5,antisense,-0.385251674877418,down_in_PP,0.0932975359207645,3.63900581014626e-05,0.000193385843116806,0.000213649635556348,0,low,3,k3,A_high
255,CTD-2619J13.19,lincRNA,-0.38312315148022,down_in_PP,0.0968579203309448,7.63693136568587e-05,0.000372367264371244,0.000408467268471233,0,low,4,all4,A_high
256,AC022154.7,antisense,0.381370156395232,up_in_PP,0.0792838308209817,1.50788166881289e-06,1.0912656766904e-05,1.24515343147965e-05,0,low,4,all4,A_high
257,AC099668.5,processed_transcript,-0.381351043684868,down_in_PP,0.109384302709029,0.000489675300508682,0.00191186203167917,0.00210618789791359,0,low,4,all4,A_high
258,SNRK-AS1,antisense,-0.381189630097587,down_in_PP,0.0541742205620449,1.97318581614264e-12,3.50226507961522e-11,3.84593469659874e-11,27.7952368343276,low,4,all4,A_high
259,GSN-AS1,antisense,-0.381026361393719,down_in_PP,0.0617203031671467,6.68214701307647e-10,8.5573821380543e-09,9.5110691202572e-09,17.1159343931402,low,4,all4,A_high
260,RP11-890B15.3,lincRNA,-0.378326080465267,down_in_PP,0.044746089467755,2.79199945331856e-17,8.10812170325258e-16,9.22212338512169e-16,0,low,4,all4,A_high
261,CTD-2026K11.2,antisense,0.37831125576135,up_in_PP,0.0440717689099254,9.16445944750506e-18,2.7772633938739e-16,3.14719174836146e-16,0,low,4,all4,A_high
262,RP11-1260E13.4,processed_transcript,0.375528883529299,up_in_PP,0.114826457656282,0.00107394062737467,0.00375856723966818,0.00414535334045513,17.824808444034,low,3,k3,A_high
263,RP11-138I18.1,antisense,0.374799024947399,up_in_PP,0.0953386522160447,8.45092186236784e-05,0.000406676274413715,0.000446485212435478,7.37684782317712,low,3,k3,A_high
264,LINC01719,lincRNA,-0.374578363654003,down_in_PP,0.106604488706965,0.000441877711546236,0.00175129154764497,0.00192692934575156,31.0175388935552,low,4,all4,A_high
265,HELLPAR,macro_lncRNA,-0.373634165136552,down_in_PP,0.117952557465935,0.00153668583449809,0.00510571660933198,0.00559229571562089,39.5996829207154,low,4,all4,A_high
266,RP11-461A8.4,sense_overlapping,0.37262923826368,up_in_PP,0.110167243729675,0.000718564948006948,0.00266834712208477,0.0029583544529268,0,low,4,all4,A_high
267,CTD-3065B20.3,antisense,-0.37170501422926,down_in_PP,0.0694803126194599,8.8056822974466e-08,8.08084986227047e-07,9.21766446910551e-07,0,low,4,all4,A_high
268,RP11-473I1.5,antisense,0.369094984126932,up_in_PP,0.0416313119465602,7.59550938669495e-19,2.53811541665798e-17,3.01520817580083e-17,0,low,4,all4,A_high
269,RP11-667K14.3,lincRNA,-0.365557413021672,down_in_PP,0.070661670480268,2.29936161328643e-07,1.942251457775e-06,2.20118090723239e-06,0,low,3,k3,A_high
270,RP11-253E3.3,lincRNA,0.365385880579629,up_in_PP,0.0552746347087753,3.8335625885824e-11,5.80875124516639e-10,6.42938965922327e-10,0,low,4,all4,A_high
271,AC016738.4,antisense,-0.365025417657399,down_in_PP,0.0588777260451191,5.65636880338633e-10,7.34507331349576e-09,8.15836927075089e-09,0,low,4,all4,A_high
272,AC137932.5,antisense,-0.363864500539524,down_in_PP,0.12223920703376,0.00291407429065997,0.00885672203159352,0.00966963148442154,0,low,3,k3,A_high
273,PART1,lincRNA,0.363344151579047,up_in_PP,0.110377977038407,0.000995422003436969,0.0035286090877139,0.00388035226024483,46.5077209747467,low,4,all4,A_high
274,RP11-737O24.2,antisense,0.362691321513388,up_in_PP,0.0934655386355571,0.000104249746615666,0.000490472878254801,0.000539579729193764,47.8726787156487,low,4,all4,A_high
275,MIR130B,miRNA;processed_transcript,0.36095421668588,up_in_PP,0.0906441616980342,6.83087075541667e-05,0.000337264150654556,0.000368543363574663,39.6497676809627,low,4,all4,A_high
276,TMLHE-AS1,antisense,-0.359260719822456,down_in_PP,0.102445725701418,0.000453462531438514,0.00178994401033309,0.0019719923352105,0,low,3,k3,A_high
277,RP11-73K9.2,antisense,0.356574240186154,up_in_PP,0.0806670087939237,9.8553447760618e-06,5.9674957907142e-05,6.61148478232859e-05,16.4933733556548,low,3,k3,A_high
278,RP11-27M24.2,sense_intronic,-0.349395302039433,down_in_PP,0.136551977938126,0.0105064905235385,0.0260654984657416,0.0282545584184904,13.6901727511375,low,3,k3,A_high
279,RP11-266K4.9,lincRNA,-0.348893047472153,down_in_PP,0.11787391908496,0.00307755572447965,0.00929497488152674,0.0101653310074988,32.584468102508,low,4,all4,A_high
280,CTD-2228K2.7,processed_transcript,0.348360702497121,up_in_PP,0.103594815692034,0.000771776737895038,0.00283610976614743,0.00313566004213317,0,low,4,all4,A_high
281,CTD-2308L22.1,antisense,0.347475656934284,up_in_PP,0.0593497642666429,4.77843145581226e-09,5.40176135072471e-08,6.0280679035859e-08,0,low,4,all4,A_high
282,IPO9-AS1,antisense,0.345992147428703,up_in_PP,0.0542314603637548,1.7718544778002e-10,2.46564225000714e-09,2.74796212381415e-09,22.6206376688703,low,4,all4,A_high
283,RP11-420A23.1,lincRNA,-0.343694336009838,down_in_PP,0.122539065602632,0.00503519336354788,0.014004218852207,0.0153539687696065,45.8132626965207,low,4,all4,A_high
284,RP11-174G6.5,sense_overlapping,0.343249860746863,up_in_PP,0.0932375613620583,0.000231906975350528,0.000992520769457357,0.00108248272097274,29.7918678271873,low,4,all4,A_high
285,RP11-90P5.2,antisense,0.343217555084552,up_in_PP,0.0485893751537658,1.62203807759745e-12,2.9140873333869e-11,3.20482135240373e-11,20.9291348872319,low,4,all4,A_high
286,RP11-152N13.16,antisense,0.342933676307745,up_in_PP,0.0642979849296965,9.63344784737912e-08,8.79218754373691e-07,1.00201752008677e-06,0,low,4,all4,A_high
287,RP11-977G19.5,sense_overlapping,-0.342815245213122,down_in_PP,0.0672355333293641,3.4195560820343e-07,2.80068348130534e-06,3.18202562730375e-06,19.4845525412108,low,4,all4,A_high
288,RP11-426A6.5,antisense,0.342075495712474,up_in_PP,0.0789857456169875,1.4853416705232e-05,8.60907329941085e-05,9.54988619369077e-05,40.3657893355793,low,4,all4,A_high
289,RP11-506K6.4,antisense,-0.341808214557551,down_in_PP,0.138257131574647,0.0134260095521572,0.0320276652766194,0.0344160801730949,42.2335888647552,low,3,k3,A_high
290,RP11-395G23.3,lincRNA,0.340850441564935,up_in_PP,0.113516194776959,0.00267631990586936,0.00822085175645274,0.00893552178448821,24.7028203047465,low,4,all4,A_high
291,LINC01116,lincRNA,-0.339269178342615,down_in_PP,0.134577416215264,0.0117023057854334,0.0285600533250104,0.0308943728697806,37.3134564804338,low,4,all4,A_high
292,CTB-189B5.3,antisense,-0.338718614412516,down_in_PP,0.0764999849571002,9.52453747760989e-06,5.78395828116935e-05,6.42943426920717e-05,0,low,3,k3,A_high
293,RP11-1049A21.2,antisense,0.333348463377584,up_in_PP,0.101555807778968,0.00102921446973348,0.00362532298530715,0.00399767595200787,0,low,3,k3,A_high
294,RP11-894P9.1,antisense,-0.333023066361097,down_in_PP,0.112234800666425,0.00300525699131084,0.00909964367720577,0.00996455708919694,30.8246373916201,low,4,all4,A_high
295,CTD-3252C9.4,lincRNA,-0.331443214274087,down_in_PP,0.0630044366361518,1.43560371267141e-07,1.26508791304398e-06,1.43555539234772e-06,0,low,4,all4,A_high
296,RP11-996F15.6,antisense,-0.329867304953021,down_in_PP,0.0679796273386625,1.21949494924225e-06,9.00235122766109e-06,1.02461255249927e-05,0,low,4,all4,A_high
297,AC100830.4,antisense,-0.329350997136338,down_in_PP,0.102023390674386,0.00124575741638083,0.00426635315241001,0.00468322531770621,0,low,3,k3,A_high
298,LINC01948,lincRNA,0.32778332177118,up_in_PP,0.092740638989712,0.000408688592674512,0.00163675053311849,0.00180448524541083,0,low,3,k3,A_high
299,RP11-115C21.2,antisense,0.326892614836865,up_in_PP,0.0860206892304745,0.000144601116359863,0.000653664054892338,0.00071671137513073,44.4328432155623,low,4,all4,A_high
300,RP5-956O18.3,antisense,-0.324851825430449,down_in_PP,0.0352838746889323,3.35969950911576e-20,1.25485527716035e-18,1.48341018121877e-18,0,low,4,all4,A_high
301,AC007193.8,antisense,0.324781194289256,up_in_PP,0.0594198304088937,4.60636351520804e-08,4.45045036307417e-07,5.09763041695785e-07,0,low,4,all4,A_high
302,RP11-540A21.2,lincRNA,0.323861961994777,up_in_PP,0.111882758687114,0.00379575727792831,0.0110889014771898,0.0121033468987441,7.80024481516426,low,4,all4,A_high
303,ANKRD10-IT1,sense_intronic,-0.323473468663874,down_in_PP,0.13367777845691,0.0155290517289035,0.0362279345192106,0.0387286494702971,49.0023347656982,low,4,all4,A_high
304,RP11-69E11.4,antisense,-0.321233492338981,down_in_PP,0.128530412245968,0.0124445931430211,0.030046858704277,0.0324579593308332,47.5322228373447,low,4,all4,A_high
305,RP11-162A12.2,lincRNA,-0.319864876264918,down_in_PP,0.111221653416314,0.00402848371237967,0.0116409384065098,0.0127049919996114,21.0242950740226,low,3,k3,A_high
306,AP001189.4,antisense,-0.318436746423162,down_in_PP,0.0844466012899741,0.000162682565161253,0.000723855922884006,0.000792775257436846,0,low,3,k3,A_high
307,RP11-815I9.4,sense_intronic,-0.317731313348986,down_in_PP,0.0654179043202199,1.19209308641298e-06,8.82085530902924e-06,1.00549449998225e-05,44.8829104084521,low,4,all4,A_high
308,KB-1572G7.3,processed_transcript,-0.31614922852177,down_in_PP,0.0884238040052765,0.000349711574931928,0.00142326591278727,0.00156484176290636,0,low,4,all4,A_high
309,RP11-37C7.1,processed_transcript,0.315426927583009,up_in_PP,0.0945476195308915,0.000849412190446557,0.00308342530662972,0.00342216624586802,0,low,3,k3,A_high
310,CTD-2213F21.2,antisense,0.31372570384539,up_in_PP,0.0686377087154791,4.8598526020753e-06,3.16686494834142e-05,3.54016535508078e-05,16.2689361292198,low,4,all4,A_high
311,RP11-455F5.5,antisense,0.312368912537868,up_in_PP,0.110469614636342,0.0046891695890879,0.0132192607007039,0.0144584203726939,39.3365780492149,low,3,k3,A_high
312,AC055764.1,antisense,-0.312331100265602,down_in_PP,0.0867141744496349,0.000315965559450518,0.00130178018263174,0.00143010771521171,28.0323696489464,low,4,all4,A_high
313,RP11-712B9.2,antisense,-0.310136854618409,down_in_PP,0.0759766682984685,4.46495575014192e-05,0.000231726487906517,0.000255892232196875,0,low,3,k3,A_high
314,RP11-443B20.1,antisense,0.309672170557427,up_in_PP,0.0402676734315832,1.46742518150038e-14,3.29244493274508e-13,3.62831357734408e-13,0,low,4,all4,A_high
315,AC010761.9,antisense,0.309519861394536,up_in_PP,0.0955493242171841,0.00119792975712045,0.00412907654696091,0.00454289400443487,0,low,3,k3,A_high
316,RP11-104H15.7,processed_transcript,-0.307805461071942,down_in_PP,0.0875147838022146,0.000436153886087823,0.00173231199574216,0.00190822837725178,42.9335053911829,low,4,all4,A_high
317,RP11-479O17.12,processed_transcript,0.307294161376949,up_in_PP,0.12724903828136,0.0157393744501499,0.0366224308299746,0.0391403869228728,48.0801972519001,low,3,k3,A_high
318,AC009403.2,antisense,0.30712675176184,up_in_PP,0.0511268335597595,1.88808413300487e-09,2.25867133849012e-08,2.55304376359752e-08,0,low,4,all4,A_high
319,RP11-204M4.4,processed_transcript,-0.306383912936294,down_in_PP,0.0870877340413532,0.000434638084515294,0.0017268388830251,0.00190352124665757,0,low,4,all4,A_high
320,AC009120.5,lincRNA,-0.304016396286512,down_in_PP,0.10487796392127,0.00374637562587074,0.0109642988420866,0.0119745923207449,7.5182530738828,low,3,k3,A_high
321,RP11-204M4.3,processed_transcript,-0.302835787940068,down_in_PP,0.0864970478599858,0.000463322376315809,0.00182431820820531,0.00201082840754113,11.3813934345334,low,4,all4,A_high
322,CH17-340M24.3,lincRNA,-0.302302211537099,down_in_PP,0.0655107992949649,3.93966673453229e-06,2.61690770476672e-05,2.93406849575236e-05,0,low,4,all4,A_high
323,RP11-1007O24.3,lincRNA,-0.302192039667578,down_in_PP,0.0524419242930577,8.29196630164538e-09,9.01184993286368e-08,1.00784657829268e-07,0,low,4,all4,A_high
324,RP11-10K16.1,antisense,-0.301797929295125,down_in_PP,0.106292037418602,0.0045208698509074,0.0128343951295244,0.0140525744108162,0,low,3,k3,A_high
325,AC096649.2,antisense,-0.301542058423438,down_in_PP,0.0871786767667886,0.000542392398043134,0.00208808575725914,0.0023145285072314,40.1018258532066,low,4,all4,A_high
326,CTD-3126B10.4,lincRNA,-0.301485651577073,down_in_PP,0.104025021743682,0.00375307335978527,0.0109780023976352,0.0119849065887755,0,low,3,k3,A_high
327,AC005540.3,antisense,-0.299465221884278,down_in_PP,0.0667717472267382,7.2944998809386e-06,4.5487622795741e-05,5.09085499755183e-05,0,low,4,all4,A_high
328,AC009303.1,antisense,-0.298411386274852,down_in_PP,0.0618745536631733,1.41524895781397e-06,1.02927943646935e-05,1.17313836024158e-05,0,low,4,all4,A_high
329,CTD-2540B15.11,antisense,0.298332166366435,up_in_PP,0.0471661539442086,2.53015619107813e-10,3.43503653633803e-09,3.82796707650177e-09,0,low,4,all4,A_high
330,CTD-2561B21.7,antisense,0.297917598317759,up_in_PP,0.0578385422485757,2.59309888179771e-07,2.17061603792966e-06,2.45521638108068e-06,7.51364731310106,low,4,all4,A_high
331,CTD-3157E16.1,lincRNA,-0.297619607240429,down_in_PP,0.117876690173302,0.0115751465138703,0.0282779667508155,0.0305773253757734,9.24639561139196,low,3,k3,A_high
332,CTD-2033A16.3,antisense,0.297298574903964,up_in_PP,0.0455250055569887,6.55742768009816e-11,9.63319182406918e-10,1.06669133728514e-09,0,low,4,all4,A_high
333,RP11-235E17.6,antisense,0.296917943107216,up_in_PP,0.081196402168517,0.000255396489044182,0.00107956599905975,0.00118192578405794,0,low,4,all4,A_high
334,RP11-142C4.6,antisense,-0.295682859215587,down_in_PP,0.121064871259369,0.0145919684537897,0.0343932957198229,0.036852732270965,32.5153848533242,low,3,k3,A_high
335,RP11-261C10.5,antisense,-0.295002252078379,down_in_PP,0.0670083068884549,1.07023984288524e-05,6.42451519578199e-05,7.11802569027945e-05,0,low,4,all4,A_high
336,RP11-25K21.6,processed_transcript,0.294102105523332,up_in_PP,0.0813766848325915,0.000301412325493655,0.00124859433083008,0.00137285382359057,0,low,3,k3,A_high
337,RP11-196G18.22,sense_overlapping,-0.293561334720806,down_in_PP,0.0594966502043119,8.05287168454073e-07,6.13997779610464e-06,6.96895515580155e-06,1.40101628031461,low,4,all4,A_high
338,RP11-513D5.5,antisense,-0.293209122430128,down_in_PP,0.106620901447729,0.00595924614067845,0.0161845065862249,0.0175651621598881,43.9230160881968,low,4,all4,A_high
339,LINC01023,lincRNA,-0.293032400557753,down_in_PP,0.128025077768667,0.0220870698590144,0.0486249248776017,0.0514928616810104,18.6674753061085,low,3,k3,A_high
340,RP11-126K1.2,antisense,0.29238294981469,up_in_PP,0.102412691390319,0.00430438211836075,0.01230763544214,0.0134671449212921,0,low,3,k3,A_high
341,CTD-2561B21.3,antisense,-0.290769146751881,down_in_PP,0.0781102221279376,0.000197221443966893,0.000859910199843125,0.00094400131420879,0,low,3,k3,A_high
342,RP11-849F2.5,antisense,-0.290061677966131,down_in_PP,0.0741713150543136,9.2029450949773e-05,0.000438153894320519,0.000480931683888488,32.7316922499673,low,3,k3,A_high
343,RP11-353N14.7,antisense,-0.287983218208441,down_in_PP,0.0920683748361191,0.00176043491353257,0.0057537845335098,0.00631102060551403,0,low,3,k3,A_high
344,AC132217.4,3prime_overlapping_ncRNA,-0.287767475139943,down_in_PP,0.0940806528800474,0.00222276121478399,0.00701597500817585,0.00768201899071112,0,low,3,k3,A_high
345,RP11-128P10.1,antisense,0.287129015853125,up_in_PP,0.0699237787200707,4.02022293560202e-05,0.000211447696142828,0.000234125230718034,0,low,4,all4,A_high
346,RP11-264B17.4,antisense,0.284254189301311,up_in_PP,0.0951193535852079,0.0028044695436899,0.00856097633422124,0.00933456901195861,44.8185931832359,low,4,all4,A_high
347,CTD-2265O21.7,antisense,-0.284249375777831,down_in_PP,0.090746918425984,0.00173424301963645,0.00567706355252464,0.00623261590196588,45.640160504914,low,4,all4,A_high
348,CTD-2619J13.8,processed_transcript,-0.284190200603496,down_in_PP,0.0708568072307622,6.05216107372413e-05,0.000303176615689934,0.000332753506556599,4.90786403510912,low,4,all4,A_high
349,CTD-2410N18.3,lincRNA,0.283446951987353,up_in_PP,0.078684727542847,0.000315399278692859,0.00130008827674349,0.00142903945434974,0,low,3,k3,A_high
350,CTD-2194D22.3,antisense,0.283082643385668,up_in_PP,0.0895151719252859,0.0015647528569824,0.0051859079743048,0.00568487456940625,0,low,4,all4,A_high
351,LINC00462,lincRNA,0.282316542940189,up_in_PP,0.119683474576862,0.0183311773439383,0.0416062277299204,0.044066113537345,0,low,4,all4,A_high
352,RP11-872J21.3,antisense,0.281235218261332,up_in_PP,0.0954354138502878,0.00321013996921648,0.00963041990764944,0.0105549207042551,0,low,3,k3,A_high
353,RP11-240G22.5,antisense,-0.28068821472988,down_in_PP,0.0754591364660705,0.000199429573139017,0.00086832938881342,0.000952463314539213,0,low,4,all4,A_high
354,AC093673.5,antisense,0.279729921718033,up_in_PP,0.0921155412095699,0.00239160484253391,0.00746989039925034,0.00814199382662803,20.9694823467269,low,4,all4,A_high
355,AC005339.2,antisense,0.277782901826071,up_in_PP,0.0519268007618494,8.81930457640324e-08,8.0903884075336e-07,9.21766446910551e-07,0,low,4,all4,A_high
356,RP5-1142A6.9,antisense,0.274817058084382,up_in_PP,0.0587244632373984,2.87195085973908e-06,1.96229096092642e-05,2.21909488751625e-05,20.1299058598182,low,4,all4,A_high
357,RP3-395M20.12,lincRNA,-0.273145448540177,down_in_PP,0.103299935779513,0.00818848231281176,0.0211066279670563,0.0228426903948195,0,low,3,k3,A_high
358,RP11-548H3.1,antisense,0.273130872446277,up_in_PP,0.0962555570232284,0.0045459869736517,0.0128910981594998,0.0141007065483806,33.5850708774833,low,4,all4,A_high
359,XXbac-B476C20.9,antisense,0.272558290950192,up_in_PP,0.068884538737358,7.59791749392015e-05,0.000370753520702155,0.0004068835271806,40.5595986853511,low,4,all4,A_high
360,RP11-805J14.5,antisense,0.272457961826225,up_in_PP,0.0384589110039422,1.39657113949342e-12,2.52896429898729e-11,2.78477572377329e-11,8.4896356547303,low,4,all4,A_high
361,MMP25-AS1,antisense,0.271637087719006,up_in_PP,0.06781143581179,6.18154977595922e-05,0.000308794101026689,0.00033866979769673,0,low,4,all4,A_high
362,RP11-383C5.8,antisense,-0.270660323646035,down_in_PP,0.0513575930735426,1.36339728683748e-07,1.20782830691838e-06,1.37836917293126e-06,0,low,4,all4,A_high
363,RP11-1376P16.2,antisense,-0.269575004593946,down_in_PP,0.0991811131416146,0.0065676358978305,0.0175562400819186,0.0191626166755985,0,low,3,k3,A_high
364,RP11-166N17.1,antisense,-0.269422853553676,down_in_PP,0.0707304124519212,0.000139444525242105,0.000633797368809871,0.000696739562035321,49.6446914067082,low,4,all4,A_high
365,RP11-545P7.4,antisense,0.269179566316151,up_in_PP,0.0587482542680528,4.60734969591218e-06,3.01880779291376e-05,3.37326601255702e-05,0,low,4,all4,A_high
366,CTC-444N24.13,antisense,-0.268538492313897,down_in_PP,0.0677439119529908,7.36968408689741e-05,0.000360458670151879,0.00039515022359362,0,low,4,all4,A_high
367,AF196970.3,antisense,0.267165157940667,up_in_PP,0.0630897636860875,2.28874204859579e-05,0.000127100494619782,0.000140673108583437,16.1776023125005,low,4,all4,A_high
368,RP11-144F15.1,antisense,0.266565421251672,up_in_PP,0.0869513509131357,0.00217172238182738,0.00689132772010101,0.0075599700290966,43.1822352363943,low,4,all4,A_high
369,AC010883.5,antisense,-0.266538848078091,down_in_PP,0.0967987934513032,0.00589554988647825,0.0160349502383953,0.017424893687699,42.9121763518093,low,4,all4,A_high
370,RP11-532F12.5,antisense,-0.265121680965331,down_in_PP,0.0596960088681997,8.94602275436041e-06,5.47509700292504e-05,6.09597487529409e-05,26.262694583157,low,4,all4,A_high
371,RAD21-AS1,antisense,-0.26475033204398,down_in_PP,0.0864300808001105,0.00219003053770257,0.00693712655913825,0.00760534681913244,0,low,4,all4,A_high
372,ARHGAP27P1-BPTFP1-KPNA2P3,processed_transcript,0.263998881954369,up_in_PP,0.0791954257993542,0.000857570512688105,0.0031094375273422,0.00344541096416103,37.5769485381367,low,4,all4,A_high
373,CTD-2201E18.3,sense_overlapping,0.263672155347583,up_in_PP,0.0501133077013926,1.42869583454522e-07,1.2607737677948e-06,1.43502888262068e-06,0,low,4,all4,A_high
374,VAC14-AS1,antisense,0.262895678854721,up_in_PP,0.081243934626406,0.00121268061993104,0.00417360638515679,0.00459380520557572,34.8015373025606,low,4,all4,A_high
375,AC012146.7,processed_transcript,-0.262380484868326,down_in_PP,0.0860391890217962,0.00229187353566992,0.00720056845317281,0.00788309760639407,0,low,4,all4,A_high
376,RP11-375N15.2,antisense,-0.262262200252804,down_in_PP,0.0631428518497282,3.27465281128222e-05,0.000175812658004188,0.000194634927395854,0,low,4,all4,A_high
377,RP11-293M10.6,antisense,0.259397358103822,up_in_PP,0.062711539333908,3.52862015717986e-05,0.000188038014839978,0.000207450263860289,0,low,4,all4,A_high
378,CTD-3157E16.2,lincRNA,-0.259366850451511,down_in_PP,0.0825011154882991,0.00166770456826167,0.00549076414436771,0.00603432377383842,22.1735191248424,low,4,all4,A_high
379,RP11-143K11.5,processed_transcript,-0.259357621654582,down_in_PP,0.0850617041079915,0.00229564179713631,0.00721059966409703,0.00788978717729056,13.0764424625569,low,3,k3,A_high
380,LINC01106,lincRNA,0.25893161667623,up_in_PP,0.0785725076026313,0.00098264871388284,0.00349420290399145,0.00384789229409145,35.2152119976788,low,4,all4,A_high
381,RP11-109N23.4,antisense,0.258517335055827,up_in_PP,0.0513161760440518,4.71071153124381e-07,3.75068227989632e-06,4.27321777687463e-06,0,low,4,all4,A_high
382,AL022476.2,antisense,-0.257971830053973,down_in_PP,0.104714350646833,0.0137558476406911,0.0326776354095734,0.0349978744771317,43.6912505724624,low,4,all4,A_high
383,LIX1-AS1,lincRNA,0.257201665261246,up_in_PP,0.0829335665331204,0.00192674584729696,0.00620749510540639,0.00681686776880944,25.404356250881,low,4,all4,A_high
384,CTB-50L17.5,antisense,0.257004885657897,up_in_PP,0.0619806870592305,3.37549417623701e-05,0.000180492073916902,0.000199260072313473,0,low,4,all4,A_high
385,RP11-513D5.2,antisense,-0.255983540412311,down_in_PP,0.0474050589207549,6.66705063710454e-08,6.26038302986564e-07,7.15839407115418e-07,0,low,4,all4,A_high
386,LINC01123,lincRNA,0.255786749284839,up_in_PP,0.0652093290634486,8.76172857026309e-05,0.000419779088946537,0.000461778313319469,25.0453527162405,low,4,all4,A_high
387,AC002310.7,antisense,-0.255193187938392,down_in_PP,0.058404949167739,1.24602021226046e-05,7.35462990100604e-05,8.14430431790183e-05,0,low,4,all4,A_high
388,RP11-316M21.6,antisense,0.254844598116877,up_in_PP,0.0413432514811742,7.08779703797686e-10,9.05373951915271e-09,1.0022515615466e-08,0,low,4,all4,A_high
389,CTD-2012K14.3,antisense,-0.252888261725677,down_in_PP,0.0621056422615377,4.66302420710867e-05,0.000240759605847873,0.000265961125079901,0,low,4,all4,A_high
390,CTD-2292P10.2,antisense,0.252569545982933,up_in_PP,0.101479948552989,0.0128152846480217,0.0308112685963852,0.0332376043290557,0,low,3,k3,A_high
391,RP11-973H7.3,sense_intronic,-0.251617199633701,down_in_PP,0.0725243953473584,0.000521593765839396,0.00201735927734014,0.00223017413516509,0.632905490032825,low,4,all4,A_high
392,RP11-104H15.8,antisense,-0.250164141007821,down_in_PP,0.065730383745593,0.000141281877758174,0.000640869940339431,0.000704293415967303,0,low,4,all4,A_high
393,TAB3-AS2,antisense,0.249244328436305,up_in_PP,0.0594615391341171,2.76884381017301e-05,0.00015101798383146,0.000167329429701377,0,low,4,all4,A_high
394,RP4-756H11.3,sense_intronic,-0.248413363941671,down_in_PP,0.0753734984779054,0.000981539635976228,0.00349157289163275,0.00384789229409145,0,low,4,all4,A_high
395,RP11-112J3.15,antisense,0.248256067578861,up_in_PP,0.0609696923323028,4.66522981131603e-05,0.000240823871331004,0.000265961125079901,30.481178171603,low,4,all4,A_high
396,PCAT6,antisense,-0.248133783654396,down_in_PP,0.0790643348430413,0.00169885531926158,0.00557797877785061,0.00611559647790754,0,low,3,k3,A_high
397,DENND5B-AS1,antisense,0.247968055711468,up_in_PP,0.0744894279991812,0.000871888680054382,0.00315550319871517,0.00348997439278012,0,low,4,all4,A_high
398,WASHC5-AS1,antisense,0.245089693206952,up_in_PP,0.0515327823962128,1.97470639684926e-06,1.39690346788366e-05,1.57358279542666e-05,32.6113984742554,low,4,all4,A_high
399,RBM5-AS1,antisense,-0.243971953710353,down_in_PP,0.084006379609741,0.00368184110399484,0.0108074843931036,0.011818491436933,47.2969286219852,low,4,all4,A_high
400,KB-1639H6.2,antisense,0.240882006993075,up_in_PP,0.0536809314560682,7.2134225109987e-06,4.50380655133656e-05,5.04240374880313e-05,2.22008076235544,low,4,all4,A_high
401,AC009133.15,antisense,0.240192345318075,up_in_PP,0.0520777112098206,3.98446813159346e-06,2.64456409729861e-05,2.96233567103177e-05,9.04692294936468,low,4,all4,A_high
402,AC009133.12,antisense,0.239705196095835,up_in_PP,0.0481479256980724,6.40738012243683e-07,4.9726204046404e-06,5.61095582139846e-06,35.2024587485321,low,4,all4,A_high
403,CTC-499B15.5,lincRNA,0.23929179628124,up_in_PP,0.0516414072124411,3.59153539755581e-06,2.40606950370339e-05,2.70270846351722e-05,0,low,4,all4,A_high
404,AC000068.5,antisense,0.238730707318904,up_in_PP,0.081706239110588,0.00347995547957789,0.0103041876452246,0.0112623540464723,48.2345342165659,low,4,all4,A_high
405,RP11-261C10.4,antisense,-0.236908250054241,down_in_PP,0.0701545983535104,0.000732955908665362,0.00271275661659628,0.00300121458793632,0,low,4,all4,A_high
406,CTD-3137H5.1,antisense,0.234058323711025,up_in_PP,0.0563379997114263,3.2594638227293e-05,0.000175109715595374,0.000193998623947038,0,low,4,all4,A_high
407,RP11-144G7.2,antisense,-0.233299932077417,down_in_PP,0.0430034423277055,5.79073463644526e-08,5.50559148173715e-07,6.34341994225282e-07,0,low,4,all4,A_high
408,RP11-529E10.6,sense_overlapping,-0.229037854811491,down_in_PP,0.0994861834029063,0.0213234634615398,0.0471925681095999,0.0499548599881336,0,low,3,k3,A_high
409,KB-1471A8.1,lincRNA,-0.228858528823055,down_in_PP,0.0777428854434904,0.0032422260529811,0.00971156559577056,0.0106361729577325,0,low,3,k3,A_high
410,RP11-265N6.1,antisense,0.228060218020047,up_in_PP,0.0426718088185404,9.06583462748001e-08,8.29528833274568e-07,9.45249793568819e-07,0,low,4,all4,A_high
411,HCG25,antisense;processed_transcript,0.227848978862965,up_in_PP,0.0357696663690607,1.8915903581858e-10,2.617727087623e-09,2.91277988607472e-09,0,low,4,all4,A_high
412,CTD-2323K18.1,processed_transcript,-0.227303041788033,down_in_PP,0.0393641704793661,7.72443729860213e-09,8.44264490089693e-08,9.44170626865859e-08,21.3354519880749,low,4,all4,A_high
413,RP3-337H4.9,antisense,0.22530873618608,up_in_PP,0.0582793706082072,0.000110629574205175,0.000516069582346242,0.000567589321590092,26.5512831497687,low,4,all4,A_high
414,RP5-1142A6.7,antisense,0.225120337168805,up_in_PP,0.0845131601310196,0.00772792982492575,0.0200993542208685,0.0218126238437402,9.69790963112573,low,4,all4,A_high
415,PDXDC2P,processed_transcript;transcribed_unprocessed_pseudogene,-0.224039955369979,down_in_PP,0.0556561226386703,5.68707338357164e-05,0.0002866065416028,0.00031589173980378,0,low,4,all4,A_high
416,KDM4A-AS1,antisense,-0.22399831800941,down_in_PP,0.032354188940986,4.41187849708636e-12,7.53718465534958e-11,8.26415508956393e-11,1.21306020190434,low,4,all4,A_high
417,SNHG17,processed_transcript,0.223488659854411,up_in_PP,0.0755948155767238,0.00311251180015737,0.00937766100893946,0.0102573027869619,21.7757919908855,low,4,all4,A_high
418,B4GALT1-AS1,antisense,-0.223452218440776,down_in_PP,0.0485083838993423,4.09570101484345e-06,2.71121127400968e-05,3.03460587178555e-05,0,low,4,all4,A_high
419,RP11-565F19.2,sense_intronic,0.222032115907737,up_in_PP,0.0713311444919764,0.00185387329056577,0.00600514054648565,0.00660223022903546,0,low,4,all4,A_high
420,RP11-555J4.4,antisense,-0.221844955293536,down_in_PP,0.0894152169891601,0.0130990525324955,0.0313761306097105,0.0338183772721408,28.2280068188842,low,4,all4,A_high
421,SZT2-AS1,antisense,-0.219253786714811,down_in_PP,0.0810111895229224,0.0068004160743557,0.0180983357391423,0.0197618538305823,39.5135559027906,low,4,all4,A_high
422,AC005562.1,processed_transcript,-0.21781808889047,down_in_PP,0.0292233374190793,9.08501703157708e-14,1.88796597715908e-12,2.0689930892439e-12,0,low,4,all4,A_high
423,CTD-2540B15.7,antisense,0.217239664814466,up_in_PP,0.0593162899474499,0.00024986849207499,0.00105923615500396,0.00115963576873185,0,low,4,all4,A_high
424,CTD-2049O4.1,antisense,-0.216176395735182,down_in_PP,0.0657992927137159,0.00101840983750647,0.00359839099782705,0.00396282317166412,0,low,4,all4,A_high
425,RP11-111A22.1,antisense,-0.214770526146373,down_in_PP,0.0394365006415468,5.15199539702978e-08,4.93009960444293e-07,5.65804164541824e-07,0,low,4,all4,A_high
426,RP11-110G21.1,antisense,-0.214213671051618,down_in_PP,0.08456063392095,0.0113008623640227,0.0277098339269286,0.0299808899136274,48.6515939745097,low,4,all4,A_high
427,RP4-635E18.6,antisense,0.214190490328556,up_in_PP,0.0560162521870731,0.000131452938327151,0.000601834094277977,0.000661391702490212,0,low,4,all4,A_high
428,RP5-858L17.1,antisense,0.212857144777097,up_in_PP,0.0799374365449621,0.007749421053334,0.0201468869749644,0.0218590253570901,0,low,3,k3,A_high
429,RP11-264B17.2,antisense,0.212644933735407,up_in_PP,0.0792294615331652,0.00727661709731715,0.0191119867630436,0.0208102592069341,48.3221696487663,low,4,all4,A_high
430,RP11-274B21.14,processed_transcript,-0.212049889917886,down_in_PP,0.064152775063097,0.000948445955088243,0.00339231518858592,0.00375473526776471,0,low,4,all4,A_high
431,DHRS4L1,processed_transcript,0.209894489740685,up_in_PP,0.0614956825658669,0.00064214666996309,0.00241643841480705,0.00268201606267403,11.3349635296623,low,4,all4,A_high
432,COX10-AS1,processed_transcript,0.209879605820406,up_in_PP,0.0432664143072436,1.22923179017075e-06,9.06888640720031e-06,1.03079185195132e-05,10.7032087029045,low,4,all4,A_high
433,RP11-473C18.3,antisense,0.208252405828334,up_in_PP,0.0492053533820174,2.31301272524899e-05,0.000128391417320466,0.000141963206555353,0,low,4,all4,A_high
434,RP11-61J19.5,lincRNA,-0.207796059394268,down_in_PP,0.0744033052225213,0.00522485428559861,0.0144515283197961,0.0158429884329258,0,low,3,k3,A_high
435,TBL1XR1-AS1,antisense,-0.206652317586595,down_in_PP,0.064014727780084,0.0012457202704764,0.00426635315241001,0.00468322531770621,40.5161527883457,low,4,all4,A_high
436,KB-1572G7.2,processed_transcript,-0.20664840793473,down_in_PP,0.0643422804104631,0.00131949904486451,0.00447729285978803,0.00491771952379736,0,low,4,all4,A_high
437,RP11-196G11.5,sense_intronic,-0.206514279320815,down_in_PP,0.045349874501285,5.26853328034854e-06,3.40572558865347e-05,3.81858350151895e-05,0,low,4,all4,A_high
438,RP1-68D18.4,antisense,0.206146284576468,up_in_PP,0.0384514402024839,8.26658867405724e-08,7.62241520784483e-07,8.74560615957107e-07,18.1563260413809,low,4,all4,A_high
439,RP11-524F11.2,antisense,0.205007822684246,up_in_PP,0.0765395807121569,0.0073962669780309,0.0193795340306754,0.021062109827271,17.828258384079,low,4,all4,A_high
440,RP4-681N20.5,antisense,0.204434854745716,up_in_PP,0.0572417011781033,0.000355034461638529,0.00144135504105534,0.00158374651083496,9.27864076838914,low,4,all4,A_high
441,CTD-2047H16.5,antisense,0.204169413845326,up_in_PP,0.0755087054678232,0.00685270174678188,0.0182104136547394,0.0198471489011548,18.4329251657027,low,4,all4,A_high
442,LINC01122,lincRNA,0.202962403803232,up_in_PP,0.0636047013229395,0.00141782808797716,0.00476513444292392,0.00523012969878702,46.4269394100728,low,4,all4,A_high
443,RP11-471B22.3,lincRNA,0.201685775212759,up_in_PP,0.0873520915966691,0.0209500644732652,0.0465223678088371,0.0492935992255674,0,low,3,k3,A_high
444,THAP9-AS1,antisense,-0.200781719121708,down_in_PP,0.0716893426461436,0.00509888637002372,0.0141546621849285,0.0155044844153848,46.9613162674889,low,4,all4,A_high
445,LINC00969,lincRNA,-0.200380325463248,down_in_PP,0.0677996281291682,0.00312184720309159,0.00939929536327263,0.0102802380881106,0,low,4,all4,A_high
446,CTB-96E2.7,antisense,0.199417385115564,up_in_PP,0.0449101833544958,8.98084833531211e-06,5.49238704196174e-05,6.10049148302912e-05,36.1755991467156,low,4,all4,A_high
447,FLJ22447,lincRNA,0.198898249170949,up_in_PP,0.0864207629523315,0.0213628214381221,0.0472588075630873,0.0500199828802783,0,low,3,k3,A_high
448,RP11-135A24.4,antisense,-0.19815985587541,down_in_PP,0.0800131001389938,0.0132643192414882,0.0317083526163846,0.0341431941451038,26.8506622803217,low,4,all4,A_high
449,LYPLAL1-AS1,antisense,-0.197317977869455,down_in_PP,0.0608494544682617,0.00118392898598862,0.00408812734180858,0.00450481551284369,0,low,4,all4,A_high
450,RP3-394A18.1,antisense,-0.195210126821451,down_in_PP,0.0250785180809961,7.0290203668816e-15,1.64176429109773e-13,1.82123180404172e-13,0,low,4,all4,A_high
451,RP1-223E5.4,antisense,0.195078799136199,up_in_PP,0.0537749109834407,0.000285966420743765,0.0011934871668077,0.0013093933360405,0,low,4,all4,A_high
452,RP11-418J17.1,antisense,-0.194908538101874,down_in_PP,0.0404317225574657,1.43067181937037e-06,1.0392897720887e-05,1.18365525093988e-05,0,low,4,all4,A_high
453,AC009961.3,lincRNA,0.194655082497891,up_in_PP,0.0583538054119271,0.000850624115963496,0.00308737749374035,0.003423860976534,0,low,4,all4,A_high
454,AC025442.3,antisense,0.194616896821367,up_in_PP,0.0628143046976578,0.00194641229649642,0.00626682746335987,0.00688082190109478,0,low,4,all4,A_high
455,SEPT4-AS1,antisense,-0.194611154535168,down_in_PP,0.0663495912700892,0.00335576746582513,0.00999551274405865,0.0109422801994162,0,low,3,k3,A_high
456,AC009133.24,processed_transcript,0.194328888997377,up_in_PP,0.0469533542422771,3.49180717385413e-05,0.000186313969323254,0.000205565301241725,0,low,4,all4,A_high
457,RP11-440D17.3,lincRNA,-0.193604672663272,down_in_PP,0.0551027520932224,0.00044220957715075,0.00175219864388175,0.00192692934575156,0,low,4,all4,A_high
458,MKLN1-AS,processed_transcript,-0.193228313549272,down_in_PP,0.0550625458242562,0.000449370006785635,0.00177776023836805,0.00195616098527308,0,low,4,all4,A_high
459,RP4-563E14.1,lincRNA,-0.192196103903644,down_in_PP,0.0779201734245634,0.0136411414133017,0.0324512848694985,0.0348231379913607,0,low,3,k3,A_high
460,RP13-890H12.2,antisense,-0.19201159625204,down_in_PP,0.0593417217618318,0.00121347801016248,0.00417577727456984,0.00459380520557572,0,low,4,all4,A_high
461,LINC01547,lincRNA,-0.191971431752626,down_in_PP,0.0690471647069377,0.00543096708734943,0.0149375435846303,0.016307976812603,0,low,4,all4,A_high
462,RP11-712L6.7,antisense,-0.190737391415736,down_in_PP,0.0790909982492261,0.015881847588281,0.036909390231593,0.0393815212117432,37.4475795758754,low,4,all4,A_high
463,RP11-617F23.1,antisense,-0.190075828308688,down_in_PP,0.0324375785257834,4.63587964401597e-09,5.25483562362407e-08,5.8825370145622e-08,0,low,4,all4,A_high
464,RP11-856F16.2,antisense,-0.190064636330049,down_in_PP,0.0574729809001233,0.00094292173785512,0.00337641157224247,0.00373628421217867,40.4183411554984,low,4,all4,A_high
465,AP001372.2,lincRNA,-0.1888253086637,down_in_PP,0.0667913679440549,0.00469729037959762,0.0132347938722289,0.014466317062291,29.8234787690183,low,4,all4,A_high
466,RP11-15I20.1,antisense,-0.188379615233609,down_in_PP,0.0565525837894514,0.000865183405463522,0.00313432010808424,0.00346955384192832,0,low,4,all4,A_high
467,CTB-43P18.1,antisense,0.188272340929167,up_in_PP,0.0406510952941453,3.63164372554816e-06,2.429691805918e-05,2.72814625007759e-05,8.34887232403551,low,4,all4,A_high
468,AC078883.3,antisense,0.186332463872273,up_in_PP,0.0574726596766051,0.0011864981660602,0.00409560695909194,0.00450744298906276,0,low,4,all4,A_high
469,DPP9-AS1,antisense,0.184724031625082,up_in_PP,0.0770679867022596,0.0165345676529233,0.0381331738048797,0.0404795608598291,38.7691990718906,low,4,all4,A_high
470,AC107081.5,antisense,0.184530909317331,up_in_PP,0.0500662137504987,0.000228041524423065,0.000978458600426443,0.00106789575344005,0,low,4,all4,A_high
471,RP11-497H16.9,lincRNA,-0.183760291889103,down_in_PP,0.0764665952175309,0.0162547547565806,0.037628914652934,0.0399885041541555,0,low,4,all4,A_high
472,RP11-799D4.4,antisense,0.18320336612419,up_in_PP,0.0568621494398302,0.00127349771463955,0.00434473178931342,0.00476680329692503,0,low,3,k3,A_high
473,RP11-637A17.2,lincRNA,0.182657959299532,up_in_PP,0.0603090187400826,0.00245607984131764,0.00762943393444506,0.00831569442361614,0,low,4,all4,A_high
474,RP11-521L9.1,lincRNA,0.180994158482379,up_in_PP,0.0666239910605736,0.00659460261354615,0.0176198220363213,0.0192283325531093,0,low,4,all4,A_high
475,CTD-3032J10.3,antisense,0.180725620162397,up_in_PP,0.0596927903613474,0.00246507855036941,0.00765359249620393,0.00833963634671496,0,low,4,all4,A_high
476,AC027601.1,antisense,0.180076914431842,up_in_PP,0.0625270391038371,0.00397694500721662,0.0115212340504985,0.0125734092959288,7.85816426275444,low,4,all4,A_high
477,CTD-2514K5.4,antisense,-0.179642742773922,down_in_PP,0.0710190048127809,0.0114224394394917,0.0279559743391153,0.0302263808210916,6.05732083858928,low,3,k3,A_high
478,RP11-334E6.10,antisense,0.178174738821865,up_in_PP,0.0476226021161574,0.000183005098947051,0.000804362292145034,0.00088180741998206,0,low,4,all4,A_high
479,KB-1562D12.1,antisense,0.177699719117915,up_in_PP,0.0580021736935883,0.00218637426718917,0.00693080089606563,0.00759874815592573,3.61441025778544,low,4,all4,A_high
480,CARS-AS1,antisense,0.176763974024591,up_in_PP,0.0654697243485992,0.00693531078364027,0.0183806695465007,0.0200327702008087,44.7967443550458,low,4,all4,A_high
481,CTA-941F9.10,sense_overlapping,-0.176490559170389,down_in_PP,0.060850234229532,0.00372676184815253,0.0109163283588591,0.0119272918024822,0,low,4,all4,A_high
482,RP11-84C10.4,antisense,0.175655044370005,up_in_PP,0.065081219881184,0.00695455050414439,0.018420518361326,0.0200481945579166,31.4885004682983,low,4,all4,A_high
483,RP11-146F11.1,antisense,0.175270258537448,up_in_PP,0.0711340668934658,0.0137418111887456,0.0326535765632257,0.0349975379715728,17.6951118296894,low,4,all4,A_high
484,RP11-552F3.9,antisense,0.174771645501331,up_in_PP,0.0673038175402901,0.00941085312042066,0.0237445687006929,0.0256751333241237,0,low,4,all4,A_high
485,APTR,lincRNA,-0.174646594258407,down_in_PP,0.0566360715784471,0.00204468631007365,0.00653777613488629,0.00718129680494211,28.7250024619654,low,4,all4,A_high
486,CTB-193M12.1,antisense,-0.174390584773479,down_in_PP,0.0572514314627046,0.00231871132472921,0.0072712445275631,0.00794386845928694,0,low,4,all4,A_high
487,RP5-1142A6.2,antisense,0.173685765938946,up_in_PP,0.0642263887759714,0.00684537766432131,0.0181954297132772,0.0198398924766674,0,low,4,all4,A_high
488,AC137932.4,antisense,-0.173312658118292,down_in_PP,0.0569800480134742,0.00235294971080171,0.00736145868993961,0.00803209483537211,0,low,4,all4,A_high
489,AC010226.4,antisense,0.171198494268247,up_in_PP,0.0640271159250121,0.00749874137652871,0.019596815055116,0.0212907178059316,49.9552419830199,low,4,all4,A_high
490,LA16c-306E5.3,processed_transcript,-0.171039852330279,down_in_PP,0.0375635455243477,5.27991086897356e-06,3.41220026297616e-05,3.82043048997468e-05,0,low,4,all4,A_high
491,RP11-567I13.1,antisense,0.168283008251625,up_in_PP,0.0468435174316895,0.000327583145794744,0.00134236245910855,0.00147191305488459,37.4853844669897,low,4,all4,A_high
492,AC078883.4,antisense,0.168089620698759,up_in_PP,0.0727870219124668,0.0209249962692275,0.0464872135891658,0.0492614030777733,13.6494010670179,low,4,all4,A_high
493,MIR497HG,antisense,0.167234578301515,up_in_PP,0.0324820145965,2.62537882567546e-07,2.1947046073742e-06,2.48035244076369e-06,0,low,4,all4,A_high
494,RP1-56K13.3,antisense,-0.1669254524614,down_in_PP,0.0554196136825241,0.00259508284619635,0.0080036877050668,0.00870459184146636,45.5608458062691,low,4,all4,A_high
495,CCNT2-AS1,antisense,-0.166698677488558,down_in_PP,0.0718554388408267,0.0203453501498758,0.0453804882036478,0.0481039440283374,0,low,4,all4,A_high
496,RP11-1085N6.2,antisense,-0.166529095698869,down_in_PP,0.0676971740394593,0.0138971058405504,0.0329640546620672,0.0353099101421383,0,low,4,all4,A_high
497,ASH1L-AS1,antisense,-0.163824619652853,down_in_PP,0.0435617203181352,0.000169406539076305,0.000750117788397587,0.00082085340938765,0,low,4,all4,A_high
498,CTC-506B8.1,antisense,-0.162117267866906,down_in_PP,0.0292579240904795,3.00801443738274e-08,2.9832551574866e-07,3.38949960170706e-07,0,low,4,all4,A_high
499,HORMAD2-AS1,antisense,-0.162113560590943,down_in_PP,0.0520111186229201,0.0018276230420045,0.00594238306677695,0.00653024352002764,0,low,4,all4,A_high
500,RP5-1142A6.10,antisense,0.162048325181888,up_in_PP,0.0656578492313251,0.0135842843296352,0.0323488563396912,0.0347216067602163,0,low,4,all4,A_high
501,RP11-164P12.4,antisense,0.16136254101767,up_in_PP,0.0507967182467525,0.00148995356770774,0.00497700468160862,0.00546358397243338,13.3079823504334,low,4,all4,A_high
502,RP11-378J18.8,antisense,-0.160839795358903,down_in_PP,0.0460222204415151,0.000474365386642106,0.00186370047343227,0.0020511264278349,38.5794294888481,low,4,all4,A_high
503,RP11-154D6.1,processed_transcript,-0.159912505114692,down_in_PP,0.0409793562931839,9.52948461745247e-05,0.000452325650535216,0.00049679614385201,0,low,4,all4,A_high
504,MCPH1-AS1,antisense,-0.154934146913022,down_in_PP,0.054639266004603,0.00457421980927719,0.0129550341123409,0.014167966438613,0,low,4,all4,A_high
505,LIMD1-AS1,antisense,-0.154614168460703,down_in_PP,0.0596287419705861,0.00951574296613713,0.0239754247730299,0.0259449400217236,47.3858452067379,low,4,all4,A_high
506,RP3-331H24.5,lincRNA,-0.153964589627431,down_in_PP,0.0622571964598064,0.0133968831261362,0.0319673126637367,0.0343617743253061,39.2386408237124,low,4,all4,A_high
507,PXN-AS1,antisense,-0.15331367667363,down_in_PP,0.0293882090396892,1.81998259210708e-07,1.57338405392852e-06,1.78168884073469e-06,0,low,4,all4,A_high
508,RP11-680A11.5,antisense,0.153060544180508,up_in_PP,0.0522607882805524,0.00340291148020394,0.0101105938247268,0.0110626581328643,0,low,4,all4,A_high
509,EBLN3P,lincRNA,-0.1528156845605,down_in_PP,0.0319749613436456,1.75968076502778e-06,1.25536918113084e-05,1.41264168279688e-05,0,low,4,all4,A_high
510,RP3-486I3.5,antisense,0.152775916276721,up_in_PP,0.0501864523197508,0.00233325977143753,0.00731317613703943,0.00798554067847911,0,low,4,all4,A_high
511,RP11-538I12.2,antisense,-0.151909804609057,down_in_PP,0.0400940978829694,0.000151357167850211,0.000679927108919516,0.000745925359097794,0,low,4,all4,A_high
512,CTD-2310F14.1,antisense,-0.150999574375175,down_in_PP,0.0629769317981959,0.0164985251944397,0.0380847414960899,0.0404795608598291,0,low,4,all4,A_high
513,RP11-314A20.5,antisense,0.150934894098936,up_in_PP,0.0492872894588478,0.00219607057096808,0.00695186568771024,0.00762020638378419,0,low,4,all4,A_high
514,RP3-330M21.5,antisense,-0.149260832888138,down_in_PP,0.0576418262607865,0.00961283846705697,0.0241666122641571,0.0261602214131796,0,low,4,all4,A_high
515,AC007292.6,antisense,0.148518762752201,up_in_PP,0.0482793451471582,0.00209630347495332,0.00668501815616239,0.00734470051507937,0,low,4,all4,A_high
516,RP11-355B11.2,antisense,0.147365495457757,up_in_PP,0.0506764979343278,0.00363788748858171,0.0107022815164731,0.01169475420735,33.0996632429441,low,4,all4,A_high
517,RP11-20I23.8,antisense,-0.147006871124643,down_in_PP,0.056700466884477,0.00952278920320403,0.0239907662857559,0.0259478015631384,15.9693929656626,low,4,all4,A_high
518,RP11-484D2.2,antisense,0.14619020645603,up_in_PP,0.0343484656829415,2.08031769932673e-05,0.000116512544687142,0.000128961814971157,0,low,4,all4,A_high
519,RP4-758J18.2,processed_transcript,0.145203414393207,up_in_PP,0.0351716109695102,3.65253990846957e-05,0.000194022796070505,0.000214153661029103,0,low,4,all4,A_high
520,AC006547.13,antisense,-0.143428750106737,down_in_PP,0.04101510294752,0.000470567628506166,0.00185052030529131,0.00203818431285904,0,low,4,all4,A_high
521,LINC01578,processed_transcript,-0.141817459233729,down_in_PP,0.0458236047401951,0.00196908454419916,0.00632682010855375,0.0069439517707822,0,low,4,all4,A_high
522,CTB-50L17.9,antisense,-0.141174429809094,down_in_PP,0.0520147167184118,0.00664511379071301,0.017739650811978,0.0193495338979914,0,low,4,all4,A_high
523,CTD-3032J10.2,antisense,0.13999214752684,up_in_PP,0.0558920537712825,0.0122559507010037,0.0296701333574439,0.0320432016212949,8.67100253440659,low,4,all4,A_high
524,OPA1-AS1,antisense,0.139498945888233,up_in_PP,0.0544066414778392,0.0103471806818758,0.0257186395169268,0.0278607659057104,10.1667043405291,low,4,all4,A_high
525,RP11-95D17.1,lincRNA,0.138604402773507,up_in_PP,0.0436944297702103,0.00151325355017906,0.00504055827679261,0.00553495191177075,0,low,4,all4,A_high
526,RP11-2E11.9,antisense,-0.138018287708526,down_in_PP,0.0469422220295402,0.00328028274513005,0.009809145228308,0.0107284833243974,0,low,4,all4,A_high
527,RP11-649E7.5,antisense,0.136151586275588,up_in_PP,0.0495860812870822,0.00603705099806113,0.0163564256507625,0.0177783157199958,46.3007109826882,low,4,all4,A_high
528,CTB-131K11.1,antisense,-0.13455616564458,down_in_PP,0.0501552166302353,0.00730097234084748,0.019163905404935,0.0208661210824617,44.7282581531629,low,4,all4,A_high
529,PP7080,antisense,0.133532528726847,up_in_PP,0.0388500510776149,0.000587921586280962,0.0022369046296301,0.00248431318734153,18.8204217656334,low,4,all4,A_high
530,AC093818.1,antisense,0.133180891538741,up_in_PP,0.0582134571680484,0.0221490264973688,0.0487427023650371,0.0515817210194375,26.7959040391153,low,4,all4,A_high
531,RNF219-AS1,antisense,-0.132170672618973,down_in_PP,0.0382640693605961,0.000551985443228904,0.00211883277350326,0.00234851623682544,0,low,4,all4,A_high
532,RP11-758P17.2,antisense,-0.131184661564255,down_in_PP,0.054114703905172,0.0153423125422334,0.0358717265541052,0.0384058057916015,0,low,4,all4,A_high
533,RP11-74E22.5,antisense,-0.131073036596902,down_in_PP,0.0515930461174478,0.0110688553827437,0.0272342090715024,0.0294194946198599,35.5277044627669,low,4,all4,A_high
534,CTD-2007L18.5,lincRNA,0.130947790920217,up_in_PP,0.0390362558393878,0.00079503615669362,0.00290909390435438,0.00322108750001245,0,low,4,all4,A_high
535,RP11-1148L6.5,antisense,-0.129777021613446,down_in_PP,0.0506534057094705,0.0104053595111077,0.0258504282382416,0.0279999941570666,9.13239140940291,low,4,all4,A_high
536,MED4-AS1,antisense,0.129472844592464,up_in_PP,0.0416007771885091,0.0018565471046803,0.0060122475174438,0.00660631523186814,35.1267111864937,low,4,all4,A_high
537,RP11-173P15.5,antisense,-0.129010300582416,down_in_PP,0.0447365706161716,0.00392936698505482,0.0114071348754134,0.0124559494097672,16.9233801126906,low,4,all4,A_high
538,AC006547.8,antisense,0.128536654781769,up_in_PP,0.0530244680908216,0.0153463457854585,0.0358778095219366,0.0384058057916015,36.1630796974381,low,4,all4,A_high
539,RP11-775D22.3,antisense,-0.127006221495227,down_in_PP,0.0528134637915968,0.0161809802712365,0.03750372029573,0.0398719257594763,20.7652215332206,low,4,all4,A_high
540,RP11-603J24.5,antisense,-0.126874881469666,down_in_PP,0.0443738456031857,0.00424675255643007,0.0121761940932674,0.0133157234142557,0,low,4,all4,A_high
541,CTD-2396E7.11,antisense,-0.125064295600561,down_in_PP,0.0466835384859772,0.00738466644023338,0.0193511616818412,0.0210497046685704,0,low,4,all4,A_high
542,AC005606.14,lincRNA,-0.124002238242944,down_in_PP,0.0451637560990209,0.00603977908675614,0.0163578443541211,0.0177783157199958,0,low,4,all4,A_high
543,RP4-635E18.7,antisense,0.120548669829487,up_in_PP,0.0498552774005756,0.0156072734108081,0.0363623209279235,0.038878913096469,47.3142143789312,low,4,all4,A_high
544,EDRF1-AS1,antisense,0.114829409567409,up_in_PP,0.0478791192218255,0.0164705065706166,0.0380235662926301,0.0404471520607594,0,low,4,all4,A_high
545,LACTB2-AS1,antisense,0.111602852598467,up_in_PP,0.0438805081607794,0.0109799755755361,0.0270447319777971,0.0292371411171352,0,low,4,all4,A_high
546,HMGN3-AS1,antisense,-0.110295007503183,down_in_PP,0.0415402680235872,0.00792767429995115,0.0205527436956011,0.0222891791396287,19.1426935886589,low,4,all4,A_high
547,RP1-43E13.2,antisense,-0.109475059754588,down_in_PP,0.0469431722181176,0.0196966771678625,0.0441971638625634,0.0467512463550966,0,low,4,all4,A_high
548,RP11-92F20.1,antisense,0.108146977393822,up_in_PP,0.0358046689516056,0.00252381569304329,0.00780790876423294,0.0085183701277678,0,low,4,all4,A_high
549,RP11-73E17.2,antisense,0.107093224760722,up_in_PP,0.0374931679748594,0.00428556324550385,0.0122664214320258,0.0134276844049929,0,low,4,all4,A_high
550,AC021224.1,lincRNA,0.106772413587595,up_in_PP,0.0352531193839865,0.00245578679887882,0.00762943393444506,0.00831569442361614,6.31481570519715,low,4,all4,A_high
551,RP11-216B9.6,antisense,0.106667229558485,up_in_PP,0.0391749656444362,0.00647230649796386,0.0173466950542156,0.0189355444331911,0,low,4,all4,A_high
552,RP5-1085F17.3,lincRNA,-0.103710073688703,down_in_PP,0.0449285695024643,0.0209806544323008,0.0465695829760272,0.0493119455342562,0,low,4,all4,A_high
553,RP11-192H23.7,antisense,0.10241420917971,up_in_PP,0.0400514881017952,0.0105559863923517,0.0261675698283994,0.0283258690389224,32.3597326475424,low,4,all4,A_high
554,MORC2-AS1,antisense,0.0980485635210135,up_in_PP,0.0365248289758951,0.00726523052515548,0.0190900825562431,0.0207983987011542,0,low,4,all4,A_high
555,AC005523.2,antisense,-0.0961855502878565,down_in_PP,0.0329063732620906,0.00346669030670842,0.0102685489264539,0.0112347287917332,0,low,4,all4,A_high
556,RP11-867G23.3,lincRNA,0.0954556748958345,up_in_PP,0.0415879994594519,0.0217176731411203,0.0479127046005948,0.0507684341878053,17.2229158109134,low,4,all4,A_high
557,CTB-46B19.2,antisense,-0.093387502147046,down_in_PP,0.0396237295135445,0.0184302951771728,0.0418007327957463,0.0442405969259982,0,low,4,all4,A_high
558,RP11-589P10.7,antisense,0.0861801857265614,up_in_PP,0.0364225398409492,0.017975502634306,0.0409324047811172,0.043331476266653,0,low,4,all4,A_high
559,RP11-566K11.5,antisense,-0.0787515850501361,down_in_PP,0.0328590731238895,0.0165458743681091,0.0381448535933722,0.0404795608598291,0,low,4,all4,A_high
560,LINC01018,lincRNA,-2.57623898595342,down_in_PP,0.277879960058104,1.84322452594599e-20,7.03118615970449e-19,8.30795054559198e-19,57.1570211631198,moderate,3,k3,B_moderate
561,RP11-295G20.2,antisense,2.48421051845618,up_in_PP,0.171863294384598,2.3458035910273e-47,4.14017814072719e-45,5.34225902019744e-45,65.4989183850832,moderate,4,all4,B_moderate
562,AC003090.1,lincRNA,-2.40702345542122,down_in_PP,0.418169049854961,8.60786898667223e-09,9.32283545998182e-08,1.04039801970198e-07,60.5366162629313,moderate,3,k3,B_moderate
563,RP11-455F5.6,antisense,2.34182320345871,up_in_PP,0.15509397273615,1.63457193452929e-51,3.56222972375417e-49,5.05199482907731e-49,56.2316655465688,moderate,4,all4,B_moderate
564,TRHDE-AS1,processed_transcript,-2.21250929753864,down_in_PP,0.370532192589219,2.35563644157233e-09,2.77690312787797e-08,3.10757283008642e-08,67.515372674444,moderate,4,all4,B_moderate
565,RP11-57H12.3,antisense,-1.87599594661234,down_in_PP,0.2132550397158,1.40573019904649e-18,4.54585938690364e-17,5.38282705422492e-17,55.2858071619603,moderate,3,k3,B_moderate
566,CTB-191K22.5,antisense,-1.82262688368554,down_in_PP,0.182644602888665,1.88185185382089e-23,9.06980214624214e-22,1.0857030628644e-21,68.1406348544143,moderate,4,all4,B_moderate
567,CTB-92J24.3,antisense,-1.6684550525427,down_in_PP,0.217672734357346,1.78872533934168e-14,3.98834826108373e-13,4.37277657815336e-13,66.6290950474152,moderate,3,k3,B_moderate
568,SCEL-AS1,antisense,-1.62567185829154,down_in_PP,0.223936669127231,3.88477511391322e-13,7.54145886172681e-12,8.53270148116878e-12,69.5792291964664,moderate,4,all4,B_moderate
569,UCA1,misc_RNA;processed_transcript,1.62215314693613,up_in_PP,0.258460797724825,3.46935001098373e-10,4.62740021156329e-09,5.19442127942097e-09,74.0742404230042,moderate,4,all4,B_moderate
570,LINC01343,lincRNA,1.54976169438822,up_in_PP,0.30415429262502,3.48163285819549e-07,2.84780295992478e-06,3.23283806382229e-06,70.8202213821094,moderate,4,all4,B_moderate
571,RP4-541C22.5,antisense,-1.4700962965341,down_in_PP,0.190973742400755,1.38323240741042e-14,3.11250545094363e-13,3.43979691199132e-13,68.6593677249192,moderate,4,all4,B_moderate
572,CTD-2547L24.3,processed_transcript,1.44925129152191,up_in_PP,0.163290008765126,6.97318177248083e-19,2.33951648704035e-17,2.79379236384487e-17,73.2876155375197,moderate,3,k3,B_moderate
573,RP4-724E13.2,antisense,-1.43819433173609,down_in_PP,0.160803914384574,3.76091458955085e-19,1.29294981403736e-17,1.53523371971571e-17,70.3030995465325,moderate,4,all4,B_moderate
574,CTB-176F20.3,antisense,-1.42374990685088,down_in_PP,0.163039640369479,2.4901984828688e-18,7.87996898707801e-17,9.2094776370712e-17,53.0755597573691,moderate,3,k3,B_moderate
575,AC007182.6,antisense,1.36158848970866,up_in_PP,0.157669808527455,5.8370694590634e-18,1.79762702696205e-16,2.03685480236833e-16,70.6698008292238,moderate,4,all4,B_moderate
576,RP11-113D6.6,lincRNA,1.35744695357129,up_in_PP,0.147112549301389,2.77621719929666e-20,1.04627902930485e-18,1.23842183725326e-18,74.2935577734957,moderate,4,all4,B_moderate
577,AC073342.12,antisense,-1.3504499708418,down_in_PP,0.225137442804881,1.99350021934175e-09,2.37796775331475e-08,2.67884330717135e-08,72.4280438818121,moderate,4,all4,B_moderate
578,RP11-283G6.5,antisense,-1.32635569528158,down_in_PP,0.162036996164254,2.71149495102772e-16,7.16830025977393e-15,7.98138683884146e-15,62.3542337271633,moderate,4,all4,B_moderate
579,DSG2-AS1,antisense,-1.31833577213746,down_in_PP,0.184739395537387,9.59520526193906e-13,1.76819878143174e-11,1.95841760228351e-11,74.3497768683456,moderate,4,all4,B_moderate
580,RP11-736K20.5,antisense,-1.31514015985916,down_in_PP,0.223727702423983,4.14483232702155e-09,4.71957236618873e-08,5.29046887286792e-08,68.0661008668663,moderate,3,k3,B_moderate
581,PLBD1-AS1,antisense,1.31113952813571,up_in_PP,0.114975665717657,4.01058092928007e-30,3.06442619663467e-28,3.69229440021167e-28,63.6399952570972,moderate,4,all4,B_moderate
582,ZBED3-AS1,antisense,-1.31096284339956,down_in_PP,0.184950465544293,1.35883694931403e-12,2.46241298797601e-11,2.72207753688973e-11,53.7932123920281,moderate,3,k3,B_moderate
583,CTD-2026K11.1,antisense,-1.30616051661423,down_in_PP,0.192226517720585,1.08385527734057e-11,1.76272426740488e-10,1.9379511508482e-10,56.6457057193317,moderate,4,all4,B_moderate
584,AC124789.1,processed_transcript,1.30036469312052,up_in_PP,0.249668065148343,1.90502506401776e-07,1.64124228787944e-06,1.85654131801911e-06,74.6833334394701,moderate,4,all4,B_moderate
585,MEF2C-AS1,antisense,-1.28630618480241,down_in_PP,0.253159512465745,3.75432021772439e-07,3.0479680368192e-06,3.46374063584082e-06,72.9955105159416,moderate,3,k3,B_moderate
586,ARHGEF26-AS1,antisense;processed_transcript,-1.27908274498975,down_in_PP,0.206117389038452,5.44874740209388e-10,7.09753156919318e-09,7.8851939828964e-09,71.7487049305926,moderate,3,k3,B_moderate
587,RP11-706C16.8,antisense,1.24284169631864,up_in_PP,0.133401378860282,1.20175534615892e-20,4.66951821479609e-19,5.65216889438005e-19,56.1341527710781,moderate,4,all4,B_moderate
588,AC007228.11,antisense,-1.2287754486302,down_in_PP,0.189315038790214,8.54734402411215e-11,1.2410981224351e-09,1.37488318187113e-09,59.1978186514838,moderate,3,k3,B_moderate
589,LINC00886,lincRNA,-1.20510324039933,down_in_PP,0.203043057703052,2.93469147940958e-09,3.42159210760428e-08,3.81333634576734e-08,74.184241784431,moderate,4,all4,B_moderate
590,RP11-481J2.3,antisense,1.19846484102703,up_in_PP,0.142286281613912,3.67240042886493e-17,1.04946065619399e-15,1.19477268087959e-15,61.4936096017071,moderate,4,all4,B_moderate
591,DIO3OS,lincRNA,-1.17883409031935,down_in_PP,0.227541326233013,2.20998827948636e-07,1.87370521855505e-06,2.12975930631124e-06,69.484915976826,moderate,3,k3,B_moderate
592,RP11-20D14.6,lincRNA,1.17827338628806,up_in_PP,0.421549870087028,0.00518839131475639,0.0143723262218489,0.0157545047150533,60.781101630007,moderate,3,k3,B_moderate
593,JHDM1D-AS1,antisense,1.14328742200554,up_in_PP,0.126412017698804,1.50854023652899e-19,5.37031752952976e-18,6.33733359559315e-18,67.5737497481511,moderate,4,all4,B_moderate
594,LINC01252,lincRNA,-1.13455044087472,down_in_PP,0.21561863123426,1.4262192614765e-07,1.25903160025094e-06,1.43502888262068e-06,55.7228503534216,moderate,3,k3,B_moderate
595,LINC01836,lincRNA,-1.12884112200964,down_in_PP,0.275983885703125,4.30921701434118e-05,0.00022471410073537,0.000248945020307801,62.3591630788786,moderate,3,k3,B_moderate
596,MIR9-3HG,lincRNA,1.10728051325574,up_in_PP,0.162889401888929,1.06269803497961e-11,1.73281315241763e-10,1.90800597400696e-10,54.3414759004904,moderate,3,k3,B_moderate
597,AC005083.1,processed_transcript,-1.10289363497326,down_in_PP,0.22068997074273,5.80844699044739e-07,4.54058947207088e-06,5.11876784677512e-06,74.6569158473293,moderate,4,all4,B_moderate
598,RP11-845C23.3,antisense,-1.10031950462551,down_in_PP,0.218942293347655,5.01823757869473e-07,3.97745320041895e-06,4.50005961326495e-06,66.5372912067621,moderate,4,all4,B_moderate
599,RP11-449P15.1,antisense,-1.09862725756691,down_in_PP,0.140284792994212,4.8244157718608e-15,1.14389317005085e-13,1.2728809173684e-13,68.7005337887276,moderate,3,k3,B_moderate
600,RP11-350N15.4,antisense,-1.08727638775326,down_in_PP,0.15389265646333,1.60429929769666e-12,2.88843024417196e-11,3.18431333079516e-11,58.4470032393903,moderate,3,k3,B_moderate
601,RP11-367G18.1,lincRNA,-1.08517922850875,down_in_PP,0.127478274236149,1.69987703836945e-17,5.01794091114431e-16,5.70183561629815e-16,54.309205130392,moderate,4,all4,B_moderate
602,CTC-512J12.4,processed_transcript,-1.06804133211424,down_in_PP,0.329611800788106,0.00119403730528113,0.004119058905018,0.00453210475434338,59.6666624220537,moderate,3,k3,B_moderate
603,LINC00958,lincRNA,1.06622785607624,up_in_PP,0.179302527446695,2.73886380515319e-09,3.20454737090332e-08,3.58038177791476e-08,61.6056541781953,moderate,4,all4,B_moderate
604,PP14571,processed_transcript,-1.06431327960944,down_in_PP,0.205781219915065,2.31524419254335e-07,1.95434994791247e-06,2.21149263159715e-06,61.0992950841814,moderate,4,all4,B_moderate
605,RP1-153G14.4,lincRNA,-1.05972659877527,down_in_PP,0.220448078885459,1.5309845490639e-06,1.10670708879837e-05,1.25942398171093e-05,66.3336148651557,moderate,3,k3,B_moderate
606,CTD-2516F10.2,antisense,-1.05729322116926,down_in_PP,0.189818822574572,2.54721008614214e-08,2.55967037605831e-07,2.91581429702038e-07,66.8064049018795,moderate,3,k3,B_moderate
607,LINC00592,lincRNA,1.04226074670341,up_in_PP,0.182446511617468,1.11202769617828e-08,1.18091686956017e-07,1.32554926759323e-07,55.5960629007712,moderate,4,all4,B_moderate
608,PYCARD-AS1,antisense,1.03392093279376,up_in_PP,0.123105881791206,4.51712040075214e-17,1.27774347047009e-15,1.44387497049931e-15,59.3070457635725,moderate,4,all4,B_moderate
609,RP11-508N22.12,lincRNA,-1.03317530571107,down_in_PP,0.25634930214059,5.56958060621943e-05,0.000281614903203204,0.000310561537153498,71.2604350462319,moderate,3,k3,B_moderate
610,RP1-261D10.2,antisense,-1.01736291984721,down_in_PP,0.150340126810764,1.31411927582156e-11,2.11525094994476e-10,2.32089555366526e-10,71.0684927292575,moderate,4,all4,B_moderate
611,RP11-379F4.4,antisense,-1.00820560932962,down_in_PP,0.155895329948466,9.98383101552279e-11,1.43389554676809e-09,1.58823664721203e-09,60.5108785080235,moderate,3,k3,B_moderate
612,KCNMA1-AS1,antisense,-1.002532698785,down_in_PP,0.144208941061219,3.60282601863862e-12,6.21859680985683e-11,6.80761056010887e-11,54.7660549642591,moderate,3,k3,B_moderate
613,RP11-176D17.3,sense_overlapping,-0.99732522375173,down_in_PP,0.118721799213993,4.44493868735677e-17,1.25874636590436e-15,1.43531714180543e-15,52.1434377619568,moderate,4,all4,B_moderate
614,RP11-700H6.4,lincRNA,0.994635906006848,up_in_PP,0.212457019332118,2.84663282772548e-06,1.94817891667001e-05,2.20346694911774e-05,62.1571433025342,moderate,3,k3,B_moderate
615,FLG-AS1,antisense,-0.990808016731759,down_in_PP,0.197114925976345,4.99382514323337e-07,3.95935608161072e-06,4.49236619433904e-06,50.0629124878365,moderate,4,all4,B_moderate
616,ADORA2A-AS1,antisense,-0.976958521504963,down_in_PP,0.212917384879598,4.46571863250829e-06,2.93545448571491e-05,3.27511263099379e-05,63.4070662926356,moderate,3,k3,B_moderate
617,RP11-732A19.5,antisense,-0.971046656145735,down_in_PP,0.202341319617033,1.59417847221947e-06,1.14775354411848e-05,1.29418578785997e-05,63.8358386620491,moderate,4,all4,B_moderate
618,CTC-523E23.1,lincRNA,-0.965301103604509,down_in_PP,0.270532085088423,0.000359500315387405,0.00145624646908666,0.00160036817354043,66.6618582598998,moderate,3,k3,B_moderate
619,RP1-92O14.3,antisense,-0.931922902810124,down_in_PP,0.207214247162398,6.8793325321526e-06,4.31348090870174e-05,4.8336434047195e-05,59.9304533902569,moderate,3,k3,B_moderate
620,CTD-2240E14.4,antisense,0.928414645115396,up_in_PP,0.13306161822004,3.00845326374235e-12,5.23232863954967e-11,5.70946371588296e-11,63.3821681092597,moderate,4,all4,B_moderate
621,RP3-508I15.21,antisense,0.927226872010221,up_in_PP,0.221871471942278,2.92642926871557e-05,0.000159059141905334,0.000176360159411313,69.1492486621362,moderate,4,all4,B_moderate
622,CTD-2616J11.16,antisense,0.926662000047596,up_in_PP,0.141055324538941,5.0486789000604e-11,7.51812184155163e-10,8.27486121233385e-10,61.9150169025382,moderate,4,all4,B_moderate
623,AP003419.16,antisense,0.918573690459179,up_in_PP,0.088111428837052,1.9038536677483e-25,1.05097754672044e-23,1.24817800308286e-23,52.5758282887111,moderate,4,all4,B_moderate
624,RP3-335E1.1,antisense,0.911077235748752,up_in_PP,0.158425714290052,8.88133913070146e-09,9.59318106597726e-08,1.07046112586477e-07,66.4689300512669,moderate,4,all4,B_moderate
625,AC016629.3,antisense,-0.90424702522011,down_in_PP,0.161743649606831,2.26262326206917e-08,2.29578397546468e-07,2.60382203589715e-07,70.8244030675853,moderate,4,all4,B_moderate
626,RP11-31F15.2,lincRNA,-0.899989168791794,down_in_PP,0.264429472550843,0.000665252278861059,0.00249104327100192,0.00276252073956987,72.7321876627238,moderate,3,k3,B_moderate
627,AC006262.6,processed_transcript,-0.898817035418259,down_in_PP,0.192366652440744,2.97677192304512e-06,2.02617756478427e-05,2.29598789857687e-05,67.9688410715578,moderate,4,all4,B_moderate
628,RBFADN,lincRNA,-0.889138229393974,down_in_PP,0.170180501540785,1.74458948408018e-07,1.51290317128088e-06,1.71564515854885e-06,61.1513562147596,moderate,4,all4,B_moderate
629,ZNF582-AS1,lincRNA,-0.887019014803004,down_in_PP,0.234822483186664,0.000158472566890867,0.000707200760580289,0.000776833565235609,74.4448235232133,moderate,4,all4,B_moderate
630,RP11-244F12.3,antisense,-0.879348392268283,down_in_PP,0.183067069657043,1.55976656716234e-06,1.12556492099691e-05,1.27974925395947e-05,74.0807371990824,moderate,4,all4,B_moderate
631,RP11-34P13.13,processed_transcript,0.873136491432528,up_in_PP,0.187329929090137,3.14744545694827e-06,2.13135039292185e-05,2.39771065003788e-05,62.7471922459467,moderate,3,k3,B_moderate
632,PRC1-AS1,antisense,0.87232687696983,up_in_PP,0.107269100617355,4.21792442934521e-16,1.09543649790932e-14,1.21673060038512e-14,64.665256715296,moderate,4,all4,B_moderate
633,PSMB8-AS1,lincRNA;processed_transcript,0.86928401010612,up_in_PP,0.113641422192025,2.01983966732457e-14,4.47975413650339e-13,4.91002597781653e-13,73.6244579398392,moderate,4,all4,B_moderate
634,KB-1125A3.12,antisense,-0.863066833922066,down_in_PP,0.166705554290984,2.25249130721733e-07,1.90651594533876e-06,2.16589553029542e-06,55.1749689589838,moderate,4,all4,B_moderate
635,DGCR5,processed_transcript;transcribed_unprocessed_pseudogene,-0.86187519872956,down_in_PP,0.173832837500987,7.11972875592133e-07,5.48523338705504e-06,6.17376078694822e-06,60.2585728762577,moderate,4,all4,B_moderate
636,CTC-471J1.2,sense_overlapping,-0.857396450893295,down_in_PP,0.189410862925387,5.99264147256658e-06,3.82253959240172e-05,4.30019231373061e-05,63.907894135156,moderate,3,k3,B_moderate
637,RP11-374M1.2,processed_transcript,-0.852516823877891,down_in_PP,0.229281841220497,0.000200643643660489,0.000873312087082178,0.000957205122512608,70.6448740631772,moderate,4,all4,B_moderate
638,CTD-2195B23.3,antisense,-0.85028213774222,down_in_PP,0.226633734642524,0.000175576634063807,0.000774564619416851,0.000847901892404122,68.9815192632837,moderate,3,k3,B_moderate
639,RP4-568C11.4,lincRNA,-0.847426690267215,down_in_PP,0.162239516545679,1.75756295749501e-07,1.52362652510342e-06,1.72448410818161e-06,73.1008519140677,moderate,4,all4,B_moderate
640,RP11-531A24.5,antisense,-0.834731356928235,down_in_PP,0.181335449466274,4.15960004183895e-06,2.74770417102181e-05,3.07143163498927e-05,74.0517719196868,moderate,3,k3,B_moderate
641,TMCC1-AS1,antisense,-0.83363433827213,down_in_PP,0.219076200589062,0.000141675075137943,0.000642343445413294,0.000705440794156363,69.3933391662519,moderate,3,k3,B_moderate
642,RP11-670E13.5,antisense,0.82823091822224,up_in_PP,0.0958312273274838,5.49482609820089e-18,1.69736716445128e-16,1.933017278611e-16,69.7101339722475,moderate,4,all4,B_moderate
643,RP11-10A14.3,antisense,-0.824550444025537,down_in_PP,0.131463384184509,3.56228911246812e-10,4.74630992752132e-09,5.31518103091364e-09,65.5458298077099,moderate,4,all4,B_moderate
644,FOXD1-AS1,lincRNA,-0.822683500361254,down_in_PP,0.353000246171518,0.0197772835366486,0.0443343720926196,0.0469018798285844,74.0990516405729,moderate,3,k3,B_moderate
645,CTC-454I21.4,antisense,-0.815345553285385,down_in_PP,0.192501753951145,2.28020641337665e-05,0.000126738818212565,0.000140347839981234,68.4077048266136,moderate,3,k3,B_moderate
646,CA3-AS1,antisense,-0.813169226745479,down_in_PP,0.193246960476028,2.57723358176335e-05,0.000141521972011729,0.00015670944967547,66.9656712463633,moderate,4,all4,B_moderate
647,RP11-255M2.3,lincRNA,-0.811804685714715,down_in_PP,0.195370075372327,3.24981673686359e-05,0.00017466632438189,0.000193690868049707,72.2673326588931,moderate,4,all4,B_moderate
648,RP11-981G7.6,lincRNA,-0.810638220483137,down_in_PP,0.225622961582879,0.000327032123486172,0.00134098152467448,0.00147191305488459,72.6209840060904,moderate,3,k3,B_moderate
649,CTB-25B13.12,antisense,-0.805749471470993,down_in_PP,0.151332925465923,1.01314629453415e-07,9.19314715192429e-07,1.0437819086784e-06,74.6804230994233,moderate,4,all4,B_moderate
650,GS1-293C5.1,antisense,0.794334726804524,up_in_PP,0.105234825151474,4.41275613382899e-14,9.4281751258331e-13,1.02655891349882e-12,70.2353555385521,moderate,4,all4,B_moderate
651,CTC-559E9.8,antisense,-0.79073635228684,down_in_PP,0.211819778748288,0.000189166058730356,0.000829260060153957,0.000908458974612931,64.2972938727198,moderate,3,k3,B_moderate
652,RP11-164P12.3,antisense,0.78402496377089,up_in_PP,0.144737355481334,6.06478330113384e-08,5.73829351031554e-07,6.59354707135832e-07,53.6998802861616,moderate,4,all4,B_moderate
653,RP3-329A5.8,lincRNA,-0.7801371602813,down_in_PP,0.228338810047338,0.000634136933499052,0.00238844902725477,0.00265368521397524,62.0756746344083,moderate,3,k3,B_moderate
654,RP11-78O7.2,lincRNA,-0.777515870861149,down_in_PP,0.226185724597032,0.000587087308942443,0.00223508767077556,0.00248321288933915,65.5412669442539,moderate,3,k3,B_moderate
655,MIR600HG,sense_intronic,-0.7727799052536,down_in_PP,0.0785682187045036,7.89514858828336e-23,3.65745312235781e-21,4.27028849268776e-21,56.9489395404202,moderate,4,all4,B_moderate
656,RP11-635N19.1,antisense,-0.770960691509717,down_in_PP,0.189503340045283,4.73528240242394e-05,0.000244121990838665,0.000269245295076063,62.554171971589,moderate,3,k3,B_moderate
657,LINC01226,processed_transcript,-0.766217180506192,down_in_PP,0.17220975613031,8.6140567353179e-06,5.29697392537701e-05,5.92575890202235e-05,65.7429448054674,moderate,4,all4,B_moderate
658,RP11-1113L8.1,antisense,-0.762784908285057,down_in_PP,0.161245959360079,2.2389297313996e-06,1.5665007517682e-05,1.76785564740257e-05,70.2276696035266,moderate,3,k3,B_moderate
659,AC020571.3,antisense,0.757891118003091,up_in_PP,0.313168259001657,0.0155172458376225,0.0362192475414818,0.0387244180221876,72.4594398143046,moderate,3,k3,B_moderate
660,RP11-2E11.6,antisense,-0.755453860184306,down_in_PP,0.198633875212992,0.00014281134213308,0.000646754220552809,0.000710281238402112,73.6849053958472,moderate,4,all4,B_moderate
661,RP4-669P10.16,lincRNA,-0.753956397069597,down_in_PP,0.188174344953343,6.15754136657454e-05,0.000307894241462057,0.000338117785446295,73.0171577709935,moderate,3,k3,B_moderate
662,CTC-559E9.5,sense_intronic,-0.751381744730785,down_in_PP,0.123463668922724,1.15872692509495e-09,1.43762446518464e-08,1.61735851770511e-08,68.3369735596267,moderate,4,all4,B_moderate
663,RP11-203J24.8,antisense,0.747002075880514,up_in_PP,0.148906938649114,5.26021263750891e-07,4.15478881567123e-06,4.69297733659816e-06,74.4181554234438,moderate,4,all4,B_moderate
664,AC004076.5,antisense,-0.742811269769312,down_in_PP,0.18321042102264,5.0259697607582e-05,0.000256907873982345,0.000282800665211973,64.456277801287,moderate,3,k3,B_moderate
665,RP11-1055B8.4,lincRNA,-0.741786511970107,down_in_PP,0.260783634822725,0.00444878988229577,0.0126663198927921,0.0138788131367655,73.897873022588,moderate,3,k3,B_moderate
666,RP11-37B2.1,lincRNA,-0.731812895296493,down_in_PP,0.141161284453926,2.16906405987127e-07,1.84025333339519e-06,2.09498664889799e-06,67.0386469768853,moderate,4,all4,B_moderate
667,AP000692.10,antisense,0.731384775852793,up_in_PP,0.103568080013513,1.64271406733495e-12,2.94700787083382e-11,3.23091989516288e-11,55.1038921201151,moderate,4,all4,B_moderate
668,C1orf147,antisense,0.730712031854412,up_in_PP,0.181115437587666,5.47163757172351e-05,0.000277142645154678,0.000305888575876584,74.071750947449,moderate,4,all4,B_moderate
669,CTB-79E8.2,antisense,-0.730256938912155,down_in_PP,0.11431008014046,1.67645508627572e-10,2.34068620458173e-09,2.6093601288903e-09,63.1889503298378,moderate,4,all4,B_moderate
670,AP001347.6,antisense,-0.725987301593008,down_in_PP,0.171084376204406,2.20113416463329e-05,0.000122742140472101,0.000135683183356621,51.292657242143,moderate,3,k3,B_moderate
671,AL078471.5,processed_transcript,-0.718046223021325,down_in_PP,0.246814254272608,0.00362288313512413,0.0106681585163296,0.0116551786808045,71.8745193417717,moderate,4,all4,B_moderate
672,CTD-2256P15.4,antisense,0.711569979292418,up_in_PP,0.103419117500715,5.96641402075756e-12,1.00490771631872e-10,1.08931111678557e-10,73.3666874084461,moderate,4,all4,B_moderate
673,RNF217-AS1,antisense,-0.702623949498611,down_in_PP,0.10362180359699,1.19630260680292e-11,1.93430554398031e-10,2.13020632906841e-10,59.3638929252604,moderate,4,all4,B_moderate
674,ZNF529-AS1,antisense,-0.698756339438162,down_in_PP,0.112891245095442,6.03011879894788e-10,7.80210827770943e-09,8.66854619370348e-09,64.3651172071358,moderate,4,all4,B_moderate
675,AC074289.1,antisense,-0.695759971799787,down_in_PP,0.131483475601385,1.2124071233844e-07,1.08596666641386e-06,1.23728434501988e-06,52.2622937858175,moderate,3,k3,B_moderate
676,C2orf48,lincRNA,0.687739240321057,up_in_PP,0.208737411009926,0.000985064963155335,0.00350031165555069,0.00385386627086179,52.0021043511512,moderate,3,k3,B_moderate
677,RP5-1159O4.2,lincRNA,-0.685150951846331,down_in_PP,0.170648691935012,5.94510327898617e-05,0.000298469908609678,0.000328118136328739,52.3922832752471,moderate,3,k3,B_moderate
678,RP11-109P14.9,antisense,-0.681490050708094,down_in_PP,0.18085816835582,0.000164500686980765,0.000730589441274487,0.000800668698049235,70.6630363875976,moderate,4,all4,B_moderate
679,RP4-621F18.2,lincRNA,-0.680037051949498,down_in_PP,0.222168583366216,0.00220668685326958,0.00697314158575743,0.0076325611623481,67.4616614219909,moderate,4,all4,B_moderate
680,NDUFA6-AS1,processed_transcript,-0.679798045082135,down_in_PP,0.0986455983526576,5.52783734297355e-12,9.34808768485852e-11,1.01351492301045e-10,62.7333690910775,moderate,4,all4,B_moderate
681,RP11-344N10.5,lincRNA,-0.678445227680071,down_in_PP,0.194132621476695,0.000474503710252538,0.00186395172199829,0.0020511264278349,74.9807469501513,moderate,3,k3,B_moderate
682,LINC01315,lincRNA,-0.676736090571151,down_in_PP,0.101467461259986,2.56696069937955e-11,3.98101293612936e-10,4.39021302221949e-10,53.0567391507824,moderate,4,all4,B_moderate
683,RP11-798G7.6,lincRNA,-0.67656572975227,down_in_PP,0.179886079153391,0.000169182076133007,0.00074938868717664,0.000820684802048791,64.1083719039208,moderate,3,k3,B_moderate
684,RP5-1171I10.5,antisense,0.676318017646241,up_in_PP,0.226833784799884,0.00286785998556043,0.00872896611101718,0.00952358415772831,67.4307910386491,moderate,3,k3,B_moderate
685,CTA-243E7.1,antisense,-0.674972789137079,down_in_PP,0.23385894449452,0.00389876057587223,0.0113379830067893,0.0123770631047683,71.166727748062,moderate,3,k3,B_moderate
686,RP11-299G20.2,antisense,0.671677309504549,up_in_PP,0.0939458519673761,8.7017320520891e-13,1.61423248474802e-11,1.80154998035357e-11,60.2975858998845,moderate,4,all4,B_moderate
687,ZEB1-AS1,antisense,-0.664811190323123,down_in_PP,0.134923987622807,8.33729781923873e-07,6.34140691792901e-06,7.20069614048822e-06,70.9516186960524,moderate,4,all4,B_moderate
688,RP4-665J23.1,processed_transcript,-0.664669496165019,down_in_PP,0.191161453244209,0.000507046705510148,0.00196976121992083,0.00217226841063605,64.1840057498859,moderate,4,all4,B_moderate
689,LINC00921,lincRNA,-0.660690103512526,down_in_PP,0.151189497508104,1.24276649394317e-05,7.33715285540722e-05,8.13532620165219e-05,71.5316140613764,moderate,3,k3,B_moderate
690,LINC00205,lincRNA,-0.660458551258502,down_in_PP,0.174983338503301,0.000160387941681263,0.000714603127896145,0.000783294157623956,73.2869155813911,moderate,4,all4,B_moderate
691,RP11-791G15.2,lincRNA,0.656617532076711,up_in_PP,0.159668474934031,3.91600083348609e-05,0.000206834168364233,0.000228671195769154,74.0051642535933,moderate,4,all4,B_moderate
692,RP11-498B4.5,antisense,-0.656115326078898,down_in_PP,0.119458353503129,3.9646548735956e-08,3.86322630023534e-07,4.41004155219747e-07,62.3864844154687,moderate,4,all4,B_moderate
693,C9orf139,antisense,0.656030599521791,up_in_PP,0.169690257402471,0.00011061339259223,0.000516069582346242,0.000567589321590092,59.7263145515433,moderate,3,k3,B_moderate
694,RP11-388M20.2,antisense,0.654726293981062,up_in_PP,0.133005561307813,8.5424490362423e-07,6.48367225155374e-06,7.36318266530287e-06,69.349447632473,moderate,4,all4,B_moderate
695,CTD-2647L4.4,sense_intronic,-0.654282397941891,down_in_PP,0.142567869375575,4.44799509646293e-06,2.92740685681602e-05,3.26765276441343e-05,70.1704982433674,moderate,4,all4,B_moderate
696,RP11-582J16.3,antisense,-0.649427903573324,down_in_PP,0.109240709357268,2.76582234101765e-09,3.23307087269517e-08,3.60473291252511e-08,60.355225195107,moderate,4,all4,B_moderate
697,PICSAR,lincRNA,0.645674571222753,up_in_PP,0.166387413058245,0.000104220785081648,0.000490472878254801,0.000539579729193764,65.9820127647707,moderate,4,all4,B_moderate
698,RP11-471B22.2,antisense,0.641754607349901,up_in_PP,0.0914941335585596,2.31332457329233e-12,4.07424739675701e-11,4.46864081635532e-11,69.690942259978,moderate,4,all4,B_moderate
699,LINC01876,lincRNA,-0.634542726081897,down_in_PP,0.254150281930885,0.0125347006317653,0.0302294714427736,0.0326339648818583,51.5187030168005,moderate,4,all4,B_moderate
700,RP11-539L10.3,lincRNA,-0.634330254193959,down_in_PP,0.169796431714213,0.000187098569245939,0.000820914625777615,0.000899528343474642,52.9921345396986,moderate,4,all4,B_moderate
701,TMEM9B-AS1,antisense,-0.630037827207171,down_in_PP,0.202123355222021,0.00182642316103676,0.00593925227220753,0.00653024352002764,67.4866968076801,moderate,4,all4,B_moderate
702,CTD-3193O13.14,antisense,-0.627249203520493,down_in_PP,0.167086823182311,0.000174012956206625,0.000768478010299637,0.000841289454196722,63.8988941021819,moderate,4,all4,B_moderate
703,CTD-2036P10.3,lincRNA,-0.622238581575959,down_in_PP,0.0860116548919671,4.67757364501452e-13,8.96934588304161e-12,1.00197332485039e-11,57.9118086583508,moderate,4,all4,B_moderate
704,SLC2A1-AS1,lincRNA,-0.620765891192965,down_in_PP,0.173331807184493,0.000341792995548307,0.00139312838700849,0.00153257854066065,74.3851276541595,moderate,4,all4,B_moderate
705,LINC00342,lincRNA,-0.62015513476346,down_in_PP,0.219296441641748,0.00468499504180719,0.0132090612822333,0.0144584203726939,70.0542211790901,moderate,4,all4,B_moderate
706,LINC-PINT,antisense,-0.619727369844421,down_in_PP,0.158169379745893,8.92405010351348e-05,0.000426718645327396,0.000468620932013384,74.6749196205849,moderate,4,all4,B_moderate
707,RP11-541N10.3,sense_overlapping,-0.616521408587659,down_in_PP,0.114149691418563,6.62739046445497e-08,6.22780876716049e-07,7.13351207455141e-07,58.7627925926899,moderate,4,all4,B_moderate
708,XXbac-BPG181B23.7,lincRNA,-0.609357756611824,down_in_PP,0.242106140797357,0.0118391301112764,0.0288294091380499,0.0311037741296254,70.8781764935656,moderate,4,all4,B_moderate
709,RP1-78B3.1,lincRNA,-0.605025457633983,down_in_PP,0.23355404159434,0.00958321952012196,0.0241090792625273,0.0260960294924907,73.3725876508522,moderate,3,k3,B_moderate
710,RP5-1087E8.3,antisense,-0.604317458804793,down_in_PP,0.110197842639394,4.15975078980852e-08,4.04129866783588e-07,4.61519017115422e-07,61.7827479639311,moderate,4,all4,B_moderate
711,RP11-1123I8.1,antisense,0.603979119371138,up_in_PP,0.218830394172191,0.00577955150032733,0.0157743332564455,0.0171523452276518,54.9482463605776,moderate,3,k3,B_moderate
712,LINC01750,lincRNA,0.603942972127245,up_in_PP,0.181083327113867,0.000852484657345451,0.00309189153146045,0.00342816088506856,72.2093041595341,moderate,3,k3,B_moderate
713,RP11-344N10.2,antisense,-0.603087006441631,down_in_PP,0.136992474860553,1.07091165342545e-05,6.4270085867214e-05,7.11802569027945e-05,53.1452219581773,moderate,4,all4,B_moderate
714,KRT73-AS1,antisense,-0.600925119130768,down_in_PP,0.245148403698148,0.0142352820003642,0.0336506920857507,0.036105548192014,57.1583669898057,moderate,4,all4,B_moderate
715,DCST1-AS1,antisense,-0.59699038000932,down_in_PP,0.151406644190194,8.04819980253448e-05,0.000389615575528528,0.000427820154122441,72.0992210942603,moderate,4,all4,B_moderate
716,RP11-575L7.4,antisense,-0.593890041609205,down_in_PP,0.121161717198882,9.5044187135901e-07,7.15959548542215e-06,8.15984519319531e-06,59.2210131944918,moderate,4,all4,B_moderate
717,RP11-123K3.9,antisense,0.591128996872931,up_in_PP,0.117523560861037,4.90795863162512e-07,3.89620713417132e-06,4.43355678476866e-06,58.8759492533404,moderate,4,all4,B_moderate
718,RP11-477D19.2,antisense,-0.591008377171501,down_in_PP,0.148306543182246,6.74670919762523e-05,0.000333700465582956,0.000365369345408315,69.3033361213396,moderate,4,all4,B_moderate
719,CTC-429P9.3,sense_intronic,-0.589306094543927,down_in_PP,0.112735880247835,1.71988217129704e-07,1.4935442472989e-06,1.69520049093446e-06,74.3698039778965,moderate,4,all4,B_moderate
720,RP5-837M10.4,antisense,-0.589292960579745,down_in_PP,0.147896431738787,6.76230727576313e-05,0.000334405968715816,0.000365756294777838,72.1459541793282,moderate,4,all4,B_moderate
721,RP11-17J14.2,antisense,-0.584486799021832,down_in_PP,0.123643348366914,2.27637364538801e-06,1.59047884863993e-05,1.78763498431832e-05,65.8227961888035,moderate,4,all4,B_moderate
722,TMPO-AS1,antisense,0.582289467292614,up_in_PP,0.0915330979687709,1.997692513987e-10,2.75694767541531e-09,3.06525372624885e-09,67.4040321674003,moderate,4,all4,B_moderate
723,AL157871.2,sense_overlapping,-0.581454018157643,down_in_PP,0.0961508275261147,1.47282703419355e-09,1.79533030792601e-08,2.03607750062476e-08,70.5867727080483,moderate,4,all4,B_moderate
724,AC006946.16,lincRNA,-0.581392747366842,down_in_PP,0.245411439035644,0.0178336895271721,0.040657502677157,0.0430615929598625,73.884614532398,moderate,4,all4,B_moderate
725,RP11-800A3.7,antisense,-0.581179067427769,down_in_PP,0.198282087227707,0.00337794516496569,0.0100496274601579,0.0109980201119688,51.8817947971263,moderate,3,k3,B_moderate
726,RP5-1136G13.2,antisense,0.578985100449321,up_in_PP,0.120394451247095,1.51635636354341e-06,1.09644902432559e-05,1.2497664733433e-05,72.8061533499003,moderate,4,all4,B_moderate
727,AC159540.1,lincRNA,-0.577297128777847,down_in_PP,0.151457056681788,0.000138057593787,0.000628405269794732,0.000691406491106886,54.6602344681151,moderate,4,all4,B_moderate
728,RP11-383C5.3,processed_transcript,-0.574521816855224,down_in_PP,0.135243958501491,2.15648389514732e-05,0.000120584112851812,0.000133492214796888,72.407203131215,moderate,4,all4,B_moderate
729,RP11-579D7.2,antisense,-0.573432574555965,down_in_PP,0.0980609882395014,4.98375662257115e-09,5.62372392953076e-08,6.26881247263528e-08,56.9538028594854,moderate,4,all4,B_moderate
730,CTD-2207O23.11,antisense,-0.573324023504047,down_in_PP,0.176137205214126,0.00113398213064764,0.00393306985114385,0.00433457657183069,72.0304599989748,moderate,3,k3,B_moderate
731,AC007743.1,antisense,-0.57159205806688,down_in_PP,0.113176604291608,4.40785218711188e-07,3.53842381529142e-06,4.03229945319939e-06,50.1627863909701,moderate,3,k3,B_moderate
732,RP11-299M14.2,3prime_overlapping_ncRNA,-0.568629013149898,down_in_PP,0.144173667724629,8.01149509501463e-05,0.000388063567976917,0.000426392857024948,53.325577025834,moderate,4,all4,B_moderate
733,RP11-677M14.7,antisense,-0.567377932903679,down_in_PP,0.182472926365431,0.00187479501599628,0.00606116004784554,0.00664937543788189,65.7473238717009,moderate,3,k3,B_moderate
734,RP11-455P21.3,lincRNA,-0.565243547599653,down_in_PP,0.14913347933402,0.000150534836101878,0.000676718217468209,0.000742718626924545,71.0702937279574,moderate,4,all4,B_moderate
735,RP11-274B21.10,lincRNA,-0.562664453730409,down_in_PP,0.223431601866109,0.0117927852500578,0.0287439054978407,0.0310032306192623,52.2627683029707,moderate,3,k3,B_moderate
736,RP11-407N17.5,antisense,0.55865636988928,up_in_PP,0.169363896335201,0.000971833432671751,0.0034649301485599,0.00382000604837058,69.4687476369538,moderate,4,all4,B_moderate
737,LINC00624,antisense,-0.558179545537255,down_in_PP,0.099369532717063,1.94065363433807e-08,1.99248920048262e-07,2.2512622723273e-07,51.8244501392012,moderate,4,all4,B_moderate
738,CTD-2336O2.3,lincRNA,0.55720801121632,up_in_PP,0.236778324400148,0.0186081262482685,0.0421027793326565,0.0445093213246312,50.9289179723783,moderate,3,k3,B_moderate
739,RP11-571M6.17,lincRNA,0.556252942736964,up_in_PP,0.158246513222755,0.00043958189785044,0.00174399264269871,0.00191934497678996,62.2851742551593,moderate,4,all4,B_moderate
740,RP3-333A15.2,sense_intronic,0.555283112400988,up_in_PP,0.217114379081233,0.0105409286665074,0.0261354129639897,0.0283119791061313,74.5378205676565,moderate,3,k3,B_moderate
741,RP11-363N22.3,processed_transcript,0.554294645695576,up_in_PP,0.205639842602138,0.00702908236998651,0.0185884628423132,0.0202495601963593,72.1812352688064,moderate,4,all4,B_moderate
742,SNHG12,antisense,0.55067210406088,up_in_PP,0.130594591469179,2.47954837886635e-05,0.000136666904489,0.000151539630442863,63.526020902268,moderate,4,all4,B_moderate
743,UGDH-AS1,antisense,-0.550542690368351,down_in_PP,0.106089625658192,2.10960089949351e-07,1.80016403619702e-06,2.04669127625749e-06,52.0667694787878,moderate,4,all4,B_moderate
744,RP3-402G11.26,antisense,0.542790649851249,up_in_PP,0.100062767070329,5.81164378743583e-08,5.52128190298396e-07,6.35024814854415e-07,53.9080606669308,moderate,4,all4,B_moderate
745,RP11-533E19.7,lincRNA,-0.539537963432019,down_in_PP,0.137920557334384,9.1554861684599e-05,0.000436408904701724,0.00047903009251422,70.5860983941442,moderate,4,all4,B_moderate
746,RP11-64K12.8,antisense,-0.53814133955557,down_in_PP,0.107899766142417,6.11912734534082e-07,4.76858114206877e-06,5.37068235766526e-06,68.4144995048633,moderate,4,all4,B_moderate
747,RP11-58K22.5,antisense,0.537676479318455,up_in_PP,0.12443568400359,1.55380889085476e-05,8.96238398678985e-05,9.94512562690253e-05,63.3092286488006,moderate,4,all4,B_moderate
748,CBR3-AS1,processed_transcript,0.536215191204105,up_in_PP,0.100765918775044,1.02974905845508e-07,9.33028593745528e-07,1.05836678763305e-06,63.0694234009052,moderate,4,all4,B_moderate
749,SEPT7-AS1,lincRNA,-0.533832853245296,down_in_PP,0.148179372917397,0.000315035048474414,0.00129880052391278,0.00142888538233626,73.2482033393799,moderate,3,k3,B_moderate
750,INE2,antisense,-0.533682872311976,down_in_PP,0.118417155070728,6.58114660644584e-06,4.14935084907536e-05,4.64545209887294e-05,72.9481910018634,moderate,4,all4,B_moderate
751,CTD-2517M22.16,antisense,-0.525549766870381,down_in_PP,0.0870488852932178,1.56607942296342e-09,1.90160283422041e-08,2.14443850100086e-08,52.9475031158029,moderate,4,all4,B_moderate
752,RP11-114F3.4,antisense,0.522815857894268,up_in_PP,0.137267348734288,0.000139675843736753,0.000634618563402917,0.000697090398903034,65.341448095022,moderate,4,all4,B_moderate
753,RP11-420L9.5,antisense,-0.522568187771954,down_in_PP,0.0894869599665139,5.2325822531292e-09,5.87834381383045e-08,6.54375243043065e-08,56.8751647459415,moderate,4,all4,B_moderate
754,RP5-991G20.1,antisense,-0.519124390611088,down_in_PP,0.12299397072628,2.4351203378406e-05,0.000134513964970159,0.000149034875556383,69.472199102248,moderate,4,all4,B_moderate
755,RP5-890O3.9,sense_intronic,0.518466864257829,up_in_PP,0.147350241903494,0.000433826915857705,0.00172388935551384,0.00190189368279259,71.3549775007159,moderate,4,all4,B_moderate
756,LINC00504,lincRNA,-0.51452218570827,down_in_PP,0.135441750777765,0.00014537210589951,0.000656571583718419,0.000719708354951007,67.1632869140564,moderate,3,k3,B_moderate
757,RP11-271C24.2,lincRNA,0.514138659494829,up_in_PP,0.109053881941121,2.4225991139852e-06,1.67999941877967e-05,1.89216360400974e-05,53.491517934582,moderate,4,all4,B_moderate
758,AL133243.1,sense_intronic,-0.508992902565743,down_in_PP,0.15067000396055,0.000729628835151382,0.00270382343140085,0.00299535480996208,53.9374167477494,moderate,4,all4,B_moderate
759,ABC12-49244600F4.4,lincRNA,0.507444875456926,up_in_PP,0.188551317126009,0.00711778763312573,0.0187873611017796,0.0204778371599302,72.8390642581382,moderate,4,all4,B_moderate
760,CTA-390C10.10,sense_intronic,-0.507358354434874,down_in_PP,0.191170005454419,0.00795522617064627,0.0206092493579426,0.0223323316208372,70.8099474996583,moderate,4,all4,B_moderate
761,RTCA-AS1,antisense,-0.50723923382381,down_in_PP,0.151329677152601,0.000802641969049329,0.00293404507414152,0.00324886043038021,51.6556240807962,moderate,3,k3,B_moderate
762,RP11-973N13.4,antisense,-0.505693915802232,down_in_PP,0.136371548325511,0.000208732083822873,0.000904589916093525,0.000990333033664004,50.9850605119994,moderate,4,all4,B_moderate
763,RP11-20I23.11,sense_intronic,-0.503857069927753,down_in_PP,0.178545435200111,0.00477236338403486,0.0134056233053891,0.0146662048030674,52.5558909188879,moderate,3,k3,B_moderate
764,RP11-486L19.2,antisense,-0.502163563990911,down_in_PP,0.142515950810063,0.00042579000002137,0.00169517855131622,0.00187235094521592,69.1660561991306,moderate,4,all4,B_moderate
765,TSC22D1-AS1,antisense,-0.496913576262668,down_in_PP,0.126149786174124,8.17960697137175e-05,0.000395213630068476,0.000433739698102029,58.1598795178453,moderate,4,all4,B_moderate
766,RP11-363E7.4,sense_overlapping,-0.496439262238838,down_in_PP,0.102882139311882,1.39778535209158e-06,1.0180556958477e-05,1.1608862223609e-05,67.7983612262654,moderate,4,all4,B_moderate
767,HLA-DQB1-AS1,antisense;processed_transcript,0.49580532522488,up_in_PP,0.163358583202261,0.00240476985307243,0.00750633230261567,0.00818037669358837,54.1998274876922,moderate,4,all4,B_moderate
768,RP11-1020A11.2,antisense,-0.491279254454592,down_in_PP,0.113038052974474,1.38553870328069e-05,8.08295413911096e-05,8.96147379535956e-05,74.5325472511658,moderate,4,all4,B_moderate
769,AC068831.15,antisense,-0.484475749831138,down_in_PP,0.106954646501058,5.90589046947529e-06,3.77008219424324e-05,4.24498140555143e-05,68.9243553346132,moderate,4,all4,B_moderate
770,EAF1-AS1,antisense,0.473205186934865,up_in_PP,0.0693801645626792,9.0744448461402e-12,1.49424268550569e-10,1.64979507769952e-10,63.473348537354,moderate,4,all4,B_moderate
771,RP11-612B6.2,3prime_overlapping_ncRNA,-0.472361227173786,down_in_PP,0.147214457808671,0.00133354819543019,0.00452055647022816,0.00496153313983356,70.6582573649853,moderate,4,all4,B_moderate
772,RP11-156P1.3,processed_transcript,-0.472233321557948,down_in_PP,0.107095014393853,1.03619138256778e-05,6.23805631273452e-05,6.90847474941569e-05,69.9857318600114,moderate,4,all4,B_moderate
773,RP1-225E12.3,processed_transcript,-0.470966619261086,down_in_PP,0.187368958981881,0.0119513118242748,0.0290461381826973,0.0313414098567497,54.364710806119,moderate,3,k3,B_moderate
774,PSMG3-AS1,lincRNA,-0.470905912859329,down_in_PP,0.139786035974272,0.000755065445344872,0.0027816331311529,0.00307932910651014,67.8473947172457,moderate,4,all4,B_moderate
775,CTD-3099C6.7,antisense,-0.470782371039087,down_in_PP,0.152115072902065,0.00196873015329754,0.00632649251210963,0.0069439517707822,73.2025347036768,moderate,4,all4,B_moderate
776,RP11-332H14.2,lincRNA,0.467811434130618,up_in_PP,0.143605503638252,0.00112352747593245,0.00390191550049441,0.00430221538792895,74.7506644944236,moderate,4,all4,B_moderate
777,MIR4435-2HG,lincRNA,0.46315370520532,up_in_PP,0.136634794508709,0.000699640268858412,0.0026088951671075,0.00289144550463262,63.0891069348198,moderate,4,all4,B_moderate
778,RASSF8-AS1,antisense,-0.459778243989698,down_in_PP,0.159018933685381,0.00383599485706683,0.0111853057717055,0.0122212105669359,74.211053774949,moderate,4,all4,B_moderate
779,LINC00346,lincRNA,0.455424050290362,up_in_PP,0.18723066424112,0.0149982074704306,0.0351952317999935,0.0376652604321261,71.4982925794752,moderate,3,k3,B_moderate
780,CTD-2619J13.17,lincRNA,-0.454300984420978,down_in_PP,0.131672432807,0.00056009642364136,0.00214438383276807,0.00237834860166454,62.7713493106749,moderate,4,all4,B_moderate
781,DANCR,processed_transcript,0.452329865881809,up_in_PP,0.104151279693952,1.40544860790612e-05,8.18766922625362e-05,9.07668078568624e-05,74.079787671226,moderate,4,all4,B_moderate
782,AC007246.3,antisense,-0.448768698140626,down_in_PP,0.0873930704848003,2.82053379665829e-07,2.34610746803352e-06,2.65314124742183e-06,58.7842142300499,moderate,4,all4,B_moderate
783,ZNF649-AS1,antisense,-0.448149418900097,down_in_PP,0.111244846122345,5.61348129700374e-05,0.000283467798237976,0.000312204801698396,71.8394870458784,moderate,4,all4,B_moderate
784,AC009542.2,antisense,0.446494088617252,up_in_PP,0.117476075282157,0.00014427417822049,0.000652318140819396,0.000715910973807408,68.1965285891546,moderate,4,all4,B_moderate
785,RP11-56D16.8,lincRNA,-0.445127308909717,down_in_PP,0.157339418488061,0.00466806312247932,0.0131736706666117,0.0144379622094125,70.5519806778214,moderate,4,all4,B_moderate
786,RP11-677M14.8,sense_intronic,-0.443777009585473,down_in_PP,0.156666353102449,0.00461675289433339,0.0130563147187749,0.0142894776636485,57.5423123237635,moderate,4,all4,B_moderate
787,KB-1042C11.5,bidirectional_promoter_lncRNA,0.442966306478423,up_in_PP,0.186173675551311,0.0173447236888445,0.0396726718161742,0.0420648789950579,72.1102050275653,moderate,3,k3,B_moderate
788,ALMS1-IT1,sense_intronic,-0.441666153948718,down_in_PP,0.159019397148488,0.00547896759868566,0.015056347144546,0.0164179313016017,62.9376077382064,moderate,4,all4,B_moderate
789,RP11-53I6.3,antisense,0.441447548188804,up_in_PP,0.174404430031857,0.011368220156242,0.0278477503231098,0.0301226507140595,55.9104644798394,moderate,3,k3,B_moderate
790,KB-1995A5.5,antisense,0.439813353921433,up_in_PP,0.177759073774782,0.0133531020904568,0.0318840934252122,0.0342901321931196,72.681907801572,moderate,3,k3,B_moderate
791,RP11-872D17.4,antisense,0.439436299502031,up_in_PP,0.0772814510556462,1.29911894925245e-08,1.36628279925156e-07,1.53587095448507e-07,66.3631879618668,moderate,4,all4,B_moderate
792,RP11-147L13.13,lincRNA,-0.439351302501115,down_in_PP,0.13443445040177,0.00108254816084714,0.00378340845170144,0.00417113614602456,73.5560366911008,moderate,4,all4,B_moderate
793,AC062029.1,antisense,-0.438082409464461,down_in_PP,0.13628468490906,0.00130687646359195,0.00443746618758182,0.00487908063672336,61.8396972468985,moderate,4,all4,B_moderate
794,RP11-680G24.6,antisense,-0.428355414821254,down_in_PP,0.116974977712177,0.000250311950079858,0.00106075720204623,0.00115963576873185,71.4309400615793,moderate,4,all4,B_moderate
795,AC092687.5,antisense,0.427664975378914,up_in_PP,0.0913417652321539,2.84046527597385e-06,1.94448895783821e-05,2.2026331987704e-05,72.1567979918067,moderate,4,all4,B_moderate
796,RP11-809N8.4,antisense,-0.427237843603185,down_in_PP,0.0807759267049324,1.22870693520531e-07,1.09938783327796e-06,1.25096821379609e-06,51.5238820931836,moderate,4,all4,B_moderate
797,AC073333.8,antisense,0.426179661369929,up_in_PP,0.0880142133582769,1.28429709798513e-06,9.41968213921665e-06,1.07074249383076e-05,70.3244593961651,moderate,4,all4,B_moderate
798,RP11-343L5.2,lincRNA,0.42356185539234,up_in_PP,0.125403608336275,0.000731242698721171,0.0027090028847524,0.00299913474631896,55.2635158533519,moderate,4,all4,B_moderate
799,U47924.29,antisense,0.423517895609911,up_in_PP,0.121599646752374,0.000496036676181114,0.00193368660420767,0.0021314306830543,68.9122120817787,moderate,4,all4,B_moderate
800,ZBED5-AS1,antisense,-0.422467967339593,down_in_PP,0.0731603392509426,7.71594520830429e-09,8.43704270552016e-08,9.44170626865859e-08,50.9687692609017,moderate,4,all4,B_moderate
801,RP1-100J12.1,antisense,0.422398897931921,up_in_PP,0.0930267279291127,5.60893970356726e-06,3.5988542460523e-05,4.04498034955592e-05,62.9290205230119,moderate,4,all4,B_moderate
802,RP11-10C24.1,lincRNA,0.422007036558667,up_in_PP,0.104394563201242,5.2901572458621e-05,0.00026898340615905,0.000296125619700457,61.0553138806808,moderate,4,all4,B_moderate
803,RP11-101E7.2,antisense,-0.421814724773065,down_in_PP,0.100191703052286,2.55284342743149e-05,0.000140305618373438,0.000155579626908395,56.7088843695066,moderate,4,all4,B_moderate
804,CEBPA-AS1,antisense,-0.421792681850578,down_in_PP,0.158999947837974,0.00798306943971964,0.0206706980368069,0.0223722418819086,73.9821858547183,moderate,4,all4,B_moderate
805,RP11-379F4.7,lincRNA,-0.421553237302348,down_in_PP,0.154368815275729,0.00631772284910223,0.0170106113068543,0.0185585789328346,60.9458932972381,moderate,4,all4,B_moderate
806,RP11-20I23.13,antisense,-0.418838695973018,down_in_PP,0.158041339977585,0.0080447845904336,0.0207918316392128,0.0225160303511036,68.8504410898796,moderate,4,all4,B_moderate
807,RP5-1024G6.5,antisense,0.417622179203063,up_in_PP,0.135030362293179,0.00198276353475289,0.00636424432735361,0.00698649659191837,65.8268477153707,moderate,4,all4,B_moderate
808,RP11-172H24.4,antisense,0.416675410275106,up_in_PP,0.126215940659789,0.000962413843075198,0.00343541030268489,0.00379613919688822,62.074554998864,moderate,4,all4,B_moderate
809,RP11-400F19.6,antisense,0.412043658438307,up_in_PP,0.107839308767263,0.000132963343743221,0.000607867077871688,0.000667438965634475,74.0018086739232,moderate,4,all4,B_moderate
810,CTC-548K16.5,antisense,-0.407293160748329,down_in_PP,0.148023510226621,0.00593151006810854,0.0161214082341325,0.0175072606171253,65.7999990831431,moderate,4,all4,B_moderate
811,RP11-16E23.5,antisense,-0.406851207941141,down_in_PP,0.111564944500753,0.000265561910202625,0.00111782206810517,0.00122503879045497,52.7247007318802,moderate,3,k3,B_moderate
812,RP1-151F17.2,lincRNA,-0.401692269475357,down_in_PP,0.138992001990774,0.00385194361479684,0.0112213659042239,0.0122554117803132,61.2975197364428,moderate,4,all4,B_moderate
813,RP11-479G22.8,lincRNA,-0.400969415587206,down_in_PP,0.168271620171468,0.0171782538914657,0.0393709555581082,0.0417820711570388,71.0161778211279,moderate,4,all4,B_moderate
814,RP11-333E1.1,antisense,-0.400063354186743,down_in_PP,0.161977273706875,0.0135160889318929,0.0322027018548436,0.0345855214714965,72.9904987205057,moderate,3,k3,B_moderate
815,AF011889.2,lincRNA,-0.399406650280628,down_in_PP,0.0958786570984533,3.1032872677114e-05,0.000167473267664477,0.000186498944547045,57.4099183381417,moderate,4,all4,B_moderate
816,RP11-182J1.18,antisense,-0.39785437057254,down_in_PP,0.116009960366708,0.000604728787027481,0.00229125094182172,0.00255035230162564,73.8759988074232,moderate,4,all4,B_moderate
817,RP11-394O2.3,antisense,-0.397443848192709,down_in_PP,0.122572421240677,0.00118476543878348,0.00409045204942712,0.00450481551284369,71.463356306365,moderate,4,all4,B_moderate
818,RP11-526I2.5,lincRNA,0.39734624851851,up_in_PP,0.166053559442042,0.0167167055074561,0.0384573226939476,0.0407831372824761,59.8656682872432,moderate,4,all4,B_moderate
819,RP11-503P10.1,antisense,-0.395112433766735,down_in_PP,0.088181076711128,7.44006682180845e-06,4.62802071700579e-05,5.16744287928815e-05,54.6578814521606,moderate,4,all4,B_moderate
820,RP11-872J21.5,sense_intronic,-0.394148831947795,down_in_PP,0.163735580611214,0.0160741424564472,0.0372974871070715,0.0397671894848754,62.1456003680799,moderate,4,all4,B_moderate
821,RP11-5C23.1,antisense,-0.392097164833714,down_in_PP,0.158098905024398,0.0131354696825019,0.0314543417908334,0.0338921749052986,62.5949002334218,moderate,4,all4,B_moderate
822,CTC-366B18.2,antisense,-0.389648460789262,down_in_PP,0.118084189423265,0.000967705347914721,0.00345134928553277,0.00381337486221821,63.1232366452711,moderate,4,all4,B_moderate
823,RP11-182L21.6,lincRNA,-0.386473804138146,down_in_PP,0.0974592843176841,7.3245364956461e-05,0.000358670444810244,0.000393216742142192,60.7654640267965,moderate,4,all4,B_moderate
824,CTC-529I10.2,antisense,-0.385190525357757,down_in_PP,0.12539636312896,0.00212783733777098,0.0067709318637908,0.00743842636063692,59.8876000328403,moderate,4,all4,B_moderate
825,RP11-186N15.3,antisense,0.38219156743747,up_in_PP,0.0581454533617313,4.93028978097305e-11,7.36809317177976e-10,8.14250529857648e-10,55.754899222064,moderate,4,all4,B_moderate
826,RP11-552M11.8,sense_overlapping,-0.382084721366819,down_in_PP,0.140436703156875,0.00651458397594907,0.0174376272140591,0.0190206510552845,61.1387338792903,moderate,4,all4,B_moderate
827,CTD-2008A1.1,lincRNA,-0.381841971157259,down_in_PP,0.153867034549642,0.013078079586001,0.031340871159338,0.0337843882797769,72.4822289322921,moderate,4,all4,B_moderate
828,CTC-338M12.7,antisense,0.381253845012571,up_in_PP,0.0845324241476024,6.47820470741043e-06,4.09516984336505e-05,4.60535126216654e-05,60.2787100008726,moderate,4,all4,B_moderate
829,RP11-350G8.9,antisense,-0.377827129241522,down_in_PP,0.112147925748001,0.000754395559719046,0.00277998257869118,0.00307932910651014,51.0258902315833,moderate,3,k3,B_moderate
830,NPTN-IT1,sense_intronic,-0.37734331065716,down_in_PP,0.119780078165265,0.00163102278369667,0.00538063617283217,0.00591570459769949,50.7794078089007,moderate,4,all4,B_moderate
831,SLX1A-SULT1A3,processed_transcript,0.377160606769704,up_in_PP,0.080743363978508,2.99585989473293e-06,2.03695715360273e-05,2.30250191199101e-05,58.3614054933489,moderate,4,all4,B_moderate
832,RP11-126K1.8,antisense,0.376996385279693,up_in_PP,0.0883160882328576,1.96600529024982e-05,0.000110823267171033,0.000122577880272492,52.4509207729187,moderate,4,all4,B_moderate
833,RP11-493P1.2,antisense,-0.376918320866161,down_in_PP,0.0869056158157753,1.44375142243969e-05,8.39130291029304e-05,9.31015261534507e-05,64.0642651537686,moderate,4,all4,B_moderate
834,PHKA2-AS1,antisense,-0.376642948986111,down_in_PP,0.106302466605007,0.00039541491969795,0.00158863236894358,0.00175123885110853,68.3673027148051,moderate,4,all4,B_moderate
835,RP11-403P17.3,lincRNA,-0.375607849217169,down_in_PP,0.123309959317976,0.00231872102243573,0.0072712445275631,0.00794386845928694,74.8233760994172,moderate,4,all4,B_moderate
836,RP13-131K19.6,antisense,0.373410005091563,up_in_PP,0.11720238575602,0.0014424096671476,0.00483672345170632,0.00530723352869699,72.3944254736466,moderate,4,all4,B_moderate
837,CTD-2342J14.6,antisense,0.367649206323771,up_in_PP,0.15280404487904,0.0161274920624476,0.0374074230512782,0.039860936876683,51.6952370904295,moderate,3,k3,B_moderate
838,RP11-264M12.2,antisense,-0.366110382326881,down_in_PP,0.111749271810624,0.0010522263329216,0.00369497635919926,0.00408339313233342,71.5292420033736,moderate,4,all4,B_moderate
839,RP11-317G6.1,antisense,-0.364267009046959,down_in_PP,0.080758681479774,6.46562162080877e-06,4.08885715520337e-05,4.60535126216654e-05,50.5639596487888,moderate,4,all4,B_moderate
840,OVOL1-AS1,antisense,-0.364191504692941,down_in_PP,0.139158718632525,0.00886818093384408,0.0225792138368308,0.0244052708934827,68.5482104203289,moderate,3,k3,B_moderate
841,RP3-508I15.18,antisense,-0.3640122824819,down_in_PP,0.0724341227362544,5.02317724337178e-07,3.98010964506429e-06,4.50005961326495e-06,55.0770875086632,moderate,4,all4,B_moderate
842,LINC00863,lincRNA,-0.362994174070514,down_in_PP,0.10942561849607,0.000909021628253676,0.00327326150104793,0.00361519906751255,66.027245462458,moderate,4,all4,B_moderate
843,CD27-AS1,processed_transcript,-0.362780681263053,down_in_PP,0.112199310103225,0.00122343590236843,0.0042025425692376,0.00461937796644694,66.5167715928018,moderate,4,all4,B_moderate
844,RP11-421F16.3,antisense,-0.36252330005479,down_in_PP,0.0872116651278468,3.22706327215895e-05,0.000173555063791518,0.000192866060478339,56.0058480816972,moderate,4,all4,B_moderate
845,AC002550.5,antisense,0.357160300919039,up_in_PP,0.0599590351391798,2.57321276509431e-09,3.02060226317535e-08,3.37402776804942e-08,57.3845450227636,moderate,4,all4,B_moderate
846,RP11-10C24.3,lincRNA,0.356459698992455,up_in_PP,0.107208734958275,0.000884461816328715,0.00319630599002599,0.00353376387742784,68.9511812463958,moderate,4,all4,B_moderate
847,RP1-30M3.5,antisense,0.355209859039475,up_in_PP,0.117227864606916,0.00244488616717452,0.0076022006354501,0.00829727250616796,69.6007925168302,moderate,4,all4,B_moderate
848,RP11-104H15.10,processed_transcript,-0.354567276487321,down_in_PP,0.0963516340993696,0.000233297913636977,0.000997936902469689,0.00108780180205517,54.6057383599754,moderate,4,all4,B_moderate
849,RP5-981O7.2,antisense,-0.352797128856103,down_in_PP,0.0919898368431178,0.000125474887757266,0.000577742354762559,0.000636494536137972,69.5762423931212,moderate,4,all4,B_moderate
850,RP11-597D13.9,antisense,-0.352746512458751,down_in_PP,0.128122551546396,0.00590165294938739,0.0160472199433163,0.0174310254689415,62.715068621513,moderate,4,all4,B_moderate
851,OCIAD1-AS1,antisense,-0.350270233025261,down_in_PP,0.142104514363737,0.0137060066398737,0.0325932193195288,0.034926908557558,56.445003575397,moderate,4,all4,B_moderate
852,CTD-3193O13.8,processed_transcript,0.34953070901395,up_in_PP,0.14843099374108,0.0185308614873205,0.0419688562631216,0.0443981382367862,71.1627388769865,moderate,4,all4,B_moderate
853,UBOX5-AS1,antisense,-0.349031133757542,down_in_PP,0.122422629389242,0.00435772479513141,0.0124445417975824,0.013624187274952,59.5861545310753,moderate,4,all4,B_moderate
854,RP4-669L17.10,lincRNA,0.346352912308949,up_in_PP,0.145804809954889,0.0175272814092829,0.04003048196342,0.0424164131196684,52.5259125336428,moderate,4,all4,B_moderate
855,LINC00334,lincRNA,-0.342425595964304,down_in_PP,0.135854647952076,0.0117178542899853,0.0285896479960681,0.0309053657934752,59.3211977280435,moderate,4,all4,B_moderate
856,AC096574.4,processed_transcript,-0.34099548203318,down_in_PP,0.132811640179969,0.0102431239256217,0.0255055312294021,0.0276321678467364,69.1177892460912,moderate,4,all4,B_moderate
857,RP3-508I15.19,antisense,-0.340511621448134,down_in_PP,0.0882043101659625,0.000113161110767944,0.000526362984050894,0.000579465238216442,73.4719878773369,moderate,4,all4,B_moderate
858,LINC00467,lincRNA,-0.340451306945593,down_in_PP,0.092092340239056,0.00021829367062647,0.000941145015179869,0.00102780926311288,50.6832314089646,moderate,4,all4,B_moderate
859,CTB-55O6.12,antisense,-0.340134513169399,down_in_PP,0.111944310006264,0.00237817426540459,0.00743164631416082,0.00810903076942921,72.9788443913222,moderate,4,all4,B_moderate
860,RP11-142E9.1,sense_intronic,0.339955773246687,up_in_PP,0.124215278300917,0.00620348374095339,0.0167541552954222,0.0182477730435794,66.9946262046181,moderate,4,all4,B_moderate
861,RP5-1050D4.2,antisense,-0.33862186158086,down_in_PP,0.111095912577624,0.00230359438610888,0.00723195321366163,0.0079045621797725,63.1797342893729,moderate,4,all4,B_moderate
862,RP11-403P17.6,antisense,0.337756887867864,up_in_PP,0.100638195305295,0.000790356645540696,0.00289462490874484,0.00320512952694901,72.1679191009148,moderate,4,all4,B_moderate
863,HOXD-AS2,antisense,-0.335037511533849,down_in_PP,0.145596644301913,0.0213840102915582,0.0472931579533207,0.0500425162420618,52.3582481315555,moderate,3,k3,B_moderate
864,RP11-403P17.4,lincRNA,-0.334060291832281,down_in_PP,0.124146869520391,0.00712707687152865,0.0188039583697495,0.0204909379555511,55.1863248766911,moderate,4,all4,B_moderate
865,WDFY3-AS1,antisense,-0.333742960659055,down_in_PP,0.10262030867437,0.00114510729000322,0.0039677421404757,0.00436938204924509,71.5807629536703,moderate,4,all4,B_moderate
866,FAM87B,lincRNA,-0.330283096166091,down_in_PP,0.143977949757789,0.0217914245571419,0.0480584901664107,0.0508858575600394,51.477612653525,moderate,3,k3,B_moderate
867,RP11-242D8.1,lincRNA,-0.330244167412073,down_in_PP,0.094837306917052,0.000497278871910295,0.00193762485818032,0.00213464849082921,71.0239750377876,moderate,4,all4,B_moderate
868,C6orf47-AS1,antisense;processed_transcript,0.328569520413565,up_in_PP,0.08051901501357,4.49108919548236e-05,0.000232938074124956,0.000257049509905452,71.6806967740819,moderate,4,all4,B_moderate
869,RP11-147L13.11,lincRNA,-0.328423227362681,down_in_PP,0.0728439819916031,6.52616638949743e-06,4.11986856558148e-05,4.62172208958353e-05,72.7318295218666,moderate,4,all4,B_moderate
870,AC104134.2,antisense,-0.32760184682129,down_in_PP,0.0810117356862714,5.25735330265245e-05,0.000267478255117896,0.000294670566587787,70.9647368065892,moderate,4,all4,B_moderate
871,CTD-2349P21.12,antisense,0.322255845225406,up_in_PP,0.0878346832018757,0.000243605269751527,0.00103583903469847,0.00113220193578395,66.7749697233505,moderate,4,all4,B_moderate
872,RP11-473I1.9,3prime_overlapping_ncRNA,0.320610008794967,up_in_PP,0.0714949796322479,7.31293523535101e-06,4.55799012356048e-05,5.09550253838387e-05,68.3980283567589,moderate,4,all4,B_moderate
873,RP11-596D21.1,antisense,0.316968797399021,up_in_PP,0.0712063404935177,8.53072744592894e-06,5.24913064694012e-05,5.87777988193225e-05,50.7911483987092,moderate,4,all4,B_moderate
874,RP4-584D14.5,antisense,0.315306346585563,up_in_PP,0.138349241778513,0.0226634457659071,0.0496756408767854,0.0525816245732333,74.2670542700815,moderate,4,all4,B_moderate
875,RP11-574K11.5,antisense,-0.314920303222773,down_in_PP,0.120108694097801,0.00874254528673682,0.0223167315111222,0.0241256335814478,70.2193742550182,moderate,4,all4,B_moderate
876,RP11-216L13.18,processed_transcript,0.314906736595586,up_in_PP,0.066058520315606,1.86908288665171e-06,1.32699590099902e-05,1.49216266615165e-05,68.097892299551,moderate,4,all4,B_moderate
877,LA16c-390E6.5,antisense,0.314864769417462,up_in_PP,0.0949979744841488,0.000918279812488026,0.00330032967710664,0.00364531811801439,61.5127077651884,moderate,4,all4,B_moderate
878,CASC2,antisense,-0.314493761854152,down_in_PP,0.0933532734806543,0.000754807746803944,0.00278109258312268,0.00307932910651014,52.5271504059963,moderate,4,all4,B_moderate
879,RP11-294J22.6,antisense,-0.312707692298893,down_in_PP,0.0546888843037312,1.07823974028152e-08,1.14844217471039e-07,1.28882413154645e-07,52.5594163314603,moderate,4,all4,B_moderate
880,OIP5-AS1,processed_transcript,-0.31148360138686,down_in_PP,0.0661596355577806,2.50084243728494e-06,1.72995068074069e-05,1.94975589660035e-05,65.2515287674009,moderate,4,all4,B_moderate
881,RP11-340I6.7,lincRNA,0.311427129489916,up_in_PP,0.119181325350969,0.00897373634891538,0.0228023705136893,0.0246535601154012,65.7940346244021,moderate,4,all4,B_moderate
882,JPX,lincRNA,-0.310021462711574,down_in_PP,0.0815582246967562,0.00014398034221863,0.000651459710540404,0.000715273181148119,57.2669594187027,moderate,4,all4,B_moderate
883,RP11-505D17.1,processed_transcript,-0.308275339943463,down_in_PP,0.104647220402754,0.0032206530318005,0.00965386990587061,0.0105734185649475,72.0137581113897,moderate,4,all4,B_moderate
884,RP11-575L7.8,antisense,0.303647520953632,up_in_PP,0.0600544319724846,4.27681534689767e-07,3.44315921053483e-06,3.92904034098221e-06,60.9964469415989,moderate,4,all4,B_moderate
885,RARA-AS1,antisense,-0.302800192247624,down_in_PP,0.125913095281832,0.0161797784122304,0.03750372029573,0.0398719257594763,54.5186261521865,moderate,4,all4,B_moderate
886,RP11-231I16.1,antisense,-0.298682799414105,down_in_PP,0.120904040748533,0.0134957499425004,0.0321634162285037,0.0345539112433132,55.3738679156358,moderate,4,all4,B_moderate
887,AF131215.2,sense_intronic,-0.298381757583022,down_in_PP,0.110494363977486,0.00692509211501205,0.018363856480721,0.0200166156190094,71.5963550237109,moderate,4,all4,B_moderate
888,RP5-1014D13.2,sense_overlapping,-0.29612358222528,down_in_PP,0.0635739201285723,3.19387391085427e-06,2.15812531555217e-05,2.42601153298456e-05,73.0565114361405,moderate,4,all4,B_moderate
889,ZFHX2-AS1,processed_transcript,0.293497925268044,up_in_PP,0.0680720327092764,1.62093071187968e-05,9.3045729503272e-05,0.000102992176069066,64.8740932036824,moderate,4,all4,B_moderate
890,RP11-269F19.2,antisense,0.29045993167026,up_in_PP,0.114311987402272,0.0110554805721477,0.0272066431754876,0.0294020064140646,67.6929159184971,moderate,4,all4,B_moderate
891,RP5-890E16.4,antisense,-0.287276188175027,down_in_PP,0.0721828230543503,6.89612576409705e-05,0.000340017123548692,0.000371600699641942,56.6902958142,moderate,4,all4,B_moderate
892,RP11-134L10.1,antisense,0.287144393380751,up_in_PP,0.0756964993600654,0.00014861990506665,0.000669190093564567,0.000734946661969594,72.5519094451175,moderate,4,all4,B_moderate
893,RP5-864K19.4,antisense,0.283485894513015,up_in_PP,0.117857559782403,0.0161580289177699,0.0374650943414179,0.0398706232889557,70.1946453173839,moderate,4,all4,B_moderate
894,CTD-2574D22.7,antisense,-0.280181306302523,down_in_PP,0.0886144253801612,0.00156795901661754,0.00519447308320803,0.00569174384639605,51.160965193825,moderate,4,all4,B_moderate
895,KMT2E-AS1,antisense,-0.280061691046206,down_in_PP,0.108884638402091,0.0101084996551409,0.0252154094114802,0.0273030449486858,59.7226137600953,moderate,4,all4,B_moderate
896,MDC1-AS1,antisense;processed_transcript,-0.279974673176784,down_in_PP,0.0933013278317554,0.00269308811690135,0.00826729230595071,0.00898457384875261,59.735402133715,moderate,4,all4,B_moderate
897,RP11-629B11.5,antisense,0.278921074872033,up_in_PP,0.109957123156717,0.0111923615384185,0.0274831488437499,0.0297112566728447,51.5342936401484,moderate,4,all4,B_moderate
898,AC068831.6,antisense,0.276594514009731,up_in_PP,0.0990650083043757,0.00523751681131417,0.0144817570967736,0.0158702627748994,73.9310505997692,moderate,4,all4,B_moderate
899,RP1-40E16.11,antisense,-0.276253597734406,down_in_PP,0.0879317986785889,0.00167981359011854,0.00552196854611106,0.00605613232723912,68.2337945470508,moderate,4,all4,B_moderate
900,RP1-59M18.2,processed_transcript,-0.270666770292115,down_in_PP,0.0898552657758383,0.00259316597881472,0.00799974467762857,0.00870459184146636,72.7792253688988,moderate,4,all4,B_moderate
901,HCP5,processed_transcript;sense_overlapping,0.267186202397504,up_in_PP,0.103210512420285,0.00963250296295108,0.0242087634634457,0.0261972597867312,58.2348185845706,moderate,4,all4,B_moderate
902,RP11-843P14.2,antisense,-0.266520481866394,down_in_PP,0.0824060342282848,0.00121969042078237,0.00419197494866261,0.00460925803556796,69.7281377850168,moderate,4,all4,B_moderate
903,CTB-96E2.3,processed_transcript,0.264505558288657,up_in_PP,0.0701449040822797,0.000162695731131019,0.000723855922884006,0.000792775257436846,59.7850632672504,moderate,4,all4,B_moderate
904,RP11-124D2.3,antisense,-0.263949235411318,down_in_PP,0.0985494733979164,0.00739875362547999,0.0193799710871425,0.021062109827271,67.1251780990808,moderate,4,all4,B_moderate
905,ASMTL-AS1,antisense,-0.258668363316825,down_in_PP,0.111651195490101,0.0205171314685062,0.0457351551066176,0.0484530484109746,74.6479839315694,moderate,4,all4,B_moderate
906,RP11-98D18.15,antisense,0.257748488895317,up_in_PP,0.0682658289757151,0.000159585213111666,0.000711532576232802,0.00078025448263749,60.5514196804995,moderate,4,all4,B_moderate
907,RP11-69L16.4,antisense,0.25390498032847,up_in_PP,0.0829232751821907,0.00219917387312459,0.00695905247578895,0.00762486005529656,74.815468487439,moderate,4,all4,B_moderate
908,RP11-835E18.5,lincRNA,-0.251911033614678,down_in_PP,0.100905534644575,0.0125424384730646,0.030242312200495,0.0326344746079077,65.6150965306632,moderate,4,all4,B_moderate
909,RP11-252E2.1,antisense,-0.248830485871417,down_in_PP,0.103827619530753,0.016549189544959,0.0381489871574469,0.0404795608598291,64.7217548707901,moderate,4,all4,B_moderate
910,RP11-398K22.12,antisense,-0.248383790366021,down_in_PP,0.0935779987555726,0.0079473870061597,0.0205931982163332,0.0223300932309435,65.4659440415894,moderate,4,all4,B_moderate
911,RP11-773H22.4,antisense,0.248177435528646,up_in_PP,0.0909309647706153,0.00634698806840689,0.0170637432922563,0.018619266014913,52.1557137266873,moderate,4,all4,B_moderate
912,ZSCAN16-AS1,antisense,-0.243271614328523,down_in_PP,0.10002959710147,0.0150158589284622,0.0352258464476302,0.0376877155356473,65.9932068402201,moderate,4,all4,B_moderate
913,ODF2-AS1,antisense,0.242735119710286,up_in_PP,0.0794382979934116,0.00224578099257874,0.0070761583148112,0.00774919805015009,57.3166592908443,moderate,4,all4,B_moderate
914,RP11-973D8.4,antisense,0.242420570626209,up_in_PP,0.104503811473915,0.0203555168744825,0.0453991246692427,0.0481039440283374,60.1642358803086,moderate,4,all4,B_moderate
915,GTF3C2-AS1,antisense,0.2414375587376,up_in_PP,0.0502661280937231,1.56160759438549e-06,1.12656907111368e-05,1.27974925395947e-05,53.9551928017006,moderate,4,all4,B_moderate
916,RP11-178C3.2,lincRNA,-0.240666299065044,down_in_PP,0.0961643272324576,0.0123265040541243,0.0298115557018829,0.0321887646603475,67.3762762929611,moderate,4,all4,B_moderate
917,AC005306.3,processed_transcript,-0.236666040261155,down_in_PP,0.0919111049024074,0.0100256026706263,0.0250285540523196,0.0271299454382739,64.6093800870162,moderate,4,all4,B_moderate
918,AP4B1-AS1,antisense,0.236492940462573,up_in_PP,0.0712268529126987,0.000899279051339281,0.00324330573962657,0.00358634143331343,53.794158141882,moderate,4,all4,B_moderate
919,DYX1C1-CCPG1,processed_transcript,-0.23303248862259,down_in_PP,0.0836103026883245,0.00531777192236952,0.0146745210216279,0.0160796639469552,66.0078979304157,moderate,4,all4,B_moderate
920,NORAD,lincRNA,-0.232016608262552,down_in_PP,0.0731965880963033,0.00152557786197952,0.00507486492924486,0.00557061215931256,73.7800240115121,moderate,4,all4,B_moderate
921,CTD-2006C1.2,processed_transcript,-0.230242661286394,down_in_PP,0.0817766598696315,0.00487005157874551,0.013626575043711,0.0149240178337336,58.2649213516799,moderate,4,all4,B_moderate
922,RP11-536K7.3,antisense,-0.230041484792058,down_in_PP,0.0506343394270893,5.54089539161686e-06,3.56066462319748e-05,4.00258002663208e-05,55.002394427033,moderate,4,all4,B_moderate
923,RP11-506H20.1,antisense,0.224572313646435,up_in_PP,0.0855130679099455,0.00863503132258996,0.022089378001058,0.0238898852511808,51.0897013129999,moderate,4,all4,B_moderate
924,RP11-361L15.4,processed_transcript,0.219764517669904,up_in_PP,0.070622350431081,0.00185933596238719,0.00601938633888719,0.00661080255484747,61.1016716843062,moderate,4,all4,B_moderate
925,RP11-158I13.2,processed_transcript,-0.217789841683371,down_in_PP,0.0490040550925903,8.8169122397985e-06,5.40796511389697e-05,6.02697934622561e-05,52.350036041084,moderate,4,all4,B_moderate
926,RP11-792A8.4,antisense,-0.21542751361464,down_in_PP,0.0880941448023793,0.014468203994414,0.0341433266015069,0.0366104787624733,55.0595987971137,moderate,4,all4,B_moderate
927,CTC-428G20.6,antisense,0.214287154571434,up_in_PP,0.0928419636864075,0.0209944028272945,0.046595972693735,0.0493174707023362,62.5863602666461,moderate,4,all4,B_moderate
928,AC017101.10,antisense,-0.209786179799827,down_in_PP,0.0780160213333498,0.00716633965310678,0.0188956132968082,0.0205901405571003,62.1645446797089,moderate,4,all4,B_moderate
929,AC007566.10,antisense,-0.204254141987211,down_in_PP,0.0719121434595633,0.00450670365981975,0.0127970776254705,0.0140190558850036,51.9623087400524,moderate,4,all4,B_moderate
930,ARMCX5-GPRASP2,processed_transcript,-0.20187265724054,down_in_PP,0.0597141767808463,0.000723149203615925,0.00268258812034078,0.00297439791259136,67.5468422284605,moderate,4,all4,B_moderate
931,AC046143.3,antisense,0.19990265361577,up_in_PP,0.0686220547369817,0.0035786422435722,0.0105627054420453,0.0115558096924902,55.6388600008708,moderate,4,all4,B_moderate
932,LA16c-358B7.3,antisense,0.19609093421202,up_in_PP,0.0530512199069303,0.000218801627682146,0.000943172754208796,0.00102832482810369,59.4992098938672,moderate,4,all4,B_moderate
933,RP3-523E19.2,antisense,0.19499848976005,up_in_PP,0.0691100468659271,0.0047789950929644,0.0134212432787846,0.0146761616517083,59.9454234425156,moderate,4,all4,B_moderate
934,AC009506.1,antisense,-0.193311286632244,down_in_PP,0.0806437332751999,0.0165253047300267,0.038118470975051,0.0404795608598291,65.9973284125593,moderate,4,all4,B_moderate
935,DNAJC9-AS1,antisense,0.183389021943595,up_in_PP,0.0745145138229444,0.0138504748635994,0.0328774958355302,0.0352121061896561,72.1490744736711,moderate,4,all4,B_moderate
936,RP11-69E11.8,antisense,0.181077031446478,up_in_PP,0.0647986041278733,0.00519866598645178,0.0143918001714851,0.0157746337471086,59.0081736708547,moderate,4,all4,B_moderate
937,RP11-770J1.5,antisense,0.151210521807148,up_in_PP,0.0600363493282931,0.0117805857352396,0.0287203346008342,0.0310032306192623,74.6423150556176,moderate,4,all4,B_moderate
938,PAXIP1-AS2,antisense,-0.143618279058868,down_in_PP,0.0532093978613298,0.00695241661719811,0.0184168127322925,0.0200481945579166,54.2587656232066,moderate,4,all4,B_moderate
939,SVIL-AS1,antisense,-0.143133888486189,down_in_PP,0.0541428415921091,0.00820211511918997,0.0211330738271964,0.0228528989830876,72.8950055891691,moderate,4,all4,B_moderate
940,RP4-529N6.2,lincRNA,4.83666580075472,up_in_PP,0.396129587104198,2.75542056341783e-34,2.72950000633904e-32,3.40648707940256e-32,76.8709558031482,high,3,k3,C_significant_but_flagged
941,RP11-350F16.1,lincRNA,-4.51874383488479,down_in_PP,0.366717250997637,6.88369565271754e-35,7.15847221777622e-33,9.308047215409e-33,0,low,2,k2_or_less,C_significant_but_flagged
942,RP11-1008C21.1,lincRNA,-4.34076908650274,down_in_PP,0.546679014594667,2.01771052704605e-15,4.94309493927939e-14,5.52571737375206e-14,82.4463714108481,high,2,k2_or_less,C_significant_but_flagged
943,LINC01206,lincRNA,4.0132131383485,up_in_PP,1.37735425986778,0.00357159649490368,0.0105443929032013,0.0115416714215446,97.6662821387125,high,3,k3,C_significant_but_flagged
944,LINC01269,lincRNA,3.90467968971911,up_in_PP,0.429909640758573,1.0605154096302e-19,3.81876971209082e-18,4.49887272300968e-18,76.3203425359405,high,3,k3,C_significant_but_flagged
945,AP000439.3,lincRNA,-3.86547929507923,down_in_PP,0.151293970158319,5.56700437125955e-144,2.32533772587512e-140,1.204421395722e-140,0,low,2,k2_or_less,C_significant_but_flagged
946,CTD-2626G11.2,lincRNA,-3.83396810615132,down_in_PP,0.603810087970848,2.15839316301068e-10,2.97054637294748e-09,3.30012975842658e-09,92.2991460092742,high,3,k3,C_significant_but_flagged
947,CTA-398F10.2,lincRNA,-3.60309964811482,down_in_PP,0.147301402196346,3.86932998353497e-132,1.21216435059192e-128,5.58086361291861e-129,0,low,2,k2_or_less,C_significant_but_flagged
948,AC067959.1,lincRNA,-3.53908076259403,down_in_PP,0.492331523418038,6.55502544746916e-13,1.22965604614126e-11,1.37687354908733e-11,86.4361227600744,high,2,k2_or_less,C_significant_but_flagged
949,LINC01215,lincRNA,3.44377174258544,up_in_PP,0.605742694983562,1.30655401914166e-08,1.37237455271284e-07,1.54045210921688e-07,91.2375165027384,high,3,k3,C_significant_but_flagged
950,RP11-680F20.9,antisense,-3.41233344179597,down_in_PP,0.252383765474185,1.1850415708335e-41,1.77841388312749e-39,2.44174994142693e-39,40.3045598907276,low,2,k2_or_less,C_significant_but_flagged
951,RP11-641A6.3,antisense,-3.40411658499952,down_in_PP,0.811959923938154,2.7593513561414e-05,0.000150533007591676,0.000166988997454879,97.3078838575288,high,3,k3,C_significant_but_flagged
952,CTA-384D8.34,lincRNA,3.35481232490002,up_in_PP,1.18735743074803,0.00472150911664334,0.0132895846227892,0.0145305618404806,98.2784494717863,high,3,k3,C_significant_but_flagged
953,CTC-327F10.4,antisense,-3.08198442214829,down_in_PP,0.696549967111007,9.66022280001262e-06,5.85848900528264e-05,6.50074402109714e-05,95.1044126709718,high,3,k3,C_significant_but_flagged
954,RP11-363E6.3,antisense,3.07899145379765,up_in_PP,0.342884644395278,2.71576480358088e-19,9.48105175697043e-18,1.12991483702831e-17,88.0919932847883,high,4,all4,C_significant_but_flagged
955,RP11-288L9.4,antisense,3.04367832501672,up_in_PP,0.303459697149322,1.12600891592942e-23,5.54421128703792e-22,6.76700080448139e-22,31.8158702468448,low,2,k2_or_less,C_significant_but_flagged
956,RP11-557H15.3,lincRNA,2.99350786320987,up_in_PP,0.841657881547184,0.00037557099213338,0.00151449078114992,0.00166505705221428,97.9795102219208,high,3,k3,C_significant_but_flagged
957,RP11-392E22.10,processed_transcript,-2.92075663964107,down_in_PP,0.170169511145126,4.95561390885373e-66,2.0699599297282e-63,2.38254904262334e-63,0,low,2,k2_or_less,C_significant_but_flagged
958,RP11-414J4.2,processed_transcript,2.89513083325285,up_in_PP,0.702024598307474,3.7239177270892e-05,0.000197479530419614,0.000218043193573951,92.9192826133031,high,3,k3,C_significant_but_flagged
959,CTD-2547L24.4,lincRNA,2.88068896410176,up_in_PP,0.454587890996476,2.34397378394467e-10,3.19611920420138e-09,3.55872791688722e-09,86.5261411449168,high,3,k3,C_significant_but_flagged
960,AC006994.2,bidirectional_promoter_lncRNA,-2.8407323286935,down_in_PP,0.14072468723632,1.28784136938958e-90,1.46708547271098e-87,1.11449792106974e-87,0,low,2,k2_or_less,C_significant_but_flagged
961,CTC-327F10.5,antisense,-2.83908534114827,down_in_PP,0.634532503249464,7.66639882755636e-06,4.76289755617793e-05,5.30760123629382e-05,93.0597023129148,high,3,k3,C_significant_but_flagged
962,RP11-1263C18.1,lincRNA,-2.82474022278202,down_in_PP,0.136386243148767,2.73803136293956e-95,3.61160747463112e-92,2.96186542685987e-92,0,low,2,k2_or_less,C_significant_but_flagged
963,LINC01266,lincRNA,-2.78355888170977,down_in_PP,0.426429257275175,6.68326594474153e-11,9.80081984242903e-10,1.08308957838564e-09,61.9585224061046,moderate,2,k2_or_less,C_significant_but_flagged
964,RP11-392E22.11,processed_transcript,-2.71664960904178,down_in_PP,0.291824692425462,1.28818803557679e-20,4.97450979162181e-19,5.99353723649545e-19,50.5277482885088,moderate,2,k2_or_less,C_significant_but_flagged
965,RP1-34M23.5,antisense,-2.71396477704954,down_in_PP,0.557457728170439,1.12467070551315e-06,8.35650673630908e-06,9.54205910344196e-06,93.9308500967473,high,4,all4,C_significant_but_flagged
966,AC008440.10,lincRNA,-2.70213027280938,down_in_PP,0.677948615376985,6.72687388179681e-05,0.000332850766486854,0.000364751670257328,89.7355161608091,high,2,k2_or_less,C_significant_but_flagged
967,CTA-384D8.35,lincRNA,2.68155500352276,up_in_PP,1.04535175566702,0.0103111037902674,0.0256518645217076,0.0277982218694623,97.0781397770714,high,4,all4,C_significant_but_flagged
968,AC005281.2,antisense,-2.61607429535365,down_in_PP,0.211187698001456,3.05656875093409e-35,3.30188474292716e-33,4.40859099509727e-33,41.2768142500506,low,2,k2_or_less,C_significant_but_flagged
969,RP1-56K13.5,lincRNA,-2.61587697336851,down_in_PP,0.366557361424568,9.58506333703613e-13,1.76762956109492e-11,1.95841760228351e-11,52.9144464315209,moderate,2,k2_or_less,C_significant_but_flagged
970,LINC01224,lincRNA,-2.59845526821741,down_in_PP,0.339914481601097,2.09859474870495e-14,4.63391908299943e-13,5.07297177522141e-13,61.8712943472459,moderate,2,k2_or_less,C_significant_but_flagged
971,CH507-42P11.7,lincRNA,-2.57441568313776,down_in_PP,0.151125192244509,4.51842185004363e-65,1.85640472796383e-62,1.95512113451388e-62,0,low,2,k2_or_less,C_significant_but_flagged
972,UPK1A-AS1,antisense,-2.57192680562729,down_in_PP,0.274824997897092,8.09405819573992e-21,3.21479059432067e-19,3.8486801992271e-19,0,low,2,k2_or_less,C_significant_but_flagged
973,CTA-363E6.6,antisense,2.52925431236127,up_in_PP,0.321527258217047,3.65062180190292e-15,8.73847980891031e-14,9.75076576347774e-14,86.8299048547663,high,3,k3,C_significant_but_flagged
974,RP11-627G18.1,antisense,-2.52429435312861,down_in_PP,0.797603292337141,0.00155163205343831,0.00514718762717022,0.0056419427690988,95.5484773086762,high,2,k2_or_less,C_significant_but_flagged
975,RP5-1142J19.1,lincRNA,2.50979213205002,up_in_PP,0.165546171977302,6.44015243257091e-52,1.44109910950975e-49,2.32221163131119e-49,0,low,2,k2_or_less,C_significant_but_flagged
976,CDR1-AS,antisense,-2.45046276016089,down_in_PP,0.78351295497533,0.00176279924006552,0.0057585081536134,0.00631426515874462,96.0381739994285,high,3,k3,C_significant_but_flagged
977,LINC01698,lincRNA,-2.44288363537907,down_in_PP,0.733088831008692,0.000861264039923782,0.00312192643456318,0.00345704035320056,75.0449429602906,high,2,k2_or_less,C_significant_but_flagged
978,APCDD1L-AS1,processed_transcript,-2.42506202029057,down_in_PP,0.485420045117598,5.85920105679851e-07,4.5774095039116e-06,5.15300060422097e-06,89.0030436008836,high,4,all4,C_significant_but_flagged
979,RP11-247A12.1,antisense,-2.385914375791,down_in_PP,0.315504436719474,3.96243435895831e-14,8.53882458333733e-13,9.26781268714195e-13,41.7780910894289,low,2,k2_or_less,C_significant_but_flagged
980,RP11-252C15.1,lincRNA,-2.35100607511542,down_in_PP,0.213169473126895,2.77506053601576e-28,1.87969100415208e-26,2.30917056525773e-26,0,low,2,k2_or_less,C_significant_but_flagged
981,LINC01254,lincRNA,-2.34960787778459,down_in_PP,0.135869074660123,5.29522887119363e-67,2.32822852578692e-64,2.86405691570686e-64,38.6505771479633,low,2,k2_or_less,C_significant_but_flagged
982,LINC00622,sense_overlapping,-2.33757430874241,down_in_PP,0.23325255159825,1.22447490914699e-23,6.01721375941996e-22,7.25794922175209e-22,28.2311846619056,low,2,k2_or_less,C_significant_but_flagged
983,RP4-681L3.2,antisense,2.33092840051594,up_in_PP,0.530209142798546,1.10140466869482e-05,6.57693681363584e-05,7.28712232636466e-05,90.9204500556563,high,3,k3,C_significant_but_flagged
984,AC069363.1,antisense,2.31425359726622,up_in_PP,0.987441102428186,0.0190941503163578,0.0430571887015079,0.0455208751619175,96.836362762549,high,3,k3,C_significant_but_flagged
985,RP11-186F10.2,antisense,-2.3037343756144,down_in_PP,0.829191862871614,0.0054646043230316,0.0150218178725258,0.0163976025698736,94.2366320355274,high,2,k2_or_less,C_significant_but_flagged
986,RP11-527N22.2,lincRNA,2.29327095192744,up_in_PP,0.668848252034118,0.000606509735627024,0.00229681882657668,0.00255288679577639,95.929633695209,high,4,all4,C_significant_but_flagged
987,AC005162.5,antisense,2.28446067934842,up_in_PP,0.932688212719862,0.0143122483912467,0.0338071224487676,0.036279495482674,96.9650603685394,high,3,k3,C_significant_but_flagged
988,TRG-AS1,antisense,2.27703998075039,up_in_PP,0.386561572158853,3.85034658160972e-09,4.40828625072192e-08,4.92912711793647e-08,87.430245773927,high,3,k3,C_significant_but_flagged
989,RP11-53O19.1,antisense,-2.25734010239434,down_in_PP,0.471845368120048,1.71782932092955e-06,1.22795888309003e-05,1.3841801623207e-05,95.8674286560018,high,3,k3,C_significant_but_flagged
990,CTD-2561J22.5,processed_transcript,-2.25048338587371,down_in_PP,0.550482593241736,4.3473175571076e-05,0.000226465334891354,0.000250477271233084,88.2933425820514,high,3,k3,C_significant_but_flagged
991,LINC01605,lincRNA,2.23342286805185,up_in_PP,0.740245297271625,0.0025517287386506,0.00788161518955649,0.00858579335314241,97.8719184060847,high,4,all4,C_significant_but_flagged
992,CPB2-AS1,antisense,-2.23311548063511,down_in_PP,0.46635188468661,1.68051448168956e-06,1.20416307872375e-05,1.359174983602e-05,82.7754966120495,high,3,k3,C_significant_but_flagged
993,AC006145.4,antisense,-2.19772489073486,down_in_PP,0.862078858840279,0.0107929616943974,0.0266417025494916,0.0288100834371731,93.3423743923026,high,2,k2_or_less,C_significant_but_flagged
994,RP11-272L14.2,sense_intronic,-2.19465001798476,down_in_PP,0.583118166143128,0.00016745427284026,0.000742290615453576,0.000814128807393039,88.216535639566,high,2,k2_or_less,C_significant_but_flagged
995,LINC02159,lincRNA,2.16881235809952,up_in_PP,0.922640249732593,0.0187402127557159,0.0423619745723598,0.0448004975657363,96.0758058593905,high,4,all4,C_significant_but_flagged
996,RP11-344B5.2,lincRNA,-2.14379244886829,down_in_PP,0.859707542364457,0.0126444301583231,0.0304501497672617,0.0328406058193662,95.6746157250322,high,2,k2_or_less,C_significant_but_flagged
997,RP11-276H7.3,antisense,2.13802122108038,up_in_PP,0.200557717004493,1.55961029909039e-26,9.65109958414899e-25,1.18393574809897e-24,50.0185071401779,moderate,2,k2_or_less,C_significant_but_flagged
998,RP11-145E17.2,lincRNA,-2.11677554672571,down_in_PP,0.2550710553167,1.05196447446478e-16,2.88765976550232e-15,3.22826261064475e-15,74.3102345770334,moderate,2,k2_or_less,C_significant_but_flagged
999,RP6-24A23.7,sense_overlapping,-2.11327575281166,down_in_PP,0.360247068290696,4.45937688432635e-09,5.05934375169702e-08,5.67521287602357e-08,73.1818550245074,moderate,2,k2_or_less,C_significant_but_flagged
1000,FAM95C,lincRNA,-2.11003356702671,down_in_PP,0.725251538586889,0.00362144393704857,0.010665173672187,0.0116551786808045,94.4243553567116,high,3,k3,C_significant_but_flagged
1001,RP11-554D20.2,sense_intronic,-2.10742294052675,down_in_PP,0.924269793120972,0.0226020542939755,0.049580103695021,0.0524954852013054,94.4116342459049,high,2,k2_or_less,C_significant_but_flagged
1002,RP11-73G16.2,lincRNA,-2.0943553217151,down_in_PP,0.144491816957821,1.31007755917756e-47,2.3792147672542e-45,3.33453270503606e-45,0,low,2,k2_or_less,C_significant_but_flagged
1003,AC099684.1,antisense,-2.0937632953402,down_in_PP,0.821861528784515,0.0108470973085327,0.0267621532532433,0.0289058942847719,91.926988535769,high,2,k2_or_less,C_significant_but_flagged
1004,RP1-71H24.1,antisense,2.06699796792914,up_in_PP,0.339884172317029,1.19080031853626e-09,1.47595635920652e-08,1.65651523678785e-08,82.2280528612889,high,4,all4,C_significant_but_flagged
1005,RP11-150O12.6,sense_intronic,2.03656756713338,up_in_PP,0.740543561524237,0.00595773946954045,0.0161821682654842,0.0175651621598881,93.6081905959469,high,2,k2_or_less,C_significant_but_flagged
1006,AP000438.2,antisense,-2.03487535711405,down_in_PP,0.451449881454018,6.56198842336929e-06,4.13935448946592e-05,4.63949737057499e-05,87.4411764178896,high,2,k2_or_less,C_significant_but_flagged
1007,AC129492.6,antisense,2.02646824397642,up_in_PP,0.285382067452987,1.23951061078374e-12,2.25924472199725e-11,2.51801052247007e-11,90.0441037580674,high,4,all4,C_significant_but_flagged
1008,PRKCQ-AS1,processed_transcript,2.02637737623108,up_in_PP,0.654303878073507,0.00195491621712365,0.00629097460626002,0.00690524283387268,96.1353690512001,high,4,all4,C_significant_but_flagged
1009,AC005754.8,lincRNA,-2.01692821291703,down_in_PP,0.213823798595332,3.99800328059998e-21,1.63990111650404e-19,1.92215113279512e-19,0,low,2,k2_or_less,C_significant_but_flagged
1010,LINC01527,antisense,1.99395338922413,up_in_PP,0.467476302923083,1.99582681943416e-05,0.00011235267688378,0.000124079635742696,87.7317244437263,high,4,all4,C_significant_but_flagged
1011,RP11-482G13.1,processed_transcript,1.9676570998143,up_in_PP,0.421436793052529,3.0277875741667e-06,2.05531993997199e-05,2.3106237801445e-05,86.1474007406843,high,3,k3,C_significant_but_flagged
1012,RP11-502N13.2,antisense,1.95711473636425,up_in_PP,0.206608163167503,2.729853792413e-21,1.13458699412031e-19,1.3422815181558e-19,0,low,2,k2_or_less,C_significant_but_flagged
1013,KCCAT333,lincRNA,-1.95571870302762,down_in_PP,0.829178795082347,0.0183429677636116,0.0416254489398438,0.0440699730778164,92.1156017195417,high,2,k2_or_less,C_significant_but_flagged
1014,ADAMTS9-AS2,antisense,-1.91522562063997,down_in_PP,0.495423804708552,0.000110710743568763,0.000516210726571225,0.000567589321590092,95.7266347057668,high,3,k3,C_significant_but_flagged
1015,LINC00950,lincRNA,-1.89578854059864,down_in_PP,0.360318096074084,1.42939091381907e-07,1.26094315671009e-06,1.43502888262068e-06,90.5847784703884,high,3,k3,C_significant_but_flagged
1016,RP11-548B3.3,3prime_overlapping_ncRNA;unprocessed_pseudogene,-1.87844161740798,down_in_PP,0.565388090097847,0.00089248789381456,0.00322205871431583,0.0035625416204203,93.0081886371317,high,2,k2_or_less,C_significant_but_flagged
1017,RP11-195F19.30,processed_transcript,-1.87720274685557,down_in_PP,0.533139105835219,0.000429861935025596,0.00171003171676373,0.0018864225079673,94.1772088027356,high,4,all4,C_significant_but_flagged
1018,AC091729.7,antisense,-1.86847597182742,down_in_PP,0.213704242673622,2.26439129456778e-18,7.21094976168458e-17,8.44656994102999e-17,24.60671392627,low,2,k2_or_less,C_significant_but_flagged
1019,LINC00885,lincRNA,-1.86360871965103,down_in_PP,0.320225971773396,5.89647644631653e-09,6.5591430402834e-08,7.31061707255348e-08,84.1388929917725,high,3,k3,C_significant_but_flagged
1020,AC006262.10,antisense,1.85175588845606,up_in_PP,0.758232324617659,0.0145980085769434,0.0344042966856643,0.036852732270965,93.5583850020796,high,4,all4,C_significant_but_flagged
1021,KB-1991G8.1,lincRNA,-1.84097487771647,down_in_PP,0.145513901252299,1.09703776752455e-36,1.27878886184652e-34,1.69531515002812e-34,0,low,2,k2_or_less,C_significant_but_flagged
1022,SAPCD1-AS1,antisense;processed_transcript,-1.82838188191491,down_in_PP,0.782842652651808,0.0195137924347133,0.0438614050223125,0.0464058159690248,97.9653047555223,high,4,all4,C_significant_but_flagged
1023,CTC-518B2.12,antisense,1.82066256351206,up_in_PP,0.341403494225034,9.66692288935051e-08,8.809906234651e-07,1.00308813770311e-06,88.205257744758,high,4,all4,C_significant_but_flagged
1024,CTD-2382E5.2,antisense,1.81795652220653,up_in_PP,0.152936552968066,1.38287940175883e-32,1.22034237911548e-30,1.45944370034401e-30,0,low,2,k2_or_less,C_significant_but_flagged
1025,AC053503.6,antisense,-1.80744974827115,down_in_PP,0.499845316090883,0.000299169378556254,0.00124053325039325,0.00136551255381109,80.915900807054,high,3,k3,C_significant_but_flagged
1026,FALEC,lincRNA,-1.80424423969872,down_in_PP,0.145703603794754,3.23134210639889e-35,3.47570368543215e-33,4.51032815948e-33,6.06896596723707,low,2,k2_or_less,C_significant_but_flagged
1027,OR7E47P,sense_intronic;transcribed_unprocessed_pseudogene,-1.80381081144849,down_in_PP,0.398044874645627,5.85172712108836e-06,3.7383631177343e-05,4.21304879416794e-05,90.3163104770131,high,3,k3,C_significant_but_flagged
1028,ZNF667-AS1,lincRNA,-1.80185654766679,down_in_PP,0.308226441822393,5.03879966530005e-09,5.68327620214896e-08,6.31967714543574e-08,92.771160786065,high,4,all4,C_significant_but_flagged
1029,CTD-2017D11.1,lincRNA,-1.80047044662926,down_in_PP,0.260505912391825,4.7976541578614e-12,8.15731400979121e-11,8.90963499616579e-11,75.0450154592703,high,4,all4,C_significant_but_flagged
1030,LINC01136,lincRNA,-1.79936014567936,down_in_PP,0.163961365173088,5.08014147111426e-28,3.41336476002857e-26,4.14750417839838e-26,0,low,2,k2_or_less,C_significant_but_flagged
1031,GATM-AS1,antisense,-1.79179404273621,down_in_PP,0.121359375193283,2.4865524550653e-49,4.83085097898035e-47,6.72457029566722e-47,0,low,2,k2_or_less,C_significant_but_flagged
1032,LINC01697,processed_transcript,-1.77993764824018,down_in_PP,0.668893331620874,0.00779046356721984,0.0202346976807611,0.0219461821975002,82.8996689363804,high,2,k2_or_less,C_significant_but_flagged
1033,RP11-829H16.3,antisense,-1.7793646980843,down_in_PP,0.400420482804767,8.8408247618127e-06,5.41732885527017e-05,6.03379317734441e-05,85.1150373283879,high,3,k3,C_significant_but_flagged
1034,KRTAP5-AS1,antisense,1.76965655408499,up_in_PP,0.690083885051475,0.010335200974749,0.0256965086140039,0.0278458372464128,89.1627579439649,high,3,k3,C_significant_but_flagged
1035,RP11-307C19.2,lincRNA,-1.74840710502728,down_in_PP,0.688969961124858,0.0111579872538579,0.0274185191250305,0.0296381895932739,93.8969880134485,high,2,k2_or_less,C_significant_but_flagged
1036,RP11-510N19.5,sense_intronic,1.7425682301712,up_in_PP,0.74318176227014,0.0190403364922427,0.0429563120053215,0.0454176052932382,95.6314082070601,high,3,k3,C_significant_but_flagged
1037,RP5-1033H22.2,antisense,-1.74020633784185,down_in_PP,0.432602733298749,5.75487027661182e-05,0.000289848390016972,0.000318838971663244,92.4291505774968,high,4,all4,C_significant_but_flagged
1038,RP11-459E5.1,processed_transcript,-1.73292879913646,down_in_PP,0.526090197444029,0.000987807219613388,0.0035075693593016,0.00386110373917537,89.0184516217201,high,4,all4,C_significant_but_flagged
1039,RP11-446N19.1,lincRNA,-1.72174688527916,down_in_PP,0.187381418496604,3.98501145114343e-20,1.47521945330217e-18,1.72431445490976e-18,52.7686674590025,moderate,2,k2_or_less,C_significant_but_flagged
1040,RP11-231D20.2,antisense,1.69428129317462,up_in_PP,0.330484299079348,2.9492431539381e-07,2.44101492483476e-06,2.76220240846107e-06,89.7507637705607,high,3,k3,C_significant_but_flagged
1041,AC006262.4,lincRNA,-1.69160368268393,down_in_PP,0.282678833194641,2.17470118479271e-09,2.57816277640846e-08,2.9025426334221e-08,80.1003165006417,high,4,all4,C_significant_but_flagged
1042,SMIM25,lincRNA,1.69027346448445,up_in_PP,0.432560821602958,9.32185361420139e-05,0.000443478161122087,0.000486558028813624,84.4042978493329,high,4,all4,C_significant_but_flagged
1043,RP11-66B24.8,processed_transcript,1.67698065030345,up_in_PP,0.669521706256247,0.0122539960898566,0.0296695633275999,0.0320432016212949,93.3317882503199,high,4,all4,C_significant_but_flagged
1044,RP11-2N1.2,antisense,-1.66724671548341,down_in_PP,0.598335290098572,0.00532846214422628,0.014695930258457,0.0160895015338919,90.1180453580177,high,3,k3,C_significant_but_flagged
1045,RP11-728F11.4,antisense,-1.66508682159584,down_in_PP,0.267204892966545,4.61995171208198e-10,6.05571285607733e-09,6.77645120616228e-09,77.8297733534109,high,4,all4,C_significant_but_flagged
1046,RP11-130L8.1,lincRNA,-1.65841739130422,down_in_PP,0.203476454873564,3.6267982689733e-16,9.45835777492289e-15,1.05323195368104e-14,70.4245807125247,moderate,2,k2_or_less,C_significant_but_flagged
1047,MAGI1-IT1,sense_intronic,-1.64932802825309,down_in_PP,0.382675778016722,1.6326337202463e-05,9.36103095328594e-05,0.000103432007430538,91.0146235840344,high,3,k3,C_significant_but_flagged
1048,RP11-63G10.4,lincRNA,-1.62507614903419,down_in_PP,0.613605698108636,0.00808726729070948,0.0208779452863372,0.0226001928542148,88.1536303940688,high,2,k2_or_less,C_significant_but_flagged
1049,SH3PXD2A-AS1,antisense,1.61864139919102,up_in_PP,0.367768353852681,1.07627771218705e-05,6.45766627312231e-05,7.14272033839473e-05,94.903796818489,high,4,all4,C_significant_but_flagged
1050,AF064858.11,lincRNA,-1.61790787225371,down_in_PP,0.321147972806704,4.70694011822598e-07,3.74969272863889e-06,4.27321777687463e-06,76.8629620687932,high,2,k2_or_less,C_significant_but_flagged
1051,RP11-1143G9.4,antisense,1.61551672289325,up_in_PP,0.372625932031793,1.45434507319219e-05,8.44308460142291e-05,9.36451061265269e-05,89.185474896397,high,3,k3,C_significant_but_flagged
1052,C21orf62-AS1,antisense,-1.61025010142663,down_in_PP,0.392313701617876,4.05196913964699e-05,0.000212938667598727,0.000235340543184598,92.287879085017,high,3,k3,C_significant_but_flagged
1053,FAM41C,lincRNA,-1.60572728966182,down_in_PP,0.396312572332552,5.08536146599458e-05,0.000259623811490642,0.000285770896926734,86.5137577447543,high,3,k3,C_significant_but_flagged
1054,RP11-356C4.5,lincRNA,1.60314139479224,up_in_PP,0.424203828812426,0.000157347489863337,0.000702680468808795,0.000772806570531963,87.1616163867648,high,3,k3,C_significant_but_flagged
1055,PLA2G4E-AS1,antisense,1.60037010806446,up_in_PP,0.259554526925338,7.01126403956298e-10,8.96511731426161e-09,9.94679983579968e-09,86.1965328226448,high,4,all4,C_significant_but_flagged
1056,FAM201A,antisense,-1.59193547883955,down_in_PP,0.56279822449131,0.00467509449961945,0.0131855973834642,0.0144493813570381,95.4831768375303,high,4,all4,C_significant_but_flagged
1057,PRKAG2-AS1,antisense,-1.58581637096032,down_in_PP,0.414322341902522,0.000129454420370005,0.000594427754362966,0.000653354061277482,88.3270116130923,high,2,k2_or_less,C_significant_but_flagged
1058,RRS1-AS1,lincRNA,-1.58451535967771,down_in_PP,0.540673238251169,0.00338271097246448,0.0100602233762792,0.0110052559231983,84.2570172238046,high,2,k2_or_less,C_significant_but_flagged
1059,RP11-391L3.1,lincRNA,-1.57958987988507,down_in_PP,0.259758723920297,1.19443668564319e-09,1.47973169627235e-08,1.65651523678785e-08,90.1400213956549,high,4,all4,C_significant_but_flagged
1060,RP11-834C11.15,lincRNA,-1.57770586017359,down_in_PP,0.634011438349544,0.0128301221786884,0.0308351095169053,0.0332430770462184,92.6377660797996,high,2,k2_or_less,C_significant_but_flagged
1061,RP11-85O21.5,antisense,-1.57734399985583,down_in_PP,0.196074851818736,8.65266898892036e-16,2.18822593542202e-14,2.41549023968119e-14,0,low,2,k2_or_less,C_significant_but_flagged
1062,CTB-51J22.1,antisense,-1.57583565049022,down_in_PP,0.342180929087366,4.11930563954642e-06,2.72512512044202e-05,3.04687786364399e-05,74.7461978383076,moderate,2,k2_or_less,C_significant_but_flagged
1063,MIR3142HG,lincRNA,1.57578054293545,up_in_PP,0.294151302582591,8.45960011807597e-08,7.7746423967444e-07,8.8846334249793e-07,81.7992296425543,high,4,all4,C_significant_but_flagged
1064,C9orf106,lincRNA,-1.57403896247584,down_in_PP,0.24047831766819,5.93162407952495e-11,8.7555724240272e-10,9.68533486494508e-10,37.8755171763722,low,2,k2_or_less,C_significant_but_flagged
1065,RP11-367J11.3,lincRNA,-1.5679755583016,down_in_PP,0.242342312324327,9.79472726793028e-11,1.40915875309339e-09,1.56390350141455e-09,64.6459749300465,moderate,2,k2_or_less,C_significant_but_flagged
1066,UG0898H09,lincRNA,-1.55495004135324,down_in_PP,0.369539420693599,2.57862556433868e-05,0.000141567390785227,0.00015670944967547,86.219885506671,high,3,k3,C_significant_but_flagged
1067,SLC7A11-AS1,processed_transcript,1.5536538885188,up_in_PP,0.50622049417979,0.00214686864846109,0.00682432802971609,0.00749153277571866,95.3753061804947,high,4,all4,C_significant_but_flagged
1068,RP11-327F22.6,sense_intronic,1.53842101150047,up_in_PP,0.234113129188611,4.98872875880465e-11,7.43768710012863e-10,8.20769176401054e-10,80.4032112235916,high,3,k3,C_significant_but_flagged
1069,RP11-286B14.1,lincRNA,-1.53840640888433,down_in_PP,0.153968732026238,1.65747260014679e-23,8.01922361098049e-22,9.69173505518265e-22,0,low,2,k2_or_less,C_significant_but_flagged
1070,RP11-250B2.5,lincRNA,-1.53448781579336,down_in_PP,0.60068963073234,0.0106327130767063,0.0263187214941644,0.0284525352398937,77.1904419658109,high,2,k2_or_less,C_significant_but_flagged
1071,RP11-465L10.10,antisense,1.52540368478214,up_in_PP,0.495141321135894,0.00206484052733949,0.00659559435332428,0.00724032817001457,90.8114195413862,high,4,all4,C_significant_but_flagged
1072,AC006548.28,sense_overlapping,-1.52285048736534,down_in_PP,0.43585951151774,0.000476015441260001,0.00186696042028011,0.00205355813991229,37.7634295058565,low,2,k2_or_less,C_significant_but_flagged
1073,RP11-444D3.1,lincRNA,-1.51645814586089,down_in_PP,0.544036494422433,0.00531295884631061,0.0146629217924383,0.0160763447048853,96.3246180225893,high,3,k3,C_significant_but_flagged
1074,AC092162.1,lincRNA,-1.50674185863234,down_in_PP,0.563669385150048,0.00751549465346355,0.0196365019813494,0.0213242920429749,79.7314728813025,high,2,k2_or_less,C_significant_but_flagged
1075,RP11-392O17.2,lincRNA,-1.50401763898313,down_in_PP,0.66059239128351,0.0227999005522656,0.0499310649808529,0.0528698658572633,85.612823234805,high,2,k2_or_less,C_significant_but_flagged
1076,FSIP2-AS1,antisense,-1.50348073077713,down_in_PP,0.609936964679494,0.013702195807483,0.0325872491295444,0.034926908557558,88.1366683791499,high,2,k2_or_less,C_significant_but_flagged
1077,ADAMTS9-AS1,antisense,-1.50252375613,down_in_PP,0.631090787958562,0.0172733935721294,0.0395492225200718,0.041989873026182,94.1828511164824,high,3,k3,C_significant_but_flagged
1078,RP11-350J20.12,antisense,1.50224665053264,up_in_PP,0.341809166027329,1.10779667577592e-05,6.60723471877583e-05,7.31822323066016e-05,93.0417255706546,high,4,all4,C_significant_but_flagged
1079,CTD-2527I21.4,processed_transcript,-1.47778100502389,down_in_PP,0.307882700966438,1.58809691425703e-06,1.14403233300114e-05,1.29363463818329e-05,88.0303414900457,high,3,k3,C_significant_but_flagged
1080,RP11-519G16.3,antisense,1.47619928503558,up_in_PP,0.345605829377779,1.94303719029273e-05,0.00010962719059684,0.000121495981537524,60.2055950776199,moderate,2,k2_or_less,C_significant_but_flagged
1081,RP6-65G23.3,lincRNA,1.47563409835451,up_in_PP,0.265927245424216,2.87284616359545e-08,2.86165622225871e-07,3.26267856952166e-07,90.9875059065278,high,4,all4,C_significant_but_flagged
1082,CTD-2196E14.5,antisense,1.47100062004199,up_in_PP,0.418364559585626,0.000437979407027824,0.00173791005366234,0.0019142796911206,79.7213322144118,high,3,k3,C_significant_but_flagged
1083,FAM3D-AS1,antisense,1.47062132879788,up_in_PP,0.435060540188691,0.000724151169425005,0.0026855100041624,0.00297569051291738,81.4873035909467,high,3,k3,C_significant_but_flagged
1084,RP11-848P1.3,lincRNA,1.46889998441085,up_in_PP,0.196456089898718,7.60448913044575e-14,1.59617844712924e-12,1.75024598231057e-12,77.4601342355965,high,3,k3,C_significant_but_flagged
1085,WNT5A-AS1,antisense,1.46771902861124,up_in_PP,0.505015468550495,0.00365747809748164,0.0107479310449978,0.0117490035098761,93.652781470324,high,3,k3,C_significant_but_flagged
1086,CTD-2619J13.13,lincRNA,1.46021277791039,up_in_PP,0.261312217585856,2.2969910777225e-08,2.32782815972023e-07,2.63636084703057e-07,88.7715457224086,high,4,all4,C_significant_but_flagged
1087,AC144831.3,lincRNA,-1.46009511915034,down_in_PP,0.254964754102516,1.02430329167772e-08,1.09424932208129e-07,1.22774524739321e-07,82.166875757487,high,2,k2_or_less,C_significant_but_flagged
1088,AC007563.5,antisense,-1.45531755983674,down_in_PP,0.560245736486311,0.00938664445443806,0.0236954153220313,0.0256414208045161,95.8893615478844,high,3,k3,C_significant_but_flagged
1089,RP11-66B24.4,antisense,1.45410090533734,up_in_PP,0.379928056117052,0.000129553451485112,0.000594532806649388,0.000653354061277482,86.5500473150857,high,4,all4,C_significant_but_flagged
1090,CTC-526N19.1,lincRNA,1.4475781384055,up_in_PP,0.234055856363809,6.21989763533023e-10,8.02280363029574e-09,8.91175399605096e-09,91.4079628031013,high,4,all4,C_significant_but_flagged
1091,KB-1460A1.5,lincRNA,-1.43989362691841,down_in_PP,0.326365040773491,1.0246206836118e-05,6.17730179761344e-05,6.85244775577783e-05,93.4852873469435,high,4,all4,C_significant_but_flagged
1092,RP11-66D17.5,antisense,1.43069859732009,up_in_PP,0.216694560770645,4.04624344939951e-11,6.11253486008743e-10,6.74688450570438e-10,31.2168605479863,low,2,k2_or_less,C_significant_but_flagged
1093,IL21R-AS1,antisense,1.42806086888976,up_in_PP,0.334240553265258,1.93246589155457e-05,0.000109129022474405,0.000121185216126908,73.3190219620712,moderate,2,k2_or_less,C_significant_but_flagged
1094,RP11-646E18.4,lincRNA,1.42532676022822,up_in_PP,0.185414370338841,1.50330310127419e-14,3.36691531046771e-13,3.69590484046217e-13,0,low,2,k2_or_less,C_significant_but_flagged
1095,RP11-20I20.4,antisense,-1.42095301580092,down_in_PP,0.571402033130536,0.0128903901976479,0.0309591719342071,0.0333792449941487,88.4369709121418,high,2,k2_or_less,C_significant_but_flagged
1096,CHL1-AS2,processed_transcript,-1.41676941253529,down_in_PP,0.115365591122891,1.15008801594824e-34,1.18129122359405e-32,1.50800934697213e-32,0,low,2,k2_or_less,C_significant_but_flagged
1097,CADM3-AS1,antisense,-1.41295906142535,down_in_PP,0.460521950109456,0.00215374950037882,0.00684209278469946,0.00750948758109521,94.1673699241921,high,4,all4,C_significant_but_flagged
1098,CTD-2245F17.6,antisense,-1.4127819650609,down_in_PP,0.265096111395746,9.85812573382462e-08,8.96519009341197e-07,1.01804558592504e-06,81.2343726722995,high,3,k3,C_significant_but_flagged
1099,DANT2,lincRNA,-1.41145631670732,down_in_PP,0.303273461321447,3.25444160342854e-06,2.19490891994419e-05,2.46619418879777e-05,61.4560690010114,moderate,2,k2_or_less,C_significant_but_flagged
1100,UBE2R2-AS1,antisense,1.40654619277749,up_in_PP,0.228882632708464,7.98262533625016e-10,1.01347799481814e-08,1.12510813778353e-08,88.3770038139812,high,4,all4,C_significant_but_flagged
1101,RP11-1090M7.1,antisense,-1.40640473474278,down_in_PP,0.466208366491356,0.00255553508225558,0.00789142683975967,0.00859191942573418,80.9974194078685,high,2,k2_or_less,C_significant_but_flagged
1102,RP11-96C23.14,processed_transcript,1.40291647135784,up_in_PP,0.263223820118257,9.83494603642352e-08,8.95001516212224e-07,1.01804558592504e-06,89.1141107145493,high,4,all4,C_significant_but_flagged
1103,ARNTL2-AS1,antisense,1.39960691381471,up_in_PP,0.34273401835701,4.43331544798602e-05,0.000230330719906176,0.000254415861318773,96.2586914577187,high,4,all4,C_significant_but_flagged
1104,RP3-453C12.14,sense_intronic,-1.38923774661777,down_in_PP,0.194058777275808,8.13564346915807e-13,1.51595164776238e-11,1.70062460343222e-11,37.0460236893219,low,2,k2_or_less,C_significant_but_flagged
1105,LINC01305,lincRNA,-1.38256125110056,down_in_PP,0.149072429893346,1.78577607214372e-20,6.8224268170832e-19,8.13374006754303e-19,0,low,2,k2_or_less,C_significant_but_flagged
1106,AC003991.3,antisense,1.38092217318879,up_in_PP,0.511571977716264,0.00694708410854609,0.0184046323391524,0.0200481945579166,94.8820128751667,high,4,all4,C_significant_but_flagged
1107,LINC01550,lincRNA,-1.37706720318267,down_in_PP,0.366346054187625,0.000170645234989525,0.000754935724502644,0.000825930572482858,95.0177491535077,high,4,all4,C_significant_but_flagged
1108,CTD-2515H24.4,lincRNA,-1.37696561200624,down_in_PP,0.29113897226328,2.24982688835771e-06,1.57368577940332e-05,1.77322421601527e-05,89.8195697047228,high,3,k3,C_significant_but_flagged
1109,LINC00632,lincRNA,-1.3739607298279,down_in_PP,0.44507641871121,0.00202172582049319,0.00647355212893833,0.007112201321361,88.356855951792,high,3,k3,C_significant_but_flagged
1110,RP11-203M5.8,lincRNA,1.37200127532854,up_in_PP,0.496434477223256,0.00571481831767381,0.01562054495338,0.0169952019660306,97.4904305643093,high,4,all4,C_significant_but_flagged
1111,RP11-498M15.1,lincRNA,1.37144650704502,up_in_PP,0.196254317971727,2.78616494066275e-12,4.86937696951812e-11,5.35810475477677e-11,0,low,2,k2_or_less,C_significant_but_flagged
1112,LINC01805,lincRNA,-1.37005544535882,down_in_PP,0.549217530331029,0.0126113815460497,0.0303822401525616,0.0327864436931361,97.8611196227144,high,3,k3,C_significant_but_flagged
1113,CTA-414D7.1,sense_intronic,-1.37003797755227,down_in_PP,0.411500873775817,0.000870432091020241,0.00315105721004612,0.0034873700535598,73.3727223214794,moderate,2,k2_or_less,C_significant_but_flagged
1114,CTD-3035K23.7,antisense,-1.3687395435006,down_in_PP,0.266031703050928,2.67486362533525e-07,2.23234872388119e-06,2.52159801891626e-06,80.0786326092848,high,3,k3,C_significant_but_flagged
1115,RP11-996F15.2,antisense,-1.3640523938233,down_in_PP,0.445163268439196,0.00218280637030062,0.00692124155522194,0.00759244627354565,90.9243520474133,high,4,all4,C_significant_but_flagged
1116,RP11-74C13.4,antisense,-1.3617401129701,down_in_PP,0.220468104941135,6.55027199383084e-10,8.41429608966625e-09,9.35413429614061e-09,78.63911452071,high,4,all4,C_significant_but_flagged
1117,CTA-109P11.4,lincRNA,-1.34386346562862,down_in_PP,0.367589211886319,0.000256297381603168,0.00108300876373944,0.00118412628580176,89.0040767709436,high,3,k3,C_significant_but_flagged
1118,RP11-701H24.7,sense_intronic,-1.34224824948565,down_in_PP,0.508464396853325,0.00829530722290729,0.021335897949559,0.0230679912297685,92.7627352421169,high,2,k2_or_less,C_significant_but_flagged
1119,LINC01801,lincRNA,-1.34189046240275,down_in_PP,0.462597703692623,0.00372244626788834,0.01090878722706,0.0119272918024822,86.3793256330651,high,2,k2_or_less,C_significant_but_flagged
1120,GATA3-AS1,lincRNA,-1.33385944793998,down_in_PP,0.312373925122322,1.95409042037605e-05,0.000110226005211489,0.000122010811673408,81.7315075103618,high,4,all4,C_significant_but_flagged
1121,RP11-132A1.4,antisense,1.33088733859659,up_in_PP,0.369828650169235,0.000319861808962636,0.00131566989270008,0.00144622993456774,83.4896098757726,high,4,all4,C_significant_but_flagged
1122,SOX9-AS1,processed_transcript,-1.33053859670401,down_in_PP,0.428461273896912,0.00190029424497937,0.00613252309653271,0.00672878330444005,91.8225538508871,high,4,all4,C_significant_but_flagged
1123,RP11-256L11.3,antisense,1.32885844382806,up_in_PP,0.407096973785234,0.00109761747947758,0.00382859975931343,0.00422168074106621,86.7491621548781,high,2,k2_or_less,C_significant_but_flagged
1124,RP11-701P16.2,antisense,-1.32458939764006,down_in_PP,0.513522686122345,0.00989670980764799,0.0247486870085087,0.0268314933193564,88.08990186576,high,2,k2_or_less,C_significant_but_flagged
1125,CTD-3214H19.6,antisense,-1.32453942733762,down_in_PP,0.160888012608374,1.83071679033712e-16,4.93879700747351e-15,5.49912360997281e-15,0,low,2,k2_or_less,C_significant_but_flagged
1126,LINC01012,lincRNA,-1.32397337707775,down_in_PP,0.494171906694305,0.00738036502435148,0.0193443022822721,0.0210497046685704,57.178384384364,moderate,2,k2_or_less,C_significant_but_flagged
1127,RP11-999E24.3,sense_overlapping,-1.32171123414881,down_in_PP,0.252662129867666,1.68466918280822e-07,1.4666996268712e-06,1.66428391644091e-06,77.2418097940062,high,3,k3,C_significant_but_flagged
1128,LINC01336,lincRNA,1.32011877225874,up_in_PP,0.557165649538543,0.0178195251215501,0.0406289063497351,0.0430514155225836,96.6956043458122,high,4,all4,C_significant_but_flagged
1129,ZBTB20-AS1,antisense,-1.31609997789827,down_in_PP,0.369235891724402,0.000364706150212213,0.00147590271865307,0.00162082593602509,86.5213179500343,high,2,k2_or_less,C_significant_but_flagged
1130,RP6-74O6.2,lincRNA,-1.30539304134941,down_in_PP,0.441321873052758,0.00309726485954222,0.00934099300960857,0.0102148361640543,92.4717282437515,high,4,all4,C_significant_but_flagged
1131,AP000473.8,lincRNA,-1.30287518890881,down_in_PP,0.362194566126695,0.000321699057221613,0.00132162496122619,0.001451503462563,85.2143764663887,high,3,k3,C_significant_but_flagged
1132,RP11-679B19.1,antisense,-1.30136934336964,down_in_PP,0.566609220688275,0.0216320667015492,0.0477693929163129,0.0505956500635694,96.5350382610028,high,3,k3,C_significant_but_flagged
1133,RP11-435D7.3,antisense,1.29481219302874,up_in_PP,0.246138069648397,1.43655069305885e-07,1.26527229807783e-06,1.43555539234772e-06,76.0375902732754,high,4,all4,C_significant_but_flagged
1134,PTGES2-AS1,lincRNA,1.28988278736856,up_in_PP,0.383070705872259,0.000759304873844396,0.00279560727901987,0.00309370262629445,67.88076983654,moderate,2,k2_or_less,C_significant_but_flagged
1135,RP4-669H2.1,antisense,-1.2887985605521,down_in_PP,0.309674279267514,3.15766053651766e-05,0.000170151125276726,0.000189240957638669,38.0318221304832,low,2,k2_or_less,C_significant_but_flagged
1136,CTC-455F18.1,antisense,-1.28526192927273,down_in_PP,0.133119851988636,4.68510817503864e-22,2.05996808917225e-20,2.41338846111812e-20,0,low,2,k2_or_less,C_significant_but_flagged
1137,RP1-80N2.2,lincRNA,-1.28410550989156,down_in_PP,0.309518552143398,3.34340849519539e-05,0.000178998596251268,0.000197670164191428,72.4960557420974,moderate,2,k2_or_less,C_significant_but_flagged
1138,RGMB-AS1,antisense,-1.28381312654895,down_in_PP,0.374671108427698,0.000611398298305968,0.00231253609298886,0.00257096252358593,93.664368683972,high,4,all4,C_significant_but_flagged
1139,RP11-1069G10.1,antisense,-1.27887448132096,down_in_PP,0.238514878937152,8.23864044397873e-08,7.59944080997405e-07,8.73740127477842e-07,82.0874093070238,high,4,all4,C_significant_but_flagged
1140,RP11-12C17.2,antisense,-1.27841600409471,down_in_PP,0.178609464000755,8.2098665448249e-13,1.52637741354897e-11,1.70788906439699e-11,52.1192339426467,moderate,2,k2_or_less,C_significant_but_flagged
1141,LINC01579,lincRNA,-1.27459507984096,down_in_PP,0.331808802594806,0.000122357491986924,0.000564737286220312,0.00062287160920873,70.0952384690058,moderate,2,k2_or_less,C_significant_but_flagged
1142,PWAR6,lincRNA,-1.27348962727348,down_in_PP,0.419338855032994,0.0023902576227439,0.00746687178567766,0.00814199382662803,95.9677346768511,high,4,all4,C_significant_but_flagged
1143,LINC01764,lincRNA,1.26572599362765,up_in_PP,0.459421979198331,0.00586849354400755,0.0159813305661108,0.0173686536011769,34.5881710536657,low,2,k2_or_less,C_significant_but_flagged
1144,CTC-348L5.1,antisense,1.26242075120554,up_in_PP,0.218220815217234,7.24859747626929e-09,7.95726456199128e-08,8.91042081812989e-08,25.815377274505,low,2,k2_or_less,C_significant_but_flagged
1145,RP11-116G8.5,antisense,1.26042008953194,up_in_PP,0.453722008130953,0.00547019082927673,0.0150355256156321,0.0164029907957591,94.7589760808468,high,4,all4,C_significant_but_flagged
1146,CTD-2269F5.1,antisense,-1.25418195508377,down_in_PP,0.287232555669924,1.26291509290682e-05,7.4455841116045e-05,8.229869890072e-05,92.003548139957,high,3,k3,C_significant_but_flagged
1147,KRT7-AS,antisense,-1.25409910033678,down_in_PP,0.401437050470337,0.00178395723570114,0.0058139839065204,0.00638476671536711,79.9911715264129,high,4,all4,C_significant_but_flagged
1148,RP11-375I20.6,lincRNA,-1.25163380962139,down_in_PP,0.226433632413661,3.24647208207853e-08,3.19446734672368e-07,3.62984100753328e-07,0,low,2,k2_or_less,C_significant_but_flagged
1149,RP11-276H7.2,antisense,1.25143258131191,up_in_PP,0.326342123110653,0.000125704412718635,0.000578692871336228,0.000636912170765262,87.5670172722666,high,4,all4,C_significant_but_flagged
1150,CTD-2154I11.2,antisense,-1.2511191387443,down_in_PP,0.326492110066764,0.000127103566225125,0.000584597096115631,0.000642496648430042,92.2349796308676,high,3,k3,C_significant_but_flagged
1151,RP11-15A1.3,lincRNA,-1.24967415371055,down_in_PP,0.292859923544076,1.97995340842638e-05,0.000111534260107849,0.000123269905010949,85.6348808475992,high,4,all4,C_significant_but_flagged
1152,BDNF-AS,antisense,-1.24575827012782,down_in_PP,0.154531810131903,7.53635637997583e-16,1.91752450350207e-14,2.11752039325685e-14,78.796672465069,high,4,all4,C_significant_but_flagged
1153,RP11-147L13.8,lincRNA,-1.24270408338794,down_in_PP,0.428428424151312,0.00372436227646322,0.0109118502890719,0.0119272918024822,91.1166472786776,high,3,k3,C_significant_but_flagged
1154,PDZRN3-AS1,antisense,-1.24090836959168,down_in_PP,0.119828797461461,3.9438483785184e-25,2.11650381289996e-23,2.50956351968369e-23,0,low,2,k2_or_less,C_significant_but_flagged
1155,CYP1B1-AS1,antisense,-1.23670539411106,down_in_PP,0.278131191244006,8.72878917927138e-06,5.35916007865995e-05,5.98565305526264e-05,78.9009454249574,high,4,all4,C_significant_but_flagged
1156,RP5-1057J7.7,lincRNA,-1.23365803801666,down_in_PP,0.162673166812637,3.35940013104587e-14,7.27686137288432e-13,7.94323735903578e-13,32.0609436030732,low,2,k2_or_less,C_significant_but_flagged
1157,RP11-475I24.8,lincRNA,-1.23173882026107,down_in_PP,0.462190473341786,0.00769877240255169,0.0200339148533642,0.0217445092596874,77.4689183604631,high,2,k2_or_less,C_significant_but_flagged
1158,RP11-834C11.11,lincRNA,-1.22982043210643,down_in_PP,0.460503515972022,0.00757159407661696,0.0197624756038507,0.021455329122149,87.5578825066934,high,2,k2_or_less,C_significant_but_flagged
1159,RP11-390F4.3,lincRNA,-1.22410882748723,down_in_PP,0.338579420073901,0.000299854159980265,0.00124316707318865,0.00136719594334521,83.8356181795657,high,3,k3,C_significant_but_flagged
1160,CTD-2523D13.2,antisense,1.22028921430108,up_in_PP,0.118467737993848,7.00205189247395e-25,3.69442999008805e-23,4.39099688967171e-23,0,low,2,k2_or_less,C_significant_but_flagged
1161,LINC01354,lincRNA,-1.21253445175803,down_in_PP,0.430078548087757,0.00481236316822965,0.0134983151339867,0.0147630978628269,78.0618966132158,high,2,k2_or_less,C_significant_but_flagged
1162,RP11-334A14.5,antisense,-1.20873886087753,down_in_PP,0.412013879510993,0.00334911791461819,0.00997689209273282,0.0109288334966462,92.4829536536392,high,3,k3,C_significant_but_flagged
1163,RP11-650L12.2,antisense,1.20831011078761,up_in_PP,0.446977105269924,0.00686561822816022,0.0182428036507794,0.0198712575740798,94.8003848802576,high,4,all4,C_significant_but_flagged
1164,SYNE1-AS1,antisense,-1.20823085681082,down_in_PP,0.48954974769918,0.0135853201398304,0.0323488563396912,0.0347216067602163,97.3021888792675,high,3,k3,C_significant_but_flagged
1165,RP11-946P6.6,sense_intronic,1.2063604646313,up_in_PP,0.177212101628414,9.93518314342196e-12,1.62635898066911e-10,1.7987254168028e-10,0,low,2,k2_or_less,C_significant_but_flagged
1166,RP11-403B2.7,lincRNA,-1.20287451054104,down_in_PP,0.257488792986764,2.98919821395372e-06,2.03297925747919e-05,2.30146987042309e-05,0,low,2,k2_or_less,C_significant_but_flagged
1167,RP11-774O3.3,lincRNA,-1.19330511870034,down_in_PP,0.30364423601325,8.49653272865808e-05,0.00040840065831536,0.000448347525815896,89.8501108924995,high,4,all4,C_significant_but_flagged
1168,RP11-69I8.3,antisense,-1.19230162040975,down_in_PP,0.4591485039071,0.00941057727625632,0.0237445687006929,0.0256751333241237,80.2092438707964,high,3,k3,C_significant_but_flagged
1169,AC007381.3,lincRNA,-1.1876813304312,down_in_PP,0.141422872240005,4.53817878409766e-17,1.28225295024865e-15,1.44387497049931e-15,0,low,2,k2_or_less,C_significant_but_flagged
1170,RP11-244O19.1,sense_overlapping,-1.18637584043421,down_in_PP,0.410946595842629,0.00389015400215445,0.011315580269498,0.0123678885873051,91.62700989425,high,4,all4,C_significant_but_flagged
1171,RP11-507K2.3,antisense,-1.1842778260859,down_in_PP,0.306190877806124,0.000109832341028074,0.000512973934186657,0.000565094577441708,88.3603641023331,high,2,k2_or_less,C_significant_but_flagged
1172,RP11-94C24.8,processed_transcript,1.18393310516832,up_in_PP,0.197988869427547,2.23416850900236e-09,2.63743434633147e-08,2.95634469065848e-08,82.6519408844808,high,4,all4,C_significant_but_flagged
1173,RP4-565E6.1,lincRNA,-1.18188789315856,down_in_PP,0.31850865480638,0.00020669249753043,0.00089668121397051,0.000982811469026561,77.6201277488099,high,3,k3,C_significant_but_flagged
1174,RP11-327F22.1,antisense,1.17232257126148,up_in_PP,0.229766999304761,3.35686074295553e-07,2.75203284069191e-06,3.13717849563036e-06,93.7801470630358,high,4,all4,C_significant_but_flagged
1175,RP11-214O1.2,lincRNA,1.16933481007612,up_in_PP,0.281857140217738,3.34399260892362e-05,0.000178998596251268,0.000197670164191428,85.6222648300137,high,4,all4,C_significant_but_flagged
1176,AL773572.7,antisense,-1.16906906130133,down_in_PP,0.197588479015132,3.28492209222841e-09,3.80261974482348e-08,4.23031484912867e-08,20.886500918107,low,2,k2_or_less,C_significant_but_flagged
1177,RP11-277P12.20,antisense,1.16805233761593,up_in_PP,0.371700046732299,0.00167534896863355,0.00551018318266325,0.00605111434664221,95.0492872170216,high,4,all4,C_significant_but_flagged
1178,RP11-368L12.1,lincRNA,-1.16678293160492,down_in_PP,0.510866257231898,0.022375626698871,0.0491565529739749,0.0520534068419434,92.3709138840561,high,3,k3,C_significant_but_flagged
1179,RP11-380F14.2,antisense,1.16392624166558,up_in_PP,0.175626280812557,3.41906225395446e-11,5.20902967833475e-10,5.75653010617158e-10,75.5603667653469,high,3,k3,C_significant_but_flagged
1180,RP11-732A19.6,antisense,-1.16245213418122,down_in_PP,0.248215675407492,2.82383589689725e-06,1.9346904113734e-05,2.19366928651246e-05,72.7973845705063,moderate,2,k2_or_less,C_significant_but_flagged
1181,RP11-593F23.1,antisense,-1.16201019399618,down_in_PP,0.342043956097361,0.000680657589659891,0.00254416711589205,0.00282107796020915,80.4101909708332,high,2,k2_or_less,C_significant_but_flagged
1182,AC005618.6,lincRNA,-1.16172006412272,down_in_PP,0.259352872480729,7.48872162354233e-06,4.65713005779697e-05,5.19290039504289e-05,79.9408808667074,high,3,k3,C_significant_but_flagged
1183,RP11-903H12.3,antisense,-1.15855565680481,down_in_PP,0.208876473805788,2.91266848173239e-08,2.89671815433243e-07,3.29063094528879e-07,86.0610802022979,high,4,all4,C_significant_but_flagged
1184,RP11-108L7.4,antisense,-1.15827037878013,down_in_PP,0.24543271522001,2.36658700873601e-06,1.64434165824624e-05,1.85511267876825e-05,79.8324898130258,high,2,k2_or_less,C_significant_but_flagged
1185,RP11-797H7.5,antisense,-1.15683739926823,down_in_PP,0.35103560142159,0.000982471270464425,0.00349406768559379,0.00384789229409145,88.2650236511749,high,4,all4,C_significant_but_flagged
1186,RP11-618K13.2,antisense,-1.15312072976279,down_in_PP,0.0939400061583023,1.23275756513656e-34,1.26103551418173e-32,1.5688652895135e-32,0,low,2,k2_or_less,C_significant_but_flagged
1187,RP11-259N19.1,lincRNA,1.14899116481704,up_in_PP,0.365585815762697,0.00167296259259805,0.00550450157485788,0.00604754313965895,95.1290934917012,high,4,all4,C_significant_but_flagged
1188,RP11-61I13.3,antisense,-1.1483272786667,down_in_PP,0.290604428869547,7.76585409206759e-05,0.00037791812670951,0.000414338479116849,89.8649549132456,high,3,k3,C_significant_but_flagged
1189,LINC01359,processed_transcript,-1.14805448957566,down_in_PP,0.421415462930715,0.00644414899089158,0.0172841675952188,0.0188786951141421,91.0957713688066,high,3,k3,C_significant_but_flagged
1190,RP11-356I2.4,antisense,-1.14550292176578,down_in_PP,0.262214878490694,1.25065199901928e-05,7.37807792807546e-05,8.16224917007002e-05,89.6403887527204,high,4,all4,C_significant_but_flagged
1191,LINC01214,lincRNA,1.14481512683092,up_in_PP,0.365918960316905,0.0017563948930582,0.00574282698105996,0.00630175845958775,92.5216813241392,high,3,k3,C_significant_but_flagged
1192,CTD-2619J13.23,antisense,-1.14343048453053,down_in_PP,0.119338374314594,9.57243989017083e-22,4.09393325132187e-20,4.81627295404293e-20,0,low,2,k2_or_less,C_significant_but_flagged
1193,RP11-410E4.1,lincRNA,-1.13990353710092,down_in_PP,0.469249680759553,0.0151319855168506,0.0354494130700421,0.0379132028554792,86.5216752565469,high,2,k2_or_less,C_significant_but_flagged
1194,LIFR-AS1,antisense,-1.13916435502578,down_in_PP,0.471924438310767,0.0157840826822291,0.0367128241468237,0.0392065015878331,97.0543981271687,high,3,k3,C_significant_but_flagged
1195,RP11-108K14.12,antisense,1.13539383466496,up_in_PP,0.337615297666325,0.000771056677276143,0.00283387922655737,0.00313566004213317,87.6121074400547,high,3,k3,C_significant_but_flagged
1196,LINC02095,lincRNA,-1.13516705044301,down_in_PP,0.193864709176535,4.75691500163017e-09,5.38472465089681e-08,6.0184711146356e-08,0,low,2,k2_or_less,C_significant_but_flagged
1197,RP11-1000B6.7,sense_intronic,-1.13314588295817,down_in_PP,0.151331242150545,7.0010122758116e-14,1.47444848450748e-12,1.61996685119983e-12,0,low,2,k2_or_less,C_significant_but_flagged
1198,KB-1732A1.1,lincRNA,1.12556770547009,up_in_PP,0.220717231880464,3.40387408618832e-07,2.78875097574539e-06,3.17425930408122e-06,79.81495787287,high,4,all4,C_significant_but_flagged
1199,RP11-12G12.7,lincRNA,1.1242263231012,up_in_PP,0.418811706013439,0.00726766323922929,0.0190944728065378,0.0207983987011542,97.111949572808,high,4,all4,C_significant_but_flagged
1200,RP11-783K16.5,antisense,1.11923431830851,up_in_PP,0.326393823515576,0.000605605100573676,0.00229373961471626,0.00255156111994381,96.4567921721577,high,4,all4,C_significant_but_flagged
1201,CHL1-AS1,antisense,-1.11878656716154,down_in_PP,0.377264177441082,0.00302166219304072,0.00914489770341584,0.0100036207416122,91.8189233171292,high,3,k3,C_significant_but_flagged
1202,DNAJC27-AS1,antisense,-1.11671317637744,down_in_PP,0.256899347331756,1.38081491178073e-05,8.06102569742575e-05,8.94429060370542e-05,88.893823982636,high,3,k3,C_significant_but_flagged
1203,RP11-543C4.1,lincRNA,-1.10899552318442,down_in_PP,0.124454383775087,5.06384716490231e-19,1.72198287173381e-17,2.04778193294694e-17,0,low,2,k2_or_less,C_significant_but_flagged
1204,RP4-647C14.3,antisense,-1.10594707856878,down_in_PP,0.30738511728805,0.000320772175029449,0.00131833260914858,0.00144883215172487,93.0211035587049,high,4,all4,C_significant_but_flagged
1205,LINC01806,lincRNA,1.10395169405028,up_in_PP,0.205992042928375,8.35932133211969e-08,7.69376831529871e-07,8.82214229367851e-07,84.6485799849181,high,4,all4,C_significant_but_flagged
1206,LINC01535,lincRNA,-1.09443732702334,down_in_PP,0.240050119531798,5.13480148921316e-06,3.32700090286091e-05,3.72790034292372e-05,34.9745052870078,low,2,k2_or_less,C_significant_but_flagged
1207,CTA-384D8.36,antisense,1.09421044265392,up_in_PP,0.255245351260026,1.81186531939195e-05,0.00010289818408022,0.000114284857682346,93.24337221189,high,4,all4,C_significant_but_flagged
1208,SEMA5A-AS1,lincRNA,-1.09416323486963,down_in_PP,0.267224212440215,4.22986833002333e-05,0.000221128410694712,0.000244687704064318,42.6728894071267,low,2,k2_or_less,C_significant_but_flagged
1209,AC006129.2,lincRNA,1.09315136010269,up_in_PP,0.19901674629143,3.9569883275632e-08,3.85725559958727e-07,4.41004155219747e-07,49.9745899790642,low,2,k2_or_less,C_significant_but_flagged
1210,CTD-2528L19.6,lincRNA,-1.09259684372544,down_in_PP,0.276550670593129,7.7889860512413e-05,0.000378686681273639,0.000415060869996565,88.7613034315432,high,4,all4,C_significant_but_flagged
1211,RP11-660L16.2,antisense,-1.09183911121414,down_in_PP,0.468507856860112,0.019781818970919,0.0443405730300663,0.0469018798285844,87.9319366838553,high,4,all4,C_significant_but_flagged
1212,RP11-981P6.1,antisense,-1.09174924663912,down_in_PP,0.257279864568298,2.20128483282523e-05,0.000122742140472101,0.000135683183356621,83.7662052790186,high,3,k3,C_significant_but_flagged
1213,SNHG23,lincRNA,-1.08891256958408,down_in_PP,0.281343447475016,0.000108655511031015,0.000508045600272257,0.000560372343541361,81.2074992639263,high,3,k3,C_significant_but_flagged
1214,RP5-1024N4.4,antisense,-1.08865248094615,down_in_PP,0.118258576177936,3.39464624023672e-20,1.26602119155971e-18,1.48370043247518e-18,0,low,2,k2_or_less,C_significant_but_flagged
1215,AC115522.3,lincRNA,1.08849605411334,up_in_PP,0.271371831909214,6.04398060358386e-05,0.000302827352832904,0.000332726514907218,90.2953287604502,high,4,all4,C_significant_but_flagged
1216,RP11-567M16.1,processed_transcript,-1.08761028290275,down_in_PP,0.446721341040633,0.0149061845078156,0.0350153525292787,0.0374776643610216,86.6442602243446,high,4,all4,C_significant_but_flagged
1217,RP11-809O17.1,antisense,1.0833443965043,up_in_PP,0.427707837996273,0.0113120795198455,0.0277291996211236,0.0299922598543943,84.0029832133014,high,2,k2_or_less,C_significant_but_flagged
1218,RP3-510L9.1,antisense,-1.08294021066513,down_in_PP,0.411707386594324,0.00852935361571528,0.0218615934053034,0.0236428655318386,92.303690183074,high,2,k2_or_less,C_significant_but_flagged
1219,RP11-355F16.1,antisense,-1.079522205476,down_in_PP,0.295293360184117,0.000256419304320834,0.00108334130224018,0.00118412628580176,76.1234235256875,high,3,k3,C_significant_but_flagged
1220,LINC01152,lincRNA,-1.07918921244414,down_in_PP,0.404591010800497,0.00764501075776444,0.0199188335181508,0.021620889901207,80.9260556168686,high,4,all4,C_significant_but_flagged
1221,CALML3-AS1,antisense,1.07673399538692,up_in_PP,0.386780493646411,0.00537199608897675,0.0148029649237972,0.0161758017237317,95.2445708049947,high,4,all4,C_significant_but_flagged
1222,CTB-147C22.8,antisense,1.07355552815842,up_in_PP,0.283154387005115,0.000149791973301461,0.000673862221303395,0.00073989711013176,87.2683737045529,high,4,all4,C_significant_but_flagged
1223,AP000473.5,lincRNA,-1.07289110514469,down_in_PP,0.425811938063358,0.011747623517188,0.0286511230622582,0.03095734893963,88.0683092896115,high,3,k3,C_significant_but_flagged
1224,RP11-21L23.2,sense_overlapping,-1.07089336725808,down_in_PP,0.302506077424564,0.000400017519788298,0.00160532251095826,0.00176981166474843,89.7155490802487,high,4,all4,C_significant_but_flagged
1225,AC005754.7,antisense,-1.07035620475203,down_in_PP,0.104923662704847,1.9566599183815e-24,1.01108888400984e-22,1.20949535240525e-22,0,low,2,k2_or_less,C_significant_but_flagged
1226,LINC01376,lincRNA,-1.06812084169682,down_in_PP,0.232217365674735,4.23181814650078e-06,2.79246514975257e-05,3.11943392161991e-05,80.5552313733806,high,3,k3,C_significant_but_flagged
1227,LINC01515,lincRNA,-1.06804504469543,down_in_PP,0.387608685685588,0.00586074446402365,0.0159649025959528,0.0173575915782549,94.3604199159595,high,4,all4,C_significant_but_flagged
1228,GAS1RR,lincRNA,-1.06744341084112,down_in_PP,0.287954994183927,0.000209745481174982,0.000908510412929037,0.000994051146817248,92.8351483546892,high,3,k3,C_significant_but_flagged
1229,MIR133A1HG,antisense,-1.06572478289032,down_in_PP,0.171648832587274,5.34075217083972e-10,6.96772154636049e-09,7.75484384000788e-09,0,low,2,k2_or_less,C_significant_but_flagged
1230,MAFTRR,lincRNA,-1.06451368750762,down_in_PP,0.382793179126717,0.00542066284159808,0.0149124755363481,0.0162883389691631,91.7628619898325,high,3,k3,C_significant_but_flagged
1231,LINC02031,lincRNA,1.05948663390313,up_in_PP,0.245098251036479,1.54130043491652e-05,8.90082206460817e-05,9.8829660105943e-05,0,low,2,k2_or_less,C_significant_but_flagged
1232,AL161668.5,lincRNA,1.05926509742452,up_in_PP,0.274548667107513,0.000114222728218962,0.000531103898816999,0.00058421010047689,78.8468830888799,high,3,k3,C_significant_but_flagged
1233,RP11-401P9.5,antisense,1.05892688031047,up_in_PP,0.213556024553609,7.10235636399357e-07,5.47521547814232e-06,6.17376078694822e-06,85.4540854359371,high,3,k3,C_significant_but_flagged
1234,RP11-363J20.2,lincRNA,-1.05772002999864,down_in_PP,0.434370832179991,0.0148892266496566,0.0349787962405037,0.0374567928564326,90.8660537905861,high,3,k3,C_significant_but_flagged
1235,LINC01124,lincRNA,-1.05364687040845,down_in_PP,0.300803574428951,0.000460440346209596,0.00181553743812223,0.00200032668478807,69.3891971849882,moderate,2,k2_or_less,C_significant_but_flagged
1236,RP11-709D24.8,sense_intronic,-1.04804763598165,down_in_PP,0.416151513111802,0.0117879970992102,0.0287356077522036,0.0310032306192623,79.248315307065,high,2,k2_or_less,C_significant_but_flagged
1237,RP5-965G21.4,lincRNA,-1.04383329472428,down_in_PP,0.143837473687776,3.95673169391016e-13,7.66926602573678e-12,8.64685759573195e-12,0,low,2,k2_or_less,C_significant_but_flagged
1238,RP11-77H9.5,antisense,1.0428556276886,up_in_PP,0.235622289779185,9.60128094408232e-06,5.82632694965111e-05,6.47114371418134e-05,92.2328671344109,high,4,all4,C_significant_but_flagged
1239,RP11-553L6.5,3prime_overlapping_ncRNA,-1.0417907183183,down_in_PP,0.281635407028489,0.000216385975414243,0.000933723367050921,0.0010210491991466,91.9573664442757,high,4,all4,C_significant_but_flagged
1240,RP11-734K21.5,lincRNA,-1.04171915664874,down_in_PP,0.375678197387329,0.00555586987813305,0.0152392700980377,0.0165680557978509,86.8216383863346,high,3,k3,C_significant_but_flagged
1241,AC008440.5,antisense,-1.04125367942442,down_in_PP,0.354546437310798,0.00331552450028252,0.0098956383263166,0.0108273769907339,93.0807828180969,high,4,all4,C_significant_but_flagged
1242,CTC-513N18.7,lincRNA,-1.03930771611865,down_in_PP,0.202554252454631,2.88192948839409e-07,2.39320466660479e-06,2.70501277576599e-06,89.047016004271,high,4,all4,C_significant_but_flagged
1243,RP11-70C1.3,antisense,1.03786617631718,up_in_PP,0.259573390513649,6.37846389052265e-05,0.00031761784626322,0.000348040520230662,95.6019997501084,high,4,all4,C_significant_but_flagged
1244,LINC00665,lincRNA,-1.03660183508541,down_in_PP,0.337987256087486,0.00216229728037824,0.00686576643112119,0.00753322087938538,94.320153162972,high,4,all4,C_significant_but_flagged
1245,FAM157C,lincRNA,1.0354512559579,up_in_PP,0.431484011130728,0.0164065321118846,0.037909820991638,0.0403129270006387,93.410339666788,high,4,all4,C_significant_but_flagged
1246,RP11-15H20.7,lincRNA,-1.03352308262569,down_in_PP,0.254555087046309,4.90484237345995e-05,0.000251380694404199,0.000276704732072506,84.8301284832914,high,4,all4,C_significant_but_flagged
1247,AC005264.2,antisense,1.0310069734675,up_in_PP,0.330861896169907,0.00183244678137018,0.00595420474973415,0.0065420769166574,95.5689164303468,high,4,all4,C_significant_but_flagged
1248,RP11-305L7.7,lincRNA,-1.02719856369575,down_in_PP,0.247022572026379,3.20598629688044e-05,0.000172458528809653,0.000191871406730313,78.1049539035401,high,4,all4,C_significant_but_flagged
1249,ATP13A4-AS1,antisense,1.02623593255058,up_in_PP,0.348309319474231,0.00321563946781933,0.009641148025181,0.0105649749257815,95.381297849948,high,3,k3,C_significant_but_flagged
1250,CTB-92J24.2,sense_intronic,-1.02504825745909,down_in_PP,0.329946049271273,0.00189178847380042,0.00610821988281191,0.00670415129085538,87.7311652462073,high,4,all4,C_significant_but_flagged
1251,CTC-523E23.5,lincRNA,-1.0246559984664,down_in_PP,0.369171868572915,0.00551079573303475,0.015133855211628,0.0164790692030694,81.005513199154,high,2,k2_or_less,C_significant_but_flagged
1252,ABCA9-AS1,antisense,-1.02102236415759,down_in_PP,0.35520023342864,0.00404670320145274,0.0116814645974209,0.0127531571396111,88.5273447789834,high,3,k3,C_significant_but_flagged
1253,CTD-2619J13.3,antisense,-1.01895536337073,down_in_PP,0.124637506572255,2.95005808159303e-16,7.76621382782401e-15,8.62493332368449e-15,0,low,2,k2_or_less,C_significant_but_flagged
1254,AATBC,antisense,-1.01446558791171,down_in_PP,0.281150338023407,0.000308248746333164,0.0012738075412241,0.00140104235859622,81.7783138393505,high,4,all4,C_significant_but_flagged
1255,RP11-325F22.2,lincRNA,-1.01088932518556,down_in_PP,0.395577679944043,0.0106042628979102,0.0262560795047843,0.0283939638361742,88.3727849679141,high,2,k2_or_less,C_significant_but_flagged
1256,RP11-404F10.2,antisense,1.00987933118685,up_in_PP,0.182013207658673,2.88320611574633e-08,2.86969466532306e-07,3.26587247718177e-07,78.0423077359429,high,3,k3,C_significant_but_flagged
1257,RP11-77H9.2,antisense,1.00965774025791,up_in_PP,0.312598578885568,0.00123839632666081,0.00424694700858967,0.00466771855876422,97.025707052071,high,4,all4,C_significant_but_flagged
1258,CTD-2501E16.2,antisense,-1.00559156427883,down_in_PP,0.305991900411932,0.00101500605060957,0.00358914174383586,0.00395313337622647,71.5914142681577,moderate,2,k2_or_less,C_significant_but_flagged
1259,CH17-140K24.2,antisense,-1.00557867433245,down_in_PP,0.247379511924674,4.80483167132351e-05,0.000247215543721432,0.000272483704348844,68.2791099155048,moderate,2,k2_or_less,C_significant_but_flagged
1260,RP11-234K24.3,antisense,1.0053613522636,up_in_PP,0.210576293155274,1.80303799916429e-06,1.2833779703225e-05,1.44209712058852e-05,0,low,2,k2_or_less,C_significant_but_flagged
1261,AC013472.3,processed_transcript,-1.00533860761136,down_in_PP,0.270269319763202,0.000199407493863105,0.00086832938881342,0.000952463314539213,40.8303384858111,low,2,k2_or_less,C_significant_but_flagged
1262,RP11-359K18.4,sense_intronic,-1.00386664320336,down_in_PP,0.329096473277933,0.00228558136574914,0.00718710667357654,0.00786770928368857,0,low,2,k2_or_less,C_significant_but_flagged
1263,RP11-395I6.3,sense_overlapping,-1.00370227849144,down_in_PP,0.416436946363878,0.0159431532218733,0.0370346933030483,0.0395098310585688,94.2523534301537,high,3,k3,C_significant_but_flagged
1264,RP11-757G1.6,lincRNA,-1.0027028174534,down_in_PP,0.293124062952899,0.000624497441230985,0.00235745667602515,0.00261841126764193,80.8583562275573,high,3,k3,C_significant_but_flagged
1265,RP11-348N5.7,antisense,-0.998479886999052,down_in_PP,0.350421770733601,0.0043806451484734,0.0125014494091369,0.013685957803209,91.2629861321395,high,3,k3,C_significant_but_flagged
1266,STXBP5-AS1,antisense,0.996977863607747,up_in_PP,0.168329147012284,3.16528658847657e-09,3.67091219252197e-08,4.08841643830989e-08,87.969316551199,high,4,all4,C_significant_but_flagged
1267,LINC01422,lincRNA,-0.994747965885127,down_in_PP,0.390101086895218,0.0107730686118527,0.0265978372131072,0.0287747332614115,90.6543684048215,high,3,k3,C_significant_but_flagged
1268,LINC00472,lincRNA,-0.994024869831707,down_in_PP,0.274183658203923,0.000288516825855663,0.00120232934645737,0.00131967474151951,81.857077126125,high,4,all4,C_significant_but_flagged
1269,RP11-379B18.5,processed_transcript,-0.993993388696881,down_in_PP,0.220455334001136,6.5189228981545e-06,4.11633272042198e-05,4.62172208958353e-05,82.0680678808112,high,4,all4,C_significant_but_flagged
1270,RP11-6O2.4,antisense,-0.993221871824957,down_in_PP,0.400609189011963,0.0131648356076509,0.0315035911390191,0.033916257978211,89.1534042126003,high,4,all4,C_significant_but_flagged
1271,FAM66C,antisense,-0.992044264794476,down_in_PP,0.25174391583654,8.12481963194543e-05,0.000392945252056767,0.000431363123281324,83.8538984820456,high,4,all4,C_significant_but_flagged
1272,RP11-10J21.3,antisense,-0.988008108435181,down_in_PP,0.302067271842484,0.00107235596932889,0.00375406974484156,0.00414293239221974,78.6303202144887,high,2,k2_or_less,C_significant_but_flagged
1273,RP4-737E23.2,lincRNA,-0.987511080786809,down_in_PP,0.248525257668777,7.08289829532643e-05,0.000348162333690585,0.000380716781663074,76.6965322189026,high,3,k3,C_significant_but_flagged
1274,STARD13-AS,processed_transcript,-0.985615806148428,down_in_PP,0.27964469802807,0.000424236613932004,0.00169006803661801,0.00186741793335074,76.1669818215955,high,2,k2_or_less,C_significant_but_flagged
1275,MEG8,lincRNA,-0.982871372053622,down_in_PP,0.354217411537684,0.00552409870000852,0.0151670641563994,0.016500208302191,85.4235348980489,high,3,k3,C_significant_but_flagged
1276,CH507-42P11.6,lincRNA,-0.982505230862398,down_in_PP,0.415074254669886,0.017930076467875,0.0408400960136221,0.043246065148548,91.5431594855314,high,4,all4,C_significant_but_flagged
1277,RP11-757F18.5,antisense,-0.974676791093478,down_in_PP,0.3714948125842,0.00869900868335819,0.022234085037505,0.0240514537975294,92.4642598908896,high,4,all4,C_significant_but_flagged
1278,LINC00663,lincRNA,-0.971558893193307,down_in_PP,0.279149764011936,0.000500625151410702,0.00194854287073381,0.0021468830824124,90.2073996143657,high,4,all4,C_significant_but_flagged
1279,ZNF528-AS1,processed_transcript,-0.964026434217111,down_in_PP,0.339704063952571,0.00454196705084146,0.0128811563005758,0.014098343923236,94.7429049565984,high,4,all4,C_significant_but_flagged
1280,RP11-1112J20.2,lincRNA,0.963228535828517,up_in_PP,0.208969913654723,4.03808402285581e-06,2.67589798468568e-05,2.99704795315559e-05,82.3249026565627,high,4,all4,C_significant_but_flagged
1281,XXbac-BPG27H4.8,lincRNA;processed_transcript,0.963067439405329,up_in_PP,0.398479093914416,0.0156551173013187,0.0364500696586444,0.0389532447169672,79.239393990928,high,2,k2_or_less,C_significant_but_flagged
1282,LINC00908,lincRNA,-0.962543555846166,down_in_PP,0.251870050098641,0.000132595092348284,0.000606515459834403,0.000666363489652758,65.9192176703342,moderate,2,k2_or_less,C_significant_but_flagged
1283,RP11-360L9.7,antisense,0.961997541888691,up_in_PP,0.213297201136951,6.47887176958839e-06,4.09516984336505e-05,4.60535126216654e-05,82.8703253933826,high,4,all4,C_significant_but_flagged
1284,SMCR5,antisense,-0.959304162866629,down_in_PP,0.364020897834097,0.0084063023449483,0.0215903616898027,0.0233316678939008,64.9613202767715,moderate,2,k2_or_less,C_significant_but_flagged
1285,RP11-613C6.2,antisense,-0.95835449958405,down_in_PP,0.380562499195679,0.0117936948461534,0.0287439054978407,0.0310032306192623,91.9429186888182,high,3,k3,C_significant_but_flagged
1286,MYOSLID,lincRNA,0.955429442473848,up_in_PP,0.412745780307852,0.0206231490041606,0.0459224664897621,0.0486036850441192,88.8466580087113,high,4,all4,C_significant_but_flagged
1287,LINC00882,lincRNA,-0.954568040403097,down_in_PP,0.136662824867095,2.85179688430817e-12,4.97714021688937e-11,5.46005536212454e-11,0,low,2,k2_or_less,C_significant_but_flagged
1288,CTD-2313F11.1,processed_transcript,0.954078876200291,up_in_PP,0.137777466946058,4.36648453265134e-12,7.46981811312682e-11,8.21468633599233e-11,0,low,2,k2_or_less,C_significant_but_flagged
1289,RP11-366L5.1,antisense,-0.95161993977937,down_in_PP,0.222674518903245,1.92349263859315e-05,0.000108744806019449,0.000120797571076815,75.3090939377974,high,3,k3,C_significant_but_flagged
1290,RP11-626G11.6,lincRNA,-0.950343202028196,down_in_PP,0.315861219678826,0.00262336474915673,0.00807699844513095,0.00878583534798852,84.8370797187491,high,2,k2_or_less,C_significant_but_flagged
1291,CTD-3203P2.3,antisense,0.950175312847111,up_in_PP,0.373843282783867,0.0110333520337324,0.0271655239875628,0.0293612018757442,91.4401333908386,high,4,all4,C_significant_but_flagged
1292,LINC01534,lincRNA,-0.950168884700474,down_in_PP,0.245159498987997,0.000106311104004084,0.000498478744349925,0.000548935736307484,90.3289221047662,high,3,k3,C_significant_but_flagged
1293,RP4-694A7.2,antisense,0.948421332418739,up_in_PP,0.318054414563724,0.00286421799295685,0.00871893979588055,0.00951879512713079,86.6233230761626,high,4,all4,C_significant_but_flagged
1294,RP11-452L6.1,lincRNA,-0.946092956336149,down_in_PP,0.140089788253003,1.44344863910652e-11,2.31302492284447e-10,2.52866488316353e-10,64.8340696975108,moderate,2,k2_or_less,C_significant_but_flagged
1295,ZNF571-AS1,antisense,-0.944236640162012,down_in_PP,0.232368412024514,4.83355477147914e-05,0.000248489332682688,0.00027375381539516,89.7757097572885,high,4,all4,C_significant_but_flagged
1296,LINC01137,antisense,0.941182004732253,up_in_PP,0.203918778102886,3.92197416338064e-06,2.60722855391633e-05,2.93342712728721e-05,85.9671139847788,high,4,all4,C_significant_but_flagged
1297,CH507-254M2.1,lincRNA,-0.934947736015774,down_in_PP,0.261584225894832,0.000351334232589837,0.00142940560668287,0.00157047853762007,0,low,2,k2_or_less,C_significant_but_flagged
1298,LINC01886,lincRNA,0.934931980894406,up_in_PP,0.145230622083859,1.21403074611632e-10,1.73345730381257e-09,1.92421649759902e-09,0,low,2,k2_or_less,C_significant_but_flagged
1299,RP4-678D15.1,antisense,-0.932710538747337,down_in_PP,0.249045055202958,0.000180287611799631,0.000793670846113183,0.000869681712661096,86.4340357150066,high,4,all4,C_significant_but_flagged
1300,EMX2OS,antisense,-0.932296141887035,down_in_PP,0.346808608049604,0.00718351031551125,0.0189289386528591,0.0206257791209139,93.9106705397216,high,4,all4,C_significant_but_flagged
1301,RP11-363J20.1,lincRNA,-0.931600542855799,down_in_PP,0.285290047154147,0.00109290084192339,0.00381427111826822,0.00420727930872109,0,low,2,k2_or_less,C_significant_but_flagged
1302,CTD-2012M11.3,antisense,-0.928584188222409,down_in_PP,0.335932007006434,0.00570620654651454,0.0155987072937115,0.0169812625356041,84.62820698256,high,4,all4,C_significant_but_flagged
1303,RP11-817O13.9,antisense,-0.928072210654588,down_in_PP,0.107301446334487,5.18594111020805e-18,1.60456859387697e-16,1.83930878556313e-16,0,low,2,k2_or_less,C_significant_but_flagged
1304,MIR181A2HG,antisense,-0.926359951595404,down_in_PP,0.396578750639852,0.0194975518774694,0.0438366955371974,0.0464058159690248,73.0823125979346,moderate,2,k2_or_less,C_significant_but_flagged
1305,RP11-1109F11.3,lincRNA,-0.924774723443063,down_in_PP,0.369801313379596,0.0123936221513269,0.0299324427441992,0.0323445132984267,83.6311126165093,high,3,k3,C_significant_but_flagged
1306,RP11-380B4.3,lincRNA,-0.923793332648331,down_in_PP,0.372046965660985,0.0130280382880441,0.0312538236407545,0.0336953506708708,87.3267978880653,high,2,k2_or_less,C_significant_but_flagged
1307,AP001429.1,sense_intronic,-0.923076689218681,down_in_PP,0.246924651183387,0.000185273966686391,0.00081362119381362,0.00089174688971303,44.20469647615,low,2,k2_or_less,C_significant_but_flagged
1308,RP4-625H18.2,antisense,-0.923008638294105,down_in_PP,0.301513433400666,0.00220413409369467,0.0069692757608509,0.00762983057873347,92.0725756404754,high,3,k3,C_significant_but_flagged
1309,LINC02175,lincRNA,-0.921057743751068,down_in_PP,0.267579199078412,0.000577030384055309,0.0022014820345858,0.00244545589795036,86.1667611743354,high,3,k3,C_significant_but_flagged
1310,CTC-463N11.4,antisense,-0.92074838117053,down_in_PP,0.239783541779066,0.000123076994391544,0.000567953532211539,0.000625798066665348,96.7081787406414,high,4,all4,C_significant_but_flagged
1311,RP11-255G12.2,lincRNA,-0.917593159861577,down_in_PP,0.305200560725183,0.00264252198263646,0.0081279928729547,0.00884314974390407,84.3246214213885,high,3,k3,C_significant_but_flagged
1312,RP11-585P4.6,sense_intronic,-0.915172645210183,down_in_PP,0.229588852452604,6.71577127188501e-05,0.000332480853130337,0.000364606553242741,67.387957244901,moderate,2,k2_or_less,C_significant_but_flagged
1313,RP11-102L12.2,antisense,0.91432781853042,up_in_PP,0.224762104227345,4.74223837097658e-05,0.000244396417958904,0.000269286947916216,91.7792204686712,high,3,k3,C_significant_but_flagged
1314,PCAT1,lincRNA,0.911774248599586,up_in_PP,0.364986820840139,0.0124860317971706,0.0301265937133619,0.0325464214375646,92.3821171574858,high,3,k3,C_significant_but_flagged
1315,RP11-783K16.13,lincRNA,0.911324420602486,up_in_PP,0.287168282270728,0.00150620351419801,0.00502027172805904,0.00551382623175532,95.6228921222498,high,4,all4,C_significant_but_flagged
1316,RORA-AS1,antisense,-0.9109278784021,down_in_PP,0.257428714230496,0.000402310349187469,0.00161400703879244,0.00177813777419221,85.939801587115,high,4,all4,C_significant_but_flagged
1317,CTD-2292M16.8,lincRNA,-0.902896863213448,down_in_PP,0.288465632208867,0.00174807469901397,0.00571786062473091,0.00627711138807755,91.9888181983417,high,4,all4,C_significant_but_flagged
1318,RP11-218E20.5,antisense,0.901498925210128,up_in_PP,0.234171707521828,0.000118245879366346,0.000547272064391388,0.000603360754738419,92.6874898883634,high,4,all4,C_significant_but_flagged
1319,RP4-695O20.1,sense_intronic,-0.899982786675208,down_in_PP,0.312846915470116,0.00401792061081002,0.0116171119460222,0.0126809208482677,60.2162848815653,moderate,2,k2_or_less,C_significant_but_flagged
1320,RP11-161H23.5,antisense,0.895159495731479,up_in_PP,0.259649141895123,0.000565646519287765,0.00216320653556246,0.00239956126368447,95.9585785425145,high,4,all4,C_significant_but_flagged
1321,RP11-815J21.4,antisense,-0.894420246038067,down_in_PP,0.215946806305577,3.44508915697014e-05,0.000183977891438282,0.00020309129131076,81.4906010070148,high,3,k3,C_significant_but_flagged
1322,AC108142.1,antisense,-0.892855626049862,down_in_PP,0.270841899579194,0.00097865058851117,0.00348344568232736,0.00384266887158606,0,low,2,k2_or_less,C_significant_but_flagged
1323,CTD-2201I18.1,antisense,-0.89176763007652,down_in_PP,0.364518149928148,0.0144279368262396,0.0340611296853068,0.0365513364444606,85.9062694751068,high,3,k3,C_significant_but_flagged
1324,RP11-44N11.1,sense_intronic,-0.889070055405988,down_in_PP,0.369248470339753,0.0160497335883784,0.0372546469567417,0.0397295178700877,65.0316145560452,moderate,2,k2_or_less,C_significant_but_flagged
1325,RP11-729I10.2,antisense,-0.886502889379986,down_in_PP,0.315822078366339,0.00500100020666579,0.0139230245700353,0.0152712264602984,86.3943705367443,high,3,k3,C_significant_but_flagged
1326,CTD-2368P22.1,processed_transcript,-0.88340150113204,down_in_PP,0.303544809255397,0.00361100851285828,0.0106406931627577,0.0116342768690527,93.7680840485954,high,4,all4,C_significant_but_flagged
1327,RP11-14N7.2,lincRNA,-0.883144311038337,down_in_PP,0.378144423476653,0.0195189704330079,0.0438651754835047,0.0464058159690248,27.3469697921683,low,2,k2_or_less,C_significant_but_flagged
1328,AC010136.2,antisense,-0.88255242632839,down_in_PP,0.102889689839799,9.68255137982407e-18,2.92366388772471e-16,3.29892911972431e-16,0,low,2,k2_or_less,C_significant_but_flagged
1329,AC004540.4,antisense,0.880893524393975,up_in_PP,0.236401852100564,0.000194345987030725,0.000849501972985616,0.000932300538671782,82.5225755075058,high,4,all4,C_significant_but_flagged
1330,AC007405.6,lincRNA,-0.880642583103265,down_in_PP,0.355783845905587,0.0133154867137869,0.0318124621564279,0.0342247235537657,61.4712125874186,moderate,2,k2_or_less,C_significant_but_flagged
1331,CTD-2026K11.6,antisense,-0.879031465062688,down_in_PP,0.370192659924864,0.0175715797649287,0.0401146777253274,0.0424998466421724,87.6403915492621,high,4,all4,C_significant_but_flagged
1332,CTA-221G9.12,antisense,-0.878530272703491,down_in_PP,0.241864187010587,0.000280874824711925,0.00117478051684417,0.00128880738762301,88.6648258125409,high,4,all4,C_significant_but_flagged
1333,RP5-884C9.2,lincRNA,-0.877842999622545,down_in_PP,0.35272847412979,0.0128203285475373,0.0308174826451544,0.0332376043290557,92.6164761922887,high,4,all4,C_significant_but_flagged
1334,RP11-74E22.8,lincRNA,-0.877266088567417,down_in_PP,0.105814379091168,1.12666105629437e-16,3.08931940840805e-15,3.43314252858151e-15,0,low,2,k2_or_less,C_significant_but_flagged
1335,CTA-989H11.1,lincRNA,0.87394777844019,up_in_PP,0.352424604117566,0.0131450607715292,0.0314682885715984,0.033896709152805,84.7775552853032,high,3,k3,C_significant_but_flagged
1336,RP11-324E6.6,lincRNA,0.872383521348501,up_in_PP,0.23935557247957,0.000267685336305355,0.00112581471698017,0.00123220686190774,87.4362142294679,high,4,all4,C_significant_but_flagged
1337,RP11-195F19.9,antisense,-0.868804682412155,down_in_PP,0.206877486133578,2.67375553211574e-05,0.000146341256051288,0.000162035576855249,75.0965606970447,high,4,all4,C_significant_but_flagged
1338,RP11-15H20.6,processed_transcript,-0.867660518074379,down_in_PP,0.270791377875518,0.00135454366949344,0.00458193729853485,0.00502668135325739,91.3922542883498,high,4,all4,C_significant_but_flagged
1339,CARD8-AS1,antisense,0.864501710619014,up_in_PP,0.196009469992954,1.03127484183886e-05,6.21293511686668e-05,6.88630592690856e-05,80.2232210586801,high,4,all4,C_significant_but_flagged
1340,RP11-115D19.1,antisense,-0.863522296110006,down_in_PP,0.214339476030838,5.60718373645498e-05,0.000283206849663512,0.000312204801698396,88.0983154082761,high,4,all4,C_significant_but_flagged
1341,NEBL-AS1,antisense,-0.861945334718097,down_in_PP,0.326199861192784,0.00823246296767307,0.0211873061096552,0.0229226945052261,88.8216353654983,high,2,k2_or_less,C_significant_but_flagged
1342,SPIN4-AS1,antisense,0.861445313923254,up_in_PP,0.362042891952273,0.0173407880037453,0.0396672899735181,0.0420648789950579,87.5137809458812,high,3,k3,C_significant_but_flagged
1343,LIPE-AS1,antisense,0.860845700202747,up_in_PP,0.170300017787103,4.30667477881779e-07,3.46608488460923e-06,3.94808935761538e-06,90.107523599621,high,4,all4,C_significant_but_flagged
1344,LINC01752,lincRNA,-0.859606462555341,down_in_PP,0.127072254542863,1.33580028829786e-11,2.14739107282366e-10,2.34959668596132e-10,0,low,2,k2_or_less,C_significant_but_flagged
1345,FAM157A,lincRNA;transcribed_unprocessed_pseudogene,0.85733755625409,up_in_PP,0.370359401465465,0.0206195024024911,0.0459184262672145,0.0486036850441192,92.5658942628429,high,4,all4,C_significant_but_flagged
1346,RP11-640I15.1,antisense,0.854999462414674,up_in_PP,0.19013415288096,6.89766510326375e-06,4.3217320704499e-05,4.83730906026293e-05,85.2336285794087,high,4,all4,C_significant_but_flagged
1347,AC144652.1,lincRNA,-0.8529705647484,down_in_PP,0.297574208227316,0.00415152313277992,0.0119400358909491,0.0130454906285684,81.2442040623108,high,4,all4,C_significant_but_flagged
1348,RP4-555D20.2,lincRNA,-0.852236303617712,down_in_PP,0.353356306855601,0.0158725619711192,0.0368980751433251,0.0393810640189408,0,low,2,k2_or_less,C_significant_but_flagged
1349,RP11-830F9.5,antisense,-0.850953076930716,down_in_PP,0.283155676365613,0.00265364241503505,0.0081581926159971,0.00887319136653857,86.7831326486593,high,2,k2_or_less,C_significant_but_flagged
1350,RP4-742C19.13,antisense,-0.846499375422029,down_in_PP,0.159952522464646,1.20859255311106e-07,1.08332426917273e-06,1.2363073232415e-06,82.9920828183557,high,4,all4,C_significant_but_flagged
1351,SMC5-AS1,antisense,-0.845416833866297,down_in_PP,0.303445118550083,0.0053352709438871,0.0147128835238994,0.0160988266207807,92.5758944594385,high,4,all4,C_significant_but_flagged
1352,RP4-671O14.6,sense_overlapping,-0.843552075635816,down_in_PP,0.19523927028005,1.55600879348579e-05,8.9688804927187e-05,9.94512562690253e-05,81.9168985949604,high,4,all4,C_significant_but_flagged
1353,AC006116.24,sense_intronic,-0.837060405185981,down_in_PP,0.2068517336815,5.1951720857208e-05,0.000264798460061694,0.000291563030024824,84.977034404131,high,4,all4,C_significant_but_flagged
1354,RP11-508N12.2,antisense,-0.835105751899812,down_in_PP,0.207778542680018,5.83934218416497e-05,0.000293571903349133,0.000322692638964008,26.4932825563919,low,2,k2_or_less,C_significant_but_flagged
1355,RP11-138A9.1,lincRNA,-0.83423475308075,down_in_PP,0.178612248101103,3.00252589144402e-06,2.04093582564063e-05,2.30353360501388e-05,14.95449795998,low,2,k2_or_less,C_significant_but_flagged
1356,RP11-236L14.2,lincRNA,-0.833962323779774,down_in_PP,0.200950821106802,3.32356634745182e-05,0.000178209712879413,0.000197271215163567,33.0436596659352,low,2,k2_or_less,C_significant_but_flagged
1357,LINC01936,lincRNA,-0.833178194787666,down_in_PP,0.130379102495806,1.65422682285483e-10,2.31222714079128e-09,2.58405756768695e-09,0,low,2,k2_or_less,C_significant_but_flagged
1358,MIR100HG,processed_transcript,-0.831381362492189,down_in_PP,0.255351084324855,0.00113058864571005,0.00392340247006166,0.0043254262334106,86.2516218939546,high,4,all4,C_significant_but_flagged
1359,HYMAI,misc_RNA;non_coding,-0.83052949126787,down_in_PP,0.198442444515405,2.84863478058346e-05,0.000155099901957382,0.000171911334666452,80.852697277431,high,4,all4,C_significant_but_flagged
1360,RP4-545K15.5,sense_overlapping,-0.829458146994588,down_in_PP,0.346187071212216,0.0165758839656292,0.0381861093545598,0.0405171935820554,87.7107273950625,high,3,k3,C_significant_but_flagged
1361,RP11-119F7.5,sense_overlapping,-0.826917242167011,down_in_PP,0.24635182808885,0.000788924750443905,0.00289022541962069,0.00320232401047915,79.288011484007,high,3,k3,C_significant_but_flagged
1362,RP11-419I17.1,lincRNA,-0.825995485688889,down_in_PP,0.252473646120194,0.00106936709163131,0.00374622281946659,0.00414248111503015,82.2037179193725,high,4,all4,C_significant_but_flagged
1363,PANDAR,lincRNA,0.824812153063673,up_in_PP,0.157267479001668,1.56583220993661e-07,1.37212891067942e-06,1.5539807276137e-06,77.8167957780184,high,4,all4,C_significant_but_flagged
1364,RP11-335I12.2,antisense,0.824406065384032,up_in_PP,0.330081270857366,0.0125042446605419,0.0301647299723266,0.0325742725142473,95.2008348627236,high,3,k3,C_significant_but_flagged
1365,LINC01504,lincRNA,-0.822829372704363,down_in_PP,0.293252774419325,0.00501808211648445,0.013963738273151,0.0153125820296391,77.7390021150686,high,3,k3,C_significant_but_flagged
1366,RP11-15I11.3,lincRNA,-0.822618785632153,down_in_PP,0.31054961434609,0.00807512124674785,0.0208573316176435,0.0225863281413561,37.635278484136,low,2,k2_or_less,C_significant_but_flagged
1367,AF131217.1,lincRNA,-0.821058591287551,down_in_PP,0.339443469653474,0.0155701943927835,0.0362928024434467,0.0388088889041326,81.244845694217,high,4,all4,C_significant_but_flagged
1368,RP11-506H21.5,antisense,-0.818312694336941,down_in_PP,0.194225681362788,2.51771882432365e-05,0.000138618341773285,0.00015365542105569,33.8982371448076,low,2,k2_or_less,C_significant_but_flagged
1369,RP11-1336O20.2,antisense,-0.817674020327842,down_in_PP,0.289174806627484,0.00468966750019784,0.0132192607007039,0.0144584203726939,76.9311710412254,high,2,k2_or_less,C_significant_but_flagged
1370,RP11-297N6.4,lincRNA,-0.816803995216007,down_in_PP,0.309487439506533,0.00830981800544114,0.021368834275843,0.0230935019329119,79.6258271923543,high,2,k2_or_less,C_significant_but_flagged
1371,RP11-303E16.2,sense_intronic,0.816431674588916,up_in_PP,0.347653607132591,0.0188539782111267,0.0425884093670353,0.0450103116628226,95.0418248059435,high,4,all4,C_significant_but_flagged
1372,RP11-498C9.2,antisense,0.814855835252261,up_in_PP,0.129466444553826,3.09479745725823e-10,4.14547375060427e-09,4.6497182630404e-09,86.0915996978061,high,4,all4,C_significant_but_flagged
1373,LINC01503,lincRNA,0.814526693652152,up_in_PP,0.14702479160682,3.023618466922e-08,2.99754454185123e-07,3.39823301464195e-07,75.2875764567636,high,4,all4,C_significant_but_flagged
1374,RP11-303E16.3,antisense,0.814048388070258,up_in_PP,0.238730770073297,0.000649863683566524,0.00244181163981173,0.00271162985418742,88.7532945583989,high,4,all4,C_significant_but_flagged
1375,AC007036.5,sense_overlapping,-0.811924538041351,down_in_PP,0.17172537152165,2.26696800897115e-06,1.58434891915324e-05,1.78348555905785e-05,90.7911150030236,high,4,all4,C_significant_but_flagged
1376,AC097724.3,antisense,-0.810961981874848,down_in_PP,0.117628617722419,5.4146860014237e-12,9.16911220051898e-11,9.96993460772781e-11,0,low,2,k2_or_less,C_significant_but_flagged
1377,RP13-487P22.1,sense_intronic,-0.81085242457129,down_in_PP,0.249274074115249,0.00114251772106607,0.00395986435145316,0.00436334878998489,51.7748818535602,moderate,2,k2_or_less,C_significant_but_flagged
1378,AE000661.37,processed_transcript,0.801308022989559,up_in_PP,0.195594440012064,4.18930837419739e-05,0.000219145160664026,0.000242665827779814,49.4498830753469,low,2,k2_or_less,C_significant_but_flagged
1379,RP11-96H19.1,lincRNA,-0.801177173217797,down_in_PP,0.274111469502817,0.00346882312589682,0.0102736522312959,0.0112347287917332,84.5741340100885,high,4,all4,C_significant_but_flagged
1380,RP11-775C24.5,lincRNA,0.795557217401028,up_in_PP,0.286719660368264,0.00552549152527726,0.0151692264877313,0.016500208302191,89.6715511774133,high,4,all4,C_significant_but_flagged
1381,RP11-688G15.3,antisense,0.794167199705979,up_in_PP,0.17658643896187,6.88126724591451e-06,4.3136148003279e-05,4.8336434047195e-05,92.0934138455453,high,4,all4,C_significant_but_flagged
1382,RP1-92O14.6,antisense,0.789866129267595,up_in_PP,0.108937967611649,4.14915297913986e-13,8.02981250681105e-12,9.02180147775788e-12,83.602702504851,high,4,all4,C_significant_but_flagged
1383,RP11-219B17.3,lincRNA,-0.789259713453217,down_in_PP,0.0931259611117738,2.3470702026035e-17,6.86374252247944e-16,7.81213289743488e-16,0,low,2,k2_or_less,C_significant_but_flagged
1384,SNHG14,processed_transcript,-0.788874528294881,down_in_PP,0.202934486390729,0.0001013504313182,0.000477991063172133,0.000527095332107995,94.9176834178246,high,4,all4,C_significant_but_flagged
1385,RP11-48B3.3,lincRNA,-0.788706824051658,down_in_PP,0.301058082182367,0.00879857532610686,0.0224414710790647,0.024249321933799,61.165965739135,moderate,2,k2_or_less,C_significant_but_flagged
1386,RAPGEF4-AS1,antisense,-0.785349839858282,down_in_PP,0.226878730315114,0.000537093950102803,0.00207055046569396,0.00229418116692481,0,low,2,k2_or_less,C_significant_but_flagged
1387,RP11-932O9.9,lincRNA,-0.784859799402691,down_in_PP,0.32191546364357,0.0147649798355484,0.0347311080632531,0.03720912507188,72.372181194128,moderate,2,k2_or_less,C_significant_but_flagged
1388,RP4-751H13.7,antisense,-0.784607887081658,down_in_PP,0.188482077130818,3.14407461635807e-05,0.000169455479645518,0.00018868808411902,84.9026828704421,high,4,all4,C_significant_but_flagged
1389,RP11-142O6.1,sense_intronic,-0.781728065455261,down_in_PP,0.203983331611769,0.000126943853173905,0.000583969685801101,0.000642439827699985,0,low,2,k2_or_less,C_significant_but_flagged
1390,AC000403.4,lincRNA,-0.781665564631057,down_in_PP,0.242570509930807,0.00127109909443029,0.00433713893868099,0.00476194439965356,76.4739602442972,high,3,k3,C_significant_but_flagged
1391,LAMA5-AS1,antisense,-0.780905390705437,down_in_PP,0.270678607082749,0.00391424643200699,0.0113777364972117,0.0124171145977231,79.0053717296843,high,3,k3,C_significant_but_flagged
1392,RP11-568N6.1,lincRNA,0.780177552850504,up_in_PP,0.25840590752782,0.00253448221186382,0.00783800508313563,0.0085477042328408,92.2617285864911,high,3,k3,C_significant_but_flagged
1393,RP11-486G15.2,lincRNA,-0.779896287167882,down_in_PP,0.26913953914048,0.00375862577300361,0.0109929605698467,0.0119937859290462,72.6944574462992,moderate,2,k2_or_less,C_significant_but_flagged
1394,CH507-254M2.2,lincRNA,-0.779064162850266,down_in_PP,0.243945353241833,0.00140510098405677,0.00472743198582774,0.00519203412298347,0,low,2,k2_or_less,C_significant_but_flagged
1395,RP11-67L3.5,antisense,-0.778908451376473,down_in_PP,0.151058077693769,2.51808846007866e-07,2.1141820095977e-06,2.38942297516675e-06,80.1387865283045,high,4,all4,C_significant_but_flagged
1396,RP13-225O21.2,antisense,-0.778584690469956,down_in_PP,0.119406495452694,7.00943949860623e-11,1.02611315837657e-09,1.13171062352497e-09,0,low,2,k2_or_less,C_significant_but_flagged
1397,RP11-342I1.2,antisense,-0.778389608644685,down_in_PP,0.122100612398187,1.82980506747424e-10,2.54064125213515e-09,2.82770233105751e-09,0,low,2,k2_or_less,C_significant_but_flagged
1398,RP11-615I2.2,antisense,0.774486410807561,up_in_PP,0.253785205057574,0.00227519233384008,0.00715813988430713,0.00783830237989647,90.0508047064495,high,4,all4,C_significant_but_flagged
1399,RP11-196H14.2,antisense,-0.773375104571276,down_in_PP,0.234935071537605,0.000995245228685693,0.00352848152798427,0.00388035226024483,0,low,2,k2_or_less,C_significant_but_flagged
1400,RP11-557H15.4,lincRNA,-0.76948937904241,down_in_PP,0.11365828003544,1.28603774687687e-11,2.07271241236193e-10,2.28060874210501e-10,0,low,2,k2_or_less,C_significant_but_flagged
1401,RP11-848P1.2,sense_intronic,0.768718408296185,up_in_PP,0.219983482259788,0.00047506280853418,0.00186527089260279,0.00205149378495748,87.6398388174498,high,4,all4,C_significant_but_flagged
1402,RP11-42I10.1,lincRNA,0.765083176853675,up_in_PP,0.0942127403205056,4.63106289548446e-16,1.19776778417576e-14,1.32706020852724e-14,0,low,2,k2_or_less,C_significant_but_flagged
1403,AC008982.2,sense_intronic,0.757123259133382,up_in_PP,0.221640672533716,0.0006354959286497,0.00239320795850019,0.00265680278576546,62.4645280811815,moderate,2,k2_or_less,C_significant_but_flagged
1404,RP11-244F12.2,antisense,-0.756720981795089,down_in_PP,0.23226941142599,0.00112222130140526,0.00389889660691082,0.0043012539463334,88.4373591864622,high,4,all4,C_significant_but_flagged
1405,AC004471.10,lincRNA,-0.755708723056011,down_in_PP,0.120509710896713,3.58883380863542e-10,4.77659866765911e-09,5.33638621648298e-09,0,low,2,k2_or_less,C_significant_but_flagged
1406,RP11-432I5.6,antisense,-0.754697211455531,down_in_PP,0.21173855402915,0.000364845033900726,0.00147622638676461,0.00162082593602509,11.3111761205813,low,2,k2_or_less,C_significant_but_flagged
1407,CTD-2619J13.9,antisense,-0.75438186035723,down_in_PP,0.0883778978124476,1.39109957059152e-17,4.13567466644895e-16,4.70256862652305e-16,0,low,2,k2_or_less,C_significant_but_flagged
1408,C1orf132,lincRNA,-0.754027658431066,down_in_PP,0.237800682849921,0.00151999408085143,0.00505964824735006,0.00555491080054404,87.1858748561287,high,4,all4,C_significant_but_flagged
1409,RP11-651L5.3,antisense,0.753583380528338,up_in_PP,0.277570926019553,0.00662914056316411,0.0177045525142817,0.0193160210214216,85.9468757414684,high,3,k3,C_significant_but_flagged
1410,RP11-24J19.1,antisense,-0.752055024355914,down_in_PP,0.174886650657774,1.70611238423966e-05,9.74665798354556e-05,0.00010777150783365,81.0585611780818,high,4,all4,C_significant_but_flagged
1411,RP11-15B17.1,antisense,0.752001634221435,up_in_PP,0.144898472995025,2.10461259183028e-07,1.79651910001535e-06,2.04644015389879e-06,80.4196617049889,high,4,all4,C_significant_but_flagged
1412,RP11-13K12.1,lincRNA,-0.751406097213036,down_in_PP,0.174513810331469,1.66449969825057e-05,9.52195650252358e-05,0.000105296640267986,39.0868328380709,low,2,k2_or_less,C_significant_but_flagged
1413,RP5-1042I8.7,sense_overlapping,-0.750340979481501,down_in_PP,0.256498944537796,0.00344104391380543,0.0102010223051563,0.0111698402213324,94.0981218212215,high,4,all4,C_significant_but_flagged
1414,OSER1-AS1,lincRNA,-0.749133777059637,down_in_PP,0.240757275571109,0.00186093617231011,0.00602334784326952,0.00661105978455324,89.7553886422661,high,4,all4,C_significant_but_flagged
1415,RP11-196H14.3,antisense,-0.748087311879785,down_in_PP,0.0984247388065256,2.94755284584021e-14,6.42920534573084e-13,7.00772591425857e-13,0,low,2,k2_or_less,C_significant_but_flagged
1416,RP11-753H16.5,antisense,-0.741944108558576,down_in_PP,0.107209491816126,4.50028005759314e-12,7.68297130813347e-11,8.39341026258858e-11,0,low,2,k2_or_less,C_significant_but_flagged
1417,CTC-529I10.1,antisense,-0.740931991921428,down_in_PP,0.21750465176214,0.000657988954546714,0.00246790170291077,0.00273761365992657,51.2468116751353,moderate,2,k2_or_less,C_significant_but_flagged
1418,RP1-102E24.8,lincRNA,0.739689246750274,up_in_PP,0.273401822766263,0.00682011861720425,0.0181392139217206,0.0197925239816518,81.4963302172544,high,4,all4,C_significant_but_flagged
1419,LINC01238,antisense;lincRNA,-0.739082993625917,down_in_PP,0.158268319206945,3.01478310978717e-06,2.04815652744608e-05,2.30884363115913e-05,0,low,2,k2_or_less,C_significant_but_flagged
1420,CTD-2215L10.1,antisense,-0.73776073889965,down_in_PP,0.293450534865623,0.0119340339314179,0.0290097728796505,0.0313150787272561,90.1094726575867,high,4,all4,C_significant_but_flagged
1421,ZNF790-AS1,antisense,-0.737233955143739,down_in_PP,0.227044323523905,0.00116590427205566,0.0040358968047319,0.00444481743188092,90.900428981526,high,4,all4,C_significant_but_flagged
1422,GMDS-AS1,lincRNA,-0.73675318765468,down_in_PP,0.238431216151411,0.00200154432777325,0.00641548841829558,0.00704693434196489,89.087707220756,high,4,all4,C_significant_but_flagged
1423,SNHG3,sense_intronic,0.734076036896219,up_in_PP,0.261364466938413,0.00497528178021392,0.0138591210376482,0.0152141655568803,94.8338679927561,high,4,all4,C_significant_but_flagged
1424,THRIL,antisense,-0.732970541555582,down_in_PP,0.229329217417562,0.00139274762948562,0.00468955677059209,0.00515519161059391,84.7961879470711,high,4,all4,C_significant_but_flagged
1425,RP11-195B17.1,antisense,-0.732561146057217,down_in_PP,0.146310087927199,5.53113543681678e-07,4.34277306759092e-06,4.90434898260373e-06,0,low,2,k2_or_less,C_significant_but_flagged
1426,RP11-256I23.2,antisense,-0.732368756592807,down_in_PP,0.255200246528677,0.00410756496009685,0.0118312599735602,0.0129261335144284,81.2979658573852,high,4,all4,C_significant_but_flagged
1427,LINC00894,antisense,-0.729281931147165,down_in_PP,0.23443427749281,0.00186571073895642,0.00603724241959017,0.00662258438676327,83.3450707591347,high,4,all4,C_significant_but_flagged
1428,RP11-649G15.2,antisense,-0.727684129774451,down_in_PP,0.267347850287125,0.00649151152846253,0.0173888693807533,0.0189788989078766,91.1275861673443,high,3,k3,C_significant_but_flagged
1429,RP11-526F3.1,antisense,0.72666712077852,up_in_PP,0.261742434166704,0.0054986877664175,0.0151055697470082,0.0164656207372239,49.2344591004539,low,2,k2_or_less,C_significant_but_flagged
1430,LINC01144,lincRNA,-0.726462618696992,down_in_PP,0.0874024570570535,9.43441713372063e-17,2.5983006835748e-15,2.9159087812578e-15,0,low,2,k2_or_less,C_significant_but_flagged
1431,RP11-332M2.1,sense_intronic,0.725866049411532,up_in_PP,0.157273802932266,3.92524683776125e-06,2.60871217841348e-05,2.93342712728721e-05,86.7538872618115,high,4,all4,C_significant_but_flagged
1432,RP11-429P3.5,antisense,0.725832621666926,up_in_PP,0.178289029004557,4.67914802657333e-05,0.000241442882112375,0.000266403598828721,81.9991821086909,high,4,all4,C_significant_but_flagged
1433,CTC-529P8.1,lincRNA,-0.725786601121253,down_in_PP,0.274776508550441,0.00825713338477743,0.0212486165817119,0.0229766020295382,0,low,2,k2_or_less,C_significant_but_flagged
1434,CTD-2384B11.2,antisense,-0.725705785413849,down_in_PP,0.28108267384553,0.00982799016606134,0.0246161392706205,0.0266618893094341,87.900106158525,high,4,all4,C_significant_but_flagged
1435,CTD-2576F9.2,lincRNA,-0.722888282220487,down_in_PP,0.221127025083699,0.0010788684514014,0.00377160010169088,0.00416066291373784,80.2040763539424,high,4,all4,C_significant_but_flagged
1436,LINC01679,lincRNA,-0.722878085457921,down_in_PP,0.169690883686665,2.04454280954992e-05,0.000114837140055894,0.000126925921620122,76.2115045674766,high,4,all4,C_significant_but_flagged
1437,RP11-297A16.4,lincRNA,0.722244834378582,up_in_PP,0.155674878466543,3.49348285635507e-06,2.3453969286357e-05,2.63809778698925e-05,79.9200348219951,high,4,all4,C_significant_but_flagged
1438,CTD-2587M2.1,lincRNA,-0.720837625354245,down_in_PP,0.239575138007995,0.0026226747962782,0.00807610927835404,0.00878583534798852,76.6583311260761,high,3,k3,C_significant_but_flagged
1439,RP11-429P3.3,antisense,0.719964726797639,up_in_PP,0.312558253215862,0.0212531024039398,0.0470617823332337,0.0498439968031694,81.0648261482196,high,3,k3,C_significant_but_flagged
1440,RP11-29G8.3,processed_transcript,0.716700902783292,up_in_PP,0.123554868352787,6.6050840916652e-09,7.29236200463935e-08,8.1425067990414e-08,88.6137558399644,high,4,all4,C_significant_but_flagged
1441,CLDN10-AS1,antisense,-0.716280134284239,down_in_PP,0.16340043803582,1.16740673656841e-05,6.92978390143946e-05,7.70025754440779e-05,0,low,2,k2_or_less,C_significant_but_flagged
1442,CTB-113P19.5,lincRNA,-0.714501225367631,down_in_PP,0.153398320558901,3.19580904506863e-06,2.15885084332911e-05,2.42601153298456e-05,51.7488896443545,moderate,2,k2_or_less,C_significant_but_flagged
1443,ADD3-AS1,processed_transcript,-0.714289900594617,down_in_PP,0.210463960864206,0.00068909315320425,0.00257377833168479,0.00285330724776535,85.6398393804302,high,4,all4,C_significant_but_flagged
1444,LINC00511,lincRNA,0.713908213360727,up_in_PP,0.147211877481551,1.23755212186284e-06,9.1168522275504e-06,1.03576170818192e-05,83.7412725092629,high,4,all4,C_significant_but_flagged
1445,CTC-325H20.4,antisense,-0.71189770809617,down_in_PP,0.234058719327994,0.00235375462242936,0.00736268077225718,0.00803209483537211,89.4590337155628,high,4,all4,C_significant_but_flagged
1446,CTD-2521M24.6,antisense,0.7117613012072,up_in_PP,0.126133672892456,1.67197163149847e-08,1.73081177317697e-07,1.95003268180428e-07,0,low,2,k2_or_less,C_significant_but_flagged
1447,RP11-464D20.6,sense_intronic,-0.71106350923491,down_in_PP,0.226182369763932,0.00166791107776999,0.00549076414436771,0.00603432377383842,0,low,2,k2_or_less,C_significant_but_flagged
1448,LINC01140,lincRNA,-0.7105186733269,down_in_PP,0.29327388716395,0.0154050608269443,0.0360016443906079,0.0385082023097562,81.5516968511749,high,4,all4,C_significant_but_flagged
1449,RP11-351D16.3,lincRNA,0.709948525325546,up_in_PP,0.306952349255426,0.020728417907096,0.0461404751387903,0.0488251846946132,84.890088435118,high,4,all4,C_significant_but_flagged
1450,RP11-638I2.6,lincRNA,-0.70962581970444,down_in_PP,0.195271008085306,0.000279000036250273,0.00116791363095112,0.00128156386078018,89.5986756828149,high,4,all4,C_significant_but_flagged
1451,XXbac-BPG252P9.10,antisense,-0.708823171073754,down_in_PP,0.248260084259306,0.00430146565967228,0.0123006997218971,0.0134671449212921,87.935666439453,high,4,all4,C_significant_but_flagged
1452,RP11-410L14.2,lincRNA,-0.704522806972572,down_in_PP,0.299243556140155,0.0185553409442247,0.0420046928682286,0.044407610766405,88.799300026692,high,3,k3,C_significant_but_flagged
1453,PRKG1-AS1,antisense,-0.70135086343374,down_in_PP,0.109339262609245,1.41335301351375e-10,1.99895334225065e-09,2.22384672344509e-09,0,low,2,k2_or_less,C_significant_but_flagged
1454,RP11-523O18.5,processed_transcript,0.700447092688673,up_in_PP,0.262406133444764,0.00760040054691423,0.0198252746156083,0.0215228620199593,70.1107457717734,moderate,2,k2_or_less,C_significant_but_flagged
1455,RP11-284H19.1,antisense,-0.6997928766488,down_in_PP,0.143716778875618,1.12022802276875e-06,8.33090644113662e-06,9.52303861398896e-06,0,low,2,k2_or_less,C_significant_but_flagged
1456,RP11-73K9.3,lincRNA,-0.699428463797215,down_in_PP,0.237769651227038,0.00326498084848806,0.0097715488446152,0.0106946041872883,40.9419569730074,low,2,k2_or_less,C_significant_but_flagged
1457,RP11-638I2.8,antisense,0.69846424052606,up_in_PP,0.303211053531502,0.0212474692000061,0.047053465855841,0.0498439968031694,94.7309117766161,high,4,all4,C_significant_but_flagged
1458,LANCL1-AS1,antisense,-0.698078043837715,down_in_PP,0.138290098676611,4.46634445523425e-07,3.5796458182629e-06,4.07718828223599e-06,0,low,2,k2_or_less,C_significant_but_flagged
1459,ZNF503-AS2,antisense,0.69802500972561,up_in_PP,0.194297337460357,0.000327444146035355,0.00134201229565627,0.00147191305488459,88.660786355635,high,4,all4,C_significant_but_flagged
1460,WI2-85898F10.2,antisense,-0.696094921304101,down_in_PP,0.154470077007397,6.59549042375095e-06,4.15630326879674e-05,4.64799463576065e-05,0,low,2,k2_or_less,C_significant_but_flagged
1461,MAGI2-AS3,processed_transcript,-0.695534080397715,down_in_PP,0.252371164161705,0.00585135981088488,0.0159433332877144,0.0173416670559581,90.0440972174294,high,4,all4,C_significant_but_flagged
1462,CTB-158D10.3,antisense,-0.692702277275755,down_in_PP,0.19091973578702,0.000285361927049562,0.00119136108874165,0.00130800959570281,79.2799921594868,high,4,all4,C_significant_but_flagged
1463,AZIN1-AS1,antisense,-0.692309363813372,down_in_PP,0.208603066685625,0.000904090247976448,0.00325831317152513,0.00360077448477161,88.0403434417576,high,3,k3,C_significant_but_flagged
1464,ZRANB2-AS2,processed_transcript,-0.687478808685639,down_in_PP,0.159271932877889,1.58606032319827e-05,9.12740386222617e-05,0.000101222463399394,1.71117313658376,low,2,k2_or_less,C_significant_but_flagged
1465,AP000769.7,lincRNA,-0.686280372618366,down_in_PP,0.138416287766617,7.118969024684e-07,5.48523338705504e-06,6.17376078694822e-06,0,low,2,k2_or_less,C_significant_but_flagged
1466,CERS6-AS1,processed_transcript,-0.686017163751142,down_in_PP,0.186100212585445,0.000227557554620073,0.000976549218131553,0.0010667838990694,91.8779761907657,high,4,all4,C_significant_but_flagged
1467,LINC00513,lincRNA,-0.685813889250667,down_in_PP,0.186596243132226,0.00023748673261483,0.00101222661442055,0.00110614111089814,0,low,2,k2_or_less,C_significant_but_flagged
1468,WDFY3-AS2,processed_transcript,-0.684171257488141,down_in_PP,0.169710873509828,5.54471969369532e-05,0.000280504168274913,0.000309574220833802,85.452298448104,high,4,all4,C_significant_but_flagged
1469,CTB-89H12.4,processed_transcript,0.681384320388056,up_in_PP,0.095362261863954,8.98520058588319e-13,1.66435400652923e-11,1.8513791873865e-11,78.2969347752484,high,4,all4,C_significant_but_flagged
1470,TOLLIP-AS1,antisense,-0.680575863132509,down_in_PP,0.153364989958956,9.09581430887628e-06,5.55727201874835e-05,6.15924702887444e-05,41.8745956372253,low,2,k2_or_less,C_significant_but_flagged
1471,RP11-91P24.7,antisense,-0.679911401438507,down_in_PP,0.283592541908231,0.0165076539059455,0.0380987956709464,0.0404795608598291,95.0491216762207,high,4,all4,C_significant_but_flagged
1472,RP11-304L19.4,antisense,-0.676923369548313,down_in_PP,0.183756117592529,0.000229769877334321,0.000984726358245067,0.00107366550672312,83.1281700152991,high,4,all4,C_significant_but_flagged
1473,RP11-273B20.1,antisense,0.676763484975286,up_in_PP,0.226070664746396,0.002757137643956,0.00843498335361638,0.00918409128975951,80.6314380660376,high,4,all4,C_significant_but_flagged
1474,RP11-296K13.4,lincRNA,0.676504010848583,up_in_PP,0.152337186596052,8.9611303975556e-06,5.48166585363775e-05,6.09666843242501e-05,0,low,2,k2_or_less,C_significant_but_flagged
1475,RP5-1021I20.1,antisense,-0.676433495208548,down_in_PP,0.253697261910276,0.00766907859397699,0.0199649369193156,0.0216747897296789,76.2690272898014,high,2,k2_or_less,C_significant_but_flagged
1476,LINC00906,lincRNA,-0.675599744878763,down_in_PP,0.271460467367913,0.012818974413901,0.0308171833823681,0.0332376043290557,0,low,2,k2_or_less,C_significant_but_flagged
1477,SRD5A3-AS1,processed_transcript,0.672731538867722,up_in_PP,0.1418119871747,2.09717932037629e-06,1.47686251987775e-05,1.66504493931527e-05,79.2279181899316,high,4,all4,C_significant_but_flagged
1478,SEC24B-AS1,antisense,-0.671742180348327,down_in_PP,0.165381047934511,4.86990180846989e-05,0.000249896558402687,0.000275369033862539,75.9096142098997,high,3,k3,C_significant_but_flagged
1479,RP11-186B7.4,processed_transcript,0.671460004867972,up_in_PP,0.174470411098898,0.00011881375430613,0.000549494428938961,0.000605544304926531,95.8446296380388,high,4,all4,C_significant_but_flagged
1480,RP1-117B12.4,antisense,0.670248654353233,up_in_PP,0.274394719662463,0.0145801059917057,0.0343718009937097,0.0368505365806721,89.3304705407347,high,4,all4,C_significant_but_flagged
1481,SCOC-AS1,antisense,-0.669701058632711,down_in_PP,0.278351994648293,0.0161304600118031,0.0374108447913944,0.039860936876683,83.5697827090848,high,4,all4,C_significant_but_flagged
1482,RP11-255E6.6,antisense,0.669699598485682,up_in_PP,0.274063526097407,0.0145418381012473,0.0343009455523257,0.0367752971736394,86.8715775638235,high,3,k3,C_significant_but_flagged
1483,CTC-425F1.4,antisense,0.669317982315969,up_in_PP,0.17219637755508,0.000101513418955062,0.000478669671844172,0.000527309200262369,87.6753720252887,high,4,all4,C_significant_but_flagged
1484,RP11-875O11.1,antisense,-0.669117201928982,down_in_PP,0.252163140970614,0.00796596107356735,0.0206287712189407,0.0223387644622981,91.9997976824639,high,4,all4,C_significant_but_flagged
1485,HAS2-AS1,antisense,-0.668412069075424,down_in_PP,0.292972041927208,0.0225196120091499,0.0494208858295371,0.0523320951469343,79.7243825488651,high,4,all4,C_significant_but_flagged
1486,RP11-87C12.5,lincRNA,-0.667589016353885,down_in_PP,0.122475152632304,5.01403887552924e-08,4.81278599381516e-07,5.52054611053817e-07,0,low,2,k2_or_less,C_significant_but_flagged
1487,RP11-793H13.3,antisense,-0.667469268828983,down_in_PP,0.246407626982103,0.00675267935837361,0.017986571376295,0.0196363196126899,95.0320445915834,high,4,all4,C_significant_but_flagged
1488,LINC01290,lincRNA,-0.666950678143144,down_in_PP,0.150232990389545,9.01923302986711e-06,5.51317117547633e-05,6.11696258937853e-05,0,low,2,k2_or_less,C_significant_but_flagged
1489,AC009495.2,lincRNA,-0.666441441852982,down_in_PP,0.166554757945834,6.29860143773973e-05,0.000314015415223062,0.000344236999976247,0,low,2,k2_or_less,C_significant_but_flagged
1490,LARGE-AS1,processed_transcript,-0.664665861127985,down_in_PP,0.270294432419601,0.0139307602323012,0.0330305310257268,0.0353746476086663,45.941807980733,low,2,k2_or_less,C_significant_but_flagged
1491,RP4-669P10.20,lincRNA,-0.663043533028564,down_in_PP,0.290096449561457,0.0222778542827063,0.0489804003889099,0.0518538329646424,80.9590351721415,high,2,k2_or_less,C_significant_but_flagged
1492,POC1B-AS1,antisense,-0.660216567061777,down_in_PP,0.199806536891232,0.000952209784451165,0.00340431977431029,0.00376618988786124,81.2278149406782,high,4,all4,C_significant_but_flagged
1493,RP11-539I5.1,processed_transcript,-0.656886439059045,down_in_PP,0.177661676672735,0.000217818228734135,0.000939580111623904,0.00102668788206166,87.4039897009564,high,4,all4,C_significant_but_flagged
1494,RP5-848E13.4,lincRNA,-0.656028430501837,down_in_PP,0.113030522230793,6.47537395845536e-09,7.16177502854406e-08,8.0054123194961e-08,0,low,2,k2_or_less,C_significant_but_flagged
1495,RP11-815J21.1,sense_intronic,-0.655660297262519,down_in_PP,0.198594103489147,0.000961661162852247,0.0034332125446443,0.00379613919688822,0,low,2,k2_or_less,C_significant_but_flagged
1496,RP11-507K2.6,sense_intronic,-0.655558080712232,down_in_PP,0.20034288061019,0.0010672139311149,0.00373972532740517,0.00413784469528152,0,low,2,k2_or_less,C_significant_but_flagged
1497,CTD-2540F13.2,antisense,0.655161355266559,up_in_PP,0.110765228596687,3.3214823399989e-09,3.83962132864633e-08,4.26470447631313e-08,0,low,2,k2_or_less,C_significant_but_flagged
1498,AC006042.6,antisense,-0.654086440091857,down_in_PP,0.103107864403624,2.24296169023598e-10,3.07848334505444e-09,3.41735747663771e-09,0,low,2,k2_or_less,C_significant_but_flagged
1499,OSMR-AS1,lincRNA,0.65405759715796,up_in_PP,0.230374270189114,0.00452397415166788,0.0128388449993319,0.0140525744108162,86.8685646199365,high,3,k3,C_significant_but_flagged
1500,CTC-308K20.1,antisense,-0.653601012344566,down_in_PP,0.134549683690808,1.18761553564762e-06,8.79031912415847e-06,1.00367430131782e-05,0,low,2,k2_or_less,C_significant_but_flagged
1501,AL163953.3,processed_transcript,-0.652335701816245,down_in_PP,0.137181643203016,1.98181733894002e-06,1.40147590712513e-05,1.57634625470468e-05,32.0246318971131,low,2,k2_or_less,C_significant_but_flagged
1502,SND1-IT1,lincRNA,-0.65180120156312,down_in_PP,0.213837764765301,0.00230284996237896,0.00723142786081212,0.0079045621797725,0,low,2,k2_or_less,C_significant_but_flagged
1503,RP11-434H6.7,lincRNA,-0.651393123346949,down_in_PP,0.0942755538214851,4.86503648032571e-12,8.26627418779139e-11,8.99615933776468e-11,0,low,2,k2_or_less,C_significant_but_flagged
1504,NAV2-AS2,antisense,-0.650996181239628,down_in_PP,0.272064787045663,0.0167204265170124,0.0384623523973717,0.0407831372824761,89.4742453271681,high,4,all4,C_significant_but_flagged
1505,RP11-715J22.4,lincRNA,0.650212492475328,up_in_PP,0.20273105539435,0.00134002863773351,0.00453835104309151,0.00498136075212448,85.6354289188723,high,4,all4,C_significant_but_flagged
1506,RP5-832C2.5,lincRNA,0.650046928013196,up_in_PP,0.271907662756835,0.016816745719905,0.0386484439461035,0.0409718799155568,89.1369860142642,high,4,all4,C_significant_but_flagged
1507,AC092168.2,sense_intronic,-0.644933067507582,down_in_PP,0.180032819884509,0.000340571504404522,0.00138877368099351,0.00152868558045474,0,low,2,k2_or_less,C_significant_but_flagged
1508,RP11-770J1.3,antisense,-0.644781589159964,down_in_PP,0.128997611119107,5.78081357495315e-07,4.52463303608606e-06,5.10481231404536e-06,77.9130119843902,high,4,all4,C_significant_but_flagged
1509,RP11-834C11.4,lincRNA,-0.64314163422078,down_in_PP,0.249990974960042,0.0100920468042691,0.0251818873963154,0.0272756318064162,93.4388757100832,high,4,all4,C_significant_but_flagged
1510,MYLK-AS1,antisense,-0.642554706676124,down_in_PP,0.262110700347818,0.0142276778439904,0.0336358892676244,0.036105548192014,93.0178667462253,high,4,all4,C_significant_but_flagged
1511,RP11-90L1.8,antisense,0.642031258362575,up_in_PP,0.201488059904641,0.00144031295482459,0.00483357301470459,0.00530402906853277,90.1841282965289,high,4,all4,C_significant_but_flagged
1512,RP11-119D9.1,lincRNA,-0.640899015382287,down_in_PP,0.19335324143149,0.000917567572431425,0.00329882061401182,0.00364531811801439,0,low,2,k2_or_less,C_significant_but_flagged
1513,PPP3CB-AS1,processed_transcript,-0.640535815094015,down_in_PP,0.148600932337038,1.62927988621128e-05,9.34607747956674e-05,0.000103370880757129,92.8409932923496,high,4,all4,C_significant_but_flagged
1514,MINCR,antisense,-0.639883016561836,down_in_PP,0.252927413435854,0.0114092528461093,0.0279346126249699,0.0302128745808537,91.1327648275549,high,4,all4,C_significant_but_flagged
1515,RP1-232P20.1,antisense,0.639518031516877,up_in_PP,0.187135377835073,0.000632203403920197,0.0023825987532403,0.00264815501332303,82.3359518061803,high,3,k3,C_significant_but_flagged
1516,RP11-589P10.5,lincRNA,-0.639132135559668,down_in_PP,0.112244022299486,1.24002055295448e-08,1.30962474075622e-07,1.47001888565316e-07,0,low,2,k2_or_less,C_significant_but_flagged
1517,RP1-206D15.6,lincRNA,-0.639042980082685,down_in_PP,0.177755670631355,0.000324312066663411,0.00133113478786741,0.00146176907547144,82.3689545931846,high,3,k3,C_significant_but_flagged
1518,RP1-127H14.3,antisense,0.637358936328642,up_in_PP,0.151518260555093,2.59375969984883e-05,0.000142273595092168,0.000157408109694893,0,low,2,k2_or_less,C_significant_but_flagged
1519,RP11-283I3.6,sense_overlapping,-0.636261632170947,down_in_PP,0.207825908800597,0.00220221745130249,0.00696516579562631,0.00762929936892384,91.7752112654085,high,4,all4,C_significant_but_flagged
1520,RP11-398C13.6,lincRNA,-0.633837002039441,down_in_PP,0.191558596005047,0.000936829089553643,0.00335651331556732,0.00371554488588324,56.3914020625906,moderate,2,k2_or_less,C_significant_but_flagged
1521,RP11-417F21.1,antisense,-0.631728225441208,down_in_PP,0.219512659162027,0.00400373971068809,0.0115830381558554,0.0126453881227353,0,low,2,k2_or_less,C_significant_but_flagged
1522,RP4-591C20.9,antisense,0.630768892194863,up_in_PP,0.156877722217009,5.80087653137471e-05,0.000291872249807896,0.000320976889402281,83.4791775479135,high,4,all4,C_significant_but_flagged
1523,RP11-583F2.5,antisense,-0.630378140054319,down_in_PP,0.197489547121392,0.00141312373984642,0.00475221667392349,0.00521722390982548,0,low,2,k2_or_less,C_significant_but_flagged
1524,VPS9D1-AS1,antisense,0.62829623163504,up_in_PP,0.23425001178582,0.00731482598870146,0.0191962480553755,0.0208919155466081,90.942623793203,high,4,all4,C_significant_but_flagged
1525,RP11-449G16.1,sense_intronic,-0.627982179156224,down_in_PP,0.261161437413239,0.0161912977399403,0.0375172248482234,0.0398746416168023,59.8580229856164,moderate,2,k2_or_less,C_significant_but_flagged
1526,GLYCTK-AS1,processed_transcript,0.625408716348602,up_in_PP,0.233553844554215,0.00741091296045855,0.0194077639096147,0.0210828536357029,81.4033304943785,high,4,all4,C_significant_but_flagged
1527,AC098617.1,antisense,-0.624148007318766,down_in_PP,0.250216794296386,0.0126159992486877,0.0303875226497464,0.0327864436931361,85.5974318086401,high,4,all4,C_significant_but_flagged
1528,RP11-517C16.4,antisense,0.623888200629985,up_in_PP,0.230705457260964,0.00684561115499526,0.0181954297132772,0.0198398924766674,83.0277199469795,high,4,all4,C_significant_but_flagged
1529,AC068580.6,antisense,0.622085162296178,up_in_PP,0.17176878399854,0.000292738257189935,0.00121749190204018,0.00133756962920892,84.6691683106895,high,4,all4,C_significant_but_flagged
1530,LMO7-AS1,antisense,0.620084894633316,up_in_PP,0.131466145927427,2.39713950674316e-06,1.66418588138496e-05,1.87566413122562e-05,84.8447536422657,high,4,all4,C_significant_but_flagged
1531,CTD-2325A15.5,antisense,-0.618913362772084,down_in_PP,0.244695396709826,0.0114283242485107,0.0279676459638878,0.0302263808210916,86.4052301698659,high,4,all4,C_significant_but_flagged
1532,TONSL-AS1,antisense,0.618007179725298,up_in_PP,0.126729464523532,1.07937437394656e-06,8.05577145915688e-06,9.21193869046699e-06,0,low,2,k2_or_less,C_significant_but_flagged
1533,RP11-216B9.9,antisense,-0.617861295089416,down_in_PP,0.173106581575289,0.000357999705735581,0.00145063680277205,0.00159532927571355,90.663573672857,high,4,all4,C_significant_but_flagged
1534,P4HA2-AS1,antisense,-0.617281123543218,down_in_PP,0.123114920160267,5.3348472100332e-07,4.20182089182439e-06,4.74001722337036e-06,77.3957418949366,high,4,all4,C_significant_but_flagged
1535,RP11-334J6.7,antisense,-0.614481348598104,down_in_PP,0.199105999000826,0.00202730989404344,0.0064889451551107,0.00712605191838015,96.4132772346865,high,4,all4,C_significant_but_flagged
1536,KCNJ2-AS1,antisense,0.613755425560698,up_in_PP,0.184561063641441,0.000882642029501395,0.0031906497249912,0.00352975236751621,86.943557436873,high,3,k3,C_significant_but_flagged
1537,GS1-251I9.3,antisense,-0.613211721244906,down_in_PP,0.251682761543202,0.0148323409258271,0.0348614956656736,0.0373353921966573,93.0429154338481,high,4,all4,C_significant_but_flagged
1538,MEG9,lincRNA,-0.612182034562094,down_in_PP,0.152555317608674,5.99893225144412e-05,0.000300810804493182,0.00033066725926113,0,low,2,k2_or_less,C_significant_but_flagged
1539,RP5-1027G4.3,antisense,0.610799143492522,up_in_PP,0.149941007238418,4.62926822386396e-05,0.000239164543859985,0.000264608237842264,10.7270544209365,low,2,k2_or_less,C_significant_but_flagged
1540,RP11-53B2.2,sense_intronic,-0.610722713309851,down_in_PP,0.228159044946259,0.00743420366012195,0.0194545277362406,0.0211352163188881,32.4939223836011,low,2,k2_or_less,C_significant_but_flagged
1541,AC022201.5,antisense,0.608635675492634,up_in_PP,0.159765115814057,0.000139211216191737,0.000632966527611996,0.000696377956603059,77.4017860595266,high,4,all4,C_significant_but_flagged
1542,EGFR-AS1,antisense,-0.604341971688323,down_in_PP,0.138092542805758,1.20680481582527e-05,7.14503715903919e-05,7.935933796468e-05,80.3972940510681,high,4,all4,C_significant_but_flagged
1543,FLJ37035,lincRNA,-0.602740165691127,down_in_PP,0.146193524211908,3.74144542602663e-05,0.000198367051548719,0.000218773437275909,76.1202227216728,high,4,all4,C_significant_but_flagged
1544,RP11-464F9.22,lincRNA,-0.602425018311736,down_in_PP,0.259572502860718,0.0202957364639981,0.0452940113322103,0.0480413849451421,69.178806731434,moderate,2,k2_or_less,C_significant_but_flagged
1545,RP11-373L24.1,3prime_overlapping_ncRNA,0.600681961022194,up_in_PP,0.21684608633799,0.00560417687298101,0.0153482549219375,0.0167006014665212,91.9678371131702,high,4,all4,C_significant_but_flagged
1546,XXbac-BPG181M17.4,processed_transcript;sense_intronic,0.599831037721577,up_in_PP,0.205684943161057,0.00354253688056105,0.0104672317025019,0.0114563206892284,40.7411720234368,low,2,k2_or_less,C_significant_but_flagged
1547,RP11-390E23.6,antisense,0.599427046682673,up_in_PP,0.10668743379676,1.92583743708391e-08,1.97971033011473e-07,2.24008026619948e-07,79.4010254084167,high,4,all4,C_significant_but_flagged
1548,BIRC6-AS2,antisense,-0.598268231453055,down_in_PP,0.212899110605735,0.0049525790548879,0.0138081584462789,0.015155452312942,0,low,2,k2_or_less,C_significant_but_flagged
1549,RP11-507K2.2,antisense,-0.598068776822266,down_in_PP,0.242435206293576,0.0136279988425071,0.0324261755426672,0.0348101245522599,88.1581643690889,high,4,all4,C_significant_but_flagged
1550,AC093495.4,antisense,-0.597844660371089,down_in_PP,0.182759629224395,0.00107089323825442,0.00375034543959177,0.00414293239221974,94.635712932979,high,4,all4,C_significant_but_flagged
1551,AC104532.4,antisense,-0.597722736123541,down_in_PP,0.118796783936695,4.86727261985024e-07,3.86635773054475e-06,4.40600180462175e-06,13.1166500629814,low,2,k2_or_less,C_significant_but_flagged
1552,RP5-1125A11.7,lincRNA,-0.597073759889039,down_in_PP,0.215321385798866,0.00555519846723227,0.0152390963206847,0.0165680557978509,74.3248445130791,moderate,2,k2_or_less,C_significant_but_flagged
1553,RP11-218M22.1,antisense,-0.593069110137065,down_in_PP,0.229420213729027,0.00973570156593313,0.0244215946997714,0.0264612943943421,90.0885682293397,high,4,all4,C_significant_but_flagged
1554,RP11-53O19.3,lincRNA,-0.592461658237438,down_in_PP,0.152552250994837,0.000102894148833167,0.000484724277830233,0.000533840505996539,87.9059354933949,high,4,all4,C_significant_but_flagged
1555,RP1-142L7.5,antisense,-0.591853557194481,down_in_PP,0.18461570851022,0.00134655832141073,0.00455677081436616,0.00500133721608947,82.6042736561515,high,3,k3,C_significant_but_flagged
1556,RP11-136L23.2,antisense,-0.591168831351962,down_in_PP,0.179506828338907,0.000990207347197943,0.00351410033071012,0.00386699204993276,81.4538177057772,high,4,all4,C_significant_but_flagged
1557,RP11-254F7.2,lincRNA,-0.588429920106279,down_in_PP,0.202812608719895,0.00371561204359259,0.0108913063200605,0.0119180528633248,85.1205262053455,high,4,all4,C_significant_but_flagged
1558,RP11-290O12.2,antisense,-0.587207680392117,down_in_PP,0.186896837085432,0.00167866066002568,0.00551962653654731,0.00605613232723912,48.7273592824976,low,2,k2_or_less,C_significant_but_flagged
1559,RP11-311C24.1,3prime_overlapping_ncRNA,-0.586546116437356,down_in_PP,0.198284532753059,0.00309538446363903,0.0093383246723973,0.0102148361640543,90.6060412954717,high,4,all4,C_significant_but_flagged
1560,CTC-490G23.6,antisense,0.585930566800358,up_in_PP,0.209511499643945,0.00516352594985892,0.0143087447319067,0.0156900117872469,0,low,2,k2_or_less,C_significant_but_flagged
1561,RP11-697E22.1,antisense,0.585755543183706,up_in_PP,0.119724874115742,9.95563681819733e-07,7.46583392991207e-06,8.53030505194848e-06,79.8333679849933,high,4,all4,C_significant_but_flagged
1562,CTD-2006H14.2,antisense,-0.585548041190618,down_in_PP,0.228889316841577,0.0105211077706186,0.0260965956994502,0.0282762939897309,79.1140790357827,high,3,k3,C_significant_but_flagged
1563,CTD-2524L6.3,antisense,-0.585504796077461,down_in_PP,0.115181038551946,3.70847940515714e-07,3.01368063722595e-06,3.42875862951174e-06,79.3252545051914,high,4,all4,C_significant_but_flagged
1564,RP11-138A9.2,lincRNA,-0.585363750521587,down_in_PP,0.152585702687561,0.000124904422848359,0.000575750348616071,0.000634344410404753,0,low,2,k2_or_less,C_significant_but_flagged
1565,CTD-2081C10.7,lincRNA,-0.584786902438593,down_in_PP,0.122000028971216,1.64032089099035e-06,1.17928061302353e-05,1.32915140361709e-05,0,low,2,k2_or_less,C_significant_but_flagged
1566,VIPR1-AS1,antisense,0.584222508787485,up_in_PP,0.214677250656119,0.00650061973181333,0.0174058260383233,0.0189926951921379,86.0410767459498,high,4,all4,C_significant_but_flagged
1567,RP11-336A10.4,lincRNA,-0.584110072028625,down_in_PP,0.183835809101278,0.00148629324209721,0.00496659749779204,0.00545478444321851,0,low,2,k2_or_less,C_significant_but_flagged
1568,CTC-429P9.1,antisense,-0.583833665715074,down_in_PP,0.127800580186454,4.91654179783082e-06,3.19881543450768e-05,3.57544140490991e-05,79.5741518384063,high,4,all4,C_significant_but_flagged
1569,RP11-666A8.9,antisense,-0.583682779979996,down_in_PP,0.131199432266653,8.63429636810325e-06,5.30764620008348e-05,5.9302540293306e-05,78.6522101536257,high,4,all4,C_significant_but_flagged
1570,CTD-2145A24.4,antisense,0.577786166473804,up_in_PP,0.149366348032128,0.00010961987616389,0.000512077043135026,0.00056467286209661,0,low,2,k2_or_less,C_significant_but_flagged
1571,ANO1-AS1,antisense,-0.576578013601849,down_in_PP,0.223986825074075,0.0100483679085654,0.0250753954520031,0.0271745549627266,88.7737431017017,high,4,all4,C_significant_but_flagged
1572,RP11-319G6.1,antisense,-0.575632888005842,down_in_PP,0.215215002034901,0.00747989237839783,0.0195536729725051,0.021251145319322,89.3012647099674,high,4,all4,C_significant_but_flagged
1573,RP11-667K14.4,antisense,0.573441027352006,up_in_PP,0.154001111324922,0.000196389435953924,0.00085672968561832,0.000941059899637463,94.7880757294228,high,4,all4,C_significant_but_flagged
1574,GS1-358P8.4,sense_overlapping,-0.572863920302447,down_in_PP,0.22412390901014,0.0105878762305192,0.0262232783960147,0.0283676411451744,89.7118595872715,high,4,all4,C_significant_but_flagged
1575,RP11-7I15.3,antisense,-0.57167577366639,down_in_PP,0.112393616062613,3.64977297309969e-07,2.96886109223708e-06,3.38170613588916e-06,0,low,2,k2_or_less,C_significant_but_flagged
1576,RP11-697E22.2,antisense,0.570889343634871,up_in_PP,0.23828572925943,0.016583302480661,0.0381995153281551,0.0405171935820554,91.2651903772471,high,4,all4,C_significant_but_flagged
1577,RP11-140H17.2,sense_intronic,-0.570778351754606,down_in_PP,0.167574812195335,0.000658954674104866,0.00247041466603084,0.00273899795855116,0,low,2,k2_or_less,C_significant_but_flagged
1578,RP11-47A8.5,lincRNA,-0.570267997369783,down_in_PP,0.172886572398033,0.000971995992432634,0.0034649301485599,0.00382000604837058,82.2312495107572,high,4,all4,C_significant_but_flagged
1579,CCDC18-AS1,processed_transcript,-0.569880890981228,down_in_PP,0.150770973558852,0.000156967906185682,0.000701110259280975,0.000771818329619825,82.0174764440825,high,4,all4,C_significant_but_flagged
1580,DLGAP4-AS1,antisense,-0.568809983432813,down_in_PP,0.133145016363624,1.93633136711104e-05,0.000109322677906143,0.000121251893277706,84.8326402685901,high,4,all4,C_significant_but_flagged
1581,CTA-243E7.2,antisense,-0.568157168668086,down_in_PP,0.189539256928942,0.0027214145485783,0.00833688930649913,0.00907208070238698,77.0124712931039,high,4,all4,C_significant_but_flagged
1582,RP11-20G6.3,3prime_overlapping_ncRNA,-0.567230653204737,down_in_PP,0.154592949980693,0.000243321751807095,0.00103498468156643,0.00113210023663366,83.7217322489981,high,4,all4,C_significant_but_flagged
1583,LINC00847,lincRNA,-0.567169732671048,down_in_PP,0.129400502867665,1.17025674476118e-05,6.94012648774367e-05,7.70730735857173e-05,82.4607711014051,high,4,all4,C_significant_but_flagged
1584,RP11-17M16.2,antisense,0.564808083521685,up_in_PP,0.23668535437834,0.0170177230500436,0.0390494575242807,0.0414382035101512,87.7914142445165,high,4,all4,C_significant_but_flagged
1585,RP11-166P13.3,lincRNA,-0.563761826562584,down_in_PP,0.195319765521805,0.00389734536611158,0.0113351827278041,0.0123770631047683,80.455034710372,high,3,k3,C_significant_but_flagged
1586,RP11-506M13.3,lincRNA,-0.563547636956029,down_in_PP,0.214987048374335,0.00875926474276892,0.022352580489082,0.0241563661835316,87.0358013345173,high,4,all4,C_significant_but_flagged
1587,RP11-192H23.5,antisense,-0.56348800745585,down_in_PP,0.198629322306432,0.00455564034372091,0.0129126281717183,0.0141205270539258,87.9308860480544,high,4,all4,C_significant_but_flagged
1588,RP3-512B11.3,antisense,0.562930157976624,up_in_PP,0.165915395259724,0.000691632505120618,0.00258249312326176,0.00286108398628768,82.317869138392,high,4,all4,C_significant_but_flagged
1589,CTD-2410N18.4,processed_transcript,0.558391899714036,up_in_PP,0.117856647688828,2.15954366550489e-06,1.51561140702559e-05,1.70828984289573e-05,89.5796079865885,high,4,all4,C_significant_but_flagged
1590,ARMCX3-AS1,antisense,-0.557737961547561,down_in_PP,0.190696159668598,0.00344736718143817,0.0102161424028856,0.0111819773568838,77.9106682845963,high,4,all4,C_significant_but_flagged
1591,RP11-152H18.3,antisense,0.557602298681861,up_in_PP,0.193578092853833,0.0039704103388422,0.011508954882265,0.0125676412115364,91.2134539222566,high,4,all4,C_significant_but_flagged
1592,RP11-454E5.4,sense_intronic,-0.557460509053701,down_in_PP,0.24452519922119,0.0226215040984138,0.0496054016724513,0.0525124722284531,85.587317198794,high,3,k3,C_significant_but_flagged
1593,RP11-681H18.2,lincRNA,-0.557168305449962,down_in_PP,0.151225903182364,0.000229292067770389,0.00098315103549384,0.0010725911105324,87.5901720990006,high,4,all4,C_significant_but_flagged
1594,RP11-66N11.8,antisense,-0.556577958162111,down_in_PP,0.0926500834809096,1.88624326356727e-09,2.25754673693997e-08,2.55304376359752e-08,0,low,2,k2_or_less,C_significant_but_flagged
1595,RP3-337O18.9,antisense,0.556378232862117,up_in_PP,0.120562272352333,3.9335685501641e-06,2.6135497084892e-05,2.93406849575236e-05,82.6336447399867,high,4,all4,C_significant_but_flagged
1596,RP6-99M1.3,lincRNA,-0.556090170485559,down_in_PP,0.184262090814481,0.00254507326670683,0.00786687545759824,0.00857006383271631,0,low,2,k2_or_less,C_significant_but_flagged
1597,RP11-44I10.3,antisense,0.555612145617654,up_in_PP,0.141997414213832,9.12196809417625e-05,0.000434959597367285,0.000477854188177974,0,low,2,k2_or_less,C_significant_but_flagged
1598,AP001615.9,antisense,0.555469754539836,up_in_PP,0.135817695766084,4.31710470190777e-05,0.00022503177628788,0.000249068160602066,82.2957305426748,high,4,all4,C_significant_but_flagged
1599,CTD-2054N24.2,lincRNA,-0.555336134108766,down_in_PP,0.125395251664425,9.48091503764144e-06,5.76585034393035e-05,6.40998740123039e-05,0,low,2,k2_or_less,C_significant_but_flagged
1600,AC093110.3,antisense,-0.554752986496909,down_in_PP,0.161928266592868,0.000612725008065764,0.00231685488113219,0.00257403991252482,92.2072838493131,high,4,all4,C_significant_but_flagged
1601,RP4-785G19.5,sense_overlapping,0.553699152953506,up_in_PP,0.160187897244086,0.000547116443488857,0.00210304176483401,0.00233238704529683,87.157865884019,high,4,all4,C_significant_but_flagged
1602,TOB1-AS1,processed_transcript,0.553523995900448,up_in_PP,0.197162015676195,0.0049934255579336,0.013903480872451,0.0152588646816234,77.1037609614935,high,4,all4,C_significant_but_flagged
1603,SNHG9,lincRNA,0.552946768510626,up_in_PP,0.233995538636162,0.0181244692748591,0.0412304119965978,0.0436419468849835,87.6568885340437,high,3,k3,C_significant_but_flagged
1604,CTD-2286N8.2,sense_intronic,-0.552829674349822,down_in_PP,0.192828157792695,0.00414441779611994,0.0119223368694167,0.0130326277643975,64.6317257542815,moderate,2,k2_or_less,C_significant_but_flagged
1605,ADAMTSL4-AS1,processed_transcript,-0.551729737362939,down_in_PP,0.18210631871198,0.00244786868448001,0.00760821544954924,0.00830088385403214,82.8721748794045,high,4,all4,C_significant_but_flagged
1606,AF131215.8,lincRNA,0.54981722032216,up_in_PP,0.158175626286136,0.000508967363296875,0.0019762941428426,0.00217834004053964,22.1987338018025,low,2,k2_or_less,C_significant_but_flagged
1607,C1RL-AS1,antisense,0.549463300093841,up_in_PP,0.145463883622808,0.000158526470557671,0.000707218410782197,0.000776833565235609,78.0578300617446,high,4,all4,C_significant_but_flagged
1608,CTD-2562J17.7,antisense,0.548806701517357,up_in_PP,0.167138651228682,0.00102511541819458,0.00361494900953883,0.00398533190883014,89.5157602481838,high,4,all4,C_significant_but_flagged
1609,RP11-96D1.9,sense_intronic,-0.545573345500164,down_in_PP,0.22060100896108,0.013393817814403,0.0319630415220499,0.0343617743253061,11.1710417307286,low,2,k2_or_less,C_significant_but_flagged
1610,AC093690.1,antisense,-0.543542489286603,down_in_PP,0.184813528770613,0.00327120811839261,0.00978489810725452,0.010706896768748,0,low,2,k2_or_less,C_significant_but_flagged
1611,AC009299.2,antisense,0.543053370001156,up_in_PP,0.173259298825407,0.00172241768679026,0.00564130058368237,0.00619526295157228,80.9585013255406,high,4,all4,C_significant_but_flagged
1612,RP11-57H14.4,sense_overlapping,-0.542934149469642,down_in_PP,0.125906883755713,1.61646916095664e-05,9.2832149660622e-05,0.00010285973616852,81.8067678868188,high,4,all4,C_significant_but_flagged
1613,EIF1B-AS1,processed_transcript,-0.542401059664242,down_in_PP,0.223940715061454,0.0154321932102527,0.0360549665549877,0.0385537528988242,83.3251403913527,high,4,all4,C_significant_but_flagged
1614,LINC00294,lincRNA,-0.541584226005723,down_in_PP,0.168145810212828,0.00127779750170088,0.00435643599341961,0.00477876386331868,90.0821584650175,high,4,all4,C_significant_but_flagged
1615,RP5-855D21.2,antisense,-0.541583889870264,down_in_PP,0.227636030356896,0.0173518628040278,0.0396840298758542,0.0420648789950579,42.6611392766433,low,2,k2_or_less,C_significant_but_flagged
1616,RP11-19P22.8,antisense,-0.541332072563429,down_in_PP,0.201437852862305,0.00720235204636297,0.0189646298577378,0.0206661653213611,91.3063218857223,high,4,all4,C_significant_but_flagged
1617,RP11-304L19.1,sense_overlapping,-0.541308457586569,down_in_PP,0.167456036351993,0.00122694644787398,0.00421229203789284,0.00462859396682712,81.8939577867781,high,4,all4,C_significant_but_flagged
1618,RP11-307C12.12,antisense,0.539945694998546,up_in_PP,0.235697952872924,0.0219728173390973,0.048411670167249,0.0512541135451612,95.4435288470881,high,4,all4,C_significant_but_flagged
1619,RP11-345P4.9,antisense,0.539552591953556,up_in_PP,0.134845917133765,6.30080203330686e-05,0.000314062650275928,0.000344236999976247,82.7373680354643,high,4,all4,C_significant_but_flagged
1620,RP11-477J21.6,antisense,-0.538552331174904,down_in_PP,0.115932788342274,3.3944430773678e-06,2.28318659165302e-05,2.56778936988994e-05,0,low,2,k2_or_less,C_significant_but_flagged
1621,FZD10-AS1,processed_transcript,-0.538361514773481,down_in_PP,0.206264960820892,0.00905294340210766,0.0229756827892276,0.0248238821932318,81.1664663246016,high,4,all4,C_significant_but_flagged
1622,RP11-610P16.1,lincRNA,-0.538244388045235,down_in_PP,0.0836638264673493,1.24765712328881e-10,1.77562650902125e-09,1.97029648630317e-09,0,low,2,k2_or_less,C_significant_but_flagged
1623,RP11-478C19.2,processed_transcript,0.537459849725204,up_in_PP,0.17661868126599,0.00234191779453582,0.00733480926851498,0.0080043272487808,95.4343248057864,high,4,all4,C_significant_but_flagged
1624,RP11-135L13.4,antisense,-0.536877618506028,down_in_PP,0.177168651587027,0.002442951649228,0.00759872654185735,0.00829721490283325,94.4509583291985,high,4,all4,C_significant_but_flagged
1625,RP11-449P15.2,antisense,-0.536580065736454,down_in_PP,0.221722788399669,0.0155184055582328,0.0362192475414818,0.0387244180221876,90.4935579102916,high,4,all4,C_significant_but_flagged
1626,AC009950.2,antisense,0.534114499924823,up_in_PP,0.157871419058297,0.000716399664094812,0.00266243985851841,0.00295506324741492,78.2725597640345,high,4,all4,C_significant_but_flagged
1627,RP11-359P5.1,antisense,0.534089043808759,up_in_PP,0.211337216728349,0.011497967849671,0.028107845560223,0.0303920017626918,85.8661871325482,high,4,all4,C_significant_but_flagged
1628,CTD-2135J3.3,antisense,0.533867894730971,up_in_PP,0.227342021958422,0.0188591853581459,0.0425963323220849,0.0450103116628226,76.6096460679688,high,3,k3,C_significant_but_flagged
1629,RP4-803J11.2,antisense,-0.533420417290087,down_in_PP,0.165423976978726,0.001261640763404,0.00431132271781171,0.00473470909215014,79.7711296426183,high,4,all4,C_significant_but_flagged
1630,RP11-158M2.3,antisense,-0.532862979600109,down_in_PP,0.147786521562099,0.000311400905100609,0.00128614526757275,0.00141388427740854,86.5240706807808,high,4,all4,C_significant_but_flagged
1631,TMEM246-AS1,antisense,-0.532568133397822,down_in_PP,0.167597067491451,0.0014846374739465,0.004962387886376,0.00545333306431792,78.5476070494348,high,4,all4,C_significant_but_flagged
1632,RP11-762H8.4,sense_intronic,-0.531161133515677,down_in_PP,0.133340500815877,6.79092827820958e-05,0.000335688845184396,0.000366845776027626,79.5910488433242,high,4,all4,C_significant_but_flagged
1633,CTA-293F17.1,antisense,-0.528858038031808,down_in_PP,0.186091174312481,0.00448413760624355,0.0127459971291455,0.0139588945483567,80.5872344849555,high,4,all4,C_significant_but_flagged
1634,LINC02035,lincRNA,-0.528784805805223,down_in_PP,0.130192865707791,4.87480193988224e-05,0.000249994446935397,0.000275369033862539,84.4625448545695,high,4,all4,C_significant_but_flagged
1635,RP11-575F12.3,lincRNA,-0.528432158486023,down_in_PP,0.134762300451855,8.81030538208074e-05,0.000421945105074924,0.000463773617862085,0,low,2,k2_or_less,C_significant_but_flagged
1636,RP11-30K9.5,antisense,-0.527817535892226,down_in_PP,0.174469585734291,0.00248411578850134,0.00770220337639746,0.00839747579441039,77.8240061467508,high,4,all4,C_significant_but_flagged
1637,RP11-345J18.2,sense_intronic,-0.52628955393573,down_in_PP,0.126855420963521,3.34317207311989e-05,0.000178998596251268,0.000197670164191428,0,low,2,k2_or_less,C_significant_but_flagged
1638,TMEM220-AS1,antisense,-0.523656682194585,down_in_PP,0.172698995430735,0.00242783931849091,0.00756139045607296,0.00825236506764349,80.6667841895023,high,3,k3,C_significant_but_flagged
1639,SNHG15,lincRNA,0.521689407898553,up_in_PP,0.153103103371846,0.000655756859306247,0.00246137163515548,0.002730952772106,84.2007704495507,high,4,all4,C_significant_but_flagged
1640,RP11-84A19.4,lincRNA,-0.521621052415006,down_in_PP,0.223552088681115,0.0196307717016993,0.0440650604915351,0.0466203892169335,0,low,2,k2_or_less,C_significant_but_flagged
1641,RP4-591N18.2,antisense,-0.519100384705068,down_in_PP,0.198243226563017,0.00883166439996258,0.0225006783767269,0.0243250234618957,0,low,2,k2_or_less,C_significant_but_flagged
1642,RP11-386J22.3,sense_intronic,-0.519009434288075,down_in_PP,0.22403948649002,0.02052563848794,0.0457500490737062,0.0484530484109746,32.6663114615642,low,2,k2_or_less,C_significant_but_flagged
1643,RP3-521E19.2,antisense,-0.518131701279427,down_in_PP,0.0933126487606906,2.81384512528662e-08,2.80958512071448e-07,3.20408101503032e-07,0,low,2,k2_or_less,C_significant_but_flagged
1644,RP4-665N4.8,antisense,-0.517629393782716,down_in_PP,0.0963405099433045,7.74737535861376e-08,7.1779933914077e-07,8.23658309010362e-07,0,low,2,k2_or_less,C_significant_but_flagged
1645,SH3BP5-AS1,antisense,-0.517368085527568,down_in_PP,0.11702752783944,9.82864277910655e-06,5.95276571604564e-05,6.60381014055808e-05,77.8801530987634,high,4,all4,C_significant_but_flagged
1646,AC007255.8,antisense,-0.516681721342417,down_in_PP,0.214807944855104,0.0161583355173724,0.0374650943414179,0.0398706232889557,0,low,2,k2_or_less,C_significant_but_flagged
1647,RP11-180C16.1,antisense,-0.516249498340435,down_in_PP,0.131307167227246,8.43763947146841e-05,0.000406115076692801,0.000446328435122785,87.5965579525389,high,4,all4,C_significant_but_flagged
1648,RP11-127B20.3,antisense,-0.51592461057116,down_in_PP,0.117280139156376,1.08711193823072e-05,6.50553949282195e-05,7.20357328747983e-05,0,low,2,k2_or_less,C_significant_but_flagged
1649,AC005932.1,antisense,0.515050304275162,up_in_PP,0.121369769644035,2.19917447176792e-05,0.000122697485777933,0.000135683183356621,0,low,2,k2_or_less,C_significant_but_flagged
1650,ATP2A1-AS1,antisense,0.514185465837815,up_in_PP,0.125054227826025,3.92756471756322e-05,0.000207357545716388,0.000229037365672454,0,low,2,k2_or_less,C_significant_but_flagged
1651,AC002116.7,antisense,-0.512902756177327,down_in_PP,0.157302053948791,0.00111167587229005,0.00387332416395569,0.0042719551504432,25.0602908002686,low,2,k2_or_less,C_significant_but_flagged
1652,RNU12,lincRNA;snRNA,0.512476364083974,up_in_PP,0.183583573588283,0.00524618688501063,0.0144993312430675,0.0158854098330588,0,low,2,k2_or_less,C_significant_but_flagged
1653,CTD-2540L5.5,lincRNA,0.512285168273427,up_in_PP,0.0898099791305449,1.16958894735895e-08,1.24046712647948e-07,1.39033279539071e-07,79.396079709682,high,4,all4,C_significant_but_flagged
1654,RP11-635N19.3,sense_intronic,-0.512191327457904,down_in_PP,0.162820593811888,0.00165666955683667,0.00545949407408818,0.00600369277423138,0,low,2,k2_or_less,C_significant_but_flagged
1655,RP11-266J6.2,antisense,-0.510236638042193,down_in_PP,0.216708289891257,0.0185483416050212,0.0419964348455182,0.044407610766405,82.6906433904785,high,3,k3,C_significant_but_flagged
1656,RP11-53B2.3,antisense,-0.509246471603219,down_in_PP,0.195818451578773,0.00930594978907018,0.0235201405419198,0.0254580409425974,0,low,2,k2_or_less,C_significant_but_flagged
1657,AC008746.12,lincRNA,-0.50677450128645,down_in_PP,0.157782497492729,0.00131880926378553,0.0044755582625583,0.00491771952379736,0,low,2,k2_or_less,C_significant_but_flagged
1658,CTD-3099C6.11,sense_intronic,-0.504537094839358,down_in_PP,0.115323715759654,1.21452568372758e-05,7.18396098314386e-05,7.97458669725226e-05,0,low,2,k2_or_less,C_significant_but_flagged
1659,RP11-156K23.3,antisense,-0.504524422077871,down_in_PP,0.186455731788063,0.00681263131095238,0.0181231467906898,0.0197840642164369,84.6277147342246,high,4,all4,C_significant_but_flagged
1660,RP11-1035H13.2,antisense,-0.503354154271308,down_in_PP,0.209963262091899,0.0165144140549675,0.0381023464726392,0.0404795608598291,92.1747735853837,high,4,all4,C_significant_but_flagged
1661,GNG12-AS1,antisense,-0.501604306168768,down_in_PP,0.179997626410599,0.00532432573426683,0.0146877547113038,0.0160882384442546,89.3574594942949,high,4,all4,C_significant_but_flagged
1662,AC002454.1,antisense,-0.501235359908699,down_in_PP,0.124552459481266,5.71471836574969e-05,0.000287883963180741,0.00031702033805896,0,low,2,k2_or_less,C_significant_but_flagged
1663,RP13-514E23.2,antisense,-0.500758088157444,down_in_PP,0.181024266710902,0.00567053230430975,0.0155113382024242,0.016886712512559,81.1123896607533,high,4,all4,C_significant_but_flagged
1664,SGMS1-AS1,antisense,-0.499835861007691,down_in_PP,0.177822785988362,0.00494084985573371,0.0137831232284504,0.0151302599616134,89.181469803568,high,4,all4,C_significant_but_flagged
1665,CTC-444N24.6,antisense,-0.499725368288747,down_in_PP,0.214076346661618,0.0195783194980605,0.0439707650345187,0.0465213555563469,79.3912632223713,high,3,k3,C_significant_but_flagged
1666,RP11-295P9.3,processed_transcript,-0.499571447104231,down_in_PP,0.215682657235194,0.0205455100963496,0.0457780560130436,0.0484735126428052,96.4853625111544,high,4,all4,C_significant_but_flagged
1667,RP11-488C13.7,lincRNA,0.497059001117907,up_in_PP,0.203663168845652,0.0146631506050131,0.034538334629966,0.0369955992232605,89.5199474149587,high,4,all4,C_significant_but_flagged
1668,HLA-F-AS1,processed_transcript,-0.495815306870369,down_in_PP,0.17693387904402,0.0050745446920367,0.0141019379680785,0.0154413184827305,87.4138799191216,high,4,all4,C_significant_but_flagged
1669,CTB-31N19.3,sense_intronic,0.494919261105818,up_in_PP,0.126269971906469,8.87208901679979e-05,0.000424417436417325,0.000466458434698575,0,low,2,k2_or_less,C_significant_but_flagged
1670,AC007098.1,antisense,-0.494826449411229,down_in_PP,0.149833450526581,0.000958237151635006,0.00342196345031014,0.00378656817819605,79.3919488811242,high,4,all4,C_significant_but_flagged
1671,RP11-72M17.1,lincRNA,-0.494754851397952,down_in_PP,0.14519015970419,0.00065528845951153,0.0024599819311381,0.002730952772106,0,low,2,k2_or_less,C_significant_but_flagged
1672,RP11-93G5.1,lincRNA,-0.494367729421211,down_in_PP,0.214163925100768,0.0209790462429203,0.0465695829760272,0.0493119455342562,40.9000556513256,low,2,k2_or_less,C_significant_but_flagged
1673,RP11-245J9.5,lincRNA,-0.493982256807082,down_in_PP,0.124969690312242,7.72366600195976e-05,0.0003762303544045,0.000412596330746665,0,low,2,k2_or_less,C_significant_but_flagged
1674,INTS6-AS1,antisense,-0.493378569893662,down_in_PP,0.166673967445337,0.00307497522025747,0.00929053996022818,0.010164566675366,85.4792757422669,high,4,all4,C_significant_but_flagged
1675,AC003104.1,sense_intronic,-0.489822986774732,down_in_PP,0.170507118191794,0.00406926081286104,0.0117384685188678,0.0128149137825689,0,low,2,k2_or_less,C_significant_but_flagged
1676,RP11-815J21.2,antisense,-0.486898144539108,down_in_PP,0.143944320941735,0.000718175080798166,0.00266729458727973,0.0029583544529268,84.8159059711489,high,4,all4,C_significant_but_flagged
1677,LINC01703,lincRNA,-0.48618787377636,down_in_PP,0.100406457013554,1.28411172457119e-06,9.41968213921665e-06,1.07074249383076e-05,0,low,2,k2_or_less,C_significant_but_flagged
1678,CTD-2369P2.4,antisense,0.48610667939588,up_in_PP,0.206320336646069,0.0184690697011331,0.0418623338020981,0.0442991488895803,88.1837916426555,high,4,all4,C_significant_but_flagged
1679,RP11-6N17.4,processed_transcript,0.47935645696819,up_in_PP,0.150914964426627,0.00149148698261831,0.00498063247946438,0.00546457593038902,76.5332313330134,high,4,all4,C_significant_but_flagged
1680,CH17-302M23.1,antisense,0.478658785461789,up_in_PP,0.147978702476776,0.00121793439267212,0.0041865137497118,0.00460664520724848,0,low,2,k2_or_less,C_significant_but_flagged
1681,CIRBP-AS1,antisense,0.477823422086552,up_in_PP,0.175175166599993,0.00637796566097839,0.0171268161786607,0.0186974643733425,79.533842698858,high,4,all4,C_significant_but_flagged
1682,DARS-AS1,antisense,0.477517654694829,up_in_PP,0.0908189245359007,1.457024603282e-07,1.28261154223581e-06,1.45266024387125e-06,77.2213104512505,high,4,all4,C_significant_but_flagged
1683,USP2-AS1,antisense,0.477334377136453,up_in_PP,0.151945482715107,0.00168093712156556,0.00552421271186415,0.00605613232723912,0,low,2,k2_or_less,C_significant_but_flagged
1684,DUBR,lincRNA,-0.4769394325163,down_in_PP,0.144548669812847,0.000968546099740656,0.00345385633917193,0.00381337486221821,82.48005067899,high,4,all4,C_significant_but_flagged
1685,RP11-819C21.1,lincRNA,-0.4759927718681,down_in_PP,0.194642829319395,0.0144664365312041,0.0341433266015069,0.0366104787624733,86.4911743976012,high,4,all4,C_significant_but_flagged
1686,RP11-797M17.1,antisense,-0.475376361778718,down_in_PP,0.177999750358733,0.00757028552864297,0.0197611182084002,0.021455329122149,0,low,2,k2_or_less,C_significant_but_flagged
1687,RP11-96K19.2,antisense,-0.473774547932173,down_in_PP,0.154258191996879,0.00213122586248108,0.00677913219513907,0.00744294940028703,80.3607103456129,high,4,all4,C_significant_but_flagged
1688,LOH12CR2,lincRNA,-0.471580764270301,down_in_PP,0.169473672901931,0.00539219866702717,0.0148439458472139,0.0162253432769309,63.2384034605952,moderate,2,k2_or_less,C_significant_but_flagged
1689,RP5-1039K5.17,antisense,-0.471467215093122,down_in_PP,0.127555690490356,0.000218878476238387,0.000943341766377724,0.00102832482810369,0,low,2,k2_or_less,C_significant_but_flagged
1690,TNRC6C-AS1,processed_transcript,-0.467987721893131,down_in_PP,0.166916965133333,0.00505174226783949,0.0140455696379624,0.015382750733949,80.0889613048163,high,4,all4,C_significant_but_flagged
1691,RP11-1148L6.9,antisense,0.467842861959038,up_in_PP,0.196880038321361,0.0174880024954928,0.0399514657873514,0.0423450401779504,88.4590161576225,high,4,all4,C_significant_but_flagged
1692,RP11-311F12.2,antisense,0.466691391591556,up_in_PP,0.191380626969652,0.0147462836328981,0.0346917638606676,0.0371836650813229,75.1829787694768,high,3,k3,C_significant_but_flagged
1693,TTC3-AS1,antisense,-0.465353662624942,down_in_PP,0.12766609031271,0.000267304157042886,0.00112457200916875,0.00123176260652244,82.797663477177,high,4,all4,C_significant_but_flagged
1694,RP11-783K16.14,antisense,0.464268504440601,up_in_PP,0.138702044949779,0.000816216347469121,0.00297715239415967,0.00330071788364382,88.978540837259,high,4,all4,C_significant_but_flagged
1695,AF178030.2,antisense,-0.46287136360129,down_in_PP,0.156321959354065,0.00306628933984595,0.00926764875002642,0.0101436039552855,0,low,2,k2_or_less,C_significant_but_flagged
1696,RP11-549J18.1,sense_intronic,-0.461014672610488,down_in_PP,0.189122685911741,0.0147831320161848,0.0347588755595858,0.0372331852351756,80.5595875939798,high,3,k3,C_significant_but_flagged
1697,AC005614.5,processed_transcript,0.460344879432233,up_in_PP,0.117518091644392,8.9573907073565e-05,0.000427844722522906,0.000469801570796746,80.0577791967631,high,4,all4,C_significant_but_flagged
1698,CTD-3065J16.9,antisense,0.460294684056122,up_in_PP,0.155773642132555,0.00312775950288163,0.00941520923451168,0.0102918748052995,76.2365371636377,high,4,all4,C_significant_but_flagged
1699,RP11-388P9.2,antisense,-0.459654244535287,down_in_PP,0.193294110245899,0.0174066182437021,0.039777939858089,0.042171577346304,93.7145411023141,high,4,all4,C_significant_but_flagged
1700,BCRP3,processed_transcript;transcribed_unprocessed_pseudogene,0.459093210626024,up_in_PP,0.200645945603121,0.0221330845945087,0.0487133894886781,0.0515723516642106,80.9229796005652,high,3,k3,C_significant_but_flagged
1701,RP11-557N21.1,lincRNA,-0.458837848934041,down_in_PP,0.189378535414287,0.0153988216478178,0.0359904194849958,0.0385082023097562,0,low,2,k2_or_less,C_significant_but_flagged
1702,RP11-603J24.17,antisense,0.458328538369703,up_in_PP,0.0850231067953247,7.0209134705656e-08,6.56560199251176e-07,7.48263364215206e-07,75.1982481280312,high,4,all4,C_significant_but_flagged
1703,C5orf66,antisense,0.456692198837234,up_in_PP,0.0756058828670094,1.53702092822713e-09,1.86812892838159e-08,2.11133001791708e-08,83.1120319536341,high,4,all4,C_significant_but_flagged
1704,RP11-103H7.5,antisense,-0.455396272989482,down_in_PP,0.176191611538599,0.00974736828994668,0.0244459665848738,0.0264763732521025,86.9083130541268,high,4,all4,C_significant_but_flagged
1705,LINC01278,processed_transcript,-0.455321036350516,down_in_PP,0.163675448549816,0.00540495167492817,0.0148741516280937,0.0162524154950759,87.8356601205495,high,4,all4,C_significant_but_flagged
1706,CTC-510F12.4,3prime_overlapping_ncRNA,0.454914471341989,up_in_PP,0.163397866196238,0.00536780299060329,0.0147941127041114,0.0161756075809223,84.3566880366386,high,4,all4,C_significant_but_flagged
1707,RP11-866E20.3,lincRNA,0.453751237618457,up_in_PP,0.188081604898296,0.0158425286202733,0.0368350915930318,0.0393291000229045,0,low,2,k2_or_less,C_significant_but_flagged
1708,LINC00910,lincRNA,-0.452012539506829,down_in_PP,0.163687093826098,0.00575466036592807,0.0157191605548653,0.0171019336561612,84.2926807957189,high,4,all4,C_significant_but_flagged
1709,RP11-227G15.12,antisense,0.450802069578383,up_in_PP,0.122271954281381,0.000227020001230956,0.000974576099837311,0.00106541816195916,75.991065517765,high,4,all4,C_significant_but_flagged
1710,RP11-282O18.3,antisense,0.448732533134778,up_in_PP,0.134145608645154,0.000822483593362133,0.00299783068889497,0.00332295659054897,84.6279840026453,high,4,all4,C_significant_but_flagged
1711,RP11-97O12.7,processed_transcript,0.447736154051375,up_in_PP,0.133116542155535,0.000769636335878926,0.00282973275358684,0.00313284706053444,88.7456095817826,high,4,all4,C_significant_but_flagged
1712,RP11-158M2.2,antisense,-0.445967665364615,down_in_PP,0.166093205247963,0.00725201262229171,0.0190693463791706,0.0207810984216266,87.790618624507,high,4,all4,C_significant_but_flagged
1713,RP11-488C13.5,lincRNA,0.443491572648823,up_in_PP,0.170215002741134,0.00917459643270711,0.0232420636608213,0.0251415318330106,90.6595126652349,high,4,all4,C_significant_but_flagged
1714,DLEU2,antisense,0.443001227975113,up_in_PP,0.188619268356682,0.0188414518820821,0.0425639505199875,0.0450103116628226,90.6526229440421,high,4,all4,C_significant_but_flagged
1715,RP11-560J1.2,lincRNA,0.442735644582341,up_in_PP,0.113593364036985,9.71713695115235e-05,0.000460321683645259,0.000505969333184551,0,low,2,k2_or_less,C_significant_but_flagged
1716,RP11-270M14.5,lincRNA,-0.442211508054684,down_in_PP,0.17935644252046,0.0136804717378861,0.0325386716043372,0.0349029488265526,66.4126029266541,moderate,2,k2_or_less,C_significant_but_flagged
1717,RP11-498P14.3,lincRNA,-0.44211337512588,down_in_PP,0.0921162767935629,1.59050988563326e-06,1.1454413434983e-05,1.29363463818329e-05,0,low,2,k2_or_less,C_significant_but_flagged
1718,LA16c-360H6.3,antisense,-0.441673727625563,down_in_PP,0.102355975363773,1.59548604352603e-05,9.17743199973592e-05,0.000101674051698632,0,low,2,k2_or_less,C_significant_but_flagged
1719,CTC-510F12.6,sense_intronic,0.441394122445929,up_in_PP,0.15326730052374,0.00397804421680762,0.0115217547858122,0.0125734092959288,87.9736105006366,high,4,all4,C_significant_but_flagged
1720,LINC00102,lincRNA,-0.44056218348603,down_in_PP,0.186576599654484,0.0182112923328001,0.0413903517225571,0.0438266195350534,0,low,2,k2_or_less,C_significant_but_flagged
1721,RP11-397O8.7,antisense,-0.438825765981045,down_in_PP,0.114968190941185,0.00013512139532215,0.000616832861487016,0.000677485837264129,0,low,2,k2_or_less,C_significant_but_flagged
1722,RP11-446J8.1,antisense,-0.438491423639795,down_in_PP,0.0782562001710003,2.10332688078586e-08,2.14369980830643e-07,2.42695877684278e-07,0,low,2,k2_or_less,C_significant_but_flagged
1723,MIR205HG,processed_transcript,0.438246231612213,up_in_PP,0.138306661616166,0.00153145543769996,0.00509171347567476,0.00558474266880268,77.9529348413357,high,4,all4,C_significant_but_flagged
1724,RP11-435O5.5,antisense,-0.438053468233074,down_in_PP,0.18377980247366,0.0171452571711753,0.039320501027086,0.0417252687174778,82.1885074176422,high,4,all4,C_significant_but_flagged
1725,RP11-503E24.2,antisense,-0.437832862627079,down_in_PP,0.157263762836256,0.00536819331781937,0.0147941127041114,0.0161756075809223,0,low,2,k2_or_less,C_significant_but_flagged
1726,AP001062.8,sense_overlapping,-0.437447382283758,down_in_PP,0.140527882750038,0.0018526710371354,0.00600202191477344,0.00660223022903546,80.1657880995133,high,4,all4,C_significant_but_flagged
1727,CTD-3076O17.1,antisense,-0.437100304392109,down_in_PP,0.150791593906835,0.00374707603473275,0.0109642988420866,0.0119745923207449,36.0563648773758,low,2,k2_or_less,C_significant_but_flagged
1728,RP4-781K5.2,antisense,-0.435865116502266,down_in_PP,0.122300809438815,0.000365416386090053,0.00147806092127,0.0016216991821658,88.0824836880694,high,4,all4,C_significant_but_flagged
1729,SDCBP2-AS1,antisense,-0.435416267137541,down_in_PP,0.144896110942094,0.00265560037431649,0.00816220953901398,0.00887319136653857,79.1214700946148,high,4,all4,C_significant_but_flagged
1730,NNT-AS1,antisense,-0.435247065984361,down_in_PP,0.117534261894092,0.000212938432683415,0.000920996052043482,0.00100697770297392,82.0584608390401,high,4,all4,C_significant_but_flagged
1731,B4GALT4-AS1,antisense,-0.434736481069498,down_in_PP,0.184589497132903,0.0185150877858412,0.0419477996297352,0.0443849223542022,88.4439560114203,high,4,all4,C_significant_but_flagged
1732,RP11-6N17.6,antisense,0.434407889082901,up_in_PP,0.164751470381067,0.00837053199288747,0.0215086654750013,0.023247299058552,90.5156197111083,high,4,all4,C_significant_but_flagged
1733,LINC00840,lincRNA,-0.434279601026554,down_in_PP,0.116953677444514,0.000204605188749057,0.000888394878799178,0.000973956712560143,0,low,2,k2_or_less,C_significant_but_flagged
1734,RP1-86D1.5,antisense,-0.430991346792187,down_in_PP,0.180237441847723,0.0167914794165162,0.0385974554835117,0.0409333698226849,10.9829521092701,low,2,k2_or_less,C_significant_but_flagged
1735,RP11-1006G14.4,sense_overlapping,-0.428319984943532,down_in_PP,0.173335523306383,0.0134718633119202,0.0321278749950846,0.0345131749856002,90.1431246956277,high,4,all4,C_significant_but_flagged
1736,RP11-227G15.3,processed_transcript,0.423266608843143,up_in_PP,0.120202944256837,0.000429490628100487,0.00170909719299054,0.0018864225079673,91.3148622489133,high,4,all4,C_significant_but_flagged
1737,AP000688.14,sense_intronic,0.420703297916717,up_in_PP,0.126769706048471,0.000904562483232434,0.00325874686441797,0.00360077448477161,79.5229255718028,high,4,all4,C_significant_but_flagged
1738,FLJ27354,antisense,0.419628300549861,up_in_PP,0.130751939923347,0.00133036990851718,0.00451234681922553,0.00495396780908248,78.958443106339,high,4,all4,C_significant_but_flagged
1739,RP11-761I4.4,3prime_overlapping_ncRNA,-0.416841534388406,down_in_PP,0.182635988899481,0.0224679466872984,0.049324779246415,0.0522400888317787,86.7010437635983,high,3,k3,C_significant_but_flagged
1740,RP11-307E17.8,lincRNA,-0.416714189766617,down_in_PP,0.0937379298459959,8.76780091683061e-06,5.38179345034555e-05,6.00289154543134e-05,0,low,2,k2_or_less,C_significant_but_flagged
1741,CTD-2015H6.3,antisense,0.41617125128905,up_in_PP,0.130122714887337,0.00138241225046625,0.00466110800769342,0.00512383775322697,83.4298598168963,high,4,all4,C_significant_but_flagged
1742,RP11-521I2.3,sense_overlapping,-0.413796469009697,down_in_PP,0.174472859772663,0.0177066840421241,0.0404010301769587,0.0428026937711011,0,low,2,k2_or_less,C_significant_but_flagged
1743,RP11-298E9.7,antisense,0.413386922174266,up_in_PP,0.141949502922589,0.00358879973596785,0.0105864523284871,0.011579967529853,84.7020251155789,high,4,all4,C_significant_but_flagged
1744,AC005944.2,antisense,-0.411627677362651,down_in_PP,0.0961898316852272,1.87459862047061e-05,0.000106124216458628,0.000117898084749656,77.2012034474138,high,4,all4,C_significant_but_flagged
1745,SERHL,processed_transcript,-0.410853028202164,down_in_PP,0.145306402922119,0.00469138484013457,0.0132226143571134,0.0144584203726939,77.4958932432979,high,4,all4,C_significant_but_flagged
1746,RP4-561L24.3,lincRNA,-0.41019252920686,down_in_PP,0.0939945666066105,1.27704081838031e-05,7.51825158333271e-05,8.30940694907008e-05,0,low,2,k2_or_less,C_significant_but_flagged
1747,CTD-2587H24.14,processed_transcript,0.409024353145367,up_in_PP,0.118495910463061,0.000556857374509018,0.00213470212308115,0.00236691734725002,81.239607536695,high,4,all4,C_significant_but_flagged
1748,RP11-56B16.4,antisense,0.407997507371373,up_in_PP,0.174181667014586,0.0191618272266187,0.0432020253646563,0.0456570630008696,90.0207957234207,high,4,all4,C_significant_but_flagged
1749,CTD-2562J17.9,antisense,0.404911817674561,up_in_PP,0.176444666315047,0.0217424449456074,0.0479631331068402,0.0507988980991594,86.9838754514583,high,3,k3,C_significant_but_flagged
1750,NAPA-AS1,antisense,0.40472874546883,up_in_PP,0.107163114812296,0.000158885383153093,0.000708664437192171,0.000777711598307051,80.3428787672729,high,4,all4,C_significant_but_flagged
1751,RP11-351A11.1,antisense,-0.403003569992129,down_in_PP,0.123699286466858,0.00112228234467539,0.00389889660691082,0.0043012539463334,0,low,2,k2_or_less,C_significant_but_flagged
1752,RP5-864K19.7,processed_transcript,0.403000653032098,up_in_PP,0.133748408695129,0.00258572521593053,0.00797777241926025,0.00868667159109581,91.681588598018,high,4,all4,C_significant_but_flagged
1753,RAP2C-AS1,antisense,-0.402975090477149,down_in_PP,0.157611805819738,0.0105652988969887,0.0261813872531099,0.0283258690389224,87.9891700730839,high,4,all4,C_significant_but_flagged
1754,RP11-56B16.5,antisense,0.402545476023781,up_in_PP,0.150236252168898,0.00737506196541634,0.019338125442275,0.0210497046685704,87.6029513587893,high,4,all4,C_significant_but_flagged
1755,RP11-154J22.1,antisense,-0.401879477716796,down_in_PP,0.130831583490771,0.00212821165575884,0.00677126323684498,0.00743842636063692,81.5882531629648,high,4,all4,C_significant_but_flagged
1756,PRMT5-AS1,antisense,0.401055513638535,up_in_PP,0.0898785538789457,8.11248557730808e-06,5.02136610369215e-05,5.59852074848677e-05,84.1984705813329,high,4,all4,C_significant_but_flagged
1757,RP1-151F17.1,antisense,-0.399480704207602,down_in_PP,0.0997279104880455,6.18324798198328e-05,0.000308817379283509,0.00033866979769673,0,low,2,k2_or_less,C_significant_but_flagged
1758,SNHG16,processed_transcript,0.399243870245349,up_in_PP,0.125149954582688,0.00142211774491683,0.00477891055552503,0.00524148507858188,91.8792437421252,high,4,all4,C_significant_but_flagged
1759,RAB11B-AS1,antisense,0.399031865012816,up_in_PP,0.166047669335596,0.0162560154396024,0.037628914652934,0.0399885041541555,86.7667227270393,high,4,all4,C_significant_but_flagged
1760,A1BG-AS1,antisense,-0.398240747191827,down_in_PP,0.163786762870643,0.0150381632484094,0.0352592803191727,0.0376999608203172,77.2784987759137,high,4,all4,C_significant_but_flagged
1761,LINC01436,lincRNA,-0.397070847758533,down_in_PP,0.166841763868717,0.0173161724671268,0.0396254487190588,0.0420648789950579,0,low,2,k2_or_less,C_significant_but_flagged
1762,RP13-1032I1.11,antisense,-0.395498456838455,down_in_PP,0.110675459562062,0.000352244865926367,0.00143260644112576,0.00157292418458554,0,low,2,k2_or_less,C_significant_but_flagged
1763,RP11-1055B8.3,lincRNA,-0.3934151581953,down_in_PP,0.123118701875773,0.00139630646517208,0.00470036704232943,0.00516394707247828,0,low,2,k2_or_less,C_significant_but_flagged
1764,RP11-525G13.2,antisense,0.393009727985134,up_in_PP,0.165189492479819,0.0173528562528723,0.0396840298758542,0.0420648789950579,85.024056070693,high,4,all4,C_significant_but_flagged
1765,RP11-580I16.2,antisense,0.391238061358692,up_in_PP,0.0984026132969683,7.01162470243987e-05,0.000344897621771439,0.000377354478699718,79.9728670380847,high,4,all4,C_significant_but_flagged
1766,RP11-849H4.4,antisense,-0.390121117494942,down_in_PP,0.127593930232832,0.00223176024605097,0.0070390605696614,0.00770696455280331,89.6835533626405,high,4,all4,C_significant_but_flagged
1767,CTD-2336O2.1,antisense,0.389819873382743,up_in_PP,0.119173656228429,0.00107158867759698,0.00375190771695102,0.00414293239221974,83.7320303439746,high,4,all4,C_significant_but_flagged
1768,RP11-557C18.3,antisense,0.38945575337856,up_in_PP,0.149764084441825,0.00930984327823639,0.0235252361604316,0.0254580409425974,90.544502189496,high,4,all4,C_significant_but_flagged
1769,RP5-1148A21.3,antisense,0.388263098853741,up_in_PP,0.136575070507942,0.00447114306005082,0.0127177150574275,0.0139284636579121,77.6058018197599,high,4,all4,C_significant_but_flagged
1770,RP11-298I3.4,antisense,-0.382427449880032,down_in_PP,0.154255342850041,0.0131683183275698,0.0315059087279766,0.033916257978211,83.711936757592,high,4,all4,C_significant_but_flagged
1771,RP11-278C7.3,sense_intronic,-0.381165642820999,down_in_PP,0.147844743021775,0.00993314162044756,0.0248274055342233,0.0269134024994844,0,low,2,k2_or_less,C_significant_but_flagged
1772,CTC-518P12.6,antisense,0.377841880262582,up_in_PP,0.108365111250471,0.000488931062668415,0.00190984886106543,0.00210507931160819,76.1758233766281,high,4,all4,C_significant_but_flagged
1773,CTD-2506P8.6,antisense,-0.376857152085842,down_in_PP,0.101807886729974,0.000214202061020783,0.00092536405585041,0.00101184750877394,0,low,2,k2_or_less,C_significant_but_flagged
1774,CTD-3138B18.5,antisense,-0.375468900322209,down_in_PP,0.135994997591158,0.0057641918756103,0.0157417649326082,0.0171185025708756,76.7010251364956,high,4,all4,C_significant_but_flagged
1775,RP11-16C1.2,sense_intronic,-0.374552988108289,down_in_PP,0.149125461751734,0.0120163587553505,0.0291815875122669,0.0314929038972754,0,low,2,k2_or_less,C_significant_but_flagged
1776,RP4-798A10.4,lincRNA,-0.374184586877776,down_in_PP,0.123701302649209,0.00248711913020277,0.00770865442012636,0.00840106516501747,6.3097923994783,low,2,k2_or_less,C_significant_but_flagged
1777,RP11-379K17.12,antisense,-0.371543443752037,down_in_PP,0.161314786058887,0.0212664673243151,0.0470830568977018,0.0498483229210788,90.6768219668435,high,4,all4,C_significant_but_flagged
1778,PKD1P6-NPIPP1,processed_transcript,-0.371431825692867,down_in_PP,0.148230291170805,0.0122183185229185,0.0295917567473313,0.0319834629453529,85.4650742921752,high,4,all4,C_significant_but_flagged
1779,TPT1-AS1,processed_transcript,-0.370822501376493,down_in_PP,0.154173018812421,0.0161620229370992,0.0374701775068992,0.0398706232889557,91.5860633577073,high,4,all4,C_significant_but_flagged
1780,AC002128.5,antisense,0.369948242876199,up_in_PP,0.150170741795064,0.0137581198256531,0.0326799354630384,0.0349978744771317,0,low,2,k2_or_less,C_significant_but_flagged
1781,RP11-74C1.4,sense_intronic,-0.368984706387796,down_in_PP,0.154183575508482,0.0167043268307477,0.0384394306337526,0.0407831372824761,0,low,2,k2_or_less,C_significant_but_flagged
1782,AC009133.21,antisense,0.367275504539674,up_in_PP,0.12503071672413,0.00330889168906703,0.00988054849414963,0.0108138778992395,76.990242358904,high,4,all4,C_significant_but_flagged
1783,RP4-724E16.2,antisense,0.367265268906446,up_in_PP,0.139658319988989,0.00854498354653913,0.0218904607628911,0.0236710267643245,83.6254983755458,high,4,all4,C_significant_but_flagged
1784,LIX1L-AS1,antisense,0.366183842507202,up_in_PP,0.0949463956373023,0.000114907883722184,0.000533794510073284,0.000587020558283223,82.9824122363933,high,4,all4,C_significant_but_flagged
1785,LINC00339,lincRNA,-0.365144871503432,down_in_PP,0.128430193346687,0.00446716052648505,0.0127092720075796,0.0139260832839343,83.2588376969693,high,4,all4,C_significant_but_flagged
1786,RP11-737O24.5,antisense,0.364627930732903,up_in_PP,0.14989978559519,0.0149959024597126,0.0351931180302759,0.0376652604321261,75.5001954316205,high,3,k3,C_significant_but_flagged
1787,RP11-390B4.3,antisense,0.364269934888502,up_in_PP,0.136872268252223,0.00778196939999394,0.0202231145896566,0.0219365352402435,77.8691058213469,high,4,all4,C_significant_but_flagged
1788,LINC01963,lincRNA,-0.362013713332514,down_in_PP,0.126586902761305,0.0042390309608582,0.0121568364733984,0.0133011508104666,77.9461136418415,high,4,all4,C_significant_but_flagged
1789,NOP14-AS1,antisense,0.361501089462248,up_in_PP,0.125037200853952,0.00383836957718187,0.0111896264212321,0.0122212105669359,93.9901480355483,high,4,all4,C_significant_but_flagged
1790,RP11-157P1.4,antisense,0.35735325005633,up_in_PP,0.0964243920903592,0.000210519929988911,0.000911234971568583,0.000996629909258225,82.8754565000695,high,4,all4,C_significant_but_flagged
1791,LINC00630,lincRNA,-0.357303240646188,down_in_PP,0.148257669155835,0.0159518546011832,0.0370514717344628,0.0395098310585688,84.5917801457748,high,4,all4,C_significant_but_flagged
1792,RP4-569M23.5,antisense,0.356720998006269,up_in_PP,0.148575690113225,0.0163531136660723,0.0378082781087734,0.040204501609713,0,low,2,k2_or_less,C_significant_but_flagged
1793,RP11-545I5.3,antisense,-0.354881414852515,down_in_PP,0.13031763329199,0.00646522503895854,0.0173295689760833,0.018927624319062,87.6684929275991,high,4,all4,C_significant_but_flagged
1794,RP11-386G11.10,antisense,0.352814351351429,up_in_PP,0.135146557070267,0.00903820770666812,0.0229414231989656,0.0247991913422657,87.4069613519314,high,4,all4,C_significant_but_flagged
1795,AC009501.4,antisense,-0.351777974979044,down_in_PP,0.109319345299591,0.001291359040053,0.00439314404964817,0.00482531136986989,81.5994608077366,high,4,all4,C_significant_but_flagged
1796,RP11-664I21.6,antisense,-0.347048341476049,down_in_PP,0.102088621025019,0.00067513836575351,0.00252504368340762,0.00280088562666868,0,low,2,k2_or_less,C_significant_but_flagged
1797,RP11-603J24.14,antisense,0.346814575859589,up_in_PP,0.142622765221966,0.0150284986379807,0.0352399169971063,0.037697573105242,82.1119367599772,high,4,all4,C_significant_but_flagged
1798,LINC00924,lincRNA,-0.346236614140843,down_in_PP,0.125615779951154,0.00584567336691823,0.015929571155997,0.0173366885940063,0,low,2,k2_or_less,C_significant_but_flagged
1799,AC004947.2,lincRNA,-0.345195279768729,down_in_PP,0.0978864732143982,0.000421113389802468,0.0016794883670161,0.00185744917194218,0,low,2,k2_or_less,C_significant_but_flagged
1800,AC012314.8,antisense,0.344593053256745,up_in_PP,0.100732347731578,0.000624193694523886,0.00235666501538982,0.00261841126764193,83.8174027080758,high,4,all4,C_significant_but_flagged
1801,RP11-589M4.1,antisense,0.343746334423183,up_in_PP,0.131028598742358,0.00870454741089231,0.0222423906211035,0.0240514537975294,84.70208835115,high,4,all4,C_significant_but_flagged
1802,RP11-876N24.2,antisense,0.338333087403714,up_in_PP,0.135120324467166,0.0122819111621999,0.029717055179287,0.0320916845403617,0,low,2,k2_or_less,C_significant_but_flagged
1803,RP11-158K1.3,antisense,-0.337272152878864,down_in_PP,0.128369906214974,0.008605379700244,0.0220271704675228,0.0238230825098885,86.5135477868731,high,4,all4,C_significant_but_flagged
1804,RP11-21L19.1,antisense,-0.336296868746719,down_in_PP,0.130588240346234,0.0100168759393292,0.0250117510004452,0.0271232929846542,26.0501385232482,low,2,k2_or_less,C_significant_but_flagged
1805,RP11-544A12.4,antisense,-0.335645847415274,down_in_PP,0.128465184107928,0.0089820171736614,0.0228210983785789,0.0246606524812391,79.6622587685949,high,4,all4,C_significant_but_flagged
1806,SBF2-AS1,antisense,-0.331304768699182,down_in_PP,0.132047119463335,0.0121077258660133,0.0293579552683848,0.0317131536454235,90.7671295801953,high,4,all4,C_significant_but_flagged
1807,RP1-198K11.5,antisense,0.327232512191387,up_in_PP,0.117884909148122,0.00550551799650885,0.0151226755840097,0.0164746724556665,78.9604306223224,high,4,all4,C_significant_but_flagged
1808,ZNF337-AS1,antisense,-0.326778149659508,down_in_PP,0.100258819322846,0.00111669513555948,0.00388595022040983,0.00428743553821284,85.0651064637153,high,4,all4,C_significant_but_flagged
1809,RP11-46A10.5,antisense,0.326146221746871,up_in_PP,0.115686896975734,0.00481412782168911,0.0135017537452073,0.0147630978628269,88.9464184778934,high,4,all4,C_significant_but_flagged
1810,RP11-549K20.1,lincRNA,-0.322832375008838,down_in_PP,0.101913052703322,0.00153637550034973,0.00510536234284869,0.00559229571562089,0,low,2,k2_or_less,C_significant_but_flagged
1811,RP11-48C7.8,processed_transcript,0.322422488343884,up_in_PP,0.112507128418353,0.00415962085249595,0.0119564649392423,0.0130614509642598,76.055386686765,high,4,all4,C_significant_but_flagged
1812,LMLN-AS1,antisense,0.321839223702618,up_in_PP,0.121273711897384,0.00795850597627247,0.0206156151707846,0.0223323316208372,0,low,2,k2_or_less,C_significant_but_flagged
1813,AC144449.1,antisense,0.319483659078226,up_in_PP,0.107049677923988,0.0028409515219668,0.00865652608432,0.00944872961994646,75.8666174301198,high,4,all4,C_significant_but_flagged
1814,RP3-508I15.14,antisense,-0.31799151737437,down_in_PP,0.119889735980833,0.0079929733096608,0.0206899294656805,0.0223854987125581,76.8613820613705,high,4,all4,C_significant_but_flagged
1815,RP1-20B21.4,antisense,0.316330347438277,up_in_PP,0.115665501459071,0.00624045274089525,0.0168351158872246,0.0183440482403898,86.7840749219219,high,4,all4,C_significant_but_flagged
1816,RP11-155D18.12,processed_transcript,-0.315079870408828,down_in_PP,0.135624699247905,0.0201697691602204,0.0450489933779026,0.0477955044667435,78.5283555393056,high,4,all4,C_significant_but_flagged
1817,RP11-15L13.4,antisense,0.310794302336574,up_in_PP,0.121942376034,0.0108125856962049,0.0266848865306044,0.0288446721994319,85.279907253947,high,4,all4,C_significant_but_flagged
1818,RP11-143K11.7,antisense,-0.309898502703405,down_in_PP,0.131064454031737,0.0180556913930101,0.0410926024057046,0.0435005437959659,78.1195164603583,high,4,all4,C_significant_but_flagged
1819,RP11-317N8.5,antisense,0.309021082903722,up_in_PP,0.118839541703708,0.00931363041648525,0.0235324332591948,0.0254580409425974,78.4740525666567,high,4,all4,C_significant_but_flagged
1820,LL21NC02-21A1.1,lincRNA,-0.308486980636757,down_in_PP,0.121092646442549,0.0108488958443424,0.0267639558668086,0.0289058942847719,0,low,2,k2_or_less,C_significant_but_flagged
1821,RP11-464F9.21,antisense,-0.307060046942746,down_in_PP,0.119582215593677,0.010235400389822,0.0254888319326031,0.0276285573841296,0,low,2,k2_or_less,C_significant_but_flagged
1822,U91328.21,antisense,0.306412056354453,up_in_PP,0.117127466295291,0.00889518665199751,0.0226280113552945,0.024453286304443,77.1954714138315,high,4,all4,C_significant_but_flagged
1823,AC074117.10,antisense,0.304468435883063,up_in_PP,0.0977345389293656,0.00183783244636264,0.00596706267272192,0.00655589529712378,80.9408310432615,high,4,all4,C_significant_but_flagged
1824,RP1-199J3.7,antisense,0.302930377748589,up_in_PP,0.106442338618488,0.00442780963908726,0.0126130671942265,0.0138233277837883,76.266633056003,high,4,all4,C_significant_but_flagged
1825,RP11-138C9.1,antisense,0.302324073385439,up_in_PP,0.0878619587395921,0.000579786191190322,0.00220997741803983,0.00245473077229014,80.3060426760811,high,4,all4,C_significant_but_flagged
1826,AC079922.3,lincRNA,0.300607677536234,up_in_PP,0.104277049892229,0.00394184031764177,0.0114367216995529,0.0124863419139355,0,low,2,k2_or_less,C_significant_but_flagged
1827,RP11-264B17.3,processed_transcript,0.299991630806669,up_in_PP,0.111439706172273,0.00710327009566121,0.0187549678821598,0.020449667135014,85.3610924734567,high,4,all4,C_significant_but_flagged
1828,RP4-583P15.10,antisense,-0.29816342873069,down_in_PP,0.0936094334452362,0.00144661147645093,0.00484951535885678,0.00531817150263651,0,low,2,k2_or_less,C_significant_but_flagged
1829,LINC00869,lincRNA,-0.290715165070332,down_in_PP,0.109277210354222,0.00780604672192499,0.0202688710054791,0.0219757736927583,80.3669275069285,high,4,all4,C_significant_but_flagged
1830,SH3RF3-AS1,lincRNA,0.290670713293377,up_in_PP,0.091736275436584,0.00153202901499163,0.00509294484331082,0.00558474266880268,0,low,2,k2_or_less,C_significant_but_flagged
1831,RP11-24C3.2,antisense,0.289936513284746,up_in_PP,0.0897931185765718,0.00124250342263888,0.0042581185256633,0.00467912298499429,75.9273868748503,high,4,all4,C_significant_but_flagged
1832,AC005253.4,antisense,0.287289539948814,up_in_PP,0.106915824585192,0.00720833887291578,0.0189724205873782,0.020669637046459,83.7739429923267,high,4,all4,C_significant_but_flagged
1833,SLX1B-SULT1A4,processed_transcript,0.276827913941917,up_in_PP,0.102090300458387,0.00669596269034455,0.0178563754996185,0.0194844859187094,75.407593084896,high,4,all4,C_significant_but_flagged
1834,AP001258.4,lincRNA,-0.276578952275883,down_in_PP,0.104606107397684,0.00819317205749016,0.0211143730699042,0.0228426903948195,76.915000627996,high,4,all4,C_significant_but_flagged
1835,ELMO1-AS1,antisense,-0.276306240174264,down_in_PP,0.0680774900768253,4.93462526511494e-05,0.000252752050673024,0.000278022441694692,0,low,2,k2_or_less,C_significant_but_flagged
1836,CTD-3149D2.4,antisense,-0.273399965643436,down_in_PP,0.103237253787355,0.0080905243196623,0.0208842023379727,0.0226001928542148,0,low,2,k2_or_less,C_significant_but_flagged
1837,RP13-39P12.3,antisense,-0.273109426443659,down_in_PP,0.0904833350459555,0.00254163972962291,0.00785820070365276,0.00856516753121365,78.2431730393512,high,4,all4,C_significant_but_flagged
1838,RP11-79P5.9,lincRNA,-0.27100066171483,down_in_PP,0.104869878176565,0.0097616181048055,0.0244719088669236,0.0264984451314262,0,low,2,k2_or_less,C_significant_but_flagged
1839,RP11-56G10.2,antisense,-0.27045234778115,down_in_PP,0.0911907108280759,0.00301908180184921,0.00913819180168417,0.0100027312071987,79.1741355909693,high,4,all4,C_significant_but_flagged
1840,LINC00662,lincRNA,-0.270093261045643,down_in_PP,0.102984089279765,0.00872437812758533,0.0222794339345367,0.0240908641723432,80.9804994630419,high,4,all4,C_significant_but_flagged
1841,RP11-21J18.1,processed_transcript,0.26872206911044,up_in_PP,0.105103297015973,0.010565738994412,0.0261813872531099,0.0283258690389224,87.692264163755,high,4,all4,C_significant_but_flagged
1842,RP3-508I15.9,antisense,-0.268473771528787,down_in_PP,0.105157071585143,0.010677684808067,0.0264028800652593,0.0285552176542064,82.931987312714,high,4,all4,C_significant_but_flagged
1843,CTD-3222D19.11,antisense,0.26471807820433,up_in_PP,0.105028433975643,0.0117207546260903,0.0285939406637861,0.0309053657934752,83.3561987499743,high,4,all4,C_significant_but_flagged
1844,RP11-66N24.3,antisense,0.264197479507348,up_in_PP,0.106741951531594,0.0133197213923137,0.031819546042719,0.0342247235537657,79.7257474110265,high,4,all4,C_significant_but_flagged
1845,RP11-29H23.4,antisense,0.263383029419412,up_in_PP,0.111587063177853,0.0182583598249165,0.0414634844084864,0.0439154657934484,0,low,2,k2_or_less,C_significant_but_flagged
1846,RP11-128A17.1,antisense,-0.262067479946334,down_in_PP,0.100619476109221,0.0091997602559323,0.0232916851736716,0.0251945333084931,0,low,2,k2_or_less,C_significant_but_flagged
1847,LINC01128,processed_transcript,-0.260436970134599,down_in_PP,0.107862316376622,0.0157554567224834,0.036653045240776,0.0391578754957988,89.2703251447944,high,4,all4,C_significant_but_flagged
1848,CTC-338M12.4,processed_transcript,-0.254448798016562,down_in_PP,0.110947236386665,0.0218237392612714,0.0481170540482083,0.05093382944095,80.9984026673187,high,4,all4,C_significant_but_flagged
1849,RP11-90B9.3,antisense,0.253853584228702,up_in_PP,0.110134708774936,0.0211700923652673,0.0468986877802819,0.0497031956942548,78.7822032884474,high,4,all4,C_significant_but_flagged
1850,ABALON,antisense,0.252768704119727,up_in_PP,0.101818962457786,0.013045281202316,0.0312891987264277,0.0337197919727726,80.7189371234992,high,4,all4,C_significant_but_flagged
1851,C10orf111,antisense,0.250545490879092,up_in_PP,0.107005859845279,0.0192106240257412,0.043288676437073,0.0457481398785813,0,low,2,k2_or_less,C_significant_but_flagged
1852,AC006116.17,antisense,-0.250326980058176,down_in_PP,0.105691339197959,0.0178617311839456,0.0407140251870891,0.0431052486519423,0,low,2,k2_or_less,C_significant_but_flagged
1853,RP11-247I13.11,antisense,-0.246723561748164,down_in_PP,0.0912830531223404,0.00687496626654567,0.0182618340829006,0.0198850127241598,75.5788562080787,high,4,all4,C_significant_but_flagged
1854,RP13-1032I1.7,antisense,0.2467170700084,up_in_PP,0.099284428688013,0.0129568792544882,0.0311009776722519,0.0335313496017766,79.246439594566,high,4,all4,C_significant_but_flagged
1855,CTD-2231E14.8,antisense,0.244733646633501,up_in_PP,0.0732183382444291,0.000830218352469554,0.0030220671531724,0.00334795415762885,84.1583539276264,high,4,all4,C_significant_but_flagged
1856,AC004893.11,antisense,-0.242768927886243,down_in_PP,0.104644215601502,0.0203437995018747,0.0453804882036478,0.0481039440283374,87.9589534891824,high,4,all4,C_significant_but_flagged
1857,CTD-2545M3.2,antisense,0.238229015194486,up_in_PP,0.0844159705378982,0.00477125806159972,0.0134041195161012,0.0146662048030674,79.2188456387215,high,4,all4,C_significant_but_flagged
1858,RP11-203B9.4,antisense,-0.233435568911727,down_in_PP,0.0928118274164878,0.011898210888391,0.0289371686133432,0.0312400233701868,77.4416002979701,high,4,all4,C_significant_but_flagged
1859,RP11-732A19.2,sense_overlapping,-0.224791104222437,down_in_PP,0.0929824802873933,0.0156247826804022,0.0363895830811486,0.0389001350161682,83.2844978794131,high,4,all4,C_significant_but_flagged
1860,RP11-983P16.4,antisense,-0.224533721556688,down_in_PP,0.0578702361855698,0.000104477207324695,0.000491350679296588,0.000540110963075215,79.3311297987063,high,4,all4,C_significant_but_flagged
1861,RP11-109E12.5,antisense,0.216512043329479,up_in_PP,0.0874460721801512,0.0132882437662114,0.0317564570676829,0.0341844416030896,0,low,2,k2_or_less,C_significant_but_flagged
1862,IGBP1-AS2,antisense,-0.214412304310019,down_in_PP,0.0923579596010276,0.02025794736705,0.0452257862919122,0.0479781818594556,75.5482768359724,high,4,all4,C_significant_but_flagged
1863,RP11-18I14.11,antisense,0.214098866549125,up_in_PP,0.0802391555752023,0.00762454071833029,0.0198758310258783,0.0215771011695325,79.683063422874,high,4,all4,C_significant_but_flagged
1864,RP11-521C20.3,antisense,-0.204845505240138,down_in_PP,0.078276599409871,0.0088720802208108,0.0225852792782082,0.0244052708934827,9.35716246867041,low,2,k2_or_less,C_significant_but_flagged
1865,TSPOAP1-AS1,antisense,0.201622705636513,up_in_PP,0.0790027936117022,0.0107077041431155,0.0264573086103481,0.028617810887746,80.5402855928051,high,4,all4,C_significant_but_flagged
1866,AC015971.2,antisense,-0.155507360249412,down_in_PP,0.0659831289825441,0.0184344340784781,0.041802731349513,0.0442405969259982,75.8093613857337,high,4,all4,C_significant_but_flagged
