lncRNA,logFC,direction,FDR,I2,k,confidence,STAT3_r,STAT3_fdr,STAT3_k,IL1_inflammasome_topr,IL36_topr,STAT3_JAK_STAT_topr,Th17_output_topr,IL1_inflammasome_nsig,IL36_nsig,STAT3_JAK_STAT_nsig,Th17_output_nsig,STAT3_linked
AC091177.1,1.8348579919868,up_in_PP,2.5027393506623003e-183,6.22566287601577,3,A_high,0.434650062120474,9.40600724192047e-13,3.0,0.377,0.576,0.435,0.492,5.0,4.0,8.0,6.0,True
GDNF-AS1,-1.40665726479377,down_in_PP,2.13864788404732e-21,0.0,4,A_high,-0.42814701990429,1.46805676826363e-12,4.0,-0.36,-0.345,-0.428,-0.39,6.0,3.0,3.0,5.0,True
RP11-519G16.5,1.2718155028336,up_in_PP,3.44673577292572e-32,0.0,3,A_high,0.550180055720452,5.19106385181678e-22,3.0,0.439,0.491,0.55,0.549,9.0,5.0,9.0,6.0,True
CTD-2008P7.9,-1.08735256962282,down_in_PP,1.30664668689892e-21,49.8414619112438,3,A_high,-0.489484813562196,1.24771233761007e-16,3.0,0.414,-0.359,-0.489,0.379,8.0,4.0,6.0,7.0,True
RP11-334E6.3,0.684562199636027,up_in_PP,1.8431958495034e-13,2.71766154296692,4,A_high,0.468408744523696,2.59821653293004e-15,4.0,0.412,0.481,0.468,0.353,5.0,5.0,6.0,5.0,True
RP4-718D20.3,0.594466863383142,up_in_PP,1.2539866123356401e-09,38.0714985523603,3,A_high,0.427721907615425,2.55936902026208e-12,3.0,0.432,0.353,0.428,0.451,6.0,3.0,6.0,5.0,True
CTD-2267D19.3,0.548715042672214,up_in_PP,5.2063419078225604e-09,42.8341243156432,4,A_high,0.418803356307672,5.55214172566697e-12,4.0,0.721,0.315,-0.481,0.385,8.0,3.0,6.0,5.0,True
RP11-87F15.2,0.457764075634611,up_in_PP,2.38817676671825e-10,33.2309988746113,4,A_high,0.443068084526086,1.56852288098849e-13,4.0,0.516,0.293,0.443,0.339,8.0,3.0,6.0,4.0,True
RP11-799B12.4,-0.450743533414471,down_in_PP,1.47245978288674e-16,0.0,4,A_high,-0.426385127513411,1.88103589840559e-12,4.0,0.315,-0.341,-0.426,-0.253,7.0,3.0,8.0,5.0,True
RP11-128P10.1,0.287129015853125,up_in_PP,0.0002114476961428,0.0,4,A_high,0.475184124666699,8.07828312432958e-16,4.0,0.286,0.284,0.475,0.25,3.0,3.0,7.0,3.0,True
RP11-192H23.7,0.10241420917971,up_in_PP,0.0261675698283994,32.3597326475424,4,A_high,0.410365854313235,1.76026376048987e-11,4.0,0.23,0.227,0.41,0.148,2.0,3.0,3.0,2.0,True
RP11-295G20.2,2.48421051845618,up_in_PP,4.1401781407271904e-45,65.4989183850832,4,B_moderate,0.505360909904768,3.14355282975081e-18,4.0,0.493,0.667,0.505,0.554,8.0,5.0,9.0,7.0,True
CTD-2547L24.3,1.44925129152191,up_in_PP,2.33951648704035e-17,73.2876155375197,3,B_moderate,0.43397059816132,1.04061701426805e-12,3.0,0.452,0.416,0.434,-0.326,9.0,4.0,7.0,5.0,True
AC007182.6,1.36158848970866,up_in_PP,1.7976270269620498e-16,70.6698008292238,4,B_moderate,0.654500636297361,1.68720899738748e-35,4.0,0.493,0.594,0.655,0.523,8.0,5.0,8.0,7.0,True
RP11-113D6.6,1.35744695357129,up_in_PP,1.0462790293048499e-18,74.2935577734957,4,B_moderate,0.50100873498766,7.246644410353779e-18,4.0,0.697,0.597,0.501,0.526,5.0,5.0,7.0,6.0,True
PLBD1-AS1,1.31113952813571,up_in_PP,3.0644261966346697e-28,63.6399952570972,4,B_moderate,0.410002036889472,1.84752636457363e-11,4.0,0.344,0.459,0.41,0.343,3.0,5.0,3.0,6.0,True
JHDM1D-AS1,1.14328742200554,up_in_PP,5.37031752952976e-18,67.5737497481511,4,B_moderate,0.590820085412625,7.42773739914756e-27,4.0,0.599,0.589,0.591,0.402,9.0,4.0,7.0,6.0,True
RP11-367G18.1,-1.08517922850875,down_in_PP,5.01794091114431e-16,54.309205130392,4,B_moderate,-0.409503988094858,1.97926826973582e-11,4.0,0.458,-0.383,-0.41,-0.344,6.0,3.0,9.0,6.0,True
RP4-568C11.4,-0.847426690267215,down_in_PP,1.52362652510342e-06,73.1008519140677,4,B_moderate,-0.421030242075149,4.04414712836323e-12,4.0,0.494,-0.366,-0.421,0.277,8.0,3.0,8.0,6.0,True
RP11-670E13.5,0.82823091822224,up_in_PP,1.69736716445128e-16,69.7101339722475,4,B_moderate,0.503415118352637,4.55530424513807e-18,4.0,0.416,0.525,0.503,0.379,5.0,5.0,6.0,7.0,True
RP11-471B22.2,0.641754607349901,up_in_PP,4.07424739675701e-11,69.690942259978,4,B_moderate,0.435500613470346,4.96206939521997e-13,4.0,0.497,0.526,0.436,0.456,6.0,5.0,6.0,7.0,True
RP11-299M14.2,-0.568629013149898,down_in_PP,0.0003880635679769,53.325577025834,4,B_moderate,-0.421562746546846,3.75988855052315e-12,4.0,-0.469,-0.209,-0.422,-0.261,6.0,3.0,5.0,3.0,True
RP11-58K22.5,0.537676479318455,up_in_PP,8.96238398678985e-05,63.3092286488006,4,B_moderate,0.46273081906972,6.8030320857776804e-15,4.0,0.651,0.345,-0.499,0.416,9.0,3.0,7.0,5.0,True
RP11-400F19.6,0.412043658438307,up_in_PP,0.0006078670778716,74.0018086739232,4,B_moderate,0.418813252534126,5.5468178209327395e-12,4.0,0.805,0.41,-0.531,0.445,8.0,3.0,7.0,5.0,True
JPX,-0.310021462711574,down_in_PP,0.0006514597105404,57.2669594187027,4,B_moderate,-0.404308198703657,3.96192283939478e-11,4.0,-0.411,-0.149,-0.404,-0.253,7.0,1.0,5.0,4.0,True
CTB-96E2.3,0.264505558288657,up_in_PP,0.000723855922884,59.7850632672504,4,B_moderate,0.426146235393336,1.94752503905923e-12,4.0,0.684,0.294,0.426,0.368,6.0,3.0,7.0,5.0,True
LINC01269,3.90467968971911,up_in_PP,3.81876971209082e-18,76.3203425359405,3,C_significant_but_flagged,0.57519014534194,1.32330855085975e-24,3.0,0.483,0.703,0.575,0.481,9.0,4.0,5.0,7.0,True
LINC01215,3.44377174258544,up_in_PP,1.37237455271284e-07,91.2375165027384,3,C_significant_but_flagged,0.468360159599111,4.87214038208195e-15,3.0,0.351,0.419,0.468,0.386,8.0,4.0,6.0,7.0,True
CTC-327F10.4,-3.08198442214829,down_in_PP,5.85848900528264e-05,95.1044126709718,3,C_significant_but_flagged,-0.441378432066882,3.4635844904463897e-13,3.0,-0.354,-0.465,-0.441,-0.421,8.0,3.0,10.0,6.0,True
CTC-327F10.5,-2.83908534114827,down_in_PP,4.76289755617793e-05,93.0597023129148,3,C_significant_but_flagged,-0.4548267578133,4.33792611471034e-14,3.0,0.301,-0.426,-0.455,-0.397,8.0,3.0,8.0,6.0,True
CTA-363E6.6,2.52925431236127,up_in_PP,8.73847980891031e-14,86.8299048547663,3,C_significant_but_flagged,0.453582259944948,5.27090635697895e-14,3.0,0.466,0.527,0.454,0.455,8.0,5.0,4.0,7.0,True
RP4-681L3.2,2.33092840051594,up_in_PP,6.57693681363584e-05,90.9204500556563,3,C_significant_but_flagged,0.54302460399484,2.66775414355864e-21,3.0,0.438,0.569,0.543,0.504,9.0,4.0,6.0,7.0,True
TRG-AS1,2.27703998075039,up_in_PP,4.40828625072192e-08,87.430245773927,3,C_significant_but_flagged,0.459194127657309,2.16308233859206e-14,3.0,0.313,0.384,0.459,0.27,7.0,5.0,5.0,7.0,True
AC129492.6,2.02646824397642,up_in_PP,2.25924472199725e-11,90.0441037580674,4,C_significant_but_flagged,0.629465021536676,8.47911218630039e-32,4.0,0.563,0.785,0.629,0.533,8.0,5.0,8.0,7.0,True
CTC-518B2.12,1.82066256351206,up_in_PP,8.809906234651e-07,88.205257744758,4,C_significant_but_flagged,0.497323904649013,1.45233260986004e-17,4.0,0.612,0.635,0.497,0.629,8.0,5.0,9.0,7.0,True
RP11-510N19.5,1.7425682301712,up_in_PP,0.0429563120053215,95.6314082070601,3,C_significant_but_flagged,0.562270590153437,3.07505606782086e-23,3.0,0.416,0.588,0.562,0.618,8.0,3.0,9.0,7.0,True
AC006262.4,-1.69160368268393,down_in_PP,2.57816277640846e-08,80.1003165006417,4,C_significant_but_flagged,-0.522069653592622,1.07222086567517e-19,4.0,-0.5,-0.446,-0.522,-0.357,12.0,4.0,6.0,6.0,True
RP11-66B24.8,1.67698065030345,up_in_PP,0.0296695633275999,93.3317882503199,4,C_significant_but_flagged,0.440347793232574,2.37959003934003e-13,4.0,-0.387,0.411,0.44,0.25,10.0,1.0,5.0,5.0,True
SH3PXD2A-AS1,1.61864139919102,up_in_PP,6.45766627312231e-05,94.903796818489,4,C_significant_but_flagged,0.443173808153676,1.5435614100743099e-13,4.0,0.429,0.569,0.443,0.611,7.0,4.0,7.0,7.0,True
RP11-465L10.10,1.52540368478214,up_in_PP,0.0065955943533242,90.8114195413862,4,C_significant_but_flagged,0.407390024540282,2.6292972405701097e-11,4.0,0.487,0.31,0.494,0.409,9.0,3.0,8.0,5.0,True
RP11-350J20.12,1.50224665053264,up_in_PP,6.60723471877583e-05,93.0417255706546,4,C_significant_but_flagged,0.507463045681749,2.07140903395372e-18,4.0,0.687,0.507,0.507,0.605,9.0,4.0,7.0,6.0,True
FAM3D-AS1,1.47062132879788,up_in_PP,0.0026855100041624,81.4873035909467,3,C_significant_but_flagged,0.476871397234819,1.14864409807605e-15,3.0,0.42,0.451,0.477,0.485,8.0,3.0,7.0,5.0,True
CTD-2619J13.13,1.46021277791039,up_in_PP,2.32782815972023e-07,88.7715457224086,4,C_significant_but_flagged,0.451794659036664,3.98245236164032e-14,4.0,0.655,0.596,0.452,0.482,5.0,5.0,7.0,5.0,True
RP11-66B24.4,1.45410090533734,up_in_PP,0.0005945328066493,86.5500473150857,4,C_significant_but_flagged,0.603872519497686,2.04590392629522e-28,4.0,0.509,0.62,0.604,0.423,10.0,3.0,6.0,7.0,True
KB-1460A1.5,-1.43989362691841,down_in_PP,6.17730179761344e-05,93.4852873469435,4,C_significant_but_flagged,-0.460513852725908,9.778382939348331e-15,4.0,-0.356,-0.349,-0.461,-0.39,9.0,3.0,6.0,5.0,True
AC003991.3,1.38092217318879,up_in_PP,0.0184046323391524,94.8820128751667,4,C_significant_but_flagged,0.51680884263861,3.1897773868791e-19,4.0,0.457,0.444,0.605,-0.376,11.0,3.0,8.0,7.0,True
LINC01550,-1.37706720318267,down_in_PP,0.0007549357245026,95.0177491535077,4,C_significant_but_flagged,-0.489549625681211,6.2711577641192e-17,4.0,0.459,-0.557,-0.49,-0.506,10.0,3.0,8.0,7.0,True
RP11-203M5.8,1.37200127532854,up_in_PP,0.01562054495338,97.4904305643093,4,C_significant_but_flagged,0.562710662551274,1.03989600152348e-23,4.0,0.565,0.635,0.563,0.468,10.0,4.0,7.0,7.0,True
BDNF-AS,-1.24575827012782,down_in_PP,1.91752450350207e-14,78.796672465069,4,C_significant_but_flagged,-0.425062152596047,2.28598049955684e-12,4.0,-0.357,-0.317,-0.426,-0.322,8.0,3.0,6.0,6.0,True
RP11-94C24.8,1.18393310516832,up_in_PP,2.63743434633147e-08,82.6519408844808,4,C_significant_but_flagged,0.532555946040846,1.1413424135919501e-20,4.0,0.571,0.454,0.533,0.472,8.0,4.0,6.0,5.0,True
RP11-356I2.4,-1.14550292176578,down_in_PP,7.37807792807546e-05,89.6403887527204,4,C_significant_but_flagged,-0.456181748244434,1.96456010703192e-14,4.0,0.568,-0.405,-0.456,0.322,6.0,4.0,6.0,6.0,True
CTB-147C22.8,1.07355552815842,up_in_PP,0.0006738622213033,87.2683737045529,4,C_significant_but_flagged,0.565203968670107,5.6356448280145405e-24,4.0,0.61,0.593,0.565,0.578,7.0,5.0,7.0,6.0,True
RP11-77H9.5,1.0428556276886,up_in_PP,5.82632694965111e-05,92.2328671344109,4,C_significant_but_flagged,0.41537242359244,8.911897259378919e-12,4.0,0.367,0.382,0.415,0.402,8.0,3.0,9.0,5.0,True
RP11-70C1.3,1.03786617631718,up_in_PP,0.0003176178462632,95.6019997501084,4,C_significant_but_flagged,0.47957936400649,3.7219816700668e-16,4.0,0.555,0.615,0.48,0.487,10.0,5.0,7.0,7.0,True
AC005264.2,1.0310069734675,up_in_PP,0.0059542047497341,95.5689164303468,4,C_significant_but_flagged,0.595858503430043,1.98024310788257e-27,4.0,0.639,0.538,0.596,0.522,9.0,4.0,9.0,7.0,True
RP11-77H9.2,1.00965774025791,up_in_PP,0.0042469470085896,97.025707052071,4,C_significant_but_flagged,0.544875149345006,7.05941741753024e-22,4.0,0.591,0.576,-0.603,0.57,9.0,3.0,9.0,7.0,True
CTD-3203P2.3,0.950175312847111,up_in_PP,0.0271655239875628,91.4401333908386,4,C_significant_but_flagged,0.520116826004536,1.6133947363411802e-19,4.0,-0.349,0.413,0.52,0.391,9.0,3.0,8.0,6.0,True
LINC01137,0.941182004732253,up_in_PP,2.60722855391633e-05,85.9671139847788,4,C_significant_but_flagged,0.418339457146459,5.92906372472352e-12,4.0,0.562,0.427,0.418,0.478,7.0,3.0,8.0,6.0,True
LIPE-AS1,0.860845700202747,up_in_PP,3.46608488460923e-06,90.107523599621,4,C_significant_but_flagged,0.5451367577859,6.67202435933689e-22,4.0,0.569,0.658,0.545,0.53,10.0,5.0,7.0,7.0,True
RP11-640I15.1,0.854999462414674,up_in_PP,4.3217320704499e-05,85.2336285794087,4,C_significant_but_flagged,0.479686705078903,3.65123363898525e-16,4.0,0.455,0.435,0.48,0.397,5.0,3.0,7.0,6.0,True
RP11-498C9.2,0.814855835252261,up_in_PP,4.14547375060427e-09,86.0915996978061,4,C_significant_but_flagged,0.538457737138504,3.0563674539670402e-21,4.0,0.609,0.475,0.538,0.53,7.0,4.0,7.0,5.0,True
RP11-688G15.3,0.794167199705979,up_in_PP,4.3136148003279e-05,92.0934138455453,4,C_significant_but_flagged,0.498862913901759,1.0827287328899e-17,4.0,0.645,0.451,-0.552,0.488,6.0,5.0,6.0,5.0,True
RP11-615I2.2,0.774486410807561,up_in_PP,0.0071581398843071,90.0508047064495,4,C_significant_but_flagged,0.517985665141951,2.50845302800505e-19,4.0,0.524,0.37,0.518,0.319,9.0,3.0,6.0,5.0,True
RP11-186B7.4,0.671460004867972,up_in_PP,0.0005494944289389,95.8446296380388,4,C_significant_but_flagged,0.484424197811714,1.57810357069225e-16,4.0,0.611,0.609,0.484,0.541,8.0,5.0,7.0,7.0,True
RP1-117B12.4,0.670248654353233,up_in_PP,0.0343718009937097,89.3304705407347,4,C_significant_but_flagged,0.53551655093228,5.92538875535349e-21,4.0,0.57,0.365,0.536,0.402,7.0,3.0,7.0,5.0,True
AC068580.6,0.622085162296178,up_in_PP,0.0012174919020401,84.6691683106895,4,C_significant_but_flagged,0.460246174471887,1.01973671349889e-14,4.0,0.731,0.36,0.46,0.471,10.0,3.0,7.0,5.0,True
CCDC18-AS1,-0.569880890981228,down_in_PP,0.0007011102592809,82.0174764440825,4,C_significant_but_flagged,-0.406321502490083,3.03095955560894e-11,4.0,-0.381,-0.289,-0.406,-0.321,7.0,3.0,5.0,6.0,True
RP11-152H18.3,0.557602298681861,up_in_PP,0.011508954882265,91.2134539222566,4,C_significant_but_flagged,0.411798767662864,1.45605460190396e-11,4.0,0.362,0.375,0.44,0.311,9.0,3.0,8.0,6.0,True
LINC00294,-0.541584226005723,down_in_PP,0.0043564359934196,90.0821584650175,4,C_significant_but_flagged,-0.453718309420144,2.92750988425983e-14,4.0,-0.447,-0.305,-0.454,-0.374,5.0,3.0,4.0,5.0,True
RP11-307C12.12,0.539945694998546,up_in_PP,0.048411670167249,95.4435288470881,4,C_significant_but_flagged,0.53868724229051,2.91386591792279e-21,4.0,0.533,0.441,0.539,0.436,9.0,3.0,8.0,7.0,True
RP11-135L13.4,-0.536877618506028,down_in_PP,0.0075987265418573,94.4509583291985,4,C_significant_but_flagged,-0.438915811576378,2.95256615679009e-13,4.0,0.572,-0.337,0.488,-0.383,9.0,3.0,7.0,6.0,True
HLA-F-AS1,-0.495815306870369,down_in_PP,0.0141019379680785,87.4138799191216,4,C_significant_but_flagged,-0.426198626653746,1.93288612030578e-12,4.0,-0.406,-0.354,-0.426,-0.342,7.0,4.0,5.0,7.0,True
INTS6-AS1,-0.493378569893662,down_in_PP,0.0092905399602281,85.4792757422669,4,C_significant_but_flagged,-0.443238677502788,1.52926057129307e-13,4.0,-0.278,-0.291,-0.443,-0.26,8.0,3.0,6.0,7.0,True
FLJ27354,0.419628300549861,up_in_PP,0.0045123468192255,78.958443106339,4,C_significant_but_flagged,0.445852875146572,1.01633055332027e-13,4.0,0.393,0.326,0.446,0.291,8.0,4.0,7.0,7.0,True
CTD-2562J17.9,0.404911817674561,up_in_PP,0.0479631331068402,86.9838754514583,3,C_significant_but_flagged,0.584571332851545,1.1605403296041602e-25,3.0,0.307,0.396,0.585,0.329,8.0,4.0,6.0,5.0,True
NAPA-AS1,0.40472874546883,up_in_PP,0.0007086644371921,80.3428787672729,4,C_significant_but_flagged,0.412134815255085,1.3908878033750798e-11,4.0,0.613,0.49,-0.476,0.58,7.0,4.0,7.0,6.0,True
TPT1-AS1,-0.370822501376493,down_in_PP,0.0374701775068992,91.5860633577073,4,C_significant_but_flagged,-0.40943796723171,1.9955526386388498e-11,4.0,-0.69,-0.463,-0.409,-0.465,6.0,5.0,5.0,5.0,True
NOP14-AS1,0.361501089462248,up_in_PP,0.0111896264212321,93.9901480355483,4,C_significant_but_flagged,0.45208960883052,3.8018532323766e-14,4.0,0.555,0.483,-0.531,0.492,9.0,4.0,7.0,7.0,True
SBF2-AS1,-0.331304768699182,down_in_PP,0.0293579552683848,90.7671295801953,4,C_significant_but_flagged,-0.460426854391927,9.9039176349241e-15,4.0,0.401,-0.435,-0.46,-0.458,8.0,3.0,8.0,7.0,True
ZNF337-AS1,-0.326778149659508,down_in_PP,0.0038859502204098,85.0651064637153,4,C_significant_but_flagged,-0.484894955981335,1.45293373018297e-16,4.0,-0.378,-0.267,-0.485,-0.336,6.0,3.0,7.0,5.0,True
RP11-46A10.5,0.326146221746871,up_in_PP,0.0135017537452073,88.9464184778934,4,C_significant_but_flagged,0.403073252518362,4.67529116483608e-11,4.0,0.508,0.349,0.403,0.385,7.0,3.0,6.0,5.0,True
CTD-3222D19.11,0.26471807820433,up_in_PP,0.0285939406637861,83.3561987499743,4,C_significant_but_flagged,0.508082157601359,1.8358938178197197e-18,4.0,0.42,0.428,0.508,0.323,10.0,4.0,7.0,7.0,True
ABALON,0.252768704119727,up_in_PP,0.0312891987264277,80.7189371234992,4,C_significant_but_flagged,0.591009134650874,7.17990882616476e-27,4.0,0.329,0.385,0.591,0.485,8.0,3.0,6.0,5.0,True
AP001610.5,3.10490957855199,up_in_PP,3.63626927353166e-35,48.8415761635544,4,A_high,0.356704233336806,1.26154711746982e-08,4.0,0.369,0.404,0.714,-0.415,10.0,3.0,4.0,7.0,False
RP11-321G12.1,-1.98278005914506,down_in_PP,3.11263915919951e-17,41.1972383327248,3,A_high,-0.147016155567987,0.0389016170799548,3.0,-0.294,-0.364,-0.211,0.277,6.0,5.0,3.0,2.0,False
RP11-706C16.7,1.90770534764615,up_in_PP,1.19393721117867e-23,37.0203219994352,3,A_high,0.228501994266156,0.0007129716588066,3.0,0.278,0.492,-0.31,0.381,4.0,5.0,8.0,6.0,False
XIST,-1.76039578926664,down_in_PP,0.0071581398843071,0.0,3,A_high,-0.179601653588007,0.00975946347219,3.0,-0.201,,-0.18,,1.0,,1.0,,False
TSIX,-1.66137140198697,down_in_PP,0.007316385599543,0.0,4,A_high,-0.181291185820798,0.0083395228058813,4.0,-0.206,,-0.181,,1.0,,1.0,,False
RP11-670E13.6,1.52274224621881,up_in_PP,3.86960693066732e-15,40.9635159580338,3,A_high,0.0073725674124257,0.939322244750556,3.0,0.529,0.347,-0.452,0.289,6.0,3.0,4.0,4.0,False
RP1-27K12.4,-1.4484053785117,down_in_PP,1.33434593462198e-27,0.0,3,A_high,-0.0707493579297136,0.361748454126202,3.0,0.252,-0.249,-0.19,0.213,5.0,5.0,4.0,2.0,False
SOX2-OT,-1.42414632954649,down_in_PP,4.88037631865758e-37,0.0,3,A_high,-0.281445610219785,1.8263379979363e-05,3.0,-0.381,-0.383,-0.281,-0.304,6.0,3.0,6.0,5.0,False
CH17-140K24.7,-1.41748632307418,down_in_PP,2.6490321330859003e-48,0.0,3,A_high,0.0187648394472232,0.833213472966147,3.0,-0.272,-0.217,-0.196,0.262,6.0,3.0,2.0,3.0,False
RP11-632L2.2,-1.41134949674873,down_in_PP,3.4367446623297504e-20,0.0,3,A_high,-0.081307215297479,0.352062399521743,3.0,-0.329,-0.383,0.22,-0.174,4.0,3.0,2.0,2.0,False
AC016995.3,-1.39553439048098,down_in_PP,1.3083381698351499e-33,0.0,3,A_high,-0.257842089899655,0.0001042757865524,3.0,-0.33,-0.344,-0.258,,4.0,5.0,5.0,,False
RP11-32B5.7,-1.36320401841523,down_in_PP,2.52437737151621e-12,0.0,3,A_high,-0.105678600198156,0.153071954029771,3.0,0.215,,-0.193,,2.0,,2.0,,False
RP11-386B13.4,-1.32244041899412,down_in_PP,6.47126980829177e-17,41.7512429651358,3,A_high,-0.126468898686339,0.0808349409306245,3.0,-0.318,-0.208,-0.333,0.306,5.0,2.0,5.0,1.0,False
RP1-80N2.3,-1.32012254616438,down_in_PP,3.0118558178053604e-31,5.8668698159117,3,A_high,-0.283930246442708,1.50350682497438e-05,3.0,-0.246,-0.219,-0.284,-0.248,5.0,3.0,4.0,4.0,False
LINC01127,1.27338202977949,up_in_PP,5.5337087014028e-22,18.8357564454587,4,A_high,0.25497107178494,0.0001090839600909,4.0,0.286,0.139,0.255,0.207,4.0,1.0,4.0,1.0,False
RP11-535A19.1,-1.26183176792388,down_in_PP,9.93237631322124e-85,0.0,4,A_high,-0.0412170965869775,0.61556913248293,4.0,-0.379,-0.242,-0.418,0.481,8.0,1.0,5.0,3.0,False
RP11-399F4.2,-1.22105224195178,down_in_PP,2.07038358876247e-09,24.4270308623179,3,A_high,-0.218575994984402,0.0012788135855616,3.0,-0.348,-0.223,0.312,-0.157,5.0,2.0,5.0,3.0,False
LINC02158,-1.22071324359836,down_in_PP,5.93457157066861e-07,0.0,3,A_high,0.0841595733122989,0.333521363499165,3.0,0.307,,,0.326,2.0,,,2.0,False
KB-1107E3.1,-1.15105574940849,down_in_PP,2.05260752303777e-24,0.0,3,A_high,-0.22569865297926,0.0008431213761369,3.0,-0.333,-0.329,0.226,-0.185,8.0,5.0,3.0,2.0,False
MIR193BHG,-1.13131463158944,down_in_PP,2.31304402930155e-49,5.18531840553482,4,A_high,-0.315721025287104,7.92759546582837e-07,4.0,-0.36,-0.323,-0.316,-0.264,6.0,4.0,7.0,5.0,False
RP11-473M20.5,1.11793344881006,up_in_PP,2.71770808653536e-53,0.0,4,A_high,0.292075269749366,6.36243619245189e-06,4.0,0.432,0.393,0.601,0.406,6.0,3.0,7.0,5.0,False
LINC00598,-1.11282351568027,down_in_PP,3.56228617859437e-29,0.0,3,A_high,-0.231210892699797,0.0006042723034475,3.0,-0.342,-0.187,-0.231,-0.166,3.0,1.0,2.0,1.0,False
LINC01094,1.1061184878885,up_in_PP,1.49198842499802e-37,27.6715010171308,4,A_high,-0.0126577104088983,0.888242435438126,4.0,0.462,0.464,0.346,0.252,5.0,4.0,7.0,3.0,False
RP11-266K4.14,-1.10007134745279,down_in_PP,2.13387337783392e-25,0.0,3,A_high,-0.1525191167204,0.031409328775786,3.0,-0.436,-0.265,0.285,-0.262,6.0,3.0,7.0,6.0,False
CTD-2620I22.1,-1.09691803869118,down_in_PP,1.06328306344782e-16,0.0,3,A_high,0.008096379453198,0.957414723220762,3.0,0.263,,,,1.0,,,,False
RP11-138I1.3,1.0865483274186,up_in_PP,1.0162003760000199e-16,0.0,3,A_high,0.0431178940396279,0.762987954700751,3.0,-0.401,-0.364,-0.387,,2.0,1.0,3.0,,False
AC034220.3,-1.07971426272466,down_in_PP,5.18578512478523e-27,19.3510020802754,4,A_high,-0.332941539943942,1.5153490863854e-07,4.0,-0.394,-0.394,-0.333,-0.261,4.0,4.0,6.0,7.0,False
RP11-161M6.2,-1.06882560027172,down_in_PP,4.77807912967376e-24,0.0,3,A_high,-0.107080707938632,0.147110701070847,3.0,-0.42,-0.253,-0.398,0.185,9.0,3.0,7.0,2.0,False
RAMP2-AS1,-1.05637594911478,down_in_PP,5.41183710554883e-28,0.0,3,A_high,-0.223558687671274,0.0009575984520081,3.0,-0.4,-0.319,-0.297,-0.236,5.0,5.0,3.0,5.0,False
RP11-968O1.5,-1.05330231656487,down_in_PP,1.0819052489333501e-19,0.0,3,A_high,-0.0743079524935753,0.335504500756971,3.0,-0.285,-0.192,0.228,,5.0,2.0,1.0,,False
RP11-701H24.4,-1.05306071162962,down_in_PP,7.32690197038133e-10,43.2201541073066,4,A_high,-0.107053692572598,0.143116380174584,4.0,-0.22,-0.188,0.31,-0.157,4.0,2.0,1.0,3.0,False
RP11-273G15.2,-1.05270528669426,down_in_PP,4.70924986055306e-13,36.5824257536412,3,A_high,-0.0050108883511078,0.956618813569197,3.0,0.259,,-0.175,,6.0,,1.0,,False
RP11-1391J7.1,-1.05102883978475,down_in_PP,0.0018422135764589,47.3984231577502,3,A_high,-0.149595965795986,0.0465185772186497,3.0,-0.41,-0.315,0.552,-0.188,7.0,2.0,7.0,1.0,False
RP11-263K19.6,1.05095849761573,up_in_PP,3.02474635918399e-17,47.1094192629812,4,A_high,-0.0016601870654552,0.985762070582311,4.0,-0.167,0.194,0.153,-0.153,2.0,2.0,1.0,1.0,False
ACVR2B-AS1,-1.04345721597256,down_in_PP,1.3156478762979e-26,0.0,3,A_high,-0.159965603672908,0.0232731349865346,3.0,-0.338,-0.381,-0.266,0.345,5.0,4.0,5.0,6.0,False
RP11-141M3.6,1.02842726023337,up_in_PP,1.1299641532176099e-40,22.0735421867442,3,A_high,0.336579416708622,1.40120213889167e-07,3.0,0.27,0.349,0.337,0.286,4.0,4.0,6.0,5.0,False
CTC-270D5.1,-1.02595076421358,down_in_PP,1.33308944636588e-20,7.46551337926266,3,A_high,-0.0616221547424893,0.435015262168639,3.0,,,0.227,,,,1.0,,False
RP11-862L9.3,-1.00473328805137,down_in_PP,6.08518781573123e-19,33.1226646932533,4,A_high,-0.100924600764558,0.170429462250793,4.0,-0.249,-0.269,-0.25,0.213,5.0,5.0,1.0,3.0,False
LINC02137,-0.968072613538338,down_in_PP,0.0014011365183787,49.5135920122375,3,A_high,-0.146270436234476,0.0400160993200108,3.0,-0.242,-0.257,-0.205,0.165,4.0,3.0,4.0,1.0,False
RP11-542C16.1,0.956000377903766,up_in_PP,5.5465586567214205e-74,0.0,4,A_high,0.326426386804039,2.86367110881195e-07,4.0,0.517,0.405,-0.338,0.35,6.0,5.0,6.0,5.0,False
RP11-428K3.1,0.945768453987793,up_in_PP,2.58574922083833e-35,6.55906508152886,4,A_high,0.36367410779523,5.81427793545668e-09,4.0,0.511,0.244,0.364,0.357,6.0,3.0,7.0,5.0,False
RP11-46H11.3,-0.928651472651732,down_in_PP,2.49633498002942e-15,0.0,3,A_high,-0.173811790199996,0.0127488317129064,3.0,-0.414,-0.214,0.306,-0.309,4.0,3.0,4.0,5.0,False
RP6-201G10.2,-0.92369522663431,down_in_PP,4.69375509033366e-13,0.0,3,A_high,-0.108650598963853,0.140519747852786,3.0,-0.353,,0.281,,3.0,,7.0,,False
AC012360.6,-0.919032499387465,down_in_PP,2.58089265059187e-08,0.0,3,A_high,-0.248633065799421,0.0309976663034276,3.0,-0.435,-0.411,-0.269,-0.23,3.0,2.0,3.0,1.0,False
CTB-49A3.2,0.914720358291076,up_in_PP,3.68542598411228e-11,0.0,3,A_high,-0.0782822770613534,0.307234585325924,3.0,-0.231,0.193,-0.186,0.181,7.0,1.0,3.0,1.0,False
XXbac-BPG299F13.17,-0.903900316940268,down_in_PP,8.057322237662281e-31,0.0,3,A_high,-0.253695632654602,0.0001392483064432,3.0,-0.349,-0.333,0.257,-0.244,7.0,5.0,4.0,5.0,False
RP11-334C17.5,0.897255853001517,up_in_PP,4.13411018703538e-45,6.62506439311351,4,A_high,0.118137965941127,0.102236558390244,4.0,-0.351,0.289,0.748,0.28,4.0,3.0,6.0,5.0,False
HMMR-AS1,0.884028505269363,up_in_PP,6.21956138251222e-09,10.4147125099154,3,A_high,0.130707940978657,0.298397292092387,3.0,0.395,0.384,-0.349,0.397,4.0,2.0,2.0,5.0,False
CTB-186H2.3,-0.88157360095297,down_in_PP,1.1155144038359898e-11,32.8077244455337,3,A_high,-0.169772224878939,0.0152749013798833,3.0,0.265,-0.172,0.176,0.144,3.0,3.0,2.0,1.0,False
AC002066.1,-0.87169937393229,down_in_PP,2.45400413042845e-15,0.0,3,A_high,-0.132689436706175,0.107300461706086,3.0,-0.335,-0.214,-0.215,-0.19,3.0,2.0,2.0,2.0,False
CYP4F26P,-0.864703877317495,down_in_PP,5.35953903251609e-09,17.2000619562577,3,A_high,-0.155740006139461,0.0372802209144952,3.0,-0.176,,-0.278,-0.157,4.0,,5.0,2.0,False
RP11-20B24.4,0.859310686571802,up_in_PP,2.47105989386354e-30,41.7661376631219,4,A_high,0.341980521165726,6.10636740032652e-08,4.0,0.405,0.195,0.342,0.363,6.0,2.0,8.0,6.0,False
RP11-482H16.1,-0.855701035510339,down_in_PP,5.2685992946336905e-31,0.0,3,A_high,-0.333152908756466,1.96247451221544e-07,3.0,-0.402,-0.373,0.456,-0.414,6.0,3.0,9.0,5.0,False
SRP14-AS1,-0.849977865046941,down_in_PP,4.3747597353757004e-10,46.4963438547109,4,A_high,-0.206150117863768,0.0023138243016185,4.0,0.232,-0.14,0.282,,4.0,1.0,5.0,,False
RP11-284F21.7,-0.840348239694279,down_in_PP,9.0051946105555e-08,0.0,3,A_high,0.0235789054034474,0.798897209490459,3.0,0.459,,-0.372,-0.198,7.0,,5.0,1.0,False
RP11-760H22.2,-0.839615423759925,down_in_PP,2.65786292715736e-29,0.0,3,A_high,-0.181507404209704,0.0089105997091523,3.0,-0.497,-0.224,0.53,-0.184,6.0,2.0,8.0,3.0,False
ZMIZ1-AS1,-0.836449543581653,down_in_PP,9.65143343902839e-24,0.0,3,A_high,-0.37041161925314,3.81876055383875e-09,3.0,-0.365,-0.347,-0.37,0.341,7.0,3.0,5.0,6.0,False
RP11-166P13.4,-0.83587660149375,down_in_PP,6.45858920630926e-12,0.0,3,A_high,-0.0980078301491919,0.189480576077223,3.0,-0.34,-0.229,0.172,,7.0,3.0,3.0,,False
RP11-477N3.1,-0.834618297659136,down_in_PP,1.97485727939662e-13,0.0,3,A_high,-0.146046970691239,0.0403654169220004,3.0,-0.258,-0.203,-0.249,-0.224,5.0,1.0,6.0,4.0,False
BOLA3-AS1,-0.82302422928955,down_in_PP,6.072755000840429e-30,0.0,4,A_high,-0.204160320330814,0.0025827944839337,4.0,-0.258,-0.295,-0.243,-0.236,6.0,5.0,2.0,5.0,False
RP11-276H19.2,-0.813740444811295,down_in_PP,3.05300521948354e-05,28.8904938626555,3,A_high,-0.253580739236661,0.0001403854584915,3.0,-0.23,-0.214,-0.254,-0.23,3.0,2.0,3.0,5.0,False
RP11-384P7.7,-0.809852911299478,down_in_PP,2.82977853199676e-05,12.6632946719769,3,A_high,-0.1772336852158,0.0259347241631192,3.0,-0.408,-0.181,0.382,-0.215,6.0,1.0,5.0,2.0,False
MGC32805,-0.801363296972052,down_in_PP,6.27471994720662e-07,40.2386504227199,3,A_high,-0.127582687412489,0.077889735962479,3.0,-0.266,-0.218,-0.169,-0.182,4.0,4.0,2.0,5.0,False
AP001468.58,-0.800239348993738,down_in_PP,4.01134962451217e-26,0.0,3,A_high,-0.319591201100636,2.68961967055384e-06,3.0,-0.26,-0.193,-0.32,-0.218,4.0,2.0,4.0,4.0,False
RP11-428F8.2,0.793212801750572,up_in_PP,3.79852297480353e-24,0.0,3,A_high,0.0906231971696664,0.229555559437256,3.0,-0.436,0.272,0.398,,3.0,3.0,5.0,,False
COLCA1,-0.79079004523171,down_in_PP,3.3711415578463996e-12,0.0,3,A_high,-0.0628776348869249,0.424770626005237,3.0,-0.388,-0.222,0.225,,5.0,3.0,3.0,,False
RP11-490M8.1,-0.788885585378637,down_in_PP,2.80614029734194e-13,44.5332895655148,4,A_high,-0.268599851145999,4.03967799900268e-05,4.0,-0.231,-0.298,-0.269,0.353,3.0,4.0,6.0,1.0,False
RP11-57H14.2,-0.77847887640223,down_in_PP,3.58008293242285e-08,47.4505371555986,4,A_high,-0.0078327564259545,0.931531737070117,4.0,-0.347,-0.272,0.276,,6.0,4.0,3.0,,False
EPB41L4A-AS2,0.772684654901228,up_in_PP,9.3056161785999e-24,15.3576266385512,3,A_high,0.339435300778399,1.05530875055534e-07,3.0,0.553,0.248,-0.404,0.242,6.0,3.0,6.0,3.0,False
HOXC13-AS,0.764131794943739,up_in_PP,1.9827943077469e-15,36.3947955107085,4,A_high,0.270185179886634,3.58450012399518e-05,4.0,0.514,0.326,-0.429,0.34,6.0,5.0,6.0,5.0,False
RP11-545E17.3,0.763525000123733,up_in_PP,6.12064747067453e-10,30.7855277852668,4,A_high,0.0226007648286506,0.794802378853234,4.0,0.186,,-0.152,0.19,1.0,,1.0,2.0,False
LINC01235,-0.761723008183791,down_in_PP,9.75745333765152e-08,0.0,4,A_high,-0.132629872473495,0.0628874593608405,4.0,-0.321,-0.211,0.339,,4.0,3.0,3.0,,False
JMJD1C-AS1,-0.758507152081164,down_in_PP,8.18330076133978e-06,0.0,3,A_high,0.133604943428896,0.286400610316939,3.0,-0.412,-0.304,0.371,,4.0,1.0,3.0,,False
GLTSCR2-AS1,-0.757884973536717,down_in_PP,8.49425229359191e-12,49.7040942932431,3,A_high,-0.191907289959478,0.0084630922980437,3.0,0.169,-0.231,-0.368,-0.235,2.0,2.0,3.0,4.0,False
ELF3-AS1,0.746973809816118,up_in_PP,2.39803722701788e-16,0.0,3,A_high,0.151062839770781,0.0332731381993101,3.0,-0.187,0.246,0.242,0.193,3.0,1.0,4.0,2.0,False
RP11-388P9.3,-0.731952364865853,down_in_PP,8.36186678610586e-14,0.0,3,A_high,0.0462165055982361,0.572596498274675,3.0,-0.328,,0.236,,3.0,,3.0,,False
RP11-1094H24.4,-0.726423751741927,down_in_PP,6.12247814779608e-05,23.5059866251105,3,A_high,-0.228108240312702,0.0013859467314307,3.0,-0.339,-0.284,-0.345,-0.225,3.0,2.0,4.0,5.0,False
LMCD1-AS1,-0.722101347353927,down_in_PP,3.09930921593113e-11,0.0,4,A_high,-0.229038389271544,0.0006089516507345,4.0,-0.343,-0.25,-0.229,-0.29,6.0,4.0,3.0,4.0,False
CTC-559E9.4,-0.720091133024628,down_in_PP,5.76727483117435e-14,33.5433682735647,4,A_high,-0.0623470171129253,0.424373064571963,4.0,-0.194,,,,1.0,,,,False
RP11-159N11.4,-0.718686625302986,down_in_PP,9.96137333860025e-16,0.0,4,A_high,-0.30738609609351,1.70224159879743e-06,4.0,-0.306,-0.263,-0.307,-0.257,5.0,4.0,6.0,4.0,False
CTD-2383M3.1,-0.717779967015535,down_in_PP,4.96600744199466e-15,0.0,3,A_high,-0.240380601840881,0.0003376438849591,3.0,-0.351,-0.243,-0.342,-0.25,8.0,3.0,5.0,6.0,False
RP11-661A12.9,0.712620566064693,up_in_PP,4.29043543010877e-24,0.0,4,A_high,0.341429745176065,6.45968306421657e-08,4.0,0.731,0.31,-0.508,0.354,7.0,3.0,7.0,5.0,False
CTC-429P9.2,-0.694980840565348,down_in_PP,2.6716947050142902e-21,0.0,4,A_high,-0.180483556908361,0.0086637164745743,4.0,-0.337,-0.288,0.211,-0.256,5.0,4.0,6.0,5.0,False
LINC00271,-0.689646098845236,down_in_PP,0.0001038261118105,44.648292372825,3,A_high,-0.0401854712886574,0.629113295953253,3.0,-0.247,-0.144,-0.212,,2.0,1.0,2.0,,False
RP11-624L4.1,-0.689466815725726,down_in_PP,7.71675985644695e-07,24.1346225559913,4,A_high,-0.17241770885198,0.0126553677773224,4.0,-0.332,-0.201,0.174,-0.227,5.0,3.0,5.0,2.0,False
CTA-276F8.1,-0.68571453453246,down_in_PP,6.17215084047647e-07,24.3022547793954,4,A_high,-0.118582327606454,0.100808058386897,4.0,-0.466,-0.19,0.372,-0.224,4.0,3.0,5.0,4.0,False
CTB-60B18.18,-0.684279952814532,down_in_PP,0.0002125456302658,12.0647278201331,3,A_high,-0.330206284495535,1.09020781284116e-06,3.0,-0.29,-0.178,0.41,-0.218,4.0,2.0,7.0,4.0,False
AC009228.1,0.68224338501889,up_in_PP,1.14045965607967e-37,0.0,4,A_high,0.308854043992256,1.48999336604727e-06,4.0,-0.244,0.252,0.309,0.216,4.0,4.0,4.0,3.0,False
CH507-338C24.1,-0.682006082613665,down_in_PP,2.06974838260715e-06,0.0,4,A_high,-0.110579183980504,0.128711769844653,4.0,-0.163,,,,2.0,,,,False
RP11-411K7.1,0.680602424547567,up_in_PP,4.24629671415454e-25,18.2656851292697,4,A_high,0.12382394847453,0.0849651334359978,4.0,0.451,0.372,0.233,0.164,9.0,4.0,4.0,1.0,False
RP11-6E9.4,-0.67734590568595,down_in_PP,3.0925797334614397e-18,0.0,4,A_high,-0.0534298482691168,0.502210538057921,4.0,-0.358,-0.201,0.452,0.206,7.0,2.0,6.0,3.0,False
RP11-295H24.4,-0.674531179736395,down_in_PP,1.82496979142259e-06,47.1655802222283,3,A_high,-0.17905952687119,0.0100201993657575,3.0,-0.359,-0.19,0.393,-0.229,6.0,2.0,5.0,3.0,False
RP11-787I22.3,-0.666092300380355,down_in_PP,4.63810805350481e-17,45.1872064344748,4,A_high,-0.157677727284079,0.0241093616581769,4.0,0.281,-0.236,0.316,0.221,4.0,3.0,7.0,4.0,False
RP1-239B22.5,-0.662078363595954,down_in_PP,1.29223376288456e-14,0.0,4,A_high,-0.0735756418852465,0.335878474972277,4.0,-0.187,,-0.139,,3.0,,1.0,,False
CELF2-AS1,-0.660208765579696,down_in_PP,0.0003205449931904,33.558540359501,3,A_high,0.163114527066307,0.0203881436815487,3.0,-0.36,-0.238,0.37,-0.164,9.0,1.0,6.0,1.0,False
RP11-597D13.8,-0.659431687048236,down_in_PP,1.17475162778295e-06,0.0,3,A_high,-0.218703112680666,0.0047539164293464,3.0,-0.355,-0.331,-0.341,-0.259,3.0,2.0,5.0,5.0,False
WISP1-OT1,-0.658671341932913,down_in_PP,1.13052118560516e-05,14.0804041852031,3,A_high,0.0191978495379666,0.829074056975415,3.0,-0.343,,0.466,,4.0,,5.0,,False
RP11-360L9.4,0.65744157070163,up_in_PP,1.8099160006672e-08,0.0,3,A_high,0.130352650563526,0.0877482783944456,3.0,-0.223,,,0.194,1.0,,,2.0,False
CTC-429P9.5,-0.657163039378561,down_in_PP,3.86290815517007e-14,30.8593232992637,4,A_high,-0.242147470642622,0.0002610693254863,4.0,-0.423,-0.342,-0.281,-0.288,4.0,4.0,5.0,6.0,False
RP11-78I14.1,-0.654605410989184,down_in_PP,2.3267718136246502e-31,0.0,4,A_high,0.245128919094893,0.0002141490454298,4.0,-0.406,-0.255,-0.267,0.173,5.0,2.0,5.0,1.0,False
CTA-363E19.2,-0.64476345079202,down_in_PP,1.72135281737774e-10,0.0,3,A_high,-0.134409504908957,0.0616629102936907,3.0,-0.505,-0.218,0.43,-0.251,6.0,3.0,5.0,5.0,False
RP11-119K6.6,0.644118157806351,up_in_PP,2.03470455408237e-08,34.6978117751837,4,A_high,-0.075898501163681,0.319029236047047,4.0,-0.31,,-0.167,-0.201,3.0,,2.0,1.0,False
TGFB2-OT1,-0.643058242648454,down_in_PP,5.3978082734552e-09,31.6584546381622,4,A_high,-0.295951963160696,4.59075598534173e-06,4.0,-0.635,-0.316,0.561,-0.392,6.0,3.0,7.0,4.0,False
LA16c-366D1.3,0.641394905881018,up_in_PP,2.3527715511801898e-11,49.1616312569635,4,A_high,0.387244255082016,3.54512806634239e-10,4.0,0.569,0.27,-0.415,0.326,6.0,3.0,6.0,5.0,False
RP11-53I6.2,-0.633811593180215,down_in_PP,9.97182845527106e-14,47.4617646324435,4,A_high,0.181208727862437,0.0083693929014758,4.0,0.176,,0.248,,3.0,,3.0,,False
RP11-927P21.1,-0.632675330392451,down_in_PP,1.09103178550714e-08,0.0,4,A_high,-0.258160222995605,8.68487024642533e-05,4.0,-0.403,-0.155,0.286,-0.226,4.0,2.0,3.0,4.0,False
RP11-496I9.1,-0.631990640374727,down_in_PP,4.2373807325541703e-10,0.0,4,A_high,-0.298101414492835,3.81382731563877e-06,4.0,-0.369,-0.232,0.649,0.281,5.0,3.0,10.0,3.0,False
RRM1-AS1,0.61621579321725,up_in_PP,9.60008082674332e-21,35.855160720609,4,A_high,-0.0423381819275283,0.605256135080398,4.0,0.463,0.197,-0.48,-0.245,6.0,3.0,8.0,4.0,False
AC000032.2,-0.614749594334826,down_in_PP,0.0011524694190494,0.0,4,A_high,-0.07432368605158,0.330457920334765,4.0,-0.153,,-0.197,,2.0,,5.0,,False
AC068831.16,0.613733175457572,up_in_PP,1.1474056677703e-06,37.5253720105813,4,A_high,-0.177292432195717,0.0100944084881518,4.0,0.449,0.194,0.289,,5.0,1.0,6.0,,False
RP11-514P8.10,-0.609538497985494,down_in_PP,3.0702408333634804e-17,0.0,3,A_high,-0.196561414068386,0.0042470265642496,3.0,-0.345,,0.323,-0.173,6.0,,4.0,2.0,False
SSBP3-AS1,-0.605920498504083,down_in_PP,9.78580191053492e-06,31.4255154672851,3,A_high,-0.153821938313529,0.029805945193989,3.0,-0.306,-0.261,-0.241,-0.145,7.0,3.0,4.0,2.0,False
TMEM254-AS1,-0.600661118082542,down_in_PP,4.01960822963898e-24,0.636880638507033,4,A_high,-0.314917900466868,8.55000391083732e-07,4.0,-0.276,-0.314,-0.315,0.233,4.0,3.0,7.0,4.0,False
RP11-350N15.6,-0.599501667780322,down_in_PP,5.40580782133018e-06,0.0,3,A_high,-0.290235026156338,9.86260375784532e-05,3.0,-0.402,-0.298,0.327,-0.252,5.0,2.0,3.0,4.0,False
RP11-211G3.3,-0.598910941897043,down_in_PP,1.3358892284038699e-36,0.0,4,A_high,0.185557067339801,0.0067777616121016,4.0,-0.212,,0.286,0.213,2.0,,2.0,1.0,False
RP3-400B16.4,-0.59648510836467,down_in_PP,7.96057281418475e-06,30.5243210424746,3,A_high,0.0438847216098625,0.641824465563383,3.0,0.405,,-0.464,,8.0,,6.0,,False
RP11-696N14.1,0.595539251614831,up_in_PP,2.45702477791052e-13,0.0,4,A_high,-0.257667364093121,9.00067919980511e-05,4.0,-0.405,,-0.258,-0.168,6.0,,5.0,2.0,False
RP11-254F7.3,-0.594291336837534,down_in_PP,2.79004245920297e-30,0.0,4,A_high,-0.0117373570433605,0.89688801479986,4.0,0.23,-0.208,0.417,-0.22,4.0,2.0,4.0,5.0,False
RP11-6O2.3,-0.591970286795061,down_in_PP,8.87967826485385e-06,40.8497466711604,4,A_high,-0.119832433731113,0.0968167292206826,4.0,-0.343,-0.214,0.17,,5.0,2.0,2.0,,False
RP11-701H16.4,-0.591072722661715,down_in_PP,6.742970800003699e-14,0.0,3,A_high,0.0959910719777688,0.199879381214929,3.0,-0.463,-0.237,0.276,-0.145,8.0,4.0,5.0,1.0,False
AC097467.2,-0.589249294390872,down_in_PP,0.0018787359625631,30.4318770616629,3,A_high,0.0015300529675278,0.98850327422253,3.0,-0.446,,0.446,-0.163,6.0,,4.0,1.0,False
RP1-69D17.3,-0.58428331914329,down_in_PP,4.3748401617231195e-12,0.0,3,A_high,-0.0290515194097194,0.735462559767508,3.0,0.396,-0.193,0.531,-0.196,5.0,2.0,5.0,4.0,False
NR2F1-AS1,-0.584123036555553,down_in_PP,8.60418076899279e-06,24.6382048932343,3,A_high,-0.0256893145793009,0.767288367252123,3.0,-0.32,-0.246,0.374,-0.178,6.0,4.0,1.0,2.0,False
CTD-2284J15.1,-0.579815953141248,down_in_PP,7.56188544817495e-05,36.5663275630137,3,A_high,-0.221571696589917,0.0010766324582265,3.0,-0.345,-0.22,0.314,-0.26,3.0,3.0,3.0,5.0,False
CTD-3060P21.1,-0.579056338792677,down_in_PP,9.68487245323525e-07,0.0,3,A_high,-0.119750199021403,0.150997819273005,3.0,-0.371,-0.238,-0.335,,7.0,2.0,4.0,,False
CTD-2517M22.17,0.577938304554559,up_in_PP,2.4576242145368598e-11,0.0,3,A_high,0.0337799559750396,0.706497345309539,3.0,-0.423,,0.576,0.167,4.0,,7.0,1.0,False
CTD-2349P21.11,0.577184400206807,up_in_PP,4.18103202981818e-06,0.0,3,A_high,0.0728623187104567,0.590686948159606,3.0,,,0.391,,,,1.0,,False
RP11-178L8.8,-0.57235182973156,down_in_PP,4.09585759006663e-05,45.4404332281585,3,A_high,-0.0732390197387243,0.370433466477804,3.0,-0.504,,-0.492,-0.163,7.0,,7.0,1.0,False
RP11-285F7.2,-0.569508628185343,down_in_PP,4.00118941844253e-06,43.972899017384,4,A_high,-0.30270282677961,2.56525727602934e-06,4.0,-0.347,-0.298,-0.303,,4.0,4.0,5.0,,False
AC017074.2,0.566894821783842,up_in_PP,3.96949446065544e-05,42.6699934766224,4,A_high,0.0143309438046912,0.873123423499708,4.0,,,,,,,,,False
RP11-250B2.6,-0.566207911231771,down_in_PP,0.0007477169518641,39.7221444389996,4,A_high,-0.147285230410378,0.0366134924659741,4.0,-0.338,-0.257,0.288,-0.246,4.0,3.0,8.0,5.0,False
AGAP2-AS1,0.564622961999134,up_in_PP,2.11877026483386e-13,42.3732542342682,4,A_high,0.339357725112338,7.97054799885201e-08,4.0,0.799,0.281,-0.59,0.324,8.0,3.0,8.0,5.0,False
XXbac-B461K10.4,-0.564106216075699,down_in_PP,1.1049842686532501e-17,35.8427726890677,4,A_high,-0.226895903798288,0.0006950053212704,4.0,-0.523,-0.276,0.667,-0.242,11.0,5.0,8.0,4.0,False
CTA-228A9.4,-0.561883076763429,down_in_PP,8.03106209205432e-21,0.0,4,A_high,-0.0954290231304565,0.19834475462231,4.0,-0.432,-0.198,0.634,0.298,9.0,1.0,7.0,1.0,False
RP5-1009E24.9,0.552666465355791,up_in_PP,4.1252291680507803e-10,23.908489923235,4,A_high,0.272461873457062,3.01691439204229e-05,4.0,0.414,0.217,-0.38,0.274,7.0,3.0,7.0,4.0,False
AP003068.23,0.551583713252675,up_in_PP,3.3813133247401003e-10,0.0,4,A_high,0.0869287182083493,0.246789072130237,4.0,,,,,,,,,False
RP11-798G7.8,-0.550902951337549,down_in_PP,0.0040673510031271,28.1132114585443,3,A_high,-0.155438738711508,0.0279569443900884,3.0,-0.361,-0.192,0.274,-0.186,4.0,2.0,3.0,4.0,False
LINC00639,-0.544760586782357,down_in_PP,0.0008999201507984,30.9584218880223,3,A_high,-0.103202243855114,0.164188950226674,3.0,-0.341,-0.263,0.218,,7.0,4.0,1.0,,False
CTD-3110H11.1,-0.541947078648842,down_in_PP,0.0065712841967723,43.0154190300675,3,A_high,-0.174761471557371,0.0122184885918377,3.0,-0.264,,0.184,,4.0,,4.0,,False
RP11-342M3.5,-0.540096912326973,down_in_PP,5.937367752778041e-15,0.0,3,A_high,-0.0412626216812915,0.618738253894748,3.0,-0.428,-0.225,-0.386,0.224,9.0,4.0,5.0,1.0,False
KIZ-AS1,-0.539479971751904,down_in_PP,1.49488262205635e-05,46.6259319483226,3,A_high,-0.288067379941424,1.08095756844773e-05,3.0,-0.416,-0.335,0.425,-0.251,5.0,3.0,5.0,3.0,False
RP11-734K23.9,-0.532376091181181,down_in_PP,1.22599148949215e-05,0.0,4,A_high,-0.218088843326587,0.0011754859887233,4.0,-0.512,-0.232,-0.218,-0.221,4.0,2.0,5.0,4.0,False
SEMA6A-AS1,-0.528940096514328,down_in_PP,4.97890592642934e-06,39.767227395203,4,A_high,-0.140605493958428,0.0471948096131526,4.0,-0.311,-0.332,0.302,-0.237,7.0,5.0,5.0,5.0,False
RP11-456H18.2,-0.524792050970676,down_in_PP,0.0160026530006908,37.9612960851666,3,A_high,-0.26717821679407,0.0191473733752091,3.0,-0.326,-0.319,-0.27,-0.32,2.0,2.0,2.0,3.0,False
KLHL7-AS1,-0.524496606560115,down_in_PP,0.0067017024339449,14.0095277647554,4,A_high,-0.110994078930156,0.127191364956878,4.0,-0.179,-0.149,-0.183,,2.0,1.0,1.0,,False
SNHG25,0.520795698432594,up_in_PP,2.5447216334229e-05,0.0,3,A_high,0.0987944896030174,0.210936471198742,3.0,0.422,0.168,-0.401,0.191,4.0,1.0,5.0,1.0,False
CTB-39G8.3,0.520605091754176,up_in_PP,3.68619905705165e-10,17.4200627673114,4,A_high,0.136779566401712,0.0542990618247117,4.0,-0.225,0.164,0.609,0.182,4.0,1.0,6.0,2.0,False
AC114730.7,-0.519838740623562,down_in_PP,0.0010606367700654,0.0,3,A_high,-0.214416714017571,0.0028618761620427,3.0,-0.367,-0.161,0.682,,4.0,1.0,7.0,,False
RP11-554A11.5,-0.5175914534746,down_in_PP,0.0008827921404667,46.0473054681223,3,A_high,-0.0225689205871624,0.797391310585336,3.0,-0.411,-0.256,0.273,0.275,9.0,4.0,6.0,2.0,False
LGALS8-AS1,0.517200184084284,up_in_PP,1.52810697567476e-24,0.0,4,A_high,0.0875810428607874,0.242775885234464,4.0,0.196,0.22,0.191,,3.0,3.0,1.0,,False
AC037445.1,-0.516694271771951,down_in_PP,7.85677032431658e-05,35.6870141796783,3,A_high,0.0128937832593166,0.932312169593509,3.0,,,-0.323,,,,1.0,,False
RP11-390P24.1,-0.513811047601196,down_in_PP,3.19182800756546e-06,29.2389685190885,4,A_high,-0.329533032210629,2.12199099565642e-07,4.0,-0.27,-0.157,-0.33,-0.185,6.0,1.0,6.0,2.0,False
BX322557.10,-0.512260942690498,down_in_PP,4.33434285617866e-14,0.0,4,A_high,-0.151017454293459,0.0315683704722149,4.0,-0.38,-0.164,0.177,-0.264,2.0,4.0,4.0,5.0,False
AC096579.15,0.510648541549864,up_in_PP,0.0216081930401955,0.0,3,A_high,0.174126996452071,0.0182936088920594,3.0,0.197,0.174,0.195,0.212,3.0,2.0,4.0,1.0,False
RP5-857K21.4,0.505378182278552,up_in_PP,5.57443008728853e-07,26.9837888075164,4,A_high,0.34045687915277,7.13272022847846e-08,4.0,0.276,0.307,0.34,0.262,6.0,3.0,7.0,5.0,False
AC159540.2,-0.504302284939235,down_in_PP,0.0030068869050521,13.386910978512,3,A_high,-0.172385331576036,0.0196348864684133,3.0,-0.462,-0.182,0.233,-0.164,3.0,1.0,3.0,1.0,False
SNHG1,0.503375009062107,up_in_PP,2.32259875613079e-08,44.0313914379684,4,A_high,-0.225324297970771,0.0007648356659387,4.0,-0.37,,-0.28,-0.168,7.0,,4.0,1.0,False
CTD-2651B20.1,0.502187840957842,up_in_PP,0.0001320920910851,36.1873751168455,4,A_high,-0.0319889274949483,0.704833032198375,4.0,-0.245,,0.504,,2.0,,4.0,,False
RP4-758J18.13,0.501750976854987,up_in_PP,6.13166351868447e-08,33.655736658029,4,A_high,-0.0742927808809379,0.330659107662474,4.0,-0.167,,0.342,,1.0,,3.0,,False
CTC-467M3.1,-0.501422302687276,down_in_PP,8.08039986892463e-12,0.0,3,A_high,0.0620398996053521,0.431478987599809,3.0,0.45,-0.194,0.259,0.232,5.0,3.0,4.0,1.0,False
RP11-74J13.8,-0.497543653871331,down_in_PP,2.41292445571439e-08,35.7795029770602,4,A_high,-0.257771817182723,8.93385360658247e-05,4.0,-0.26,-0.294,-0.258,-0.314,2.0,3.0,3.0,5.0,False
AC012074.2,-0.496464750087978,down_in_PP,1.28604897557933e-06,0.0,3,A_high,-0.213001738766455,0.0017553564326128,3.0,-0.279,-0.239,-0.213,,3.0,2.0,2.0,,False
CTD-2553L13.10,-0.494558550012759,down_in_PP,3.06763761757737e-07,11.3092730972058,3,A_high,0.0831126599703454,0.274917859330439,3.0,0.291,0.177,-0.332,0.178,5.0,1.0,4.0,2.0,False
RP11-389C8.2,0.493599951029268,up_in_PP,7.57735817022812e-13,0.0,3,A_high,-0.0199015876322243,0.822480699925645,3.0,0.476,,0.403,-0.147,5.0,,6.0,1.0,False
NKILA,-0.492471425899936,down_in_PP,0.0003249752157801,0.0,3,A_high,-0.0387012365476501,0.685462239031219,3.0,-0.282,-0.242,0.177,,2.0,2.0,1.0,,False
RP11-1228E12.1,0.491774715616508,up_in_PP,2.02368165612017e-06,0.0,4,A_high,-0.0040191912813017,0.965017779150222,4.0,-0.188,,0.429,,3.0,,5.0,,False
ZNF793-AS1,-0.48795956636858,down_in_PP,2.78924802388778e-08,0.0,4,A_high,-0.217931053792354,0.0011865803291662,4.0,0.239,-0.179,-0.218,-0.183,2.0,1.0,4.0,1.0,False
BISPR,0.487412308214543,up_in_PP,1.22154520911629e-08,0.0,3,A_high,-0.0747826280049877,0.332005684904634,3.0,0.309,,0.254,-0.212,6.0,,3.0,1.0,False
RP11-485M7.3,0.48472932129247,up_in_PP,0.009763870640981,43.9855172237407,3,A_high,-0.0966789876621294,0.196325502451987,3.0,0.343,0.33,-0.228,0.289,4.0,3.0,3.0,2.0,False
RP11-535A19.2,-0.484403901635551,down_in_PP,1.61837961760749e-13,0.0,4,A_high,0.0897520809016016,0.229808444536613,4.0,0.266,0.149,-0.207,0.309,5.0,1.0,3.0,2.0,False
RP11-33N14.3,0.480600291594557,up_in_PP,4.8604753374694396e-12,23.9515493384896,4,A_high,0.146827940640498,0.0372487199537129,4.0,0.17,0.24,0.147,0.164,2.0,1.0,1.0,2.0,False
RP11-342K6.2,-0.478506814297196,down_in_PP,1.1741370383910399e-11,37.7008941866527,4,A_high,-0.133382889632581,0.0612589053350167,4.0,-0.33,,0.332,-0.194,7.0,,6.0,2.0,False
RP4-621N11.2,0.477286455258127,up_in_PP,0.00432845490585,41.1024460404853,3,A_high,0.0011266680585558,0.994297057136514,3.0,-0.269,,-0.236,,1.0,,1.0,,False
RP11-850A17.1,-0.476271959405192,down_in_PP,0.00016527033828,49.3119199477279,4,A_high,0.0713868741579572,0.352062399521743,4.0,-0.195,,,-0.183,3.0,,,1.0,False
LINC01641,-0.476181690560034,down_in_PP,0.0042767084127242,45.6454007513062,3,A_high,-0.172289753281794,0.0197125882597506,3.0,0.198,,-0.23,-0.2,2.0,,3.0,1.0,False
ZNF436-AS1,-0.475909325076891,down_in_PP,1.91573472072007e-06,31.4988451356935,4,A_high,-0.290577098233193,7.1952806219441e-06,4.0,-0.408,-0.408,-0.291,-0.177,5.0,5.0,4.0,2.0,False
TNK2-AS1,-0.475041750068358,down_in_PP,5.98722585444587e-07,23.1710987404017,4,A_high,-0.0088492093709766,0.922145490503371,4.0,-0.435,-0.141,0.538,0.243,8.0,1.0,6.0,2.0,False
RP11-334E6.12,0.474600553608466,up_in_PP,0.000230318581635,20.2287235412755,4,A_high,0.0728160332773495,0.341425946460233,4.0,0.44,-0.198,0.274,,6.0,2.0,5.0,,False
RP11-468E2.10,-0.471116475935034,down_in_PP,1.13052118560516e-05,0.0,3,A_high,-0.297686336103999,4.92762119079355e-06,3.0,-0.259,-0.169,-0.298,-0.228,3.0,3.0,3.0,5.0,False
RP4-693M11.3,-0.4710260719526,down_in_PP,3.93392593213233e-06,0.0,4,A_high,-0.173675495607351,0.0119536272767512,4.0,-0.395,-0.21,0.46,-0.273,5.0,3.0,6.0,4.0,False
RP11-57A1.1,0.468844710831247,up_in_PP,3.70248572738701e-10,0.0,4,A_high,0.199722389237264,0.0032865911474621,4.0,0.148,0.174,-0.211,,2.0,3.0,3.0,,False
RP5-965G21.6,-0.468395380435964,down_in_PP,8.90082206460817e-05,15.3216497206624,4,A_high,0.0252439692626993,0.769345467954976,4.0,-0.166,,0.267,,1.0,,1.0,,False
KLF3-AS1,-0.468166574721762,down_in_PP,1.79635446882706e-14,0.0,4,A_high,-0.0104679151047236,0.908222023866592,4.0,-0.183,,0.226,,1.0,,2.0,,False
CTD-2659N19.2,0.466927488453781,up_in_PP,0.0001746297393278,45.4740103683989,3,A_high,0.188476806075182,0.0098830542302283,3.0,0.658,0.259,-0.611,0.391,6.0,1.0,7.0,5.0,False
RP11-876N24.5,0.464116120732391,up_in_PP,1.23453721034792e-05,42.5144047603991,4,A_high,0.0863084319271479,0.250497516915841,4.0,0.244,,0.164,-0.188,4.0,,3.0,2.0,False
NPHP3-AS1,-0.461958900017054,down_in_PP,0.0004002258401831,42.1517061644656,4,A_high,-0.0620818231126895,0.426473594591499,4.0,-0.272,-0.196,0.328,-0.174,4.0,2.0,3.0,3.0,False
RP11-428J1.4,-0.46188851805313,down_in_PP,4.6090876757858e-05,0.0,3,A_high,-0.0287593725773713,0.73830545964529,3.0,0.241,,0.299,,4.0,,3.0,,False
RP11-554E23.4,0.461598773500058,up_in_PP,2.2652814759033199e-13,0.0,4,A_high,-0.0655051719719223,0.398268347957791,4.0,-0.222,0.14,-0.215,,3.0,1.0,5.0,,False
CTA-228A9.3,-0.460300676886239,down_in_PP,0.0012738075412241,0.0,3,A_high,-0.363691671669653,8.11247016299669e-09,3.0,-0.382,-0.243,-0.364,,4.0,2.0,6.0,,False
AC090616.2,-0.452504066693982,down_in_PP,4.46686115229378e-06,39.5526990119633,4,A_high,0.144458925942671,0.0407799846178917,4.0,0.568,,-0.438,0.333,8.0,,5.0,3.0,False
CTD-2630F21.1,-0.452435333663835,down_in_PP,1.57475094639913e-07,0.0,3,A_high,0.127919462967955,0.0946221610689732,3.0,0.24,,0.21,,2.0,,2.0,,False
AC010761.10,0.451964076222324,up_in_PP,9.03679343953803e-08,0.0,3,A_high,-0.0369904406320366,0.677131388787409,3.0,0.249,,-0.426,0.202,4.0,,6.0,3.0,False
RP11-831H9.3,0.449269479050605,up_in_PP,0.0003308457274505,41.6286676019442,3,A_high,0.0986699114361829,0.211586438825329,3.0,-0.391,,0.506,0.155,5.0,,9.0,1.0,False
RP11-632F7.3,-0.447556403791491,down_in_PP,1.8781961021260597e-12,0.0,4,A_high,-0.164659158428271,0.0179061980575824,4.0,-0.375,-0.211,0.386,-0.265,6.0,3.0,6.0,4.0,False
RP11-524H19.2,0.445900688153869,up_in_PP,0.0209870304660155,18.6309527691682,4,A_high,-0.0019151811295713,0.983586688278593,4.0,0.169,0.207,-0.145,,1.0,1.0,1.0,,False
CTD-2366F13.1,-0.442426244296292,down_in_PP,3.06221759836765e-05,21.8224594712842,4,A_high,-0.300001786797836,3.24613992024759e-06,4.0,-0.326,-0.291,-0.3,-0.198,3.0,5.0,5.0,4.0,False
CTD-2653D5.1,-0.441919437643949,down_in_PP,1.48838794631841e-07,5.44957816062801,4,A_high,-0.121537330296268,0.0915965167926018,4.0,-0.413,-0.253,-0.28,0.255,9.0,4.0,4.0,3.0,False
MAFG-AS1,0.441115267146262,up_in_PP,1.62080929236374e-06,8.27995396969041,4,A_high,0.137326314888862,0.0532783611823324,4.0,0.461,0.183,-0.333,0.174,4.0,2.0,7.0,3.0,False
RP1-257A7.4,-0.437882586065553,down_in_PP,4.69572218532531e-07,0.0,4,A_high,-0.136310472432006,0.055210037188247,4.0,-0.369,-0.308,0.269,-0.218,5.0,4.0,2.0,4.0,False
LINC00926,-0.437212529485546,down_in_PP,7.07715593647964e-06,0.0,4,A_high,-0.228233813958907,0.000640060356375,4.0,-0.273,-0.214,-0.315,,5.0,2.0,5.0,,False
RP1-221C16.8,-0.436619003101831,down_in_PP,0.0100149316454376,0.0,3,A_high,-0.179208582944152,0.13725727352068,3.0,,,,,,,,,False
FAM87A,-0.434562770720968,down_in_PP,1.46096250995653e-06,0.0,4,A_high,-0.147458443179594,0.0363557600797045,4.0,-0.172,-0.147,-0.147,,2.0,2.0,3.0,,False
CTD-2292P10.4,-0.434374320706878,down_in_PP,2.15944976351792e-08,0.0,4,A_high,-0.183418117138487,0.0075315207118366,4.0,-0.312,-0.198,-0.347,0.146,8.0,1.0,8.0,1.0,False
RP11-73M18.6,-0.434142088620299,down_in_PP,4.46689826501719e-05,1.20086278183033,4,A_high,-0.116626423697823,0.107203862596273,4.0,-0.562,-0.248,0.334,-0.209,6.0,3.0,4.0,5.0,False
OXCT1-AS1,0.433100308616561,up_in_PP,1.19923294456546e-13,6.78555967677862,4,A_high,0.157870253226367,0.0239145543617546,4.0,0.574,0.217,-0.271,0.156,6.0,2.0,5.0,2.0,False
KCNQ1OT1,-0.430303522596387,down_in_PP,1.5030947021405e-07,16.2648613873843,4,A_high,-0.199724998363557,0.0032862516457671,4.0,-0.516,-0.356,0.276,-0.264,7.0,5.0,7.0,5.0,False
RP11-575L7.2,-0.429711495793975,down_in_PP,2.60941008495488e-08,0.0,4,A_high,-0.171844909862269,0.0129897472613222,4.0,-0.417,,0.417,-0.299,5.0,,5.0,4.0,False
RP11-54A4.2,-0.429475270813236,down_in_PP,0.0027127566165962,35.8489248649806,4,A_high,0.0791928947950875,0.296013755042367,4.0,-0.354,-0.268,0.248,-0.154,8.0,2.0,7.0,1.0,False
RP1-12G14.7,-0.427920782220785,down_in_PP,0.0002146607439941,39.5129547069267,4,A_high,-0.171759390711519,0.0130414551450573,4.0,-0.317,-0.163,0.248,-0.234,3.0,1.0,5.0,3.0,False
RP11-48B3.4,-0.42782441426544,down_in_PP,0.0022474254268101,3.09003203415447,3,A_high,-0.143941413880244,0.0437123386375464,3.0,-0.483,-0.193,0.441,-0.154,5.0,2.0,7.0,3.0,False
RP5-855D21.3,-0.42713401738773,down_in_PP,0.0005958765260704,0.0,3,A_high,-0.100969506804864,0.174606035275274,3.0,-0.322,,0.244,-0.192,2.0,,2.0,2.0,False
RP11-218L14.4,-0.426593084234479,down_in_PP,0.0021091900782589,17.1099686070524,4,A_high,0.0743680243874461,0.330148880519406,4.0,,,0.199,,,,1.0,,False
GS1-124K5.4,-0.424237243799538,down_in_PP,0.0027214506079647,30.1940561289056,4,A_high,-0.0457710526623773,0.572753716939424,4.0,0.198,,-0.158,,2.0,,2.0,,False
RP11-485O10.2,0.423558559828105,up_in_PP,0.0006809946730096,0.0,3,A_high,-0.0758692606921568,0.573794852081803,3.0,,,-0.25,,,,1.0,,False
RP11-49I4.3,-0.423506932408955,down_in_PP,2.05503299526211e-05,0.0,4,A_high,-0.0769676039500829,0.31145200354274,4.0,-0.363,,0.416,,6.0,,6.0,,False
CTC-471J1.8,-0.421529504125928,down_in_PP,1.56437100428076e-19,0.0,4,A_high,-0.324212404573438,3.5337880019847e-07,4.0,-0.213,-0.319,-0.324,-0.286,6.0,3.0,3.0,6.0,False
CTB-33G10.11,-0.420647461108857,down_in_PP,6.33586185493604e-07,0.0,3,A_high,0.0267697436189499,0.769716118266254,3.0,0.321,,-0.295,,5.0,,4.0,,False
RP11-23N2.4,0.419643810779808,up_in_PP,8.829420338447161e-17,0.0,4,A_high,-0.0015131956995461,0.987049120954145,4.0,-0.461,0.166,0.514,,7.0,1.0,7.0,,False
RP11-230F18.5,-0.417997384040552,down_in_PP,3.72393585770532e-06,0.0,4,A_high,-0.131239445006892,0.0659823990886311,4.0,-0.377,-0.193,0.206,-0.209,5.0,2.0,3.0,4.0,False
RP11-259O2.1,-0.417910334778809,down_in_PP,1.83448971303802e-05,0.0,3,A_high,-0.171531720896457,0.0141180632097878,3.0,-0.241,-0.248,-0.176,-0.198,6.0,3.0,3.0,2.0,False
LINC00571,-0.416679993181484,down_in_PP,0.0170247533220278,28.5797235584593,3,A_high,-0.133279782883732,0.287668926006083,3.0,-0.349,,,,1.0,,,,False
CTD-2544N14.3,0.415722667577942,up_in_PP,5.2085660080561e-11,18.5450182613274,4,A_high,0.19862302499139,0.0034841568716759,4.0,0.535,0.254,0.563,-0.289,9.0,2.0,7.0,2.0,False
RP11-967K21.1,-0.415424467221404,down_in_PP,2.10585090757727e-07,26.761551779422,4,A_high,0.144336854136467,0.0409658070964294,4.0,-0.283,-0.161,0.163,,6.0,1.0,4.0,,False
RP11-93B14.6,-0.413340377860644,down_in_PP,2.37877704554644e-05,0.0,3,A_high,-0.175021334676405,0.0176246673444837,3.0,0.256,0.179,-0.238,,6.0,1.0,6.0,,False
RP11-839G9.1,0.412230957164034,up_in_PP,6.341620312015741e-09,40.5061268255996,4,A_high,0.170018206727631,0.0140995446965983,4.0,0.493,0.364,-0.479,0.159,8.0,3.0,9.0,2.0,False
RP11-1277A3.1,-0.410781738575438,down_in_PP,5.7988518476307495e-12,0.0,4,A_high,-0.114658220200206,0.114088156384705,4.0,-0.216,-0.228,0.291,-0.147,3.0,1.0,4.0,2.0,False
CH17-189H20.1,-0.409248526614965,down_in_PP,2.68119962841506e-07,30.3231033847607,4,A_high,-0.066818878475965,0.387796699299465,4.0,,-0.161,,-0.181,,2.0,,2.0,False
RP11-45P15.4,-0.406083577194284,down_in_PP,4.92063669933024e-05,0.0,3,A_high,-0.225079034950944,0.0008747695165508,3.0,-0.338,-0.301,-0.319,-0.268,7.0,3.0,8.0,4.0,False
RP11-188P20.3,-0.405564106516125,down_in_PP,1.13182741671126e-11,24.1194535647871,4,A_high,0.253738249182495,0.0001190096368749,4.0,-0.259,,0.361,,5.0,,5.0,,False
RP11-473O4.5,0.404511397279092,up_in_PP,3.6848331961208e-09,0.528365181614364,4,A_high,-0.101663978745393,0.166906333612314,4.0,-0.156,,0.208,,1.0,,3.0,,False
RP11-304L19.2,-0.404165374738767,down_in_PP,0.0046627752845008,48.1848014534246,4,A_high,-0.196396139722542,0.0039171715409849,4.0,-0.281,-0.19,0.354,,3.0,1.0,2.0,,False
CFAP58-AS1,0.400906960015127,up_in_PP,0.010151998442906,34.2069857442133,3,A_high,0.0663465915775174,0.3963527680141,3.0,0.281,0.297,-0.185,0.244,4.0,5.0,2.0,6.0,False
RP11-166O4.6,-0.400705485413479,down_in_PP,0.002622080270473,0.0,3,A_high,-0.242508450653079,0.0002943128129181,3.0,-0.483,-0.162,0.348,-0.223,5.0,2.0,4.0,3.0,False
RP11-190A12.8,-0.400200076653945,down_in_PP,0.0204986785361963,31.390655771175,3,A_high,-0.278574342222746,2.27497017621601e-05,3.0,-0.227,-0.152,-0.333,,5.0,1.0,4.0,,False
RP11-1105G2.3,-0.39988915424443,down_in_PP,0.0016808860158082,3.50978149466816,3,A_high,-0.0973889776840981,0.192721945139026,3.0,-0.248,,,-0.146,2.0,,,1.0,False
GCC2-AS1,-0.399121253517577,down_in_PP,5.89957096279597e-08,0.0,4,A_high,-0.216888194600154,0.0012611306879332,4.0,-0.299,-0.174,-0.217,-0.237,4.0,2.0,2.0,4.0,False
ZNF561-AS1,-0.398355549890614,down_in_PP,2.32709417413522e-21,0.0,4,A_high,-0.330719893018373,1.88815076770384e-07,4.0,0.443,-0.332,-0.4,-0.215,7.0,3.0,7.0,4.0,False
RP11-767N6.7,-0.396495507624605,down_in_PP,2.61388148544153e-10,0.0,4,A_high,-0.323804614773094,3.67683009865467e-07,4.0,-0.336,-0.29,-0.324,-0.263,7.0,4.0,7.0,5.0,False
STAM-AS1,0.395890999912815,up_in_PP,0.0106406647584234,0.0,3,A_high,-0.254445355804528,0.0002973510591994,3.0,-0.388,-0.162,-0.258,-0.195,4.0,1.0,3.0,3.0,False
RP11-585P4.5,0.394696012746234,up_in_PP,7.20574993537566e-05,0.0,4,A_high,0.0368601081251459,0.657455009703844,4.0,0.207,,0.22,,3.0,,3.0,,False
LA16c-390E6.4,0.392592062044794,up_in_PP,0.0140264959220976,17.4130399499397,4,A_high,-0.122092691293253,0.0899127968126466,4.0,-0.298,,0.627,,5.0,,6.0,,False
EP300-AS1,0.392441977432773,up_in_PP,4.02061394647009e-05,0.0,3,A_high,-0.0064697726101711,0.944048307813594,3.0,-0.22,,-0.159,-0.152,2.0,,2.0,1.0,False
RP11-350N15.5,0.388318986724982,up_in_PP,0.0002292275494291,15.6670012904142,4,A_high,0.0803192728978576,0.288306360020982,4.0,0.387,0.205,-0.347,0.19,5.0,2.0,3.0,4.0,False
RP11-206L10.9,-0.38598404894594,down_in_PP,1.27919739807753e-05,0.0,4,A_high,-0.175827071085625,0.0108178308419992,4.0,-0.522,-0.195,0.375,-0.198,4.0,3.0,5.0,2.0,False
RP11-385F5.5,-0.385251674877418,down_in_PP,0.0001933858431168,0.0,3,A_high,-0.115415828548705,0.115060584656454,3.0,-0.158,,0.339,0.146,2.0,,4.0,1.0,False
CTD-2619J13.19,-0.38312315148022,down_in_PP,0.0003723672643712,0.0,4,A_high,-0.0129016252534736,0.885898362610191,4.0,,,-0.139,,,,1.0,,False
AC022154.7,0.381370156395232,up_in_PP,1.0912656766904e-05,0.0,4,A_high,0.0020310527920844,0.982502815631286,4.0,0.272,-0.153,0.38,,6.0,1.0,6.0,,False
AC099668.5,-0.381351043684868,down_in_PP,0.0019118620316791,0.0,4,A_high,-0.200280178676623,0.0031897322549406,4.0,-0.292,,0.51,,3.0,,7.0,,False
SNRK-AS1,-0.381189630097587,down_in_PP,3.50226507961522e-11,27.7952368343276,4,A_high,0.0912796350451451,0.221053444641003,4.0,0.339,,0.473,-0.175,3.0,,5.0,1.0,False
GSN-AS1,-0.381026361393719,down_in_PP,8.5573821380543e-09,17.1159343931402,4,A_high,0.0625826361327445,0.422463013135352,4.0,-0.363,-0.152,0.346,0.216,11.0,1.0,4.0,2.0,False
RP11-890B15.3,-0.378326080465267,down_in_PP,8.10812170325258e-16,0.0,4,A_high,-0.254217420599649,0.0001151662507953,4.0,-0.569,-0.301,0.514,-0.289,6.0,3.0,6.0,5.0,False
CTD-2026K11.2,0.37831125576135,up_in_PP,2.7772633938739004e-16,0.0,4,A_high,-0.0032968856347717,0.971351876178345,4.0,0.471,0.174,-0.356,0.149,8.0,4.0,5.0,1.0,False
RP11-1260E13.4,0.375528883529299,up_in_PP,0.0037585672396681,17.824808444034,3,A_high,0.0349199030336519,0.679319612585945,3.0,0.204,,-0.273,,3.0,,6.0,,False
RP11-138I18.1,0.374799024947399,up_in_PP,0.0004066762744137,7.37684782317712,3,A_high,0.227611916403028,0.0512907459749888,3.0,0.296,0.421,,0.361,3.0,2.0,,5.0,False
LINC01719,-0.374578363654003,down_in_PP,0.0017512915476449,31.0175388935552,4,A_high,-0.296579382680811,4.35106593860389e-06,4.0,-0.267,-0.265,-0.297,-0.24,5.0,3.0,4.0,3.0,False
HELLPAR,-0.373634165136552,down_in_PP,0.0051057166093319,39.5996829207154,4,A_high,-0.0150284444005362,0.8667480601346,4.0,-0.481,-0.213,0.595,,8.0,3.0,4.0,,False
RP11-461A8.4,0.37262923826368,up_in_PP,0.0026683471220847,0.0,4,A_high,-0.196583707166941,0.0038800664622607,4.0,-0.185,-0.15,0.359,-0.191,3.0,1.0,5.0,2.0,False
CTD-3065B20.3,-0.37170501422926,down_in_PP,8.08084986227047e-07,0.0,4,A_high,0.140908289810874,0.046673613959526,4.0,0.252,,0.269,,7.0,,4.0,,False
RP11-473I1.5,0.369094984126932,up_in_PP,2.53811541665798e-17,0.0,4,A_high,0.357754949839669,1.12299007102029e-08,4.0,0.473,0.257,0.436,-0.305,9.0,4.0,7.0,2.0,False
RP11-667K14.3,-0.365557413021672,down_in_PP,1.942251457775e-06,0.0,3,A_high,0.0191907371029316,0.829146834459289,3.0,,,-0.169,,,,1.0,,False
RP11-253E3.3,0.365385880579629,up_in_PP,5.80875124516639e-10,0.0,4,A_high,0.357574541105682,1.14573932795556e-08,4.0,-0.309,0.28,0.358,0.198,5.0,3.0,8.0,3.0,False
AC016738.4,-0.365025417657399,down_in_PP,7.345073313495761e-09,0.0,4,A_high,0.113927970782656,0.116653217377449,4.0,-0.442,,-0.52,0.294,7.0,,6.0,2.0,False
AC137932.5,-0.363864500539524,down_in_PP,0.0088567220315935,0.0,3,A_high,-0.0496149108556962,0.541556554689973,3.0,-0.248,-0.249,0.343,-0.164,7.0,3.0,4.0,3.0,False
PART1,0.363344151579047,up_in_PP,0.0035286090877139,46.5077209747467,4,A_high,-0.0492313757885259,0.540872270747338,4.0,-0.156,0.178,-0.329,0.144,1.0,1.0,3.0,1.0,False
RP11-737O24.2,0.362691321513388,up_in_PP,0.0004904728782548,47.8726787156487,4,A_high,0.285019706264473,1.13109614705239e-05,4.0,0.395,0.234,0.553,-0.265,8.0,1.0,7.0,2.0,False
MIR130B,0.36095421668588,up_in_PP,0.0003372641506545,39.6497676809627,4,A_high,-0.196504731367988,0.0038945509704648,4.0,-0.306,,-0.25,,2.0,,4.0,,False
TMLHE-AS1,-0.359260719822456,down_in_PP,0.001789944010333,0.0,3,A_high,-0.174794132943394,0.0122032782619065,3.0,-0.492,-0.206,0.395,-0.254,4.0,2.0,7.0,4.0,False
RP11-73K9.2,0.356574240186154,up_in_PP,5.9674957907142e-05,16.4933733556548,3,A_high,-0.0211544096096978,0.810751299941699,3.0,0.422,0.164,0.424,,5.0,1.0,8.0,,False
RP11-27M24.2,-0.349395302039433,down_in_PP,0.0260654984657416,13.6901727511375,3,A_high,-0.0377714702692351,0.651956348809696,3.0,-0.212,-0.156,0.209,,4.0,1.0,1.0,,False
RP11-266K4.9,-0.348893047472153,down_in_PP,0.0092949748815267,32.584468102508,4,A_high,0.0452231446965513,0.577770443291698,4.0,-0.157,,0.291,,2.0,,3.0,,False
CTD-2228K2.7,0.348360702497121,up_in_PP,0.0028361097661474,0.0,4,A_high,-0.205698755876522,0.0023721755299367,4.0,-0.351,,0.696,,3.0,,9.0,,False
CTD-2308L22.1,0.347475656934284,up_in_PP,5.40176135072471e-08,0.0,4,A_high,0.147760050912686,0.0359154644394068,4.0,0.436,,-0.257,0.167,4.0,,6.0,3.0,False
IPO9-AS1,0.345992147428703,up_in_PP,2.4656422500071403e-09,22.6206376688703,4,A_high,0.185998749847063,0.0066332003301053,4.0,-0.31,-0.15,0.233,-0.175,4.0,1.0,5.0,1.0,False
RP11-420A23.1,-0.343694336009838,down_in_PP,0.014004218852207,45.8132626965207,4,A_high,-0.371969905009066,2.22797344224792e-09,4.0,-0.31,-0.203,-0.372,-0.243,8.0,3.0,9.0,4.0,False
RP11-174G6.5,0.343249860746863,up_in_PP,0.0009925207694573,29.7918678271873,4,A_high,-0.161759331290691,0.0202908223774605,4.0,-0.481,,0.394,-0.159,7.0,,4.0,1.0,False
RP11-90P5.2,0.343217555084552,up_in_PP,2.9140873333869e-11,20.9291348872319,4,A_high,0.0239034277729853,0.782269900212429,4.0,0.381,0.225,-0.417,0.192,7.0,3.0,6.0,3.0,False
RP11-152N13.16,0.342933676307745,up_in_PP,8.79218754373691e-07,0.0,4,A_high,-0.197321913402962,0.0037335473016755,4.0,-0.249,,-0.251,,3.0,,4.0,,False
RP11-977G19.5,-0.342815245213122,down_in_PP,2.80068348130534e-06,19.4845525412108,4,A_high,-0.254983832695158,0.0001090038470952,4.0,-0.364,-0.171,-0.261,-0.175,5.0,1.0,8.0,1.0,False
RP11-426A6.5,0.342075495712474,up_in_PP,8.60907329941085e-05,40.3657893355793,4,A_high,0.306315421494324,1.86792440999969e-06,4.0,0.582,0.281,-0.612,0.305,8.0,3.0,7.0,4.0,False
RP11-506K6.4,-0.341808214557551,down_in_PP,0.0320276652766194,42.2335888647552,3,A_high,-0.14312205256834,0.0450869843335994,3.0,-0.391,-0.238,0.361,-0.188,6.0,3.0,6.0,3.0,False
RP11-395G23.3,0.340850441564935,up_in_PP,0.0082208517564527,24.7028203047465,4,A_high,-0.134564770616879,0.0587387610375267,4.0,-0.185,,-0.212,-0.185,2.0,,3.0,1.0,False
LINC01116,-0.339269178342615,down_in_PP,0.0285600533250104,37.3134564804338,4,A_high,-0.242568548529778,0.0002539487130677,4.0,-0.309,-0.329,0.404,-0.282,4.0,3.0,4.0,5.0,False
CTB-189B5.3,-0.338718614412516,down_in_PP,5.78395828116935e-05,0.0,3,A_high,0.120664867719624,0.11743455290356,3.0,0.482,,-0.318,,5.0,,5.0,,False
RP11-1049A21.2,0.333348463377584,up_in_PP,0.0036253229853071,0.0,3,A_high,0.0569624392889565,0.474883485358978,3.0,0.364,,0.443,-0.199,6.0,,6.0,4.0,False
RP11-894P9.1,-0.333023066361097,down_in_PP,0.0090996436772057,30.8246373916201,4,A_high,-0.233295860136841,0.000465682585282,4.0,-0.501,-0.338,0.357,-0.226,7.0,4.0,4.0,5.0,False
CTD-3252C9.4,-0.331443214274087,down_in_PP,1.26508791304398e-06,0.0,4,A_high,-0.285428783001751,1.09397333245394e-05,4.0,-0.36,-0.164,0.514,-0.194,3.0,2.0,7.0,2.0,False
RP11-996F15.6,-0.329867304953021,down_in_PP,9.00235122766109e-06,0.0,4,A_high,-0.144910642029337,0.0400675331595411,4.0,-0.336,-0.141,-0.27,-0.235,3.0,1.0,5.0,2.0,False
AC100830.4,-0.329350997136338,down_in_PP,0.00426635315241,0.0,3,A_high,-0.0738821094701695,0.338588894620793,3.0,-0.414,-0.183,0.238,,4.0,1.0,3.0,,False
LINC01948,0.32778332177118,up_in_PP,0.0016367505331184,0.0,3,A_high,-0.240947685015428,0.0003258070484084,3.0,-0.227,-0.194,-0.295,,4.0,1.0,5.0,,False
RP11-115C21.2,0.326892614836865,up_in_PP,0.0006536640548923,44.4328432155623,4,A_high,-0.0130273293300508,0.884783196433348,4.0,0.283,0.157,-0.489,-0.175,6.0,3.0,6.0,3.0,False
RP5-956O18.3,-0.324851825430449,down_in_PP,1.2548552771603499e-18,0.0,4,A_high,0.139161772539453,0.0497786496001448,4.0,0.339,,-0.423,0.175,5.0,,8.0,4.0,False
AC007193.8,0.324781194289256,up_in_PP,4.45045036307417e-07,0.0,4,A_high,-0.0047851904770263,0.958101535283945,4.0,0.369,,-0.341,,4.0,,7.0,,False
RP11-540A21.2,0.323861961994777,up_in_PP,0.0110889014771898,7.80024481516426,4,A_high,-0.164591429092828,0.0179583164715125,4.0,-0.15,,-0.197,,1.0,,2.0,,False
ANKRD10-IT1,-0.323473468663874,down_in_PP,0.0362279345192106,49.0023347656982,4,A_high,-0.232106524810598,0.0005030123824424,4.0,-0.703,-0.238,0.462,-0.279,6.0,3.0,5.0,5.0,False
RP11-69E11.4,-0.321233492338981,down_in_PP,0.030046858704277,47.5322228373447,4,A_high,-0.292525721216847,6.13262846042919e-06,4.0,-0.362,-0.255,0.539,,5.0,2.0,7.0,,False
RP11-162A12.2,-0.319864876264918,down_in_PP,0.0116409384065098,21.0242950740226,3,A_high,0.036852973717351,0.678335482574303,3.0,-0.28,,-0.236,-0.156,6.0,,4.0,1.0,False
AP001189.4,-0.318436746423162,down_in_PP,0.000723855922884,0.0,3,A_high,0.0193097805588206,0.827992592441514,3.0,-0.411,-0.22,0.239,,8.0,2.0,5.0,,False
RP11-815I9.4,-0.317731313348986,down_in_PP,8.82085530902924e-06,44.8829104084521,4,A_high,0.238590354210703,0.0003305571081684,4.0,0.294,,0.518,,4.0,,7.0,,False
KB-1572G7.3,-0.31614922852177,down_in_PP,0.0014232659127872,0.0,4,A_high,-0.272483140040184,3.01209173551941e-05,4.0,-0.348,-0.157,0.482,,3.0,2.0,9.0,,False
RP11-37C7.1,0.315426927583009,up_in_PP,0.0030834253066297,0.0,3,A_high,0.0526038940332822,0.569137908624262,3.0,0.312,,0.317,,6.0,,5.0,,False
CTD-2213F21.2,0.31372570384539,up_in_PP,3.16686494834142e-05,16.2689361292198,4,A_high,0.117023375203804,0.105871398348784,4.0,0.176,0.204,0.262,-0.221,1.0,1.0,1.0,3.0,False
RP11-455F5.5,0.312368912537868,up_in_PP,0.0132192607007039,39.3365780492149,3,A_high,0.206792916363128,0.0024740601263668,3.0,0.37,,0.357,0.203,7.0,,7.0,2.0,False
AC055764.1,-0.312331100265602,down_in_PP,0.0013017801826317,28.0323696489464,4,A_high,-0.104254002673822,0.155091833483371,4.0,-0.478,-0.207,0.275,-0.267,5.0,4.0,3.0,5.0,False
RP11-712B9.2,-0.310136854618409,down_in_PP,0.0002317264879065,0.0,3,A_high,-0.281785274996735,1.78017605013558e-05,3.0,-0.29,-0.147,-0.282,-0.235,4.0,2.0,3.0,2.0,False
RP11-443B20.1,0.309672170557427,up_in_PP,3.29244493274508e-13,0.0,4,A_high,0.263125266021169,6.04331540339124e-05,4.0,0.243,0.17,0.412,0.214,6.0,1.0,6.0,3.0,False
AC010761.9,0.309519861394536,up_in_PP,0.0041290765469609,0.0,3,A_high,-0.0692896027332904,0.400185862740658,3.0,-0.218,-0.194,0.457,,6.0,1.0,6.0,,False
RP11-104H15.7,-0.307805461071942,down_in_PP,0.0017323119957421,42.9335053911829,4,A_high,-0.212784231491008,0.0015927034111851,4.0,0.236,0.184,0.328,0.279,7.0,2.0,4.0,2.0,False
RP11-479O17.12,0.307294161376949,up_in_PP,0.0366224308299746,48.0801972519001,3,A_high,-0.137449476347141,0.0554207056965148,3.0,-0.248,0.182,-0.255,-0.194,4.0,1.0,3.0,1.0,False
AC009403.2,0.30712675176184,up_in_PP,2.25867133849012e-08,0.0,4,A_high,-0.0767439121887566,0.313018958180522,4.0,0.288,,-0.436,0.158,2.0,,4.0,3.0,False
RP11-204M4.4,-0.306383912936294,down_in_PP,0.0017268388830251,0.0,4,A_high,0.0341345879355823,0.683756689063199,4.0,-0.294,-0.14,-0.217,0.261,6.0,1.0,4.0,2.0,False
AC009120.5,-0.304016396286512,down_in_PP,0.0109642988420866,7.5182530738828,3,A_high,-0.181647319680433,0.0088521694987726,3.0,-0.33,-0.21,-0.211,-0.148,5.0,2.0,4.0,1.0,False
RP11-204M4.3,-0.302835787940068,down_in_PP,0.0018243182082053,11.3813934345334,4,A_high,-0.0739571897260925,0.333071936940581,4.0,0.15,,0.149,,2.0,,1.0,,False
CH17-340M24.3,-0.302302211537099,down_in_PP,2.61690770476672e-05,0.0,4,A_high,-0.135451927697863,0.0569376943903889,4.0,0.253,-0.151,-0.257,0.188,3.0,1.0,3.0,1.0,False
RP11-1007O24.3,-0.302192039667578,down_in_PP,9.01184993286368e-08,0.0,4,A_high,0.253715969457315,0.0001191744045412,4.0,0.407,,-0.371,0.172,5.0,,6.0,2.0,False
RP11-10K16.1,-0.301797929295125,down_in_PP,0.0128343951295244,0.0,3,A_high,0.16308572565082,0.0424818242226687,3.0,-0.391,-0.257,-0.163,,4.0,1.0,2.0,,False
AC096649.2,-0.301542058423438,down_in_PP,0.0020880857572591,40.1018258532066,4,A_high,-0.0341048309607915,0.684025397652798,4.0,-0.225,-0.179,0.257,,3.0,2.0,2.0,,False
CTD-3126B10.4,-0.301485651577073,down_in_PP,0.0109780023976352,0.0,3,A_high,-0.12035259014299,0.148786343059956,3.0,-0.22,,0.252,,1.0,,2.0,,False
AC005540.3,-0.299465221884278,down_in_PP,4.5487622795741e-05,0.0,4,A_high,0.254722871922339,0.0001109429158332,4.0,-0.411,-0.148,0.331,,6.0,1.0,6.0,,False
AC009303.1,-0.298411386274852,down_in_PP,1.02927943646935e-05,0.0,4,A_high,-0.0631134450176863,0.417897894830063,4.0,-0.438,-0.188,0.394,-0.186,7.0,3.0,5.0,2.0,False
CTD-2540B15.11,0.298332166366435,up_in_PP,3.43503653633803e-09,0.0,4,A_high,0.190621859394788,0.0052640841203336,4.0,0.596,0.338,-0.521,0.295,8.0,3.0,4.0,6.0,False
CTD-2561B21.7,0.297917598317759,up_in_PP,2.17061603792966e-06,7.51364731310106,4,A_high,0.238116137126653,0.0003408713970897,4.0,0.703,,-0.561,0.269,9.0,,8.0,3.0,False
CTD-3157E16.1,-0.297619607240429,down_in_PP,0.0282779667508155,9.24639561139196,3,A_high,0.0038135558292095,0.97100035067607,3.0,-0.346,-0.175,0.29,,6.0,3.0,2.0,,False
CTD-2033A16.3,0.297298574903964,up_in_PP,9.63319182406918e-10,0.0,4,A_high,0.329938542064189,2.0375959633417e-07,4.0,0.654,0.258,-0.526,0.317,8.0,3.0,7.0,4.0,False
RP11-235E17.6,0.296917943107216,up_in_PP,0.0010795659990597,0.0,4,A_high,-0.0833467929150096,0.268732505295565,4.0,-0.333,,0.636,,4.0,,6.0,,False
RP11-142C4.6,-0.295682859215587,down_in_PP,0.0343932957198229,32.5153848533242,3,A_high,-0.0702087361727785,0.365958395272086,3.0,-0.372,,0.266,,5.0,,2.0,,False
RP11-261C10.5,-0.295002252078379,down_in_PP,6.42451519578199e-05,0.0,4,A_high,-0.172996928419454,0.0123307967566773,4.0,-0.437,-0.274,0.351,-0.255,5.0,3.0,4.0,5.0,False
RP11-25K21.6,0.294102105523332,up_in_PP,0.00124859433083,0.0,3,A_high,0.0148788992790985,0.869297755096094,3.0,-0.427,0.163,0.383,-0.147,7.0,1.0,4.0,2.0,False
RP11-196G18.22,-0.293561334720806,down_in_PP,6.13997779610464e-06,1.40101628031461,4,A_high,-0.223858833120379,0.0008350708716981,4.0,-0.447,-0.222,0.463,-0.182,5.0,3.0,4.0,2.0,False
RP11-513D5.5,-0.293209122430128,down_in_PP,0.0161845065862249,43.9230160881968,4,A_high,-0.131486383340201,0.0654060644297492,4.0,-0.43,-0.175,0.417,-0.234,6.0,1.0,7.0,6.0,False
LINC01023,-0.293032400557753,down_in_PP,0.0486249248776017,18.6674753061085,3,A_high,0.128749922936072,0.0921944116336681,3.0,0.583,,-0.536,0.205,7.0,,7.0,2.0,False
RP11-126K1.2,0.29238294981469,up_in_PP,0.01230763544214,0.0,3,A_high,0.0851388142729553,0.289099542356218,3.0,0.294,,-0.195,0.162,1.0,,1.0,1.0,False
CTD-2561B21.3,-0.290769146751881,down_in_PP,0.0008599101998431,0.0,3,A_high,0.122124968499219,0.112596305335659,3.0,0.443,,-0.478,0.18,6.0,,5.0,1.0,False
RP11-849F2.5,-0.290061677966131,down_in_PP,0.0004381538943205,32.7316922499673,3,A_high,-0.248386619566686,0.000199428408699,3.0,-0.279,-0.184,-0.248,,4.0,1.0,4.0,,False
RP11-353N14.7,-0.287983218208441,down_in_PP,0.0057537845335098,0.0,3,A_high,0.181295284696387,0.0135307971131414,3.0,-0.451,,-0.384,,6.0,,6.0,,False
AC132217.4,-0.287767475139943,down_in_PP,0.0070159750081758,0.0,3,A_high,-0.0277043859598841,0.748259966928227,3.0,0.454,-0.151,-0.303,0.196,7.0,2.0,5.0,1.0,False
RP11-264B17.4,0.284254189301311,up_in_PP,0.0085609763342212,44.8185931832359,4,A_high,0.267269497378519,4.45877700233019e-05,4.0,0.66,0.233,-0.544,0.341,9.0,3.0,7.0,4.0,False
CTD-2265O21.7,-0.284249375777831,down_in_PP,0.0056770635525246,45.640160504914,4,A_high,0.123500073002955,0.0858792207821508,4.0,0.552,-0.154,-0.36,0.3,8.0,1.0,6.0,2.0,False
CTD-2619J13.8,-0.284190200603496,down_in_PP,0.0003031766156899,4.90786403510912,4,A_high,-0.0490799401175818,0.542261421323071,4.0,0.509,-0.256,-0.377,0.267,7.0,3.0,8.0,2.0,False
CTD-2410N18.3,0.283446951987353,up_in_PP,0.0013000882767434,0.0,3,A_high,0.328889366681079,2.95404082726431e-07,3.0,0.355,0.281,0.329,0.258,3.0,3.0,5.0,3.0,False
CTD-2194D22.3,0.283082643385668,up_in_PP,0.0051859079743048,0.0,4,A_high,0.014168178823638,0.874580965334464,4.0,0.234,-0.15,-0.215,0.175,2.0,1.0,3.0,3.0,False
LINC00462,0.282316542940189,up_in_PP,0.0416062277299204,0.0,4,A_high,0.0185452447545257,0.833601425593219,4.0,0.25,,-0.209,,2.0,,1.0,,False
RP11-872J21.3,0.281235218261332,up_in_PP,0.0096304199076494,0.0,3,A_high,-0.0391254329139388,0.657572182129,3.0,,,-0.291,,,,2.0,,False
RP11-240G22.5,-0.28068821472988,down_in_PP,0.0008683293888134,0.0,4,A_high,0.026482322971993,0.757772972716183,4.0,-0.216,,0.173,,4.0,,1.0,,False
AC093673.5,0.279729921718033,up_in_PP,0.0074698903992503,20.9694823467269,4,A_high,0.0279472182108391,0.743543917701583,4.0,0.32,-0.199,-0.264,,4.0,2.0,4.0,,False
AC005339.2,0.277782901826071,up_in_PP,8.0903884075336e-07,0.0,4,A_high,-0.249461844356173,0.0001597336668662,4.0,0.219,-0.149,-0.249,,1.0,1.0,1.0,,False
RP5-1142A6.9,0.274817058084382,up_in_PP,1.96229096092642e-05,20.1299058598182,4,A_high,0.0964743091349368,0.192852526837672,4.0,-0.419,0.19,0.743,0.179,6.0,2.0,7.0,1.0,False
RP3-395M20.12,-0.273145448540177,down_in_PP,0.0211066279670563,0.0,3,A_high,-0.0236063575633408,0.798666809769278,3.0,0.529,,-0.432,0.153,6.0,,6.0,1.0,False
RP11-548H3.1,0.273130872446277,up_in_PP,0.0128910981594998,33.5850708774833,4,A_high,-0.236989901689127,0.0003671436552331,4.0,-0.145,,-0.248,,1.0,,4.0,,False
XXbac-B476C20.9,0.272558290950192,up_in_PP,0.0003707535207021,40.5595986853511,4,A_high,0.393657970242884,1.58605863380343e-10,4.0,0.456,0.254,-0.412,0.302,7.0,2.0,7.0,4.0,False
RP11-805J14.5,0.272457961826225,up_in_PP,2.5289642989872897e-11,8.4896356547303,4,A_high,0.149241057417297,0.0339151694961032,4.0,0.566,0.246,-0.392,0.23,5.0,2.0,5.0,3.0,False
MMP25-AS1,0.271637087719006,up_in_PP,0.0003087941010266,0.0,4,A_high,0.0426425852984365,0.602421598872143,4.0,-0.392,,0.582,,6.0,,6.0,,False
RP11-383C5.8,-0.270660323646035,down_in_PP,1.20782830691838e-06,0.0,4,A_high,-0.356439169334582,1.29907047045062e-08,4.0,0.304,-0.253,-0.356,-0.213,5.0,2.0,4.0,4.0,False
RP11-1376P16.2,-0.269575004593946,down_in_PP,0.0175562400819186,0.0,3,A_high,-0.27849887433253,0.0002037364824109,3.0,-0.243,,0.377,,4.0,,6.0,,False
RP11-166N17.1,-0.269422853553676,down_in_PP,0.0006337973688098,49.6446914067082,4,A_high,-0.111012464333965,0.12712909398832,4.0,,,,,,,,,False
RP11-545P7.4,0.269179566316151,up_in_PP,3.01880779291376e-05,0.0,4,A_high,0.0710848191757315,0.35433366186827,4.0,0.381,,-0.333,,3.0,,5.0,,False
CTC-444N24.13,-0.268538492313897,down_in_PP,0.0003604586701518,0.0,4,A_high,0.24440753447245,0.0002247297791154,4.0,0.31,0.159,0.265,0.248,5.0,1.0,4.0,4.0,False
AF196970.3,0.267165157940667,up_in_PP,0.0001271004946197,16.1776023125005,4,A_high,0.293501101018371,5.65538652629184e-06,4.0,0.541,0.15,-0.349,0.198,7.0,1.0,5.0,3.0,False
RP11-144F15.1,0.266565421251672,up_in_PP,0.006891327720101,43.1822352363943,4,A_high,0.325108015390354,3.24047466176208e-07,4.0,0.386,0.289,0.325,0.297,5.0,3.0,6.0,5.0,False
AC010883.5,-0.266538848078091,down_in_PP,0.0160349502383953,42.9121763518093,4,A_high,0.0749351942249078,0.325917098047834,4.0,-0.411,,-0.453,0.305,5.0,,8.0,1.0,False
RP11-532F12.5,-0.265121680965331,down_in_PP,5.47509700292504e-05,26.262694583157,4,A_high,0.0120634601591126,0.893616601026459,4.0,0.579,,-0.538,0.389,10.0,,7.0,3.0,False
RAD21-AS1,-0.26475033204398,down_in_PP,0.0069371265591382,0.0,4,A_high,0.110872646386163,0.127641236908917,4.0,0.15,,,,1.0,,,,False
ARHGAP27P1-BPTFP1-KPNA2P3,0.263998881954369,up_in_PP,0.0031094375273422,37.5769485381367,4,A_high,-0.197727609570326,0.0036536842995674,4.0,-0.356,,0.526,-0.146,3.0,,6.0,1.0,False
CTD-2201E18.3,0.263672155347583,up_in_PP,1.2607737677948e-06,0.0,4,A_high,-0.012725522850806,0.887528355080189,4.0,0.264,,0.248,,4.0,,1.0,,False
VAC14-AS1,0.262895678854721,up_in_PP,0.0041736063851567,34.8015373025606,4,A_high,0.319169598435147,5.73415171681642e-07,4.0,-0.351,0.224,0.418,0.214,7.0,2.0,7.0,2.0,False
AC012146.7,-0.262380484868326,down_in_PP,0.0072005684531728,0.0,4,A_high,-0.23933640571468,0.0003150409184991,4.0,-0.218,,-0.239,,3.0,,4.0,,False
RP11-375N15.2,-0.262262200252804,down_in_PP,0.0001758126580041,0.0,4,A_high,0.238894270181718,0.0003243312402231,4.0,-0.415,,0.243,0.18,5.0,,4.0,1.0,False
RP11-293M10.6,0.259397358103822,up_in_PP,0.0001880380148399,0.0,4,A_high,-0.0777986868333007,0.305792260233155,4.0,,,,,,,,,False
CTD-3157E16.2,-0.259366850451511,down_in_PP,0.0054907641443677,22.1735191248424,4,A_high,-0.0908766047410476,0.223363892754561,4.0,-0.515,-0.212,0.721,-0.237,7.0,2.0,6.0,3.0,False
RP11-143K11.5,-0.259357621654582,down_in_PP,0.007210599664097,13.0764424625569,3,A_high,-0.0894501034078314,0.262790100974242,3.0,-0.176,-0.213,,-0.174,2.0,3.0,,2.0,False
LINC01106,0.25893161667623,up_in_PP,0.0034942029039914,35.2152119976788,4,A_high,-0.0131269408498341,0.883821599394713,4.0,0.187,0.177,-0.396,-0.255,2.0,2.0,5.0,1.0,False
RP11-109N23.4,0.258517335055827,up_in_PP,3.75068227989632e-06,0.0,4,A_high,0.200876584180588,0.003088216959763,4.0,-0.384,0.209,0.342,0.14,3.0,1.0,6.0,1.0,False
AL022476.2,-0.257971830053973,down_in_PP,0.0326776354095734,43.6912505724624,4,A_high,-0.0350049517235039,0.675643638140599,4.0,,-0.259,-0.162,,,2.0,1.0,,False
LIX1-AS1,0.257201665261246,up_in_PP,0.0062074951054063,25.404356250881,4,A_high,0.0568090362297924,0.471586118850722,4.0,0.258,,-0.237,0.153,4.0,,2.0,1.0,False
CTB-50L17.5,0.257004885657897,up_in_PP,0.0001804920739169,0.0,4,A_high,0.132433507343124,0.0633260664887038,4.0,0.338,0.214,-0.457,0.28,5.0,2.0,4.0,4.0,False
RP11-513D5.2,-0.255983540412311,down_in_PP,6.26038302986564e-07,0.0,4,A_high,-0.0689064394859064,0.371045357176337,4.0,-0.269,-0.168,0.282,-0.276,7.0,3.0,4.0,6.0,False
LINC01123,0.255786749284839,up_in_PP,0.0004197790889465,25.0453527162405,4,A_high,0.123194055772208,0.0867107534171442,4.0,-0.249,0.23,-0.39,-0.287,5.0,3.0,5.0,4.0,False
AC002310.7,-0.255193187938392,down_in_PP,7.35462990100604e-05,0.0,4,A_high,-0.0840956074598768,0.263921176981942,4.0,-0.453,-0.167,0.643,,7.0,1.0,6.0,,False
RP11-316M21.6,0.254844598116877,up_in_PP,9.053739519152711e-09,0.0,4,A_high,-0.0623589004864671,0.424286289725852,4.0,,,,,,,,,False
CTD-2012K14.3,-0.252888261725677,down_in_PP,0.0002407596058478,0.0,4,A_high,-0.0376234425409583,0.650088730538353,4.0,-0.487,-0.266,0.32,-0.171,8.0,2.0,5.0,4.0,False
CTD-2292P10.2,0.252569545982933,up_in_PP,0.0308112685963852,0.0,3,A_high,0.206571288822461,0.004237913287808,3.0,0.495,0.183,-0.29,0.186,4.0,2.0,4.0,2.0,False
RP11-973H7.3,-0.251617199633701,down_in_PP,0.0020173592773401,0.632905490032825,4,A_high,-0.119945828871101,0.0964513126592991,4.0,-0.351,,0.399,,6.0,,8.0,,False
RP11-104H15.8,-0.250164141007821,down_in_PP,0.0006408699403394,0.0,4,A_high,-0.191803166885181,0.0049580667732117,4.0,0.21,0.25,-0.192,-0.23,1.0,1.0,2.0,2.0,False
TAB3-AS2,0.249244328436305,up_in_PP,0.0001510179838314,0.0,4,A_high,0.190136632052167,0.0053954967397654,4.0,0.359,0.33,0.506,,5.0,3.0,7.0,,False
RP4-756H11.3,-0.248413363941671,down_in_PP,0.0034915728916327,0.0,4,A_high,0.0416476834917871,0.611699806065776,4.0,-0.3,-0.174,0.304,0.156,4.0,1.0,4.0,1.0,False
RP11-112J3.15,0.248256067578861,up_in_PP,0.000240823871331,30.481178171603,4,A_high,0.168350570502582,0.015203289947329,4.0,0.338,0.166,0.256,0.177,3.0,2.0,5.0,2.0,False
PCAT6,-0.248133783654396,down_in_PP,0.0055779787778506,0.0,3,A_high,0.0159199658052842,0.867095603231038,3.0,0.583,,-0.527,0.286,7.0,,5.0,5.0,False
DENND5B-AS1,0.247968055711468,up_in_PP,0.0031555031987151,0.0,4,A_high,0.0675759792839303,0.381830421585012,4.0,0.309,0.194,0.349,,6.0,1.0,7.0,,False
WASHC5-AS1,0.245089693206952,up_in_PP,1.39690346788366e-05,32.6113984742554,4,A_high,0.0634626922636869,0.415115115929422,4.0,-0.335,,0.384,,4.0,,6.0,,False
RBM5-AS1,-0.243971953710353,down_in_PP,0.0108074843931036,47.2969286219852,4,A_high,-0.302323735197958,2.65413875123144e-06,4.0,-0.555,-0.276,-0.302,-0.288,4.0,3.0,5.0,5.0,False
KB-1639H6.2,0.240882006993075,up_in_PP,4.50380655133656e-05,2.22008076235544,4,A_high,0.0818655598975366,0.278095417480447,4.0,,,0.144,,,,2.0,,False
AC009133.15,0.240192345318075,up_in_PP,2.64456409729861e-05,9.04692294936468,4,A_high,0.319494692903154,5.55906084841046e-07,4.0,0.723,0.219,-0.592,0.319,9.0,2.0,6.0,4.0,False
AC009133.12,0.239705196095835,up_in_PP,4.9726204046404e-06,35.2024587485321,4,A_high,0.243389596957518,0.0002404505423218,4.0,0.731,0.224,-0.638,0.294,9.0,3.0,8.0,4.0,False
CTC-499B15.5,0.23929179628124,up_in_PP,2.40606950370339e-05,0.0,4,A_high,-0.223221084143166,0.0008677585123333,4.0,-0.368,-0.181,0.345,-0.237,4.0,2.0,4.0,2.0,False
AC000068.5,0.238730707318904,up_in_PP,0.0103041876452246,48.2345342165659,4,A_high,-0.0249860980443824,0.771859347154691,4.0,-0.176,,,,2.0,,,,False
RP11-261C10.4,-0.236908250054241,down_in_PP,0.0027127566165962,0.0,4,A_high,-0.0256208920441425,0.765633063497024,4.0,-0.337,,0.347,,6.0,,5.0,,False
CTD-3137H5.1,0.234058323711025,up_in_PP,0.0001751097155953,0.0,4,A_high,0.219198307477334,0.0011026051928021,4.0,0.502,,-0.44,0.295,7.0,,6.0,3.0,False
RP11-144G7.2,-0.233299932077417,down_in_PP,5.50559148173715e-07,0.0,4,A_high,-0.0908787040573416,0.223354162267721,4.0,0.386,,-0.417,-0.174,7.0,,5.0,2.0,False
RP11-529E10.6,-0.229037854811491,down_in_PP,0.0471925681095999,0.0,3,A_high,-0.223674122737661,0.0017616522493707,3.0,-0.3,-0.149,0.302,-0.193,2.0,1.0,6.0,4.0,False
KB-1471A8.1,-0.228858528823055,down_in_PP,0.0097115655957705,0.0,3,A_high,0.0328500263765413,0.699218859178387,3.0,0.373,-0.173,-0.407,0.295,8.0,3.0,5.0,2.0,False
RP11-265N6.1,0.228060218020047,up_in_PP,8.29528833274568e-07,0.0,4,A_high,-0.134532489072038,0.0588115512678329,4.0,0.528,,0.595,-0.205,7.0,,8.0,3.0,False
HCG25,0.227848978862965,up_in_PP,2.617727087623e-09,0.0,4,A_high,-0.136631380450911,0.0545991975837485,4.0,0.501,0.244,-0.215,0.176,6.0,2.0,2.0,1.0,False
CTD-2323K18.1,-0.227303041788033,down_in_PP,8.44264490089693e-08,21.3354519880749,4,A_high,-0.135363116890828,0.0571211340451202,4.0,-0.321,-0.184,-0.335,0.175,6.0,2.0,7.0,1.0,False
RP3-337H4.9,0.22530873618608,up_in_PP,0.0005160695823462,26.5512831497687,4,A_high,0.0621551509370249,0.42593107358011,4.0,0.194,0.271,-0.175,0.21,1.0,2.0,3.0,4.0,False
RP5-1142A6.7,0.225120337168805,up_in_PP,0.0200993542208685,9.69790963112573,4,A_high,0.261607995929589,6.7645872436352e-05,4.0,-0.261,,0.452,,6.0,,5.0,,False
PDXDC2P,-0.224039955369979,down_in_PP,0.0002866065416028,0.0,4,A_high,-0.26825667768155,4.14496128422777e-05,4.0,-0.463,-0.274,0.422,-0.17,6.0,2.0,5.0,1.0,False
KDM4A-AS1,-0.22399831800941,down_in_PP,7.53718465534958e-11,1.21306020190434,4,A_high,-0.189852916389115,0.0054698767008935,4.0,-0.326,-0.244,-0.453,-0.25,6.0,1.0,7.0,3.0,False
SNHG17,0.223488659854411,up_in_PP,0.0093776610089394,21.7757919908855,4,A_high,0.0851853328516095,0.257098555519295,4.0,-0.294,0.143,-0.504,0.231,7.0,1.0,7.0,3.0,False
B4GALT1-AS1,-0.223452218440776,down_in_PP,2.71121127400968e-05,0.0,4,A_high,0.100289929931321,0.17346612303404,4.0,0.277,,0.156,0.159,1.0,,1.0,1.0,False
RP11-565F19.2,0.222032115907737,up_in_PP,0.0060051405464856,0.0,4,A_high,-0.09717945099968,0.189178522176643,4.0,-0.318,,0.227,-0.22,5.0,,4.0,2.0,False
RP11-555J4.4,-0.221844955293536,down_in_PP,0.0313761306097105,28.2280068188842,4,A_high,-0.147101396090875,0.0368675902852706,4.0,-0.393,-0.167,0.403,-0.212,5.0,1.0,7.0,4.0,False
SZT2-AS1,-0.219253786714811,down_in_PP,0.0180983357391423,39.5135559027906,4,A_high,0.0600803778105077,0.443027081725096,4.0,-0.472,,0.652,0.177,7.0,,7.0,1.0,False
AC005562.1,-0.21781808889047,down_in_PP,1.8879659771590797e-12,0.0,4,A_high,-0.132030445269948,0.0641955392151909,4.0,-0.205,-0.181,0.184,-0.177,4.0,2.0,3.0,2.0,False
CTD-2540B15.7,0.217239664814466,up_in_PP,0.0010592361550039,0.0,4,A_high,0.329910583862402,2.04335359189261e-07,4.0,0.765,0.306,-0.571,0.336,8.0,2.0,7.0,5.0,False
CTD-2049O4.1,-0.216176395735182,down_in_PP,0.003598390997827,0.0,4,A_high,0.104913962879155,0.152219006590348,4.0,-0.363,,0.36,,4.0,,1.0,,False
RP11-111A22.1,-0.214770526146373,down_in_PP,4.93009960444293e-07,0.0,4,A_high,-0.262212786308277,6.46791696036593e-05,4.0,-0.284,-0.209,0.271,-0.254,5.0,3.0,6.0,3.0,False
RP11-110G21.1,-0.214213671051618,down_in_PP,0.0277098339269286,48.6515939745097,4,A_high,-0.0121320378225184,0.892976120642076,4.0,-0.252,,-0.214,0.255,8.0,,4.0,2.0,False
RP4-635E18.6,0.214190490328556,up_in_PP,0.0006018340942779,0.0,4,A_high,0.217243058438972,0.0012356596797609,4.0,0.464,0.182,0.312,0.184,5.0,2.0,5.0,3.0,False
RP5-858L17.1,0.212857144777097,up_in_PP,0.0201468869749644,0.0,3,A_high,0.220503810419234,0.0011443734775641,3.0,0.272,0.141,0.256,,3.0,1.0,5.0,,False
RP11-264B17.2,0.212644933735407,up_in_PP,0.0191119867630436,48.3221696487663,4,A_high,-0.236629198185078,0.0003758544898913,4.0,-0.443,,0.243,-0.202,6.0,,3.0,4.0,False
RP11-274B21.14,-0.212049889917886,down_in_PP,0.0033923151885859,0.0,4,A_high,-0.113033852597741,0.119781800986562,4.0,-0.411,-0.237,0.281,-0.159,6.0,2.0,4.0,2.0,False
DHRS4L1,0.209894489740685,up_in_PP,0.002416438414807,11.3349635296623,4,A_high,-0.177749693275833,0.0098762720901586,4.0,0.283,,-0.266,0.145,4.0,,3.0,1.0,False
COX10-AS1,0.209879605820406,up_in_PP,9.06888640720031e-06,10.7032087029045,4,A_high,-0.0029086164165779,0.974580424172735,4.0,-0.322,,0.287,-0.295,7.0,,1.0,2.0,False
RP11-473C18.3,0.208252405828334,up_in_PP,0.0001283914173204,0.0,4,A_high,-0.070347906971481,0.359797374419892,4.0,-0.299,,0.223,-0.22,6.0,,4.0,3.0,False
RP11-61J19.5,-0.207796059394268,down_in_PP,0.0144515283197961,0.0,3,A_high,-0.11846400147328,0.124918773063505,3.0,-0.248,,-0.294,,2.0,,3.0,,False
TBL1XR1-AS1,-0.206652317586595,down_in_PP,0.00426635315241,40.5161527883457,4,A_high,-0.0281819838281235,0.741410573144999,4.0,0.381,-0.143,0.503,-0.226,4.0,1.0,7.0,5.0,False
KB-1572G7.2,-0.20664840793473,down_in_PP,0.004477292859788,0.0,4,A_high,-0.256808579276757,9.57538143433506e-05,4.0,-0.374,-0.211,0.655,,5.0,1.0,8.0,,False
RP11-196G11.5,-0.206514279320815,down_in_PP,3.40572558865347e-05,0.0,4,A_high,-0.299256175578831,3.46031554019473e-06,4.0,-0.429,,-0.299,-0.155,5.0,,4.0,1.0,False
RP1-68D18.4,0.206146284576468,up_in_PP,7.62241520784483e-07,18.1563260413809,4,A_high,0.226464054915548,0.0007136243267818,4.0,0.357,0.145,0.473,0.144,3.0,1.0,8.0,1.0,False
RP11-524F11.2,0.205007822684246,up_in_PP,0.0193795340306754,17.828258384079,4,A_high,0.215774685208871,0.0013442021465865,4.0,0.589,,-0.385,0.219,7.0,,6.0,4.0,False
RP4-681N20.5,0.204434854745716,up_in_PP,0.0014413550410553,9.27864076838914,4,A_high,-0.110612826953655,0.128586284290985,4.0,-0.429,,0.319,-0.251,4.0,,4.0,2.0,False
CTD-2047H16.5,0.204169413845326,up_in_PP,0.0182104136547394,18.4329251657027,4,A_high,0.187639212137176,0.0061179450063811,4.0,-0.237,-0.186,0.335,-0.225,7.0,1.0,6.0,1.0,False
LINC01122,0.202962403803232,up_in_PP,0.0047651344429239,46.4269394100728,4,A_high,0.150645542458828,0.0320479985954628,4.0,0.302,0.259,0.163,0.245,3.0,5.0,3.0,3.0,False
RP11-471B22.3,0.201685775212759,up_in_PP,0.0465223678088371,0.0,3,A_high,-0.0588829838089309,0.457941855983904,3.0,-0.221,,0.256,-0.195,4.0,,4.0,1.0,False
THAP9-AS1,-0.200781719121708,down_in_PP,0.0141546621849285,46.9613162674889,4,A_high,-0.326418443791275,2.86552409231172e-07,4.0,-0.604,-0.245,0.47,-0.255,8.0,3.0,6.0,3.0,False
LINC00969,-0.200380325463248,down_in_PP,0.0093992953632726,0.0,4,A_high,-0.277948279897023,1.98283140351966e-05,4.0,-0.344,-0.293,0.38,-0.157,4.0,3.0,6.0,2.0,False
CTB-96E2.7,0.199417385115564,up_in_PP,5.49238704196174e-05,36.1755991467156,4,A_high,0.0022369550438817,0.980493997092066,4.0,0.406,0.189,-0.456,,6.0,3.0,6.0,,False
FLJ22447,0.198898249170949,up_in_PP,0.0472588075630873,0.0,3,A_high,0.0837576652439581,0.270940816337532,3.0,0.368,0.264,0.324,0.249,7.0,2.0,2.0,2.0,False
RP11-135A24.4,-0.19815985587541,down_in_PP,0.0317083526163846,26.8506622803217,4,A_high,0.302598116632206,2.58908957135976e-06,4.0,0.349,0.161,0.303,0.237,6.0,1.0,6.0,3.0,False
LYPLAL1-AS1,-0.197317977869455,down_in_PP,0.0040881273418085,0.0,4,A_high,0.118244413480379,0.101874841686017,4.0,0.499,,-0.306,0.202,6.0,,3.0,3.0,False
RP3-394A18.1,-0.195210126821451,down_in_PP,1.64176429109773e-13,0.0,4,A_high,0.163158659635242,0.0191181487450584,4.0,-0.443,,0.285,0.263,6.0,,6.0,1.0,False
RP1-223E5.4,0.195078799136199,up_in_PP,0.0011934871668077,0.0,4,A_high,-0.0848050710869321,0.259478066482028,4.0,0.251,,-0.34,0.176,4.0,,4.0,1.0,False
RP11-418J17.1,-0.194908538101874,down_in_PP,1.0392897720887e-05,0.0,4,A_high,-0.131395207944531,0.0656029016513343,4.0,-0.306,-0.171,,-0.217,2.0,3.0,,2.0,False
AC009961.3,0.194655082497891,up_in_PP,0.0030873774937403,0.0,4,A_high,-0.0663312831994369,0.391656449562711,4.0,-0.194,-0.147,0.19,,3.0,1.0,2.0,,False
AC025442.3,0.194616896821367,up_in_PP,0.0062668274633598,0.0,4,A_high,0.259175613797323,8.07232556790754e-05,4.0,-0.379,0.166,0.422,0.204,7.0,2.0,6.0,3.0,False
SEPT4-AS1,-0.194611154535168,down_in_PP,0.0099955127440586,0.0,3,A_high,-0.138246713119255,0.053896539769009,3.0,-0.227,-0.167,-0.191,-0.161,4.0,3.0,1.0,1.0,False
AC009133.24,0.194328888997377,up_in_PP,0.0001863139693232,0.0,4,A_high,0.302535570342949,2.60306675597847e-06,4.0,0.694,0.239,-0.595,0.298,9.0,2.0,7.0,4.0,False
RP11-440D17.3,-0.193604672663272,down_in_PP,0.0017521986438817,0.0,4,A_high,-0.0077393085623493,0.932382270971475,4.0,0.357,,0.419,0.268,5.0,,8.0,1.0,False
MKLN1-AS,-0.193228313549272,down_in_PP,0.001777760238368,0.0,4,A_high,-0.0564434890800611,0.474868911205653,4.0,-0.256,-0.151,0.24,,2.0,1.0,4.0,,False
RP4-563E14.1,-0.192196103903644,down_in_PP,0.0324512848694985,0.0,3,A_high,-0.304382683325673,2.78559672696964e-06,3.0,-0.252,-0.258,-0.304,0.185,7.0,3.0,7.0,3.0,False
RP13-890H12.2,-0.19201159625204,down_in_PP,0.0041757772745698,0.0,4,A_high,-0.165225745444972,0.0174600537073885,4.0,-0.497,,-0.508,0.247,6.0,,7.0,1.0,False
LINC01547,-0.191971431752626,down_in_PP,0.0149375435846303,0.0,4,A_high,0.0839032704822827,0.265098371571449,4.0,-0.4,-0.24,-0.365,0.194,10.0,3.0,6.0,3.0,False
RP11-712L6.7,-0.190737391415736,down_in_PP,0.036909390231593,37.4475795758754,4,A_high,-0.0018680442480912,0.984041983888281,4.0,-0.175,,0.244,,1.0,,1.0,,False
RP11-617F23.1,-0.190075828308688,down_in_PP,5.25483562362407e-08,0.0,4,A_high,0.0026088359970787,0.977090829987848,4.0,-0.349,-0.186,-0.392,0.28,5.0,2.0,7.0,2.0,False
RP11-856F16.2,-0.190064636330049,down_in_PP,0.0033764115722424,40.4183411554984,4,A_high,0.104478234663664,0.154113461245045,4.0,0.154,-0.152,0.281,,1.0,1.0,2.0,,False
AP001372.2,-0.1888253086637,down_in_PP,0.0132347938722289,29.8234787690183,4,A_high,-0.304298895981047,2.22800814188124e-06,4.0,-0.421,-0.267,0.392,-0.261,8.0,3.0,8.0,4.0,False
RP11-15I20.1,-0.188379615233609,down_in_PP,0.0031343201080842,0.0,4,A_high,0.229728468769518,0.0005833127766649,4.0,-0.187,0.173,0.282,,3.0,1.0,4.0,,False
CTB-43P18.1,0.188272340929167,up_in_PP,2.429691805918e-05,8.34887232403551,4,A_high,-0.089733370859895,0.22987506842347,4.0,0.471,0.183,-0.601,,9.0,2.0,7.0,,False
AC078883.3,0.186332463872273,up_in_PP,0.0040956069590919,0.0,4,A_high,0.164581821831901,0.0179664922039626,4.0,-0.371,0.15,-0.265,-0.19,5.0,1.0,5.0,1.0,False
DPP9-AS1,0.184724031625082,up_in_PP,0.0381331738048797,38.7691990718906,4,A_high,0.0487434499833607,0.545464323127635,4.0,-0.377,,0.714,,6.0,,8.0,,False
AC107081.5,0.184530909317331,up_in_PP,0.0009784586004264,0.0,4,A_high,-0.0923278913923187,0.215069011615226,4.0,0.624,0.201,-0.43,-0.249,10.0,1.0,6.0,1.0,False
RP11-497H16.9,-0.183760291889103,down_in_PP,0.037628914652934,0.0,4,A_high,-0.224597815224881,0.0007984259075936,4.0,-0.527,-0.165,0.326,-0.256,6.0,3.0,4.0,4.0,False
RP11-799D4.4,0.18320336612419,up_in_PP,0.0043447317893134,0.0,3,A_high,-0.0210293512102369,0.811742956361354,3.0,-0.234,,-0.215,0.149,4.0,,3.0,1.0,False
RP11-637A17.2,0.182657959299532,up_in_PP,0.007629433934445,0.0,4,A_high,-0.0050049331992095,0.956323410555462,4.0,,,,-0.216,,,,1.0,False
RP11-521L9.1,0.180994158482379,up_in_PP,0.0176198220363213,0.0,4,A_high,0.0317162782970732,0.707328402346912,4.0,0.159,,0.176,-0.262,2.0,,1.0,1.0,False
CTD-3032J10.3,0.180725620162397,up_in_PP,0.0076535924962039,0.0,4,A_high,0.0480571691897229,0.551749572772039,4.0,-0.358,,0.591,0.165,7.0,,5.0,2.0,False
AC027601.1,0.180076914431842,up_in_PP,0.0115212340504985,7.85816426275444,4,A_high,-0.0326110234794011,0.698659807413373,4.0,-0.527,,0.86,0.162,6.0,,7.0,1.0,False
CTD-2514K5.4,-0.179642742773922,down_in_PP,0.0279559743391153,6.05732083858928,3,A_high,-0.129781100314268,0.0893037141151919,3.0,-0.197,,-0.192,,1.0,,3.0,,False
RP11-334E6.10,0.178174738821865,up_in_PP,0.000804362292145,0.0,4,A_high,0.203526646380743,0.0026758885791698,4.0,0.592,,-0.502,0.252,9.0,,6.0,3.0,False
KB-1562D12.1,0.177699719117915,up_in_PP,0.0069308008960656,3.61441025778544,4,A_high,0.0050903424718588,0.9557020759084,4.0,0.331,0.188,-0.37,,3.0,2.0,5.0,,False
CARS-AS1,0.176763974024591,up_in_PP,0.0183806695465007,44.7967443550458,4,A_high,0.179700520663751,0.008989524090557,4.0,0.286,0.3,-0.271,0.26,2.0,3.0,6.0,3.0,False
CTA-941F9.10,-0.176490559170389,down_in_PP,0.0109163283588591,0.0,4,A_high,0.179164593695333,0.0092229172822045,4.0,-0.388,-0.211,-0.341,,7.0,1.0,6.0,,False
RP11-84C10.4,0.175655044370005,up_in_PP,0.018420518361326,31.4885004682983,4,A_high,-0.337674660530703,9.4372037701774e-08,4.0,-0.317,,0.48,,3.0,,8.0,,False
RP11-146F11.1,0.175270258537448,up_in_PP,0.0326535765632257,17.6951118296894,4,A_high,0.241362543505187,0.0002753360545892,4.0,0.437,,0.451,0.165,8.0,,6.0,2.0,False
RP11-552F3.9,0.174771645501331,up_in_PP,0.0237445687006929,0.0,4,A_high,0.186593235541315,0.0064429039745826,4.0,0.558,-0.166,-0.502,0.19,9.0,1.0,7.0,1.0,False
APTR,-0.174646594258407,down_in_PP,0.0065377761348862,28.7250024619654,4,A_high,-0.347891479562264,3.26769403251198e-08,4.0,-0.267,-0.262,-0.348,-0.234,5.0,4.0,7.0,4.0,False
CTB-193M12.1,-0.174390584773479,down_in_PP,0.0072712445275631,0.0,4,A_high,0.0268600487496065,0.754084544743198,4.0,-0.451,,0.409,-0.181,6.0,,7.0,2.0,False
RP5-1142A6.2,0.173685765938946,up_in_PP,0.0181954297132772,0.0,4,A_high,0.300919889788395,3.00049401337961e-06,4.0,-0.399,0.172,0.557,0.178,8.0,1.0,6.0,2.0,False
AC137932.4,-0.173312658118292,down_in_PP,0.0073614586899396,0.0,4,A_high,0.064370813365689,0.407576818270206,4.0,-0.44,,0.665,0.179,8.0,,7.0,1.0,False
AC010226.4,0.171198494268247,up_in_PP,0.019596815055116,49.9552419830199,4,A_high,0.184504169762474,0.0071429190175119,4.0,0.635,0.168,0.749,-0.257,8.0,1.0,8.0,1.0,False
LA16c-306E5.3,-0.171039852330279,down_in_PP,3.41220026297616e-05,0.0,4,A_high,-0.0300858374852505,0.723274088936148,4.0,-0.17,-0.175,0.148,,4.0,1.0,1.0,,False
RP11-567I13.1,0.168283008251625,up_in_PP,0.0013423624591085,37.4853844669897,4,A_high,0.243412990583494,0.000240128472683,4.0,0.655,0.285,-0.557,-0.248,11.0,4.0,8.0,2.0,False
AC078883.4,0.168089620698759,up_in_PP,0.0464872135891658,13.6494010670179,4,A_high,0.189994776454141,0.0054324217058475,4.0,-0.348,0.181,-0.227,-0.202,4.0,1.0,6.0,1.0,False
MIR497HG,0.167234578301515,up_in_PP,2.1947046073742e-06,0.0,4,A_high,0.124841681269822,0.0820941187678803,4.0,0.603,,-0.43,0.216,8.0,,6.0,3.0,False
RP1-56K13.3,-0.1669254524614,down_in_PP,0.0080036877050668,45.5608458062691,4,A_high,-0.0218134416591949,0.802711266361489,4.0,0.326,-0.259,0.392,-0.187,5.0,2.0,5.0,2.0,False
CCNT2-AS1,-0.166698677488558,down_in_PP,0.0453804882036478,0.0,4,A_high,-0.155851544260226,0.025989381883813,4.0,0.15,,-0.169,,1.0,,3.0,,False
RP11-1085N6.2,-0.166529095698869,down_in_PP,0.0329640546620672,0.0,4,A_high,-0.137207745814307,0.0534941163385024,4.0,-0.336,,0.313,-0.163,6.0,,5.0,2.0,False
ASH1L-AS1,-0.163824619652853,down_in_PP,0.0007501177883975,0.0,4,A_high,0.108561626249097,0.136860299700312,4.0,0.239,,0.302,0.206,6.0,,6.0,3.0,False
CTC-506B8.1,-0.162117267866906,down_in_PP,2.9832551574866e-07,0.0,4,A_high,0.198023418256871,0.0035974313004008,4.0,0.282,,0.415,,4.0,,8.0,,False
HORMAD2-AS1,-0.162113560590943,down_in_PP,0.0059423830667769,0.0,4,A_high,0.139469478300574,0.0491979800976601,4.0,-0.267,0.167,0.338,-0.15,5.0,1.0,6.0,1.0,False
RP5-1142A6.10,0.162048325181888,up_in_PP,0.0323488563396912,0.0,4,A_high,0.108777692864195,0.135943980105537,4.0,0.313,0.139,0.478,0.168,6.0,1.0,7.0,1.0,False
RP11-164P12.4,0.16136254101767,up_in_PP,0.0049770046816086,13.3079823504334,4,A_high,0.0857041289482406,0.253923644845676,4.0,0.49,0.306,0.501,,10.0,4.0,8.0,,False
RP11-378J18.8,-0.160839795358903,down_in_PP,0.0018637004734322,38.5794294888481,4,A_high,-0.183504334461356,0.0075029700216705,4.0,-0.43,-0.183,0.466,-0.227,4.0,1.0,8.0,3.0,False
RP11-154D6.1,-0.159912505114692,down_in_PP,0.0004523256505352,0.0,4,A_high,0.0278575520843026,0.744504402596408,4.0,0.528,-0.155,0.656,,5.0,1.0,9.0,,False
MCPH1-AS1,-0.154934146913022,down_in_PP,0.0129550341123409,0.0,4,A_high,0.0802773530663903,0.288576418596237,4.0,-0.232,-0.184,-0.263,-0.196,4.0,1.0,4.0,1.0,False
LIMD1-AS1,-0.154614168460703,down_in_PP,0.0239754247730299,47.3858452067379,4,A_high,-0.22873873465615,0.0006201517250956,4.0,-0.555,-0.182,0.427,-0.24,6.0,1.0,6.0,4.0,False
RP3-331H24.5,-0.153964589627431,down_in_PP,0.0319673126637367,39.2386408237124,4,A_high,0.0421903946445165,0.606644939745822,4.0,0.411,-0.195,0.463,-0.175,5.0,3.0,7.0,1.0,False
PXN-AS1,-0.15331367667363,down_in_PP,1.57338405392852e-06,0.0,4,A_high,0.0040424792306255,0.964890210454619,4.0,-0.351,-0.257,-0.307,-0.186,5.0,3.0,6.0,1.0,False
RP11-680A11.5,0.153060544180508,up_in_PP,0.0101105938247268,0.0,4,A_high,0.36202286091798,6.9697438727595e-09,4.0,0.663,0.364,-0.523,0.489,11.0,3.0,7.0,5.0,False
EBLN3P,-0.1528156845605,down_in_PP,1.25536918113084e-05,0.0,4,A_high,-0.272097401756805,3.09959909795124e-05,4.0,-0.581,,0.59,-0.265,8.0,,7.0,4.0,False
RP3-486I3.5,0.152775916276721,up_in_PP,0.0073131761370394,0.0,4,A_high,0.0301941202555563,0.722334389494377,4.0,-0.411,,0.436,,6.0,,7.0,,False
RP11-538I12.2,-0.151909804609057,down_in_PP,0.0006799271089195,0.0,4,A_high,-0.286374939518052,1.01488811299147e-05,4.0,-0.44,-0.221,0.406,-0.3,7.0,1.0,7.0,3.0,False
CTD-2310F14.1,-0.150999574375175,down_in_PP,0.0380847414960899,0.0,4,A_high,-0.0482883470559879,0.549748761379444,4.0,-0.402,,0.476,-0.167,5.0,,7.0,2.0,False
RP11-314A20.5,0.150934894098936,up_in_PP,0.0069518656877102,0.0,4,A_high,0.169790723350386,0.0142495446559873,4.0,0.555,0.238,-0.394,0.31,4.0,3.0,7.0,4.0,False
RP3-330M21.5,-0.149260832888138,down_in_PP,0.0241666122641571,0.0,4,A_high,-0.144666085774226,0.0404619544066084,4.0,-0.458,-0.183,0.595,0.297,6.0,2.0,9.0,1.0,False
AC007292.6,0.148518762752201,up_in_PP,0.0066850181561623,0.0,4,A_high,0.392759981170764,1.77635586469383e-10,4.0,0.472,0.24,0.393,0.286,8.0,3.0,7.0,4.0,False
RP11-355B11.2,0.147365495457757,up_in_PP,0.0107022815164731,33.0996632429441,4,A_high,-0.0728819436786625,0.340992480174624,4.0,0.498,0.165,-0.364,-0.341,8.0,1.0,8.0,1.0,False
RP11-20I23.8,-0.147006871124643,down_in_PP,0.0239907662857559,15.9693929656626,4,A_high,0.104757385505989,0.152887808386366,4.0,-0.287,,0.414,,5.0,,2.0,,False
RP11-484D2.2,0.14619020645603,up_in_PP,0.0001165125446871,0.0,4,A_high,0.170520229999331,0.0137871804098283,4.0,0.582,0.21,-0.523,-0.192,6.0,2.0,8.0,1.0,False
RP4-758J18.2,0.145203414393207,up_in_PP,0.0001940227960705,0.0,4,A_high,-0.0139910052063553,0.876249672011067,4.0,0.469,0.145,-0.535,0.147,4.0,1.0,8.0,1.0,False
AC006547.13,-0.143428750106737,down_in_PP,0.0018505203052913,0.0,4,A_high,-0.194697028203763,0.0042717262154842,4.0,-0.371,-0.279,0.335,-0.208,10.0,5.0,6.0,5.0,False
LINC01578,-0.141817459233729,down_in_PP,0.0063268201085537,0.0,4,A_high,-0.301075647990501,2.95835876975196e-06,4.0,-0.584,-0.163,0.547,-0.271,10.0,3.0,7.0,2.0,False
CTB-50L17.9,-0.141174429809094,down_in_PP,0.017739650811978,0.0,4,A_high,0.1488697046974,0.0344021675698464,4.0,0.392,,0.333,0.204,6.0,,7.0,3.0,False
CTD-3032J10.2,0.13999214752684,up_in_PP,0.0296701333574439,8.67100253440659,4,A_high,0.119024114066316,0.0994006155220628,4.0,-0.289,-0.145,0.24,,7.0,1.0,3.0,,False
OPA1-AS1,0.139498945888233,up_in_PP,0.0257186395169268,10.1667043405291,4,A_high,0.143025382577332,0.043079625204165,4.0,0.456,,0.411,,4.0,,8.0,,False
RP11-95D17.1,0.138604402773507,up_in_PP,0.0050405582767926,0.0,4,A_high,-0.206692169821268,0.0022446500948976,4.0,-0.209,-0.186,-0.207,-0.241,4.0,1.0,4.0,3.0,False
RP11-2E11.9,-0.138018287708526,down_in_PP,0.009809145228308,0.0,4,A_high,-0.0232887348851242,0.788301517917452,4.0,-0.197,,-0.202,,4.0,,4.0,,False
RP11-649E7.5,0.136151586275588,up_in_PP,0.0163564256507625,46.3007109826882,4,A_high,0.127711455295425,0.0746095510616415,4.0,0.503,-0.155,0.544,-0.267,6.0,1.0,8.0,1.0,False
CTB-131K11.1,-0.13455616564458,down_in_PP,0.019163905404935,44.7282581531629,4,A_high,0.0606927765407026,0.437940176204646,4.0,-0.514,,0.595,-0.231,7.0,,9.0,2.0,False
PP7080,0.133532528726847,up_in_PP,0.0022369046296301,18.8204217656334,4,A_high,0.0833384937149456,0.268775796043904,4.0,0.514,-0.141,-0.617,0.273,9.0,1.0,7.0,4.0,False
AC093818.1,0.133180891538741,up_in_PP,0.0487427023650371,26.7959040391153,4,A_high,-0.13682117991929,0.0542257873839075,4.0,0.501,,-0.386,-0.19,5.0,,7.0,2.0,False
RNF219-AS1,-0.132170672618973,down_in_PP,0.0021188327735032,0.0,4,A_high,-0.110383311446799,0.129452359167518,4.0,-0.487,-0.141,0.548,-0.305,6.0,1.0,8.0,5.0,False
RP11-758P17.2,-0.131184661564255,down_in_PP,0.0358717265541052,0.0,4,A_high,-0.0942749280156812,0.204339278405266,4.0,0.477,,0.576,0.198,5.0,,8.0,2.0,False
RP11-74E22.5,-0.131073036596902,down_in_PP,0.0272342090715024,35.5277044627669,4,A_high,-0.010014335027798,0.912167228919504,4.0,-0.591,,0.624,-0.201,8.0,,8.0,3.0,False
CTD-2007L18.5,0.130947790920217,up_in_PP,0.0029090939043543,0.0,4,A_high,0.256910705229559,9.50533641045186e-05,4.0,0.446,0.143,-0.393,0.256,9.0,1.0,6.0,4.0,False
RP11-1148L6.5,-0.129777021613446,down_in_PP,0.0258504282382416,9.13239140940291,4,A_high,-0.098687497777581,0.181449246404933,4.0,-0.307,,0.293,,6.0,,5.0,,False
MED4-AS1,0.129472844592464,up_in_PP,0.0060122475174438,35.1267111864937,4,A_high,0.0378952125256794,0.647502553631342,4.0,0.32,0.297,0.304,0.19,8.0,4.0,4.0,3.0,False
RP11-173P15.5,-0.129010300582416,down_in_PP,0.0114071348754134,16.9233801126906,4,A_high,0.126630658206293,0.0773460613006964,4.0,0.368,,0.294,0.165,5.0,,4.0,1.0,False
AC006547.8,0.128536654781769,up_in_PP,0.0358778095219366,36.1630796974381,4,A_high,-0.0788859231825022,0.298198507454916,4.0,-0.424,-0.204,-0.488,0.174,7.0,2.0,6.0,1.0,False
RP11-775D22.3,-0.127006221495227,down_in_PP,0.03750372029573,20.7652215332206,4,A_high,-0.0136187869638519,0.879665840939901,4.0,0.423,,0.459,-0.181,5.0,,7.0,1.0,False
RP11-603J24.5,-0.126874881469666,down_in_PP,0.0121761940932674,0.0,4,A_high,0.284110847147303,1.21855578257203e-05,4.0,0.519,-0.188,-0.477,0.172,8.0,3.0,7.0,1.0,False
CTD-2396E7.11,-0.125064295600561,down_in_PP,0.0193511616818412,0.0,4,A_high,-0.0823687388017929,0.274822627608357,4.0,0.391,0.251,-0.304,,6.0,3.0,6.0,,False
AC005606.14,-0.124002238242944,down_in_PP,0.0163578443541211,0.0,4,A_high,-0.111207738267408,0.126455427877163,4.0,-0.396,-0.163,0.454,0.158,8.0,1.0,7.0,3.0,False
RP4-635E18.7,0.120548669829487,up_in_PP,0.0363623209279235,47.3142143789312,4,A_high,-0.213167297410864,0.0015586579018615,4.0,-0.303,,-0.309,-0.167,2.0,,7.0,2.0,False
EDRF1-AS1,0.114829409567409,up_in_PP,0.0380235662926301,0.0,4,A_high,-0.244052527108062,0.0002301345771388,4.0,-0.489,-0.205,-0.244,-0.189,4.0,2.0,5.0,2.0,False
LACTB2-AS1,0.111602852598467,up_in_PP,0.0270447319777971,0.0,4,A_high,-0.154886259949701,0.0270299227598633,4.0,0.307,,-0.327,-0.167,5.0,,6.0,1.0,False
HMGN3-AS1,-0.110295007503183,down_in_PP,0.0205527436956011,19.1426935886589,4,A_high,-0.138242520332936,0.0515195240726907,4.0,-0.291,,-0.272,,5.0,,4.0,,False
RP1-43E13.2,-0.109475059754588,down_in_PP,0.0441971638625634,0.0,4,A_high,0.332493044550005,1.58482169763016e-07,4.0,-0.347,-0.149,0.332,,2.0,2.0,4.0,,False
RP11-92F20.1,0.108146977393822,up_in_PP,0.0078079087642329,0.0,4,A_high,-0.117857789351639,0.103103667688247,4.0,0.539,0.225,-0.534,,8.0,2.0,8.0,,False
RP11-73E17.2,0.107093224760722,up_in_PP,0.0122664214320258,0.0,4,A_high,0.191704546163568,0.0049838527733428,4.0,-0.32,,0.253,,3.0,,5.0,,False
AC021224.1,0.106772413587595,up_in_PP,0.007629433934445,6.31481570519715,4,A_high,0.135026293816442,0.0578019049830249,4.0,0.173,,-0.148,0.153,3.0,,1.0,1.0,False
RP11-216B9.6,0.106667229558485,up_in_PP,0.0173466950542156,0.0,4,A_high,-0.0309338681454783,0.714906253800073,4.0,0.149,,0.172,-0.168,1.0,,1.0,1.0,False
RP5-1085F17.3,-0.103710073688703,down_in_PP,0.0465695829760272,0.0,4,A_high,-0.192856847615387,0.0047015443411211,4.0,-0.274,,-0.193,,4.0,,3.0,,False
MORC2-AS1,0.0980485635210135,up_in_PP,0.0190900825562431,0.0,4,A_high,-0.0116453492832656,0.897618958898291,4.0,-0.217,0.183,-0.341,0.199,3.0,1.0,2.0,4.0,False
AC005523.2,-0.0961855502878565,down_in_PP,0.0102685489264539,0.0,4,A_high,0.298509678076033,3.68838176189414e-06,4.0,0.614,0.172,-0.466,0.32,6.0,2.0,6.0,4.0,False
RP11-867G23.3,0.0954556748958345,up_in_PP,0.0479127046005948,17.2229158109134,4,A_high,0.349649415587543,2.705721204796e-08,4.0,0.719,0.28,-0.475,0.366,7.0,3.0,5.0,4.0,False
CTB-46B19.2,-0.093387502147046,down_in_PP,0.0418007327957463,0.0,4,A_high,0.336830393890495,1.02675187810926e-07,4.0,0.422,0.168,-0.353,0.321,7.0,2.0,6.0,4.0,False
RP11-589P10.7,0.0861801857265614,up_in_PP,0.0409324047811172,0.0,4,A_high,0.0817766116997602,0.278674922240578,4.0,0.653,,-0.518,0.265,8.0,,6.0,3.0,False
RP11-566K11.5,-0.0787515850501361,down_in_PP,0.0381448535933722,0.0,4,A_high,-0.122794683734941,0.0878739190559319,4.0,0.209,-0.198,-0.243,0.242,4.0,1.0,4.0,2.0,False
LINC01018,-2.57623898595342,down_in_PP,7.031186159704491e-19,57.1570211631198,3,B_moderate,-0.117941388449219,0.106373053827623,3.0,-0.189,-0.252,-0.2,0.235,2.0,4.0,2.0,2.0,False
AC003090.1,-2.40702345542122,down_in_PP,9.32283545998182e-08,60.5366162629313,3,B_moderate,-0.188583736806058,0.0063457923318307,3.0,-0.234,-0.337,-0.282,0.303,6.0,4.0,4.0,4.0,False
RP11-455F5.6,2.34182320345871,up_in_PP,3.56222972375417e-49,56.2316655465688,4,B_moderate,0.376146975897694,1.3594346966003201e-09,4.0,0.438,0.63,0.376,0.593,6.0,5.0,8.0,7.0,False
TRHDE-AS1,-2.21250929753864,down_in_PP,2.77690312787797e-08,67.515372674444,4,B_moderate,-0.226790749301206,0.0006993448865626,4.0,-0.386,-0.299,-0.227,-0.176,7.0,5.0,6.0,4.0,False
RP11-57H12.3,-1.87599594661234,down_in_PP,4.54585938690364e-17,55.2858071619603,3,B_moderate,-0.100360029253075,0.177597589644627,3.0,-0.372,-0.211,-0.181,-0.143,2.0,2.0,1.0,1.0,False
CTB-191K22.5,-1.82262688368554,down_in_PP,9.06980214624214e-22,68.1406348544143,4,B_moderate,-0.199617571104451,0.003305367069497,4.0,-0.375,-0.273,-0.312,0.422,10.0,1.0,5.0,3.0,False
CTB-92J24.3,-1.6684550525427,down_in_PP,3.98834826108373e-13,66.6290950474152,3,B_moderate,-0.11698342624729,0.109649725831764,3.0,-0.242,-0.244,-0.219,-0.177,4.0,4.0,4.0,3.0,False
SCEL-AS1,-1.62567185829154,down_in_PP,7.54145886172681e-12,69.5792291964664,4,B_moderate,-0.10925361261831,0.133956915969948,4.0,-0.329,-0.173,0.353,-0.166,6.0,2.0,6.0,3.0,False
UCA1,1.62215314693613,up_in_PP,4.62740021156329e-09,74.0742404230042,4,B_moderate,0.0185183808333217,0.833860267567843,4.0,0.308,0.331,0.17,0.285,1.0,4.0,2.0,6.0,False
LINC01343,1.54976169438822,up_in_PP,2.84780295992478e-06,70.8202213821094,4,B_moderate,0.215469021250683,0.0013675135357961,4.0,0.254,0.313,0.28,0.292,5.0,3.0,6.0,6.0,False
RP4-541C22.5,-1.4700962965341,down_in_PP,3.11250545094363e-13,68.6593677249192,4,B_moderate,-0.180127023100431,0.0088091734956915,4.0,0.183,-0.217,-0.264,-0.17,2.0,1.0,5.0,2.0,False
RP4-724E13.2,-1.43819433173609,down_in_PP,1.2929498140373601e-17,70.3030995465325,4,B_moderate,-0.342760222752078,5.62333374405583e-08,4.0,-0.302,-0.31,-0.343,0.353,8.0,4.0,7.0,7.0,False
CTB-176F20.3,-1.42374990685088,down_in_PP,7.87996898707801e-17,53.0755597573691,3,B_moderate,-0.249020457677708,0.0001911903237923,3.0,-0.421,-0.436,-0.249,-0.337,5.0,5.0,5.0,7.0,False
AC073342.12,-1.3504499708418,down_in_PP,2.37796775331475e-08,72.4280438818121,4,B_moderate,-0.240562205194593,0.0002905202050089,4.0,-0.378,-0.308,-0.241,0.301,4.0,4.0,6.0,1.0,False
RP11-283G6.5,-1.32635569528158,down_in_PP,7.16830025977393e-15,62.3542337271633,4,B_moderate,0.0013422335050571,0.98850327422253,4.0,0.376,-0.31,0.653,-0.209,4.0,5.0,4.0,3.0,False
DSG2-AS1,-1.31833577213746,down_in_PP,1.76819878143174e-11,74.3497768683456,4,B_moderate,-0.208594451933178,0.0020197299077396,4.0,-0.555,-0.369,0.443,-0.231,4.0,5.0,4.0,3.0,False
RP11-736K20.5,-1.31514015985916,down_in_PP,4.71957236618873e-08,68.0661008668663,3,B_moderate,-0.115008310107608,0.116547728973596,3.0,-0.489,-0.298,0.506,-0.192,6.0,5.0,4.0,2.0,False
ZBED3-AS1,-1.31096284339956,down_in_PP,2.4624129879760096e-11,53.7932123920281,3,B_moderate,-0.090298150602535,0.231376253564921,3.0,-0.361,-0.353,-0.199,-0.194,7.0,5.0,2.0,2.0,False
CTD-2026K11.1,-1.30616051661423,down_in_PP,1.76272426740488e-10,56.6457057193317,4,B_moderate,-0.0756979319579676,0.320441375142822,4.0,-0.47,-0.302,-0.362,0.378,11.0,4.0,6.0,5.0,False
AC124789.1,1.30036469312052,up_in_PP,1.64124228787944e-06,74.6833334394701,4,B_moderate,0.211521112525431,0.0017128696881213,4.0,0.466,0.338,-0.414,0.404,7.0,3.0,6.0,6.0,False
MEF2C-AS1,-1.28630618480241,down_in_PP,3.0479680368192e-06,72.9955105159416,3,B_moderate,-0.274715029219571,3.04943964007612e-05,3.0,-0.299,-0.243,-0.275,,4.0,3.0,4.0,,False
ARHGEF26-AS1,-1.27908274498975,down_in_PP,7.097531569193181e-09,71.7487049305926,3,B_moderate,-0.165049925075439,0.0187770420517834,3.0,-0.255,-0.2,-0.28,,5.0,1.0,6.0,,False
RP11-706C16.8,1.24284169631864,up_in_PP,4.66951821479609e-19,56.1341527710781,4,B_moderate,0.305617811625805,1.98629919271175e-06,4.0,0.804,0.453,-0.586,0.424,6.0,4.0,7.0,5.0,False
AC007228.11,-1.2287754486302,down_in_PP,1.2410981224351e-09,59.1978186514838,3,B_moderate,-0.187960324874974,0.0065452124562156,3.0,-0.332,-0.212,-0.188,-0.215,2.0,2.0,1.0,4.0,False
LINC00886,-1.20510324039933,down_in_PP,3.42159210760428e-08,74.184241784431,4,B_moderate,-0.148000339801517,0.0355962899509493,4.0,,,-0.23,,,,3.0,,False
RP11-481J2.3,1.19846484102703,up_in_PP,1.04946065619399e-15,61.4936096017071,4,B_moderate,0.308340682483004,1.56059472407687e-06,4.0,0.643,0.394,-0.48,0.485,9.0,3.0,7.0,6.0,False
DIO3OS,-1.17883409031935,down_in_PP,1.87370521855505e-06,69.484915976826,3,B_moderate,-0.150407738862571,0.0341678128473883,3.0,-0.302,-0.203,0.447,0.191,4.0,3.0,6.0,2.0,False
RP11-20D14.6,1.17827338628806,up_in_PP,0.0143723262218489,60.781101630007,3,B_moderate,-0.0134996872292182,0.881784528660643,3.0,,,,0.219,,,,1.0,False
LINC01252,-1.13455044087472,down_in_PP,1.25903160025094e-06,55.7228503534216,3,B_moderate,-0.302553925692359,3.26007441255197e-06,3.0,-0.319,-0.29,-0.303,,4.0,4.0,4.0,,False
LINC01836,-1.12884112200964,down_in_PP,0.0002247141007353,62.3591630788786,3,B_moderate,-0.199677570907947,0.0059024832448587,3.0,-0.219,-0.232,-0.277,,2.0,2.0,4.0,,False
MIR9-3HG,1.10728051325574,up_in_PP,1.73281315241763e-10,54.3414759004904,3,B_moderate,0.0090118552009957,0.92142054774022,3.0,0.156,,0.168,0.155,2.0,,2.0,1.0,False
AC005083.1,-1.10289363497326,down_in_PP,4.54058947207088e-06,74.6569158473293,4,B_moderate,-0.281153609898246,1.5426271331172e-05,4.0,0.407,-0.233,-0.315,,5.0,2.0,7.0,,False
RP11-845C23.3,-1.10031950462551,down_in_PP,3.97745320041895e-06,66.5372912067621,4,B_moderate,-0.0371682371562123,0.654424289712602,4.0,-0.276,-0.254,-0.147,-0.151,4.0,4.0,1.0,1.0,False
RP11-449P15.1,-1.09862725756691,down_in_PP,1.14389317005085e-13,68.7005337887276,3,B_moderate,-0.106511222547049,0.149597486405459,3.0,0.389,-0.233,0.31,0.401,8.0,3.0,7.0,3.0,False
RP11-350N15.4,-1.08727638775326,down_in_PP,2.8884302441719598e-11,58.4470032393903,3,B_moderate,-0.0842214354150383,0.268016057543059,3.0,0.384,-0.363,0.361,-0.176,10.0,4.0,4.0,5.0,False
CTC-512J12.4,-1.06804133211424,down_in_PP,0.004119058905018,59.6666624220537,3,B_moderate,-0.0659402003638175,0.630577486688596,3.0,0.289,,-0.271,,1.0,,1.0,,False
LINC00958,1.06622785607624,up_in_PP,3.20454737090332e-08,61.6056541781953,4,B_moderate,0.118154849389527,0.102185347192236,4.0,0.281,0.305,0.196,-0.277,6.0,4.0,1.0,5.0,False
PP14571,-1.06431327960944,down_in_PP,1.95434994791247e-06,61.0992950841814,4,B_moderate,-0.106579822212262,0.145096514910437,4.0,-0.291,-0.166,0.457,-0.168,7.0,2.0,5.0,3.0,False
RP1-153G14.4,-1.05972659877527,down_in_PP,1.10670708879837e-05,66.3336148651557,3,B_moderate,-0.199008334506987,0.0037506889943545,3.0,-0.292,-0.227,0.262,-0.198,6.0,3.0,4.0,4.0,False
CTD-2516F10.2,-1.05729322116926,down_in_PP,2.55967037605831e-07,66.8064049018795,3,B_moderate,-0.22268834001386,0.0010093792635755,3.0,-0.351,-0.194,-0.292,-0.246,3.0,4.0,5.0,5.0,False
LINC00592,1.04226074670341,up_in_PP,1.18091686956017e-07,55.5960629007712,4,B_moderate,0.151275535431868,0.0312453367835941,4.0,0.246,0.312,0.151,0.28,3.0,5.0,3.0,5.0,False
PYCARD-AS1,1.03392093279376,up_in_PP,1.2777434704700902e-15,59.3070457635725,4,B_moderate,0.259407429381521,7.93832271531692e-05,4.0,0.964,0.359,-0.602,0.415,8.0,3.0,7.0,5.0,False
RP11-508N22.12,-1.03317530571107,down_in_PP,0.0002816149032032,71.2604350462319,3,B_moderate,-0.215607188784182,0.0015143057841,3.0,-0.531,-0.347,0.253,-0.237,4.0,4.0,4.0,4.0,False
RP1-261D10.2,-1.01736291984721,down_in_PP,2.11525094994476e-10,71.0684927292575,4,B_moderate,-0.159295121131616,0.0225305628399975,4.0,0.17,,-0.224,,3.0,,5.0,,False
RP11-379F4.4,-1.00820560932962,down_in_PP,1.4338955467680902e-09,60.5108785080235,3,B_moderate,0.0125749160895263,0.889884370136181,3.0,0.232,-0.19,-0.189,0.191,5.0,1.0,1.0,1.0,False
KCNMA1-AS1,-1.002532698785,down_in_PP,6.21859680985683e-11,54.7660549642591,3,B_moderate,0.0639393341485469,0.415958429707261,3.0,-0.307,-0.179,0.215,,7.0,3.0,2.0,,False
RP11-176D17.3,-0.99732522375173,down_in_PP,1.25874636590436e-15,52.1434377619568,4,B_moderate,-0.108786698846349,0.135913938750493,4.0,-0.384,-0.267,0.506,-0.333,7.0,3.0,7.0,5.0,False
RP11-700H6.4,0.994635906006848,up_in_PP,1.94817891667001e-05,62.1571433025342,3,B_moderate,-0.0461024052707645,0.57358554822421,3.0,-0.213,,0.425,0.199,3.0,,5.0,4.0,False
FLG-AS1,-0.990808016731759,down_in_PP,3.95935608161072e-06,50.0629124878365,4,B_moderate,-0.232804799199744,0.0004808410674034,4.0,-0.382,-0.33,-0.312,0.289,10.0,2.0,5.0,4.0,False
ADORA2A-AS1,-0.976958521504963,down_in_PP,2.93545448571491e-05,63.4070662926356,3,B_moderate,0.10971135216585,0.136204698704609,3.0,0.305,-0.199,-0.282,0.283,7.0,3.0,5.0,4.0,False
RP11-732A19.5,-0.971046656145735,down_in_PP,1.14775354411848e-05,63.8358386620491,4,B_moderate,0.040688555368826,0.620591691916183,4.0,-0.458,-0.239,-0.372,-0.158,9.0,5.0,6.0,3.0,False
CTC-523E23.1,-0.965301103604509,down_in_PP,0.0014562464690866,66.6618582598998,3,B_moderate,-0.210459633408134,0.0020202882586767,3.0,-0.264,-0.171,0.268,-0.173,3.0,4.0,3.0,2.0,False
RP1-92O14.3,-0.931922902810124,down_in_PP,4.31348090870174e-05,59.9304533902569,3,B_moderate,-0.0790860645881882,0.32914390345629,3.0,-0.368,,-0.356,,5.0,,5.0,,False
CTD-2240E14.4,0.928414645115396,up_in_PP,5.2323286395496697e-11,63.3821681092597,4,B_moderate,0.23919164092246,0.0003180653521577,4.0,0.482,0.297,0.58,0.366,6.0,3.0,8.0,5.0,False
RP3-508I15.21,0.927226872010221,up_in_PP,0.0001590591419053,69.1492486621362,4,B_moderate,0.0616642898352946,0.429976762142625,4.0,-0.255,0.271,0.592,0.199,7.0,2.0,6.0,4.0,False
CTD-2616J11.16,0.926662000047596,up_in_PP,7.51812184155163e-10,61.9150169025382,4,B_moderate,0.357181890189781,1.19831686905131e-08,4.0,0.199,0.412,0.357,0.288,2.0,4.0,4.0,5.0,False
AP003419.16,0.918573690459179,up_in_PP,1.0509775467204401e-23,52.5758282887111,4,B_moderate,0.267556663039317,4.36701007833475e-05,4.0,0.847,0.435,-0.669,0.467,6.0,4.0,8.0,5.0,False
RP3-335E1.1,0.911077235748752,up_in_PP,9.59318106597726e-08,66.4689300512669,4,B_moderate,0.304979154029201,2.10036575355369e-06,4.0,0.366,0.298,0.375,0.226,3.0,4.0,7.0,6.0,False
AC016629.3,-0.90424702522011,down_in_PP,2.29578397546468e-07,70.8244030675853,4,B_moderate,-0.146412497524647,0.0378481726912493,4.0,-0.193,-0.195,-0.219,-0.269,3.0,2.0,2.0,7.0,False
RP11-31F15.2,-0.899989168791794,down_in_PP,0.0024910432710019,72.7321876627238,3,B_moderate,-0.182434183255494,0.0085352576622231,3.0,-0.376,-0.178,0.226,-0.226,4.0,4.0,4.0,2.0,False
AC006262.6,-0.898817035418259,down_in_PP,2.02617756478427e-05,67.9688410715578,4,B_moderate,-0.328518506438453,2.3428153307635e-07,4.0,-0.366,-0.337,0.443,-0.213,10.0,4.0,8.0,7.0,False
RBFADN,-0.889138229393974,down_in_PP,1.51290317128088e-06,61.1513562147596,4,B_moderate,-0.238815489774904,0.0003259407131612,4.0,-0.346,-0.289,-0.298,-0.258,5.0,4.0,4.0,4.0,False
ZNF582-AS1,-0.887019014803004,down_in_PP,0.0007072007605802,74.4448235232133,4,B_moderate,-0.194935055653417,0.0042199998618126,4.0,-0.277,-0.179,-0.195,-0.165,3.0,2.0,5.0,3.0,False
RP11-244F12.3,-0.879348392268283,down_in_PP,1.12556492099691e-05,74.0807371990824,4,B_moderate,0.0118898550977076,0.895301560678142,4.0,-0.326,-0.268,0.298,-0.172,7.0,4.0,3.0,2.0,False
RP11-34P13.13,0.873136491432528,up_in_PP,2.13135039292185e-05,62.7471922459467,3,B_moderate,0.0864723652157471,0.254037805430341,3.0,-0.315,0.171,0.286,-0.194,3.0,1.0,3.0,2.0,False
PRC1-AS1,0.87232687696983,up_in_PP,1.0954364979093201e-14,64.665256715296,4,B_moderate,0.14365719290587,0.0420631026401365,4.0,0.388,0.425,-0.424,0.298,4.0,3.0,6.0,5.0,False
PSMB8-AS1,0.86928401010612,up_in_PP,4.47975413650339e-13,73.6244579398392,4,B_moderate,0.148876827813722,0.0343958372376031,4.0,0.433,0.298,0.479,0.243,6.0,4.0,5.0,4.0,False
KB-1125A3.12,-0.863066833922066,down_in_PP,1.90651594533876e-06,55.1749689589838,4,B_moderate,-0.0393479974717278,0.633896242857356,4.0,0.219,-0.146,0.145,,4.0,1.0,1.0,,False
DGCR5,-0.86187519872956,down_in_PP,5.48523338705504e-06,60.2585728762577,4,B_moderate,-0.189485365856105,0.0055739842304399,4.0,-0.335,-0.198,-0.394,0.164,6.0,1.0,8.0,2.0,False
CTC-471J1.2,-0.857396450893295,down_in_PP,3.82253959240172e-05,63.907894135156,3,B_moderate,-0.348070306601773,4.37575464426305e-08,3.0,-0.459,-0.281,-0.348,-0.322,6.0,3.0,6.0,5.0,False
RP11-374M1.2,-0.852516823877891,down_in_PP,0.0008733120870821,70.6448740631772,4,B_moderate,0.0721459477040368,0.346387008858596,4.0,-0.154,,,,1.0,,,,False
CTD-2195B23.3,-0.85028213774222,down_in_PP,0.0007745646194168,68.9815192632837,3,B_moderate,0.157113794173009,0.0354661674686023,3.0,-0.58,-0.201,0.301,-0.224,6.0,3.0,7.0,2.0,False
RP11-531A24.5,-0.834731356928235,down_in_PP,2.74770417102181e-05,74.0517719196868,3,B_moderate,-0.17209369078082,0.0137685394552317,3.0,-0.391,-0.261,0.2,-0.214,5.0,3.0,5.0,4.0,False
TMCC1-AS1,-0.83363433827213,down_in_PP,0.0006423434454132,69.3933391662519,3,B_moderate,-0.230935004123053,0.0006143354443911,3.0,-0.293,,-0.231,-0.195,3.0,,3.0,2.0,False
RP11-10A14.3,-0.824550444025537,down_in_PP,4.74630992752132e-09,65.5458298077099,4,B_moderate,0.0876591472500401,0.242312017301384,4.0,-0.216,-0.23,0.309,0.347,4.0,3.0,2.0,4.0,False
FOXD1-AS1,-0.822683500361254,down_in_PP,0.0443343720926196,74.0990516405729,3,B_moderate,-0.201232977430633,0.0101689615132944,3.0,-0.363,-0.366,0.4,-0.315,5.0,2.0,7.0,5.0,False
CTC-454I21.4,-0.815345553285385,down_in_PP,0.0001267388182125,68.4077048266136,3,B_moderate,-0.103791226344125,0.186039889802066,3.0,0.244,,0.246,-0.19,3.0,,3.0,2.0,False
CA3-AS1,-0.813169226745479,down_in_PP,0.0001415219720117,66.9656712463633,4,B_moderate,-0.33156059303067,1.73783275956363e-07,4.0,-0.28,-0.249,-0.332,-0.226,4.0,3.0,4.0,4.0,False
RP11-255M2.3,-0.811804685714715,down_in_PP,0.0001746663243818,72.2673326588931,4,B_moderate,-0.0618676111201568,0.428278622666477,4.0,0.418,-0.269,-0.371,0.41,8.0,4.0,5.0,2.0,False
RP11-981G7.6,-0.810638220483137,down_in_PP,0.0013409815246744,72.6209840060904,3,B_moderate,-0.203149184489705,0.003012216552453,3.0,-0.351,,-0.219,-0.187,4.0,,4.0,1.0,False
CTB-25B13.12,-0.805749471470993,down_in_PP,9.19314715192429e-07,74.6804230994233,4,B_moderate,-0.176055829344359,0.0107026536867209,4.0,-0.415,-0.277,-0.309,0.426,8.0,4.0,7.0,3.0,False
GS1-293C5.1,0.794334726804524,up_in_PP,9.4281751258331e-13,70.2353555385521,4,B_moderate,0.0483976317219803,0.548742338201016,4.0,-0.419,0.236,0.403,-0.339,7.0,3.0,6.0,4.0,False
CTC-559E9.8,-0.79073635228684,down_in_PP,0.0008292600601539,64.2972938727198,3,B_moderate,-0.262108655266819,7.70207759644389e-05,3.0,-0.379,-0.264,0.277,-0.215,6.0,3.0,7.0,4.0,False
RP11-164P12.3,0.78402496377089,up_in_PP,5.73829351031554e-07,53.6998802861616,4,B_moderate,-0.058472295554776,0.456922753996958,4.0,-0.199,,0.241,,4.0,,2.0,,False
RP3-329A5.8,-0.7801371602813,down_in_PP,0.0023884490272547,62.0756746344083,3,B_moderate,-0.23411947745115,0.0005048109109697,3.0,-0.447,-0.294,-0.234,-0.291,4.0,4.0,5.0,5.0,False
RP11-78O7.2,-0.777515870861149,down_in_PP,0.0022350876707755,65.5412669442539,3,B_moderate,-0.190635560346004,0.005727438218386,3.0,-0.269,-0.149,-0.191,,3.0,1.0,1.0,,False
MIR600HG,-0.7727799052536,down_in_PP,3.6574531223578104e-21,56.9489395404202,4,B_moderate,-0.174886825979395,0.0112984124184109,4.0,-0.498,-0.313,-0.514,0.329,6.0,5.0,8.0,6.0,False
RP11-635N19.1,-0.770960691509717,down_in_PP,0.0002441219908386,62.554171971589,3,B_moderate,0.146423371100876,0.0519923638407834,3.0,0.42,-0.169,0.338,0.186,7.0,1.0,5.0,2.0,False
LINC01226,-0.766217180506192,down_in_PP,5.29697392537701e-05,65.7429448054674,4,B_moderate,-0.148342273644551,0.0351288930507031,4.0,0.397,-0.257,0.312,0.174,6.0,3.0,6.0,1.0,False
RP11-1113L8.1,-0.762784908285057,down_in_PP,1.5665007517682e-05,70.2276696035266,3,B_moderate,-0.10813992227076,0.142668233584418,3.0,-0.288,-0.215,-0.284,-0.21,6.0,2.0,6.0,4.0,False
AC020571.3,0.757891118003091,up_in_PP,0.0362192475414818,72.4594398143046,3,B_moderate,-0.109864101815938,0.192726532767823,3.0,-0.36,,0.456,-0.209,5.0,,7.0,1.0,False
RP11-2E11.6,-0.755453860184306,down_in_PP,0.0006467542205528,73.6849053958472,4,B_moderate,-0.0604172530214092,0.440381732847189,4.0,-0.367,-0.249,0.321,-0.165,4.0,4.0,1.0,1.0,False
RP4-669P10.16,-0.753956397069597,down_in_PP,0.000307894241462,73.0171577709935,3,B_moderate,-0.0728638708584458,0.34597616899842,3.0,-0.355,-0.238,0.479,0.295,10.0,3.0,5.0,4.0,False
CTC-559E9.5,-0.751381744730785,down_in_PP,1.43762446518464e-08,68.3369735596267,4,B_moderate,-0.359088355828014,9.648121447386741e-09,4.0,-0.647,-0.339,0.529,-0.437,7.0,3.0,6.0,5.0,False
RP11-203J24.8,0.747002075880514,up_in_PP,4.15478881567123e-06,74.4181554234438,4,B_moderate,0.0692746591991601,0.3681277132627,4.0,-0.208,0.169,0.163,0.211,5.0,1.0,2.0,5.0,False
AC004076.5,-0.742811269769312,down_in_PP,0.0002569078739823,64.456277801287,3,B_moderate,-0.330921921676189,2.43552841421303e-07,3.0,-0.333,-0.264,-0.338,-0.265,5.0,3.0,3.0,4.0,False
RP11-1055B8.4,-0.741786511970107,down_in_PP,0.0126663198927921,73.897873022588,3,B_moderate,-0.214159346851763,0.0016418692061562,3.0,-0.295,-0.223,0.533,-0.144,5.0,3.0,6.0,1.0,False
RP11-37B2.1,-0.731812895296493,down_in_PP,1.84025333339519e-06,67.0386469768853,4,B_moderate,-0.304713564021698,2.14818620446926e-06,4.0,-0.489,-0.3,0.367,-0.214,4.0,3.0,5.0,4.0,False
AP000692.10,0.731384775852793,up_in_PP,2.94700787083382e-11,55.1038921201151,4,B_moderate,0.33394476882711,1.37232902544198e-07,4.0,0.369,0.273,0.337,0.28,4.0,3.0,5.0,5.0,False
C1orf147,0.730712031854412,up_in_PP,0.0002771426451546,74.071750947449,4,B_moderate,0.0894861799425739,0.231298130148561,4.0,-0.231,0.169,0.359,0.24,3.0,1.0,5.0,5.0,False
CTB-79E8.2,-0.730256938912155,down_in_PP,2.3406862045817304e-09,63.1889503298378,4,B_moderate,-0.0342236044664703,0.682921921572903,4.0,0.361,-0.224,-0.263,0.241,6.0,4.0,3.0,2.0,False
AP001347.6,-0.725987301593008,down_in_PP,0.0001227421404721,51.292657242143,3,B_moderate,-0.0948356569642403,0.206007640124861,3.0,-0.279,-0.237,0.148,0.2,7.0,4.0,2.0,4.0,False
AL078471.5,-0.718046223021325,down_in_PP,0.0106681585163296,71.8745193417717,4,B_moderate,-0.0415363510641922,0.612650994581372,4.0,-0.33,-0.165,0.347,-0.146,5.0,1.0,4.0,1.0,False
CTD-2256P15.4,0.711569979292418,up_in_PP,1.00490771631872e-10,73.3666874084461,4,B_moderate,0.075818697263479,0.31957199476705,4.0,0.543,0.328,-0.386,-0.418,9.0,4.0,6.0,5.0,False
RNF217-AS1,-0.702623949498611,down_in_PP,1.93430554398031e-10,59.3638929252604,4,B_moderate,0.002236683774474,0.980493997092066,4.0,-0.255,-0.225,-0.168,-0.2,4.0,3.0,1.0,3.0,False
ZNF529-AS1,-0.698756339438162,down_in_PP,7.80210827770943e-09,64.3651172071358,4,B_moderate,-0.262597542749363,6.28061167007199e-05,4.0,-0.359,-0.279,-0.33,-0.229,5.0,3.0,7.0,6.0,False
AC074289.1,-0.695759971799787,down_in_PP,1.08596666641386e-06,52.2622937858175,3,B_moderate,-0.261795267530208,7.87751110564694e-05,3.0,-0.316,-0.156,0.292,,4.0,1.0,5.0,,False
C2orf48,0.687739240321057,up_in_PP,0.0035003116555506,52.0021043511512,3,B_moderate,0.140723972218514,0.049232006468852,3.0,-0.239,,-0.273,0.191,3.0,,3.0,4.0,False
RP5-1159O4.2,-0.685150951846331,down_in_PP,0.0002984699086096,52.3922832752471,3,B_moderate,-0.194990123477999,0.0046046356293767,3.0,-0.425,-0.159,0.284,-0.149,4.0,1.0,4.0,1.0,False
RP11-109P14.9,-0.681490050708094,down_in_PP,0.0007305894412744,70.6630363875976,4,B_moderate,0.152168374329541,0.0301306216550048,4.0,0.239,,0.152,0.25,3.0,,1.0,1.0,False
RP4-621F18.2,-0.680037051949498,down_in_PP,0.0069731415857574,67.4616614219909,4,B_moderate,0.0633004855896002,0.416349509572282,4.0,0.376,,0.369,,8.0,,4.0,,False
NDUFA6-AS1,-0.679798045082135,down_in_PP,9.348087684858519e-11,62.7333690910775,4,B_moderate,-0.154107581272843,0.0278790143911449,4.0,-0.411,-0.318,0.509,0.371,9.0,3.0,7.0,3.0,False
RP11-344N10.5,-0.678445227680071,down_in_PP,0.0018639517219982,74.9807469501513,3,B_moderate,-0.302970421798591,3.14529628965941e-06,3.0,-0.353,-0.242,-0.303,-0.194,5.0,3.0,6.0,3.0,False
LINC01315,-0.676736090571151,down_in_PP,3.98101293612936e-10,53.0567391507824,4,B_moderate,-0.112455897083326,0.121848027996529,4.0,-0.432,-0.239,-0.436,0.41,9.0,2.0,5.0,1.0,False
RP11-798G7.6,-0.67656572975227,down_in_PP,0.0007493886871766,64.1083719039208,3,B_moderate,-0.21795112286912,0.0013246941102157,3.0,-0.415,-0.209,0.347,-0.18,4.0,2.0,3.0,2.0,False
RP5-1171I10.5,0.676318017646241,up_in_PP,0.0087289661110171,67.4307910386491,3,B_moderate,-0.0583132133015259,0.462988907658969,3.0,-0.354,,0.587,,6.0,,6.0,,False
CTA-243E7.1,-0.674972789137079,down_in_PP,0.0113379830067893,71.166727748062,3,B_moderate,-0.132309675420794,0.0662668336966591,3.0,-0.294,-0.268,0.185,-0.201,9.0,4.0,4.0,5.0,False
RP11-299G20.2,0.671677309504549,up_in_PP,1.61423248474802e-11,60.2975858998845,4,B_moderate,0.260047501197958,7.57967581914434e-05,4.0,0.367,0.448,0.26,0.272,3.0,5.0,3.0,5.0,False
ZEB1-AS1,-0.664811190323123,down_in_PP,6.34140691792901e-06,70.9516186960524,4,B_moderate,-0.163939959102294,0.018475097977345,4.0,-0.289,-0.215,0.367,-0.227,3.0,3.0,3.0,4.0,False
RP4-665J23.1,-0.664669496165019,down_in_PP,0.0019697612199208,64.1840057498859,4,B_moderate,-0.235066471038337,0.0004155804977989,4.0,-0.321,-0.271,-0.235,-0.191,5.0,3.0,4.0,4.0,False
LINC00921,-0.660690103512526,down_in_PP,7.33715285540722e-05,71.5316140613764,3,B_moderate,-0.230113539464602,0.0006458796643137,3.0,-0.324,-0.287,0.312,0.207,5.0,5.0,5.0,4.0,False
LINC00205,-0.660458551258502,down_in_PP,0.0007146031278961,73.2869155813911,4,B_moderate,-0.20847764676968,0.002031870137735,4.0,-0.319,-0.16,-0.208,-0.248,4.0,2.0,4.0,5.0,False
RP11-791G15.2,0.656617532076711,up_in_PP,0.0002068341683642,74.0051642535933,4,B_moderate,0.0490702241058,0.54233560349052,4.0,,0.152,0.142,0.175,,1.0,1.0,3.0,False
RP11-498B4.5,-0.656115326078898,down_in_PP,3.86322630023534e-07,62.3864844154687,4,B_moderate,-0.369001572761986,3.1445356301548e-09,4.0,-0.397,-0.298,-0.369,-0.365,6.0,3.0,4.0,5.0,False
C9orf139,0.656030599521791,up_in_PP,0.0005160695823462,59.7263145515433,3,B_moderate,-0.0754643609008359,0.327041712869346,3.0,-0.381,,0.556,,5.0,,5.0,,False
RP11-388M20.2,0.654726293981062,up_in_PP,6.48367225155374e-06,69.349447632473,4,B_moderate,0.36401678324903,5.590433678926091e-09,4.0,0.508,0.369,-0.393,0.492,6.0,5.0,4.0,6.0,False
CTD-2647L4.4,-0.654282397941891,down_in_PP,2.92740685681602e-05,70.1704982433674,4,B_moderate,-0.0195922526204008,0.823691105135458,4.0,-0.447,-0.174,0.401,-0.196,6.0,3.0,5.0,3.0,False
RP11-582J16.3,-0.649427903573324,down_in_PP,3.23307087269517e-08,60.355225195107,4,B_moderate,0.0227328455692217,0.793637670422668,4.0,-0.628,-0.323,0.399,0.353,12.0,4.0,7.0,3.0,False
PICSAR,0.645674571222753,up_in_PP,0.0004904728782548,65.9820127647707,4,B_moderate,0.264663664964927,5.40589417902714e-05,4.0,0.578,0.35,-0.491,0.397,5.0,3.0,7.0,5.0,False
LINC01876,-0.634542726081897,down_in_PP,0.0302294714427736,51.5187030168005,4,B_moderate,-0.120806987647794,0.0938146008732205,4.0,-0.183,,0.159,,2.0,,2.0,,False
RP11-539L10.3,-0.634330254193959,down_in_PP,0.0008209146257776,52.9921345396986,4,B_moderate,-0.204492503361744,0.0025360744321077,4.0,0.222,-0.177,-0.223,,1.0,1.0,3.0,,False
TMEM9B-AS1,-0.630037827207171,down_in_PP,0.0059392522722075,67.4866968076801,4,B_moderate,-0.0089728374133014,0.921049056102349,4.0,,,-0.181,,,,3.0,,False
CTD-3193O13.14,-0.627249203520493,down_in_PP,0.0007684780102996,63.8988941021819,4,B_moderate,-0.16432150030723,0.0181766948083437,4.0,-0.353,-0.246,0.203,-0.182,3.0,3.0,2.0,2.0,False
CTD-2036P10.3,-0.622238581575959,down_in_PP,8.96934588304161e-12,57.9118086583508,4,B_moderate,-0.333874582264319,1.38207756025016e-07,4.0,-0.553,-0.378,0.612,-0.425,8.0,3.0,7.0,5.0,False
SLC2A1-AS1,-0.620765891192965,down_in_PP,0.0013931283870084,74.3851276541595,4,B_moderate,-0.347730690804435,3.32420404296605e-08,4.0,0.297,-0.296,-0.351,-0.25,8.0,3.0,5.0,6.0,False
LINC00342,-0.62015513476346,down_in_PP,0.0132090612822333,70.0542211790901,4,B_moderate,-0.356606137443776,1.27578106169336e-08,4.0,-0.568,-0.343,-0.357,-0.247,5.0,3.0,6.0,4.0,False
LINC-PINT,-0.619727369844421,down_in_PP,0.0004267186453273,74.6749196205849,4,B_moderate,-0.129370584043778,0.0704302772422651,4.0,-0.429,-0.167,0.224,-0.159,4.0,1.0,2.0,2.0,False
RP11-541N10.3,-0.616521408587659,down_in_PP,6.22780876716049e-07,58.7627925926899,4,B_moderate,-0.234129061572221,0.0004415881580352,4.0,-0.296,-0.4,-0.243,-0.287,7.0,4.0,6.0,7.0,False
XXbac-BPG181B23.7,-0.609357756611824,down_in_PP,0.0288294091380499,70.8781764935656,4,B_moderate,-0.0887267151550299,0.235858770015949,4.0,-0.197,,-0.164,,1.0,,1.0,,False
RP1-78B3.1,-0.605025457633983,down_in_PP,0.0241090792625273,73.3725876508522,3,B_moderate,-0.0734960347999119,0.34138657048719,3.0,-0.336,-0.271,,,8.0,4.0,,,False
RP5-1087E8.3,-0.604317458804793,down_in_PP,4.04129866783588e-07,61.7827479639311,4,B_moderate,-0.0182748153974631,0.836236674757674,4.0,-0.256,-0.156,0.277,-0.177,8.0,4.0,3.0,3.0,False
RP11-1123I8.1,0.603979119371138,up_in_PP,0.0157743332564455,54.9482463605776,3,B_moderate,0.116008279657204,0.113023826114469,3.0,0.171,-0.208,0.176,-0.233,3.0,2.0,3.0,2.0,False
LINC01750,0.603942972127245,up_in_PP,0.0030918915314604,72.2093041595341,3,B_moderate,0.104906155898889,0.15639778893976,3.0,0.239,,-0.258,0.218,4.0,,5.0,1.0,False
RP11-344N10.2,-0.603087006441631,down_in_PP,6.4270085867214e-05,53.1452219581773,4,B_moderate,-0.177100640503285,0.0101881902575124,4.0,-0.473,-0.222,0.555,-0.239,8.0,1.0,9.0,4.0,False
KRT73-AS1,-0.600925119130768,down_in_PP,0.0336506920857507,57.1583669898057,4,B_moderate,-0.308163692595778,1.58702729296794e-06,4.0,-0.35,-0.255,-0.316,-0.226,11.0,3.0,7.0,3.0,False
DCST1-AS1,-0.59699038000932,down_in_PP,0.0003896155755285,72.0992210942603,4,B_moderate,-0.259787379613849,7.71709696787782e-05,4.0,-0.318,-0.314,-0.427,0.438,8.0,2.0,7.0,2.0,False
RP11-575L7.4,-0.593890041609205,down_in_PP,7.15959548542215e-06,59.2210131944918,4,B_moderate,-0.112727691830624,0.120896330350587,4.0,-0.452,,0.451,-0.242,6.0,,6.0,5.0,False
RP11-123K3.9,0.591128996872931,up_in_PP,3.89620713417132e-06,58.8759492533404,4,B_moderate,0.28143368404696,1.50755646863379e-05,4.0,0.549,0.27,-0.43,0.346,5.0,3.0,6.0,4.0,False
RP11-477D19.2,-0.591008377171501,down_in_PP,0.0003337004655829,69.3033361213396,4,B_moderate,-0.227285995942619,0.0006786945426041,4.0,-0.43,-0.298,-0.227,-0.191,5.0,3.0,3.0,3.0,False
CTC-429P9.3,-0.589306094543927,down_in_PP,1.4935442472989e-06,74.3698039778965,4,B_moderate,-0.37180258648678,2.27216489608415e-09,4.0,-0.346,-0.383,-0.372,-0.234,7.0,4.0,6.0,6.0,False
RP5-837M10.4,-0.589292960579745,down_in_PP,0.0003344059687158,72.1459541793282,4,B_moderate,-0.0278150488991257,0.744861230375253,4.0,-0.252,-0.208,-0.222,0.231,3.0,3.0,3.0,5.0,False
RP11-17J14.2,-0.584486799021832,down_in_PP,1.59047884863993e-05,65.8227961888035,4,B_moderate,-0.0617637612496337,0.429116497637879,4.0,-0.252,-0.232,0.178,0.294,5.0,3.0,4.0,3.0,False
TMPO-AS1,0.582289467292614,up_in_PP,2.75694767541531e-09,67.4040321674003,4,B_moderate,0.392513656951561,1.8314994452964003e-10,4.0,0.437,0.265,0.393,0.264,5.0,3.0,3.0,6.0,False
AL157871.2,-0.581454018157643,down_in_PP,1.79533030792601e-08,70.5867727080483,4,B_moderate,-0.102458738209108,0.163286986887259,4.0,-0.294,-0.201,0.242,0.35,5.0,3.0,2.0,1.0,False
AC006946.16,-0.581392747366842,down_in_PP,0.040657502677157,73.884614532398,4,B_moderate,-0.224895311633495,0.00078445806421,4.0,-0.373,-0.299,-0.225,-0.15,2.0,3.0,3.0,2.0,False
RP11-800A3.7,-0.581179067427769,down_in_PP,0.0100496274601579,51.8817947971263,3,B_moderate,0.14318551864817,0.0579682612581532,3.0,-0.48,,-0.294,-0.24,7.0,,5.0,1.0,False
RP5-1136G13.2,0.578985100449321,up_in_PP,1.09644902432559e-05,72.8061533499003,4,B_moderate,0.197960125878191,0.0036089914974081,4.0,0.241,0.233,-0.236,0.274,9.0,4.0,3.0,6.0,False
AC159540.1,-0.577297128777847,down_in_PP,0.0006284052697947,54.6602344681151,4,B_moderate,-0.228009072046067,0.0006487319209748,4.0,-0.582,-0.27,-0.228,-0.233,5.0,2.0,6.0,4.0,False
RP11-383C5.3,-0.574521816855224,down_in_PP,0.0001205841128518,72.407203131215,4,B_moderate,-0.372403346992421,2.11875636669199e-09,4.0,0.301,-0.319,-0.372,0.221,5.0,3.0,6.0,3.0,False
RP11-579D7.2,-0.573432574555965,down_in_PP,5.62372392953076e-08,56.9538028594854,4,B_moderate,-0.26990699056075,3.65892569623574e-05,4.0,-0.47,-0.286,-0.462,0.217,6.0,4.0,8.0,2.0,False
CTD-2207O23.11,-0.573324023504047,down_in_PP,0.0039330698511438,72.0304599989748,3,B_moderate,0.0592940787467718,0.479919675570146,3.0,-0.513,-0.167,-0.426,-0.155,7.0,2.0,7.0,1.0,False
AC007743.1,-0.57159205806688,down_in_PP,3.53842381529142e-06,50.1627863909701,3,B_moderate,-0.287886889269275,1.09719469744354e-05,3.0,-0.386,-0.263,-0.288,-0.252,6.0,3.0,5.0,5.0,False
RP11-677M14.7,-0.567377932903679,down_in_PP,0.0060611600478455,65.7473238717009,3,B_moderate,-0.0496033820782351,0.541650570439696,3.0,-0.282,,0.295,-0.225,5.0,,3.0,1.0,False
RP11-455P21.3,-0.565243547599653,down_in_PP,0.0006767182174682,71.0702937279574,4,B_moderate,-0.0647102604894654,0.404809366821075,4.0,0.278,-0.183,0.398,-0.231,5.0,3.0,6.0,3.0,False
RP11-274B21.10,-0.562664453730409,down_in_PP,0.0287439054978407,52.2627683029707,3,B_moderate,-0.280183381252521,2.01415633373068e-05,3.0,-0.471,-0.261,0.324,-0.235,5.0,3.0,4.0,4.0,False
RP11-407N17.5,0.55865636988928,up_in_PP,0.0034649301485599,69.4687476369538,4,B_moderate,0.235423550538468,0.0004060799162521,4.0,0.188,0.308,0.235,0.256,2.0,3.0,3.0,6.0,False
LINC00624,-0.558179545537255,down_in_PP,1.99248920048262e-07,51.8244501392012,4,B_moderate,-0.105504912579034,0.149728367766605,4.0,-0.509,-0.171,0.392,-0.222,7.0,2.0,6.0,3.0,False
CTD-2336O2.3,0.55720801121632,up_in_PP,0.0421027793326565,50.9289179723783,3,B_moderate,-0.001834267996626,0.990705928300015,3.0,-0.236,,0.319,0.239,1.0,,2.0,1.0,False
RP11-571M6.17,0.556252942736964,up_in_PP,0.0017439926426987,62.2851742551593,4,B_moderate,-0.0641969471618736,0.409051118195548,4.0,-0.403,,0.31,0.178,8.0,,5.0,1.0,False
RP3-333A15.2,0.555283112400988,up_in_PP,0.0261354129639897,74.5378205676565,3,B_moderate,0.207363229910691,0.0023968644913803,3.0,0.339,0.413,0.254,-0.277,7.0,4.0,6.0,7.0,False
RP11-363N22.3,0.554294645695576,up_in_PP,0.0185884628423132,72.1812352688064,4,B_moderate,0.0074973327736803,0.934561548570069,4.0,0.152,,0.176,,2.0,,1.0,,False
SNHG12,0.55067210406088,up_in_PP,0.000136666904489,63.526020902268,4,B_moderate,-0.197533840391611,0.0036915672016865,4.0,-0.232,0.163,-0.51,-0.239,6.0,1.0,4.0,1.0,False
UGDH-AS1,-0.550542690368351,down_in_PP,1.80016403619702e-06,52.0667694787878,4,B_moderate,-0.157960167343098,0.023822925317109,4.0,-0.333,-0.194,-0.193,-0.223,4.0,2.0,3.0,4.0,False
RP3-402G11.26,0.542790649851249,up_in_PP,5.52128190298396e-07,53.9080606669308,4,B_moderate,0.0016860260369947,0.985557256936331,4.0,0.398,-0.17,0.63,0.178,5.0,1.0,8.0,2.0,False
RP11-533E19.7,-0.539537963432019,down_in_PP,0.0004364089047017,70.5860983941442,4,B_moderate,0.220237278237369,0.0010369208234934,4.0,0.411,,-0.268,0.233,9.0,,6.0,2.0,False
RP11-64K12.8,-0.53814133955557,down_in_PP,4.76858114206877e-06,68.4144995048633,4,B_moderate,-0.133364671000236,0.0612948790892294,4.0,-0.402,-0.209,0.387,0.278,8.0,4.0,6.0,2.0,False
CBR3-AS1,0.536215191204105,up_in_PP,9.33028593745528e-07,63.0694234009052,4,B_moderate,0.0125670356375258,0.888983802784678,4.0,0.394,-0.168,-0.453,0.269,4.0,1.0,6.0,5.0,False
SEPT7-AS1,-0.533832853245296,down_in_PP,0.0012988005239127,73.2482033393799,3,B_moderate,-0.25358431240426,0.0001403596542786,3.0,-0.293,-0.234,-0.254,,3.0,2.0,4.0,,False
INE2,-0.533682872311976,down_in_PP,4.14935084907536e-05,72.9481910018634,4,B_moderate,-0.36630791376128,4.28844282336049e-09,4.0,-0.309,-0.276,-0.366,-0.216,5.0,3.0,4.0,4.0,False
CTD-2517M22.16,-0.525549766870381,down_in_PP,1.90160283422041e-08,52.9475031158029,4,B_moderate,-0.306561928740044,1.82931014159118e-06,4.0,-0.41,-0.291,-0.532,0.387,10.0,2.0,9.0,5.0,False
RP11-114F3.4,0.522815857894268,up_in_PP,0.0006346185634029,65.341448095022,4,B_moderate,0.202860831642982,0.0027724688735202,4.0,0.224,0.195,0.203,0.203,5.0,2.0,4.0,3.0,False
RP11-420L9.5,-0.522568187771954,down_in_PP,5.87834381383045e-08,56.8751647459415,4,B_moderate,0.0484212576240419,0.548551118468429,4.0,-0.569,-0.235,-0.322,0.334,8.0,3.0,6.0,3.0,False
RP5-991G20.1,-0.519124390611088,down_in_PP,0.0001345139649701,69.472199102248,4,B_moderate,0.119638108529836,0.0974429583144101,4.0,-0.321,-0.274,0.275,,7.0,3.0,1.0,,False
RP5-890O3.9,0.518466864257829,up_in_PP,0.0017238893555138,71.3549775007159,4,B_moderate,-0.188428165408441,0.0058748772190712,4.0,-0.284,,0.4,,3.0,,4.0,,False
LINC00504,-0.51452218570827,down_in_PP,0.0006565715837184,67.1632869140564,3,B_moderate,-0.194895844309183,0.0046270476933615,3.0,0.422,0.224,-0.327,-0.152,7.0,3.0,7.0,1.0,False
RP11-271C24.2,0.514138659494829,up_in_PP,1.67999941877967e-05,53.491517934582,4,B_moderate,0.190601440723106,0.0052693367419033,4.0,0.266,0.233,0.225,0.186,2.0,3.0,3.0,2.0,False
AL133243.1,-0.508992902565743,down_in_PP,0.0027038234314008,53.9374167477494,4,B_moderate,-0.107346646214372,0.141819896983438,4.0,-0.45,,0.372,-0.188,6.0,,5.0,2.0,False
ABC12-49244600F4.4,0.507444875456926,up_in_PP,0.0187873611017796,72.8390642581382,4,B_moderate,-0.0857208724977278,0.253826102908433,4.0,-0.337,-0.185,0.265,-0.182,5.0,2.0,4.0,2.0,False
CTA-390C10.10,-0.507358354434874,down_in_PP,0.0206092493579426,70.8099474996583,4,B_moderate,-0.11574421397561,0.110236502366967,4.0,-0.283,-0.15,-0.227,,5.0,1.0,4.0,,False
RTCA-AS1,-0.50723923382381,down_in_PP,0.0029340450741415,51.6556240807962,3,B_moderate,-0.238511415281394,0.0003812588779786,3.0,-0.196,-0.319,-0.268,0.286,3.0,4.0,4.0,5.0,False
RP11-973N13.4,-0.505693915802232,down_in_PP,0.0009045899160935,50.9850605119994,4,B_moderate,-0.266920629951019,4.57868578548613e-05,4.0,-0.509,-0.198,0.367,-0.21,5.0,2.0,6.0,2.0,False
RP11-20I23.11,-0.503857069927753,down_in_PP,0.0134056233053891,52.5558909188879,3,B_moderate,-0.268139579440708,0.0001233896533588,3.0,-0.255,,-0.268,-0.153,2.0,,2.0,1.0,False
RP11-486L19.2,-0.502163563990911,down_in_PP,0.0016951785513162,69.1660561991306,4,B_moderate,-0.209377747390892,0.0019338841163039,4.0,-0.301,-0.176,0.362,0.168,4.0,1.0,7.0,1.0,False
TSC22D1-AS1,-0.496913576262668,down_in_PP,0.0003952136300684,58.1598795178453,4,B_moderate,0.103611000450832,0.157981387566567,4.0,-0.413,-0.161,0.233,,9.0,3.0,2.0,,False
RP11-363E7.4,-0.496439262238838,down_in_PP,1.0180556958477e-05,67.7983612262654,4,B_moderate,-0.391488004831565,2.081572910901e-10,4.0,-0.477,-0.314,0.482,-0.318,10.0,2.0,7.0,5.0,False
HLA-DQB1-AS1,0.49580532522488,up_in_PP,0.0075063323026156,54.1998274876922,4,B_moderate,0.024786755452925,0.773883598778212,4.0,0.238,0.149,0.375,,4.0,1.0,1.0,,False
RP11-1020A11.2,-0.491279254454592,down_in_PP,8.08295413911096e-05,74.5325472511658,4,B_moderate,-0.13468680378097,0.0585007896676039,4.0,-0.4,-0.308,0.276,-0.184,8.0,4.0,5.0,3.0,False
AC068831.15,-0.484475749831138,down_in_PP,3.77008219424324e-05,68.9243553346132,4,B_moderate,-0.362663269666609,6.50428367176472e-09,4.0,-0.408,-0.268,-0.363,-0.282,5.0,3.0,7.0,4.0,False
EAF1-AS1,0.473205186934865,up_in_PP,1.49424268550569e-10,63.473348537354,4,B_moderate,0.321364135501294,4.6486414827736e-07,4.0,0.496,0.398,0.439,-0.272,5.0,5.0,9.0,6.0,False
RP11-612B6.2,-0.472361227173786,down_in_PP,0.0045205564702281,70.6582573649853,4,B_moderate,-0.229141803146807,0.000605170897065,4.0,-0.458,,0.485,-0.226,8.0,,7.0,2.0,False
RP11-156P1.3,-0.472233321557948,down_in_PP,6.23805631273452e-05,69.9857318600114,4,B_moderate,-0.172093565939477,0.0128383979178405,4.0,-0.365,-0.193,0.199,-0.167,3.0,2.0,3.0,1.0,False
RP1-225E12.3,-0.470966619261086,down_in_PP,0.0290461381826973,54.364710806119,3,B_moderate,-0.162377196819675,0.0210351429525246,3.0,-0.358,-0.197,0.289,-0.163,5.0,2.0,4.0,1.0,False
PSMG3-AS1,-0.470905912859329,down_in_PP,0.0027816331311529,67.8473947172457,4,B_moderate,-0.119151203872429,0.0989911803779611,4.0,-0.572,-0.228,-0.447,0.197,11.0,5.0,7.0,3.0,False
CTD-3099C6.7,-0.470782371039087,down_in_PP,0.0063264925121096,73.2025347036768,4,B_moderate,-0.161345225341211,0.020651416444759,4.0,-0.298,-0.273,0.175,-0.275,4.0,4.0,5.0,5.0,False
RP11-332H14.2,0.467811434130618,up_in_PP,0.0039019155004944,74.7506644944236,4,B_moderate,-0.181680654318025,0.0081870338652354,4.0,-0.452,,0.226,-0.168,6.0,,4.0,2.0,False
MIR4435-2HG,0.46315370520532,up_in_PP,0.0026088951671075,63.0891069348198,4,B_moderate,-0.0554340968312544,0.483771088987103,4.0,0.358,,0.27,,5.0,,4.0,,False
RASSF8-AS1,-0.459778243989698,down_in_PP,0.0111853057717055,74.211053774949,4,B_moderate,-0.191531475761077,0.0050293487747584,4.0,-0.548,-0.302,0.512,-0.255,8.0,4.0,5.0,3.0,False
LINC00346,0.455424050290362,up_in_PP,0.0351952317999935,71.4982925794752,3,B_moderate,-0.0337152883010723,0.690763327067269,3.0,0.247,-0.164,0.195,,5.0,1.0,4.0,,False
CTD-2619J13.17,-0.454300984420978,down_in_PP,0.002144383832768,62.7713493106749,4,B_moderate,-0.126453881234294,0.0778164696121602,4.0,-0.314,,0.182,-0.219,4.0,,1.0,5.0,False
DANCR,0.452329865881809,up_in_PP,8.18766922625362e-05,74.079787671226,4,B_moderate,0.140138486106273,0.048009403807919,4.0,0.541,0.298,-0.507,0.359,6.0,3.0,7.0,5.0,False
AC007246.3,-0.448768698140626,down_in_PP,2.34610746803352e-06,58.7842142300499,4,B_moderate,-0.265377356523009,5.13186581034157e-05,4.0,0.411,-0.252,-0.421,0.273,8.0,1.0,6.0,3.0,False
ZNF649-AS1,-0.448149418900097,down_in_PP,0.0002834677982379,71.8394870458784,4,B_moderate,-0.0032592198883829,0.971684796518777,4.0,-0.337,,0.392,-0.148,5.0,,5.0,1.0,False
AC009542.2,0.446494088617252,up_in_PP,0.0006523181408193,68.1965285891546,4,B_moderate,0.008652433075335,0.924002281186803,4.0,-0.238,,0.277,-0.166,2.0,,3.0,1.0,False
RP11-56D16.8,-0.445127308909717,down_in_PP,0.0131736706666117,70.5519806778214,4,B_moderate,-0.1474371995701,0.0363880506776586,4.0,-0.271,-0.198,-0.147,-0.184,4.0,2.0,1.0,2.0,False
RP11-677M14.8,-0.443777009585473,down_in_PP,0.0130563147187749,57.5423123237635,4,B_moderate,-0.0096664475809212,0.915009108505093,4.0,-0.412,-0.168,0.366,-0.195,7.0,2.0,3.0,1.0,False
KB-1042C11.5,0.442966306478423,up_in_PP,0.0396726718161742,72.1102050275653,3,B_moderate,-0.0478963392313421,0.557358309312209,3.0,-0.245,0.224,-0.251,,3.0,3.0,2.0,,False
ALMS1-IT1,-0.441666153948718,down_in_PP,0.015056347144546,62.9376077382064,4,B_moderate,-0.076185370719164,0.31699507927765,4.0,-0.331,-0.141,0.234,-0.142,5.0,1.0,4.0,1.0,False
RP11-53I6.3,0.441447548188804,up_in_PP,0.0278477503231098,55.9104644798394,3,B_moderate,0.324684982049622,1.75776321884638e-06,3.0,0.546,0.202,0.325,0.216,6.0,2.0,6.0,2.0,False
KB-1995A5.5,0.439813353921433,up_in_PP,0.0318840934252122,72.681907801572,3,B_moderate,0.240845089604369,0.000677392901848,3.0,0.436,0.193,-0.558,0.263,8.0,2.0,7.0,3.0,False
RP11-872D17.4,0.439436299502031,up_in_PP,1.36628279925156e-07,66.3631879618668,4,B_moderate,0.229775363026586,0.0005814907461108,4.0,0.509,0.291,-0.406,0.281,4.0,3.0,4.0,4.0,False
RP11-147L13.13,-0.439351302501115,down_in_PP,0.0037834084517014,73.5560366911008,4,B_moderate,-0.135608659099019,0.0566292006366122,4.0,-0.524,-0.365,0.387,0.346,11.0,4.0,7.0,4.0,False
AC062029.1,-0.438082409464461,down_in_PP,0.0044374661875818,61.8396972468985,4,B_moderate,-0.251516402234923,0.0001388055891234,4.0,-0.322,-0.294,-0.252,-0.154,2.0,2.0,5.0,1.0,False
RP11-680G24.6,-0.428355414821254,down_in_PP,0.0010607572020462,71.4309400615793,4,B_moderate,0.0989036349991824,0.18030106081802,4.0,-0.29,,0.311,,3.0,,4.0,,False
AC092687.5,0.427664975378914,up_in_PP,1.94448895783821e-05,72.1567979918067,4,B_moderate,0.0949962352469231,0.200492640490496,4.0,0.366,0.181,-0.373,-0.334,6.0,1.0,6.0,2.0,False
RP11-809N8.4,-0.427237843603185,down_in_PP,1.09938783327796e-06,51.5238820931836,4,B_moderate,-0.0238485258342407,0.782746221121709,4.0,-0.351,-0.242,0.183,-0.153,6.0,5.0,2.0,1.0,False
AC073333.8,0.426179661369929,up_in_PP,9.41968213921665e-06,70.3244593961651,4,B_moderate,0.311313614673787,1.1902069305335e-06,4.0,0.335,0.345,0.311,0.289,5.0,3.0,4.0,5.0,False
RP11-343L5.2,0.42356185539234,up_in_PP,0.0027090028847524,55.2635158533519,4,B_moderate,-0.139923430964607,0.0484084417192908,4.0,-0.374,,0.195,-0.157,4.0,,3.0,2.0,False
U47924.29,0.423517895609911,up_in_PP,0.0019336866042076,68.9122120817787,4,B_moderate,-0.106525226168055,0.145313022478196,4.0,0.403,,-0.276,0.155,6.0,,5.0,1.0,False
ZBED5-AS1,-0.422467967339593,down_in_PP,8.43704270552016e-08,50.9687692609017,4,B_moderate,-0.327108732664319,2.68355323889839e-07,4.0,0.385,-0.316,-0.344,0.277,5.0,3.0,6.0,5.0,False
RP1-100J12.1,0.422398897931921,up_in_PP,3.5988542460523e-05,62.9290205230119,4,B_moderate,0.135408580284344,0.0570190756671936,4.0,0.2,0.148,0.227,0.158,2.0,1.0,5.0,1.0,False
RP11-10C24.1,0.422007036558667,up_in_PP,0.000268983406159,61.0553138806808,4,B_moderate,0.0019339169057588,0.983423367065586,4.0,-0.47,0.176,-0.406,-0.169,6.0,1.0,8.0,1.0,False
RP11-101E7.2,-0.421814724773065,down_in_PP,0.0001403056183734,56.7088843695066,4,B_moderate,-0.208250274681241,0.0020570973255547,4.0,-0.383,-0.215,0.356,-0.267,5.0,3.0,8.0,5.0,False
CEBPA-AS1,-0.421792681850578,down_in_PP,0.0206706980368069,73.9821858547183,4,B_moderate,-0.167460233086348,0.0158216051030127,4.0,-0.469,-0.188,-0.409,-0.146,4.0,1.0,8.0,1.0,False
RP11-379F4.7,-0.421553237302348,down_in_PP,0.0170106113068543,60.9458932972381,4,B_moderate,-0.014584130689005,0.870769316095869,4.0,-0.303,-0.201,0.342,-0.184,8.0,1.0,6.0,1.0,False
RP11-20I23.13,-0.418838695973018,down_in_PP,0.0207918316392128,68.8504410898796,4,B_moderate,-0.220921797424686,0.0009966466428566,4.0,-0.245,-0.199,0.328,-0.183,6.0,2.0,5.0,3.0,False
RP5-1024G6.5,0.417622179203063,up_in_PP,0.0063642443273536,65.8268477153707,4,B_moderate,-0.021706594496651,0.803751548926561,4.0,0.228,0.17,-0.223,0.154,5.0,1.0,4.0,1.0,False
RP11-172H24.4,0.416675410275106,up_in_PP,0.0034354103026848,62.074554998864,4,B_moderate,0.19678362055701,0.0038402034950713,4.0,0.294,0.171,0.319,-0.31,8.0,2.0,6.0,2.0,False
CTC-548K16.5,-0.407293160748329,down_in_PP,0.0161214082341325,65.7999990831431,4,B_moderate,0.0820485898689115,0.276874475162842,4.0,0.461,-0.208,0.365,,7.0,2.0,6.0,,False
RP11-16E23.5,-0.406851207941141,down_in_PP,0.0011178220681051,52.7247007318802,3,B_moderate,-0.294158901855741,6.60515111422152e-06,3.0,-0.558,-0.238,0.433,-0.291,7.0,3.0,6.0,5.0,False
RP1-151F17.2,-0.401692269475357,down_in_PP,0.0112213659042239,61.2975197364428,4,B_moderate,-0.263369919574675,5.93831737050106e-05,4.0,-0.502,-0.159,0.483,-0.239,9.0,2.0,7.0,3.0,False
RP11-479G22.8,-0.400969415587206,down_in_PP,0.0393709555581082,71.0161778211279,4,B_moderate,-0.0707703445665908,0.356648152213638,4.0,-0.201,-0.156,0.219,-0.181,3.0,3.0,4.0,1.0,False
RP11-333E1.1,-0.400063354186743,down_in_PP,0.0322027018548436,72.9904987205057,3,B_moderate,-0.272028594303759,3.72584141927709e-05,3.0,-0.35,-0.269,0.366,-0.232,8.0,4.0,5.0,3.0,False
AF011889.2,-0.399406650280628,down_in_PP,0.0001674732676644,57.4099183381417,4,B_moderate,0.163431505110144,0.018886545337271,4.0,-0.379,,0.325,0.187,6.0,,6.0,1.0,False
RP11-182J1.18,-0.39785437057254,down_in_PP,0.0022912509418217,73.8759988074232,4,B_moderate,-0.271721443195348,3.1919854581621e-05,4.0,-0.444,-0.339,-0.272,-0.22,6.0,5.0,6.0,5.0,False
RP11-394O2.3,-0.397443848192709,down_in_PP,0.0040904520494271,71.463356306365,4,B_moderate,-0.113566762864938,0.117895683963799,4.0,-0.177,,0.239,-0.168,3.0,,3.0,2.0,False
RP11-526I2.5,0.39734624851851,up_in_PP,0.0384573226939476,59.8656682872432,4,B_moderate,-0.182434315100718,0.0078974220777067,4.0,-0.193,,-0.201,-0.202,2.0,,2.0,1.0,False
RP11-503P10.1,-0.395112433766735,down_in_PP,4.62802071700579e-05,54.6578814521606,4,B_moderate,-0.0159277202351896,0.858115074206324,4.0,0.311,-0.214,-0.333,0.391,9.0,3.0,5.0,3.0,False
RP11-872J21.5,-0.394148831947795,down_in_PP,0.0372974871070715,62.1456003680799,4,B_moderate,-0.166442505064765,0.0165501987105625,4.0,-0.553,-0.166,0.447,-0.277,6.0,1.0,8.0,4.0,False
RP11-5C23.1,-0.392097164833714,down_in_PP,0.0314543417908334,62.5949002334218,4,B_moderate,-0.30545328312355,2.01379050258902e-06,4.0,-0.363,-0.18,0.368,-0.209,5.0,2.0,5.0,3.0,False
CTC-366B18.2,-0.389648460789262,down_in_PP,0.0034513492855327,63.1232366452711,4,B_moderate,-0.282130347483705,1.42920705068042e-05,4.0,-0.46,-0.208,0.464,-0.303,6.0,3.0,7.0,4.0,False
RP11-182L21.6,-0.386473804138146,down_in_PP,0.0003586704448102,60.7654640267965,4,B_moderate,-0.0163932377656639,0.854005489856917,4.0,-0.182,,-0.198,0.196,3.0,,3.0,1.0,False
CTC-529I10.2,-0.385190525357757,down_in_PP,0.0067709318637908,59.8876000328403,4,B_moderate,-0.151734631039202,0.0306767920726546,4.0,-0.401,-0.22,-0.284,-0.234,4.0,2.0,3.0,5.0,False
RP11-186N15.3,0.38219156743747,up_in_PP,7.36809317177976e-10,55.754899222064,4,B_moderate,0.102601358764252,0.162583839630229,4.0,0.275,0.253,-0.236,0.187,5.0,2.0,3.0,4.0,False
RP11-552M11.8,-0.382084721366819,down_in_PP,0.0174376272140591,61.1387338792903,4,B_moderate,-0.208762488454665,0.0020014931649005,4.0,-0.471,-0.224,0.385,-0.206,6.0,3.0,6.0,3.0,False
CTD-2008A1.1,-0.381841971157259,down_in_PP,0.031340871159338,72.4822289322921,4,B_moderate,-0.0463667458603986,0.567494527204259,4.0,-0.237,-0.151,-0.276,,6.0,1.0,4.0,,False
CTC-338M12.7,0.381253845012571,up_in_PP,4.09516984336505e-05,60.2787100008726,4,B_moderate,0.246852181362512,0.0001909301094543,4.0,0.554,0.346,-0.542,0.408,8.0,3.0,7.0,5.0,False
RP11-350G8.9,-0.377827129241522,down_in_PP,0.0027799825786911,51.0258902315833,3,B_moderate,-0.148409681477818,0.0369110490047965,3.0,-0.533,-0.267,0.637,-0.258,6.0,3.0,7.0,4.0,False
NPTN-IT1,-0.37734331065716,down_in_PP,0.0053806361728321,50.7794078089007,4,B_moderate,-0.0456328394645758,0.574026838477948,4.0,-0.498,-0.244,0.328,-0.204,7.0,4.0,5.0,3.0,False
SLX1A-SULT1A3,0.377160606769704,up_in_PP,2.03695715360273e-05,58.3614054933489,4,B_moderate,-0.0523762986207422,0.511872138149651,4.0,-0.447,-0.147,0.609,0.18,7.0,1.0,7.0,2.0,False
RP11-126K1.8,0.376996385279693,up_in_PP,0.000110823267171,52.4509207729187,4,B_moderate,-0.245172560256122,0.0002135285657551,4.0,0.48,,0.518,-0.254,8.0,,7.0,3.0,False
RP11-493P1.2,-0.376918320866161,down_in_PP,8.39130291029304e-05,64.0642651537686,4,B_moderate,0.0811038232378396,0.283125238504597,4.0,-0.216,,0.59,-0.224,6.0,,4.0,3.0,False
PHKA2-AS1,-0.376642948986111,down_in_PP,0.0015886323689435,68.3673027148051,4,B_moderate,-0.0700890959483133,0.361832918041701,4.0,-0.446,-0.248,0.567,0.266,5.0,2.0,7.0,1.0,False
RP11-403P17.3,-0.375607849217169,down_in_PP,0.0072712445275631,74.8233760994172,4,B_moderate,-0.138906040343849,0.0502745638085952,4.0,-0.399,-0.192,-0.262,0.218,6.0,4.0,5.0,1.0,False
RP13-131K19.6,0.373410005091563,up_in_PP,0.0048367234517063,72.3944254736466,4,B_moderate,0.178913998407208,0.0093396669902537,4.0,0.617,0.231,-0.393,0.253,6.0,3.0,5.0,3.0,False
CTD-2342J14.6,0.367649206323771,up_in_PP,0.0374074230512782,51.6952370904295,3,B_moderate,0.2087669183972,0.0038113072605191,3.0,0.603,,-0.431,0.212,7.0,,8.0,2.0,False
RP11-264M12.2,-0.366110382326881,down_in_PP,0.0036949763591992,71.5292420033736,4,B_moderate,-0.359619752627184,9.089645631384141e-09,4.0,0.358,-0.235,-0.36,,5.0,2.0,7.0,,False
RP11-317G6.1,-0.364267009046959,down_in_PP,4.08885715520337e-05,50.5639596487888,4,B_moderate,0.120681026509912,0.0941876455505994,4.0,-0.229,,0.227,-0.146,6.0,,4.0,1.0,False
OVOL1-AS1,-0.364191504692941,down_in_PP,0.0225792138368308,68.5482104203289,3,B_moderate,0.049480543898207,0.54273971524631,3.0,0.234,0.236,-0.222,,3.0,4.0,2.0,,False
RP3-508I15.18,-0.3640122824819,down_in_PP,3.98010964506429e-06,55.0770875086632,4,B_moderate,0.0573330492213272,0.467139958298327,4.0,0.598,-0.16,-0.482,0.399,7.0,1.0,8.0,2.0,False
LINC00863,-0.362994174070514,down_in_PP,0.0032732615010479,66.027245462458,4,B_moderate,0.0347949869641976,0.677488389968207,4.0,-0.394,,0.259,,6.0,,4.0,,False
CD27-AS1,-0.362780681263053,down_in_PP,0.0042025425692376,66.5167715928018,4,B_moderate,-0.339326206695307,7.99402007409575e-08,4.0,-0.38,-0.194,0.392,-0.219,6.0,3.0,8.0,6.0,False
RP11-421F16.3,-0.36252330005479,down_in_PP,0.0001735550637915,56.0058480816972,4,B_moderate,-0.390711119260397,2.2906406379728003e-10,4.0,-0.482,-0.299,0.422,-0.46,9.0,2.0,8.0,5.0,False
AC002550.5,0.357160300919039,up_in_PP,3.02060226317535e-08,57.3845450227636,4,B_moderate,0.0389240446486018,0.63790161781325,4.0,0.342,0.278,-0.147,-0.322,8.0,3.0,1.0,3.0,False
RP11-10C24.3,0.356459698992455,up_in_PP,0.0031963059900259,68.9511812463958,4,B_moderate,-0.048763198792583,0.545274354757037,4.0,-0.23,0.255,-0.182,,3.0,1.0,3.0,,False
RP1-30M3.5,0.355209859039475,up_in_PP,0.0076022006354501,69.6007925168302,4,B_moderate,-0.10237994692758,0.163620991257582,4.0,0.504,0.195,-0.394,-0.265,8.0,2.0,5.0,4.0,False
RP11-104H15.10,-0.354567276487321,down_in_PP,0.0009979369024696,54.6057383599754,4,B_moderate,-0.288082286100381,8.8188542513165e-06,4.0,0.283,-0.236,0.321,0.304,4.0,3.0,5.0,4.0,False
RP5-981O7.2,-0.352797128856103,down_in_PP,0.0005777423547625,69.5762423931212,4,B_moderate,-0.1217582937692,0.0909396084039196,4.0,-0.439,-0.205,-0.434,0.379,8.0,2.0,6.0,1.0,False
RP11-597D13.9,-0.352746512458751,down_in_PP,0.0160472199433163,62.715068621513,4,B_moderate,0.0819595258693287,0.27746977302148,4.0,0.472,-0.227,0.284,,7.0,4.0,3.0,,False
OCIAD1-AS1,-0.350270233025261,down_in_PP,0.0325932193195288,56.445003575397,4,B_moderate,-0.194472991817315,0.0043208006875453,4.0,-0.583,-0.189,0.312,-0.285,4.0,2.0,5.0,5.0,False
CTD-3193O13.8,0.34953070901395,up_in_PP,0.0419688562631216,71.1627388769865,4,B_moderate,-0.161556449566426,0.0204699721710124,4.0,0.21,,-0.181,,3.0,,3.0,,False
UBOX5-AS1,-0.349031133757542,down_in_PP,0.0124445417975824,59.5861545310753,4,B_moderate,0.0483529817714221,0.549159238230439,4.0,-0.288,,0.375,,8.0,,6.0,,False
RP4-669L17.10,0.346352912308949,up_in_PP,0.04003048196342,52.5259125336428,4,B_moderate,0.0999732130787153,0.174991082394099,4.0,0.261,0.226,0.314,0.205,5.0,1.0,5.0,6.0,False
LINC00334,-0.342425595964304,down_in_PP,0.0285896479960681,59.3211977280435,4,B_moderate,-0.231138810651701,0.0005344319114145,4.0,-0.248,-0.29,0.335,-0.265,4.0,5.0,6.0,4.0,False
AC096574.4,-0.34099548203318,down_in_PP,0.0255055312294021,69.1177892460912,4,B_moderate,0.0111550512053536,0.902002405187598,4.0,-0.168,,0.16,-0.162,4.0,,2.0,1.0,False
RP3-508I15.19,-0.340511621448134,down_in_PP,0.0005263629840508,73.4719878773369,4,B_moderate,0.171181151765168,0.0133946418318412,4.0,0.591,,-0.421,0.336,7.0,,7.0,4.0,False
LINC00467,-0.340451306945593,down_in_PP,0.0009411450151798,50.6832314089646,4,B_moderate,-0.296989060388595,4.19719431655691e-06,4.0,-0.294,-0.227,-0.297,,4.0,3.0,6.0,,False
CTB-55O6.12,-0.340134513169399,down_in_PP,0.0074316463141608,72.9788443913222,4,B_moderate,-0.103277985572501,0.159461686810284,4.0,-0.507,-0.255,0.569,0.26,12.0,4.0,7.0,4.0,False
RP11-142E9.1,0.339955773246687,up_in_PP,0.0167541552954222,66.9946262046181,4,B_moderate,-0.0594848410950169,0.448180503560088,4.0,-0.45,,0.358,-0.217,7.0,,7.0,2.0,False
RP5-1050D4.2,-0.33862186158086,down_in_PP,0.0072319532136616,63.1797342893729,4,B_moderate,0.066281359256038,0.392096300109644,4.0,-0.468,,0.652,0.141,9.0,,6.0,1.0,False
RP11-403P17.6,0.337756887867864,up_in_PP,0.0028946249087448,72.1679191009148,4,B_moderate,-0.0914821063669645,0.219897687286665,4.0,0.233,,-0.211,,3.0,,2.0,,False
HOXD-AS2,-0.335037511533849,down_in_PP,0.0472931579533207,52.3582481315555,3,B_moderate,-0.181775596034961,0.0088015576576465,3.0,-0.224,-0.204,-0.182,-0.216,2.0,1.0,1.0,3.0,False
RP11-403P17.4,-0.334060291832281,down_in_PP,0.0188039583697495,55.1863248766911,4,B_moderate,0.0567537580361233,0.472089618200799,4.0,-0.276,-0.245,0.236,,5.0,1.0,4.0,,False
WDFY3-AS1,-0.333742960659055,down_in_PP,0.0039677421404757,71.5807629536703,4,B_moderate,0.111110257075876,0.126783725750932,4.0,-0.409,,0.495,,5.0,,7.0,,False
FAM87B,-0.330283096166091,down_in_PP,0.0480584901664107,51.477612653525,3,B_moderate,0.0984367142343369,0.187301327816963,3.0,0.232,,0.284,,7.0,,3.0,,False
RP11-242D8.1,-0.330244167412073,down_in_PP,0.0019376248581803,71.0239750377876,4,B_moderate,-0.345241653804556,4.32957809870691e-08,4.0,-0.371,-0.338,-0.361,-0.287,8.0,5.0,6.0,6.0,False
C6orf47-AS1,0.328569520413565,up_in_PP,0.0002329380741249,71.6806967740819,4,B_moderate,0.297600389773405,3.98401739595374e-06,4.0,0.678,0.297,-0.445,0.309,7.0,3.0,7.0,4.0,False
RP11-147L13.11,-0.328423227362681,down_in_PP,4.11986856558148e-05,72.7318295218666,4,B_moderate,-0.253140492446599,0.0001239953440626,4.0,-0.524,-0.456,0.629,-0.35,7.0,5.0,6.0,7.0,False
AC104134.2,-0.32760184682129,down_in_PP,0.0002674782551178,70.9647368065892,4,B_moderate,-0.0853044639601429,0.256335114020567,4.0,0.431,,0.518,,5.0,,6.0,,False
CTD-2349P21.12,0.322255845225406,up_in_PP,0.0010358390346984,66.7749697233505,4,B_moderate,0.0668549995719704,0.387526970051786,4.0,0.307,0.302,0.332,0.19,7.0,4.0,7.0,2.0,False
RP11-473I1.9,0.320610008794967,up_in_PP,4.55799012356048e-05,68.3980283567589,4,B_moderate,0.295199130407002,4.89364869347124e-06,4.0,0.649,0.275,0.545,-0.369,9.0,4.0,7.0,3.0,False
RP11-596D21.1,0.316968797399021,up_in_PP,5.24913064694012e-05,50.7911483987092,4,B_moderate,-0.0922827246187312,0.215302500482287,4.0,-0.222,,0.182,-0.141,3.0,,2.0,2.0,False
RP4-584D14.5,0.315306346585563,up_in_PP,0.0496756408767854,74.2670542700815,4,B_moderate,0.313572125639764,9.682389646868e-07,4.0,0.471,0.17,0.363,0.277,6.0,2.0,6.0,4.0,False
RP11-574K11.5,-0.314920303222773,down_in_PP,0.0223167315111222,70.2193742550182,4,B_moderate,-0.234842135914146,0.000421547669684,4.0,-0.328,-0.364,-0.344,0.358,7.0,4.0,6.0,5.0,False
RP11-216L13.18,0.314906736595586,up_in_PP,1.32699590099902e-05,68.097892299551,4,B_moderate,0.228659032503814,0.0006233480964811,4.0,0.465,0.149,-0.44,0.254,6.0,1.0,5.0,3.0,False
LA16c-390E6.5,0.314864769417462,up_in_PP,0.0033003296771066,61.5127077651884,4,B_moderate,0.254292805953701,0.0001145424524026,4.0,0.688,0.159,-0.595,0.278,9.0,1.0,8.0,4.0,False
CASC2,-0.314493761854152,down_in_PP,0.0027810925831226,52.5271504059963,4,B_moderate,0.0342655165382074,0.682464350067162,4.0,-0.306,-0.193,0.242,,2.0,1.0,3.0,,False
RP11-294J22.6,-0.312707692298893,down_in_PP,1.14844217471039e-07,52.5594163314603,4,B_moderate,-0.204832898861334,0.0024903524742952,4.0,-0.227,-0.272,0.235,-0.238,1.0,4.0,3.0,4.0,False
OIP5-AS1,-0.31148360138686,down_in_PP,1.72995068074069e-05,65.2515287674009,4,B_moderate,-0.137465343579711,0.0530114651040379,4.0,-0.611,-0.17,0.668,-0.349,8.0,2.0,7.0,5.0,False
RP11-340I6.7,0.311427129489916,up_in_PP,0.0228023705136893,65.7940346244021,4,B_moderate,0.141732789219594,0.0452518890909851,4.0,0.382,,0.474,-0.144,5.0,,8.0,1.0,False
RP11-505D17.1,-0.308275339943463,down_in_PP,0.0096538699058706,72.0137581113897,4,B_moderate,0.0410015833474752,0.617692056950346,4.0,-0.25,0.148,,0.214,2.0,1.0,,1.0,False
RP11-575L7.8,0.303647520953632,up_in_PP,3.44315921053483e-06,60.9964469415989,4,B_moderate,0.35421606248249,1.65474098384197e-08,4.0,0.339,0.264,0.354,0.213,6.0,4.0,8.0,4.0,False
RARA-AS1,-0.302800192247624,down_in_PP,0.03750372029573,54.5186261521865,4,B_moderate,0.0901894996481358,0.227272440970562,4.0,-0.411,-0.268,0.373,0.248,6.0,3.0,6.0,2.0,False
RP11-231I16.1,-0.298682799414105,down_in_PP,0.0321634162285037,55.3738679156358,4,B_moderate,0.0813707127239641,0.281469728325689,4.0,-0.192,,,,3.0,,,,False
AF131215.2,-0.298381757583022,down_in_PP,0.018363856480721,71.5963550237109,4,B_moderate,-0.256793502486226,9.58368575571958e-05,4.0,-0.439,-0.201,0.407,-0.294,7.0,3.0,5.0,5.0,False
RP5-1014D13.2,-0.29612358222528,down_in_PP,2.15812531555217e-05,73.0565114361405,4,B_moderate,-0.0098531611206642,0.913483873809076,4.0,0.369,-0.209,-0.331,0.444,7.0,2.0,4.0,1.0,False
ZFHX2-AS1,0.293497925268044,up_in_PP,9.3045729503272e-05,64.8740932036824,4,B_moderate,-0.167961471112183,0.0154687583529639,4.0,-0.344,,0.584,,5.0,,9.0,,False
RP11-269F19.2,0.29045993167026,up_in_PP,0.0272066431754876,67.6929159184971,4,B_moderate,0.270525847454822,3.4936057869347e-05,4.0,0.635,0.261,-0.391,0.287,5.0,2.0,5.0,4.0,False
RP5-890E16.4,-0.287276188175027,down_in_PP,0.0003400171235486,56.6902958142,4,B_moderate,0.135327577393112,0.0572004150992779,4.0,0.54,,-0.53,0.188,10.0,,8.0,2.0,False
RP11-134L10.1,0.287144393380751,up_in_PP,0.0006691900935645,72.5519094451175,4,B_moderate,0.196710830192331,0.0038549487637512,4.0,0.259,,0.216,,3.0,,3.0,,False
RP5-864K19.4,0.283485894513015,up_in_PP,0.0374650943414179,70.1946453173839,4,B_moderate,0.115565785415597,0.110888951570841,4.0,0.473,0.299,-0.427,0.262,5.0,4.0,3.0,3.0,False
CTD-2574D22.7,-0.280181306302523,down_in_PP,0.005194473083208,51.160965193825,4,B_moderate,0.192136784328475,0.0048722785892322,4.0,0.628,,-0.426,0.211,8.0,,6.0,3.0,False
KMT2E-AS1,-0.280061691046206,down_in_PP,0.0252154094114802,59.7226137600953,4,B_moderate,0.106674384616968,0.144745262924822,4.0,0.532,-0.155,0.502,0.23,8.0,1.0,7.0,2.0,False
MDC1-AS1,-0.279974673176784,down_in_PP,0.0082672923059507,59.735402133715,4,B_moderate,0.0686571030242616,0.373036971353639,4.0,-0.334,-0.189,0.313,,6.0,2.0,1.0,,False
RP11-629B11.5,0.278921074872033,up_in_PP,0.0274831488437499,51.5342936401484,4,B_moderate,0.209572329608013,0.0019136697400755,4.0,0.476,0.265,-0.307,0.321,6.0,3.0,7.0,5.0,False
AC068831.6,0.276594514009731,up_in_PP,0.0144817570967736,73.9310505997692,4,B_moderate,0.11305745260449,0.119712344745634,4.0,0.659,0.195,-0.623,0.254,6.0,1.0,7.0,3.0,False
RP1-40E16.11,-0.276253597734406,down_in_PP,0.005521968546111,68.2337945470508,4,B_moderate,-0.212697266561847,0.0016011674699844,4.0,0.319,-0.158,-0.248,0.147,5.0,1.0,5.0,2.0,False
RP1-59M18.2,-0.270666770292115,down_in_PP,0.0079997446776285,72.7792253688988,4,B_moderate,-0.0129208456176902,0.885702173076142,4.0,0.234,,-0.201,0.192,4.0,,2.0,1.0,False
HCP5,0.267186202397504,up_in_PP,0.0242087634634457,58.2348185845706,4,B_moderate,-0.0880945279285171,0.239678106070983,4.0,0.176,0.14,0.228,,2.0,1.0,1.0,,False
RP11-843P14.2,-0.266520481866394,down_in_PP,0.0041919749486626,69.7281377850168,4,B_moderate,0.194578553527298,0.0042975767001752,4.0,0.218,,0.195,0.19,2.0,,1.0,2.0,False
RP11-124D2.3,-0.263949235411318,down_in_PP,0.0193799710871425,67.1251780990808,4,B_moderate,-0.279440074201005,1.76637266314636e-05,4.0,0.381,-0.197,-0.279,-0.158,5.0,1.0,5.0,1.0,False
ASMTL-AS1,-0.258668363316825,down_in_PP,0.0457351551066176,74.6479839315694,4,B_moderate,-0.0647424974397584,0.404557566857695,4.0,-0.596,-0.22,0.622,0.343,8.0,2.0,7.0,2.0,False
RP11-98D18.15,0.257748488895317,up_in_PP,0.0007115325762328,60.5514196804995,4,B_moderate,-0.103457271660935,0.158656600474279,4.0,0.439,0.159,-0.264,,7.0,1.0,2.0,,False
RP11-69L16.4,0.25390498032847,up_in_PP,0.0069590524757889,74.815468487439,4,B_moderate,0.127172106900879,0.075954766022692,4.0,0.452,0.193,0.513,-0.292,9.0,1.0,6.0,2.0,False
RP11-835E18.5,-0.251911033614678,down_in_PP,0.030242312200495,65.6150965306632,4,B_moderate,0.180826137070553,0.0085242002399946,4.0,0.389,,-0.243,0.241,8.0,,7.0,1.0,False
RP11-252E2.1,-0.248830485871417,down_in_PP,0.0381489871574469,64.7217548707901,4,B_moderate,0.0473035117462106,0.558713934621412,4.0,-0.318,-0.221,-0.324,0.348,8.0,2.0,5.0,2.0,False
RP11-398K22.12,-0.248383790366021,down_in_PP,0.0205931982163332,65.4659440415894,4,B_moderate,-0.199593167214756,0.0033098033476737,4.0,-0.329,-0.245,-0.239,-0.227,7.0,3.0,6.0,5.0,False
RP11-773H22.4,0.248177435528646,up_in_PP,0.0170637432922563,52.1557137266873,4,B_moderate,0.121841355625721,0.0906851545065928,4.0,0.311,0.241,-0.321,0.234,5.0,4.0,3.0,4.0,False
ZSCAN16-AS1,-0.243271614328523,down_in_PP,0.0352258464476302,65.9932068402201,4,B_moderate,-0.180464172189174,0.008671916118864,4.0,-0.44,-0.158,-0.376,0.362,7.0,3.0,7.0,1.0,False
ODF2-AS1,0.242735119710286,up_in_PP,0.0070761583148112,57.3166592908443,4,B_moderate,0.0522589041863835,0.513008680328761,4.0,-0.228,,-0.265,-0.166,5.0,,3.0,1.0,False
RP11-973D8.4,0.242420570626209,up_in_PP,0.0453991246692427,60.1642358803086,4,B_moderate,0.0791292069056734,0.29644583735071,4.0,0.389,,0.274,,5.0,,4.0,,False
GTF3C2-AS1,0.2414375587376,up_in_PP,1.12656907111368e-05,53.9551928017006,4,B_moderate,0.399743656919017,7.23930338991477e-11,4.0,0.468,0.272,0.4,0.24,6.0,3.0,6.0,2.0,False
RP11-178C3.2,-0.240666299065044,down_in_PP,0.0298115557018829,67.3762762929611,4,B_moderate,-0.179144313672819,0.0092320568476939,4.0,-0.252,-0.204,0.336,-0.215,6.0,2.0,7.0,3.0,False
AC005306.3,-0.236666040261155,down_in_PP,0.0250285540523196,64.6093800870162,4,B_moderate,0.143459517718042,0.0423997120300235,4.0,0.567,,0.603,0.334,9.0,,9.0,2.0,False
AP4B1-AS1,0.236492940462573,up_in_PP,0.0032433057396265,53.794158141882,4,B_moderate,-0.125840013519316,0.079421841456347,4.0,-0.304,,-0.229,-0.141,6.0,,4.0,1.0,False
DYX1C1-CCPG1,-0.23303248862259,down_in_PP,0.0146745210216279,66.0078979304157,4,B_moderate,-0.240193107596629,0.0002977983103989,4.0,-0.603,-0.268,0.817,-0.318,8.0,3.0,8.0,4.0,False
NORAD,-0.232016608262552,down_in_PP,0.0050748649292448,73.7800240115121,4,B_moderate,-0.0399443499002446,0.627788658040563,4.0,0.589,,0.753,-0.236,7.0,,8.0,2.0,False
CTD-2006C1.2,-0.230242661286394,down_in_PP,0.013626575043711,58.2649213516799,4,B_moderate,-0.268970444888792,3.92421120110489e-05,4.0,-0.45,-0.409,-0.269,-0.214,4.0,4.0,5.0,4.0,False
RP11-536K7.3,-0.230041484792058,down_in_PP,3.56066462319748e-05,55.002394427033,4,B_moderate,-0.0932538031009237,0.209950613301591,4.0,0.501,-0.163,-0.587,0.222,6.0,2.0,9.0,1.0,False
RP11-506H20.1,0.224572313646435,up_in_PP,0.022089378001058,51.0897013129999,4,B_moderate,0.225687824873265,0.0007481632760343,4.0,0.388,0.384,0.406,0.326,8.0,4.0,6.0,6.0,False
RP11-361L15.4,0.219764517669904,up_in_PP,0.0060193863388871,61.1016716843062,4,B_moderate,0.207720395565279,0.0021192471244274,4.0,0.411,0.196,0.208,0.216,3.0,3.0,2.0,5.0,False
RP11-158I13.2,-0.217789841683371,down_in_PP,5.40796511389697e-05,52.350036041084,4,B_moderate,-0.10304811016619,0.16057070624741,4.0,-0.301,-0.162,0.395,-0.171,5.0,1.0,5.0,2.0,False
RP11-792A8.4,-0.21542751361464,down_in_PP,0.0341433266015069,55.0595987971137,4,B_moderate,-0.140476051342853,0.0474228634916943,4.0,-0.338,-0.209,-0.405,0.25,6.0,1.0,7.0,1.0,False
CTC-428G20.6,0.214287154571434,up_in_PP,0.046595972693735,62.5863602666461,4,B_moderate,0.368860264827473,3.1968586499039904e-09,4.0,0.418,0.265,0.369,0.222,5.0,3.0,4.0,4.0,False
AC017101.10,-0.209786179799827,down_in_PP,0.0188956132968082,62.1645446797089,4,B_moderate,0.108883559487158,0.135466331124459,4.0,0.412,-0.17,0.602,-0.245,5.0,1.0,5.0,5.0,False
AC007566.10,-0.204254141987211,down_in_PP,0.0127970776254705,51.9623087400524,4,B_moderate,-0.283872795713317,1.24293797569354e-05,4.0,-0.571,,0.39,-0.195,7.0,,4.0,3.0,False
ARMCX5-GPRASP2,-0.20187265724054,down_in_PP,0.0026825881203407,67.5468422284605,4,B_moderate,-0.086560428534356,0.248974488311366,4.0,0.321,,-0.263,,4.0,,8.0,,False
AC046143.3,0.19990265361577,up_in_PP,0.0105627054420453,55.6388600008708,4,B_moderate,0.197550585043301,0.0036879756327806,4.0,0.27,0.258,0.25,0.173,4.0,3.0,7.0,3.0,False
LA16c-358B7.3,0.19609093421202,up_in_PP,0.0009431727542087,59.4992098938672,4,B_moderate,0.16512842500608,0.0175357192002245,4.0,0.221,0.146,0.182,-0.174,4.0,1.0,2.0,4.0,False
RP3-523E19.2,0.19499848976005,up_in_PP,0.0134212432787846,59.9454234425156,4,B_moderate,0.129777938262753,0.0694239140127214,4.0,0.257,,-0.389,0.237,1.0,,2.0,4.0,False
AC009506.1,-0.193311286632244,down_in_PP,0.038118470975051,65.9973284125593,4,B_moderate,-0.156657593636384,0.0251456863737687,4.0,-0.323,-0.252,0.253,-0.148,2.0,4.0,3.0,1.0,False
DNAJC9-AS1,0.183389021943595,up_in_PP,0.0328774958355302,72.1490744736711,4,B_moderate,0.0508030375350847,0.526412348514924,4.0,0.299,,-0.22,0.16,5.0,,3.0,1.0,False
RP11-69E11.8,0.181077031446478,up_in_PP,0.0143918001714851,59.0081736708547,4,B_moderate,0.185713695484886,0.0067281272780199,4.0,0.242,0.223,0.291,0.173,3.0,2.0,3.0,2.0,False
RP11-770J1.5,0.151210521807148,up_in_PP,0.0287203346008342,74.6423150556176,4,B_moderate,0.246741704124441,0.0001923396715961,4.0,0.381,0.294,0.247,0.317,9.0,4.0,4.0,3.0,False
PAXIP1-AS2,-0.143618279058868,down_in_PP,0.0184168127322925,54.2587656232066,4,B_moderate,-0.157323858676899,0.024456181910802,4.0,-0.332,-0.189,0.253,-0.207,3.0,4.0,4.0,5.0,False
SVIL-AS1,-0.143133888486189,down_in_PP,0.0211330738271964,72.8950055891691,4,B_moderate,0.131561541998819,0.0652519268401945,4.0,-0.279,0.155,0.297,,3.0,2.0,4.0,,False
RP4-529N6.2,4.83666580075472,up_in_PP,2.72950000633904e-32,76.8709558031482,3,C_significant_but_flagged,0.291406025036682,8.26648564563609e-06,3.0,0.368,0.611,0.297,0.41,8.0,5.0,4.0,7.0,False
RP11-350F16.1,-4.51874383488479,down_in_PP,7.158472217776219e-33,0.0,2,C_significant_but_flagged,,,,,,,,,,,,False
RP11-1008C21.1,-4.34076908650274,down_in_PP,4.9430949392793904e-14,82.4463714108481,2,C_significant_but_flagged,,,,,,,,,,,,False
LINC01206,4.0132131383485,up_in_PP,0.0105443929032013,97.6662821387125,3,C_significant_but_flagged,0.37156361813374,3.34210916490185e-09,3.0,0.419,0.45,0.372,-0.479,7.0,4.0,4.0,7.0,False
AP000439.3,-3.86547929507923,down_in_PP,2.32533772587512e-140,0.0,2,C_significant_but_flagged,,,,,,,,,,,,False
CTD-2626G11.2,-3.83396810615132,down_in_PP,2.9705463729474803e-09,92.2991460092742,3,C_significant_but_flagged,-0.383425855814203,8.30756652928232e-10,3.0,-0.408,-0.358,-0.383,-0.346,6.0,5.0,6.0,6.0,False
CTA-398F10.2,-3.60309964811482,down_in_PP,1.2121643505919199e-128,0.0,2,C_significant_but_flagged,,,,,,,,,,,,False
AC067959.1,-3.53908076259403,down_in_PP,1.2296560461412599e-11,86.4361227600744,2,C_significant_but_flagged,,,,,,,,,,,,False
RP11-680F20.9,-3.41233344179597,down_in_PP,1.77841388312749e-39,40.3045598907276,2,C_significant_but_flagged,,,,,,,,,,,,False
RP11-641A6.3,-3.40411658499952,down_in_PP,0.0001505330075916,97.3078838575288,3,C_significant_but_flagged,-0.234674728694649,0.000486985403754,3.0,-0.309,-0.446,-0.357,-0.404,5.0,3.0,3.0,7.0,False
CTA-384D8.34,3.35481232490002,up_in_PP,0.0132895846227892,98.2784494717863,3,C_significant_but_flagged,0.278262699029192,2.32869310667775e-05,3.0,0.326,0.419,0.457,0.52,9.0,3.0,8.0,7.0,False
RP11-363E6.3,3.07899145379765,up_in_PP,9.48105175697043e-18,88.0919932847883,4,C_significant_but_flagged,0.146755596866844,0.0373364309845028,4.0,0.628,0.514,-0.403,0.5,4.0,5.0,7.0,6.0,False
RP11-288L9.4,3.04367832501672,up_in_PP,5.544211287037919e-22,31.8158702468448,2,C_significant_but_flagged,,,,,,,,,,,,False
RP11-557H15.3,2.99350786320987,up_in_PP,0.0015144907811499,97.9795102219208,3,C_significant_but_flagged,0.112317420582863,0.126138638179664,3.0,0.349,0.228,-0.223,0.37,4.0,3.0,3.0,7.0,False
RP11-392E22.10,-2.92075663964107,down_in_PP,2.0699599297281998e-63,0.0,2,C_significant_but_flagged,,,,,,,,,,,,False
RP11-414J4.2,2.89513083325285,up_in_PP,0.0001974795304196,92.9192826133031,3,C_significant_but_flagged,0.137718937052149,0.0549041243507848,3.0,0.194,0.325,-0.358,0.379,4.0,3.0,5.0,5.0,False
CTD-2547L24.4,2.88068896410176,up_in_PP,3.1961192042013803e-09,86.5261411449168,3,C_significant_but_flagged,0.350042955056121,3.55215942222903e-08,3.0,0.374,0.465,0.35,-0.334,7.0,4.0,6.0,7.0,False
AC006994.2,-2.8407323286935,down_in_PP,1.46708547271098e-87,0.0,2,C_significant_but_flagged,,,,,,,,,,,,False
RP11-1263C18.1,-2.82474022278202,down_in_PP,3.61160747463112e-92,0.0,2,C_significant_but_flagged,,,,,,,,,,,,False
LINC01266,-2.78355888170977,down_in_PP,9.80081984242903e-10,61.9585224061046,2,C_significant_but_flagged,,,,,,,,,,,,False
RP11-392E22.11,-2.71664960904178,down_in_PP,4.97450979162181e-19,50.5277482885088,2,C_significant_but_flagged,,,,,,,,,,,,False
RP1-34M23.5,-2.71396477704954,down_in_PP,8.35650673630908e-06,93.9308500967473,4,C_significant_but_flagged,-0.259843987909805,7.68941367053948e-05,4.0,-0.431,-0.517,-0.403,0.645,11.0,3.0,7.0,7.0,False
AC008440.10,-2.70213027280938,down_in_PP,0.0003328507664868,89.7355161608091,2,C_significant_but_flagged,,,,,,,,,,,,False
CTA-384D8.35,2.68155500352276,up_in_PP,0.0256518645217076,97.0781397770714,4,C_significant_but_flagged,0.304339937234498,2.22013715195624e-06,4.0,0.363,0.523,0.524,0.568,9.0,4.0,7.0,7.0,False
AC005281.2,-2.61607429535365,down_in_PP,3.30188474292716e-33,41.2768142500506,2,C_significant_but_flagged,,,,,,,,,,,,False
RP1-56K13.5,-2.61587697336851,down_in_PP,1.7676295610949197e-11,52.9144464315209,2,C_significant_but_flagged,,,,,,,,,,,,False
LINC01224,-2.59845526821741,down_in_PP,4.63391908299943e-13,61.8712943472459,2,C_significant_but_flagged,,,,,,,,,,,,False
CH507-42P11.7,-2.57441568313776,down_in_PP,1.85640472796383e-62,0.0,2,C_significant_but_flagged,,,,,,,,,,,,False
UPK1A-AS1,-2.57192680562729,down_in_PP,3.21479059432067e-19,0.0,2,C_significant_but_flagged,,,,,,,,,,,,False
RP11-627G18.1,-2.52429435312861,down_in_PP,0.0051471876271702,95.5484773086762,2,C_significant_but_flagged,,,,,,,,,,,,False
RP5-1142J19.1,2.50979213205002,up_in_PP,1.44109910950975e-49,0.0,2,C_significant_but_flagged,,,,,,,,,,,,False
CDR1-AS,-2.45046276016089,down_in_PP,0.0057585081536134,96.0381739994285,3,C_significant_but_flagged,-0.181066037263107,0.0091002900614164,3.0,-0.598,-0.288,0.431,-0.309,5.0,3.0,7.0,4.0,False
LINC01698,-2.44288363537907,down_in_PP,0.0031219264345631,75.0449429602906,2,C_significant_but_flagged,,,,,,,,,,,,False
APCDD1L-AS1,-2.42506202029057,down_in_PP,4.5774095039116e-06,89.0030436008836,4,C_significant_but_flagged,-0.254174759364145,0.0001154806714713,4.0,-0.231,-0.225,-0.254,-0.245,4.0,3.0,2.0,7.0,False
RP11-247A12.1,-2.385914375791,down_in_PP,8.53882458333733e-13,41.7780910894289,2,C_significant_but_flagged,,,,,,,,,,,,False
RP11-252C15.1,-2.35100607511542,down_in_PP,1.87969100415208e-26,0.0,2,C_significant_but_flagged,,,,,,,,,,,,False
LINC01254,-2.34960787778459,down_in_PP,2.32822852578692e-64,38.6505771479633,2,C_significant_but_flagged,,,,,,,,,,,,False
LINC00622,-2.33757430874241,down_in_PP,6.01721375941996e-22,28.2311846619056,2,C_significant_but_flagged,,,,,,,,,,,,False
AC069363.1,2.31425359726622,up_in_PP,0.0430571887015079,96.836362762549,3,C_significant_but_flagged,0.34968008368893,3.69313083048107e-08,3.0,0.41,0.38,0.42,0.348,9.0,3.0,5.0,6.0,False
RP11-186F10.2,-2.3037343756144,down_in_PP,0.0150218178725258,94.2366320355274,2,C_significant_but_flagged,,,,,,,,,,,,False
RP11-527N22.2,2.29327095192744,up_in_PP,0.0022968188265766,95.929633695209,4,C_significant_but_flagged,0.0396245928133316,0.631067828052546,4.0,0.205,0.279,0.235,-0.402,3.0,3.0,3.0,6.0,False
AC005162.5,2.28446067934842,up_in_PP,0.0338071224487676,96.9650603685394,3,C_significant_but_flagged,0.196612890406541,0.0042367440607714,3.0,0.323,0.25,0.244,0.397,6.0,3.0,7.0,7.0,False
RP11-53O19.1,-2.25734010239434,down_in_PP,1.22795888309003e-05,95.8674286560018,3,C_significant_but_flagged,-0.389793852650419,3.84883115352796e-10,3.0,-0.343,-0.421,-0.39,-0.425,7.0,3.0,8.0,6.0,False
CTD-2561J22.5,-2.25048338587371,down_in_PP,0.0002264653348913,88.2933425820514,3,C_significant_but_flagged,-0.238485839309382,0.0003818155366604,3.0,-0.448,-0.32,-0.238,-0.215,4.0,4.0,3.0,4.0,False
LINC01605,2.23342286805185,up_in_PP,0.0078816151895564,97.8719184060847,4,C_significant_but_flagged,0.29813362618055,3.80406466019852e-06,4.0,0.329,0.503,0.298,0.503,6.0,3.0,8.0,7.0,False
CPB2-AS1,-2.23311548063511,down_in_PP,1.20416307872375e-05,82.7754966120495,3,C_significant_but_flagged,-0.270739333856451,4.1067473443153e-05,3.0,-0.317,-0.377,-0.271,-0.306,4.0,4.0,4.0,3.0,False
AC006145.4,-2.19772489073486,down_in_PP,0.0266417025494916,93.3423743923026,2,C_significant_but_flagged,,,,,,,,,,,,False
RP11-272L14.2,-2.19465001798476,down_in_PP,0.0007422906154535,88.216535639566,2,C_significant_but_flagged,,,,,,,,,,,,False
LINC02159,2.16881235809952,up_in_PP,0.0423619745723598,96.0758058593905,4,C_significant_but_flagged,0.137286668934761,0.053349868160347,4.0,0.406,0.277,-0.287,0.421,4.0,3.0,3.0,6.0,False
RP11-344B5.2,-2.14379244886829,down_in_PP,0.0304501497672617,95.6746157250322,2,C_significant_but_flagged,,,,,,,,,,,,False
RP11-276H7.3,2.13802122108038,up_in_PP,9.65109958414899e-25,50.0185071401779,2,C_significant_but_flagged,,,,,,,,,,,,False
RP11-145E17.2,-2.11677554672571,down_in_PP,2.8876597655023203e-15,74.3102345770334,2,C_significant_but_flagged,,,,,,,,,,,,False
RP6-24A23.7,-2.11327575281166,down_in_PP,5.05934375169702e-08,73.1818550245074,2,C_significant_but_flagged,,,,,,,,,,,,False
FAM95C,-2.11003356702671,down_in_PP,0.010665173672187,94.4243553567116,3,C_significant_but_flagged,-0.347227937163648,2.34055927240939e-07,3.0,-0.259,-0.279,-0.475,-0.291,8.0,2.0,6.0,5.0,False
RP11-554D20.2,-2.10742294052675,down_in_PP,0.049580103695021,94.4116342459049,2,C_significant_but_flagged,,,,,,,,,,,,False
RP11-73G16.2,-2.0943553217151,down_in_PP,2.3792147672542e-45,0.0,2,C_significant_but_flagged,,,,,,,,,,,,False
AC099684.1,-2.0937632953402,down_in_PP,0.0267621532532433,91.926988535769,2,C_significant_but_flagged,,,,,,,,,,,,False
RP1-71H24.1,2.06699796792914,up_in_PP,1.47595635920652e-08,82.2280528612889,4,C_significant_but_flagged,0.308219530879668,1.57875601678084e-06,4.0,0.343,0.431,0.61,0.436,6.0,4.0,4.0,7.0,False
RP11-150O12.6,2.03656756713338,up_in_PP,0.0161821682654842,93.6081905959469,2,C_significant_but_flagged,,,,,,,,,,,,False
AP000438.2,-2.03487535711405,down_in_PP,4.13935448946592e-05,87.4411764178896,2,C_significant_but_flagged,,,,,,,,,,,,False
PRKCQ-AS1,2.02637737623108,up_in_PP,0.00629097460626,96.1353690512001,4,C_significant_but_flagged,0.109266311144675,0.133920126034411,4.0,0.296,0.257,0.303,0.305,9.0,3.0,4.0,7.0,False
AC005754.8,-2.01692821291703,down_in_PP,1.63990111650404e-19,0.0,2,C_significant_but_flagged,,,,,,,,,,,,False
LINC01527,1.99395338922413,up_in_PP,0.0001123526768837,87.7317244437263,4,C_significant_but_flagged,0.297601275775942,3.98401739595374e-06,4.0,0.318,0.432,0.298,0.329,7.0,5.0,4.0,7.0,False
RP11-482G13.1,1.9676570998143,up_in_PP,2.05531993997199e-05,86.1474007406843,3,C_significant_but_flagged,0.321643343957877,5.8715542542712e-07,3.0,0.296,0.326,0.399,0.249,5.0,3.0,7.0,7.0,False
RP11-502N13.2,1.95711473636425,up_in_PP,1.13458699412031e-19,0.0,2,C_significant_but_flagged,,,,,,,,,,,,False
KCCAT333,-1.95571870302762,down_in_PP,0.0416254489398438,92.1156017195417,2,C_significant_but_flagged,,,,,,,,,,,,False
ADAMTS9-AS2,-1.91522562063997,down_in_PP,0.0005162107265712,95.7266347057668,3,C_significant_but_flagged,-0.211791367408746,0.0018777402082063,3.0,-0.488,-0.344,0.424,-0.34,6.0,5.0,6.0,5.0,False
LINC00950,-1.89578854059864,down_in_PP,1.26094315671009e-06,90.5847784703884,3,C_significant_but_flagged,-0.106031634477719,0.151598351980516,3.0,-0.384,-0.308,-0.248,0.237,8.0,5.0,2.0,5.0,False
RP11-548B3.3,-1.87844161740798,down_in_PP,0.0032220587143158,93.0081886371317,2,C_significant_but_flagged,,,,,,,,,,,,False
RP11-195F19.30,-1.87720274685557,down_in_PP,0.0017100317167637,94.1772088027356,4,C_significant_but_flagged,-0.191551267657654,0.00502505665687,4.0,-0.388,-0.403,-0.305,0.339,8.0,3.0,5.0,5.0,False
AC091729.7,-1.86847597182742,down_in_PP,7.21094976168458e-17,24.60671392627,2,C_significant_but_flagged,,,,,,,,,,,,False
LINC00885,-1.86360871965103,down_in_PP,6.5591430402834e-08,84.1388929917725,3,C_significant_but_flagged,-0.361221769279178,1.06659836327595e-08,3.0,-0.407,-0.403,-0.503,0.324,7.0,4.0,9.0,3.0,False
AC006262.10,1.85175588845606,up_in_PP,0.0344042966856643,93.5583850020796,4,C_significant_but_flagged,0.0420697849817635,0.607769863716147,4.0,0.226,0.259,-0.214,0.363,4.0,3.0,3.0,6.0,False
KB-1991G8.1,-1.84097487771647,down_in_PP,1.2787888618465199e-34,0.0,2,C_significant_but_flagged,,,,,,,,,,,,False
SAPCD1-AS1,-1.82838188191491,down_in_PP,0.0438614050223125,97.9653047555223,4,C_significant_but_flagged,-0.389419486423715,2.69935112521608e-10,4.0,0.333,-0.424,-0.389,-0.417,6.0,4.0,4.0,7.0,False
CTD-2382E5.2,1.81795652220653,up_in_PP,1.22034237911548e-30,0.0,2,C_significant_but_flagged,,,,,,,,,,,,False
AC053503.6,-1.80744974827115,down_in_PP,0.0012405332503932,80.915900807054,3,C_significant_but_flagged,-0.160722856345501,0.0225503915103122,3.0,-0.27,-0.186,-0.341,0.291,3.0,4.0,4.0,4.0,False
FALEC,-1.80424423969872,down_in_PP,3.47570368543215e-33,6.06896596723707,2,C_significant_but_flagged,,,,,,,,,,,,False
OR7E47P,-1.80381081144849,down_in_PP,3.7383631177343e-05,90.3163104770131,3,C_significant_but_flagged,-0.210649071473235,0.0020004917101172,3.0,-0.275,-0.291,-0.211,-0.158,5.0,4.0,2.0,2.0,False
ZNF667-AS1,-1.80185654766679,down_in_PP,5.68327620214896e-08,92.771160786065,4,C_significant_but_flagged,-0.300653692271264,3.06959393968402e-06,4.0,-0.306,-0.394,-0.301,-0.298,5.0,3.0,4.0,6.0,False
CTD-2017D11.1,-1.80047044662926,down_in_PP,8.157314009791209e-11,75.0450154592703,4,C_significant_but_flagged,-0.159120803193592,0.0226924457492207,4.0,-0.312,-0.365,-0.217,0.271,5.0,5.0,4.0,4.0,False
LINC01136,-1.79936014567936,down_in_PP,3.41336476002857e-26,0.0,2,C_significant_but_flagged,,,,,,,,,,,,False
GATM-AS1,-1.79179404273621,down_in_PP,4.83085097898035e-47,0.0,2,C_significant_but_flagged,,,,,,,,,,,,False
LINC01697,-1.77993764824018,down_in_PP,0.0202346976807611,82.8996689363804,2,C_significant_but_flagged,,,,,,,,,,,,False
RP11-829H16.3,-1.7793646980843,down_in_PP,5.41732885527017e-05,85.1150373283879,3,C_significant_but_flagged,-0.183844804402074,0.0079886901706759,3.0,-0.234,-0.27,0.188,-0.229,3.0,5.0,5.0,4.0,False
KRTAP5-AS1,1.76965655408499,up_in_PP,0.0256965086140039,89.1627579439649,3,C_significant_but_flagged,0.294753512912022,6.29610839270099e-06,3.0,-0.255,0.281,0.327,0.292,5.0,2.0,5.0,6.0,False
RP11-307C19.2,-1.74840710502728,down_in_PP,0.0274185191250305,93.8969880134485,2,C_significant_but_flagged,,,,,,,,,,,,False
RP5-1033H22.2,-1.74020633784185,down_in_PP,0.0002898483900169,92.4291505774968,4,C_significant_but_flagged,-0.196529612332985,0.0038908521352804,4.0,-0.401,-0.402,-0.333,-0.336,7.0,5.0,6.0,7.0,False
RP11-459E5.1,-1.73292879913646,down_in_PP,0.0035075693593016,89.0184516217201,4,C_significant_but_flagged,-0.0622971626504334,0.424797623210699,4.0,-0.261,-0.205,-0.282,0.306,6.0,2.0,6.0,3.0,False
RP11-446N19.1,-1.72174688527916,down_in_PP,1.47521945330217e-18,52.7686674590025,2,C_significant_but_flagged,,,,,,,,,,,,False
RP11-231D20.2,1.69428129317462,up_in_PP,2.44101492483476e-06,89.7507637705607,3,C_significant_but_flagged,0.0563201295206153,0.480366816750107,3.0,0.154,0.158,-0.167,0.18,2.0,3.0,1.0,5.0,False
SMIM25,1.69027346448445,up_in_PP,0.000443478161122,84.4042978493329,4,C_significant_but_flagged,0.33712813290383,9.96635542406649e-08,4.0,0.262,0.404,0.352,0.398,7.0,4.0,5.0,7.0,False
RP11-2N1.2,-1.66724671548341,down_in_PP,0.014695930258457,90.1180453580177,3,C_significant_but_flagged,0.159144342001451,0.0328722728748568,3.0,-0.361,-0.207,0.319,-0.169,5.0,3.0,5.0,1.0,False
RP11-728F11.4,-1.66508682159584,down_in_PP,6.055712856077331e-09,77.8297733534109,4,C_significant_but_flagged,-0.146188532115821,0.0381670314061804,4.0,-0.348,-0.433,-0.263,0.35,9.0,5.0,4.0,6.0,False
RP11-130L8.1,-1.65841739130422,down_in_PP,9.45835777492289e-15,70.4245807125247,2,C_significant_but_flagged,,,,,,,,,,,,False
MAGI1-IT1,-1.64932802825309,down_in_PP,9.36103095328594e-05,91.0146235840344,3,C_significant_but_flagged,-0.192221253373472,0.0052967032013878,3.0,-0.259,-0.155,-0.192,-0.195,5.0,2.0,3.0,4.0,False
RP11-63G10.4,-1.62507614903419,down_in_PP,0.0208779452863372,88.1536303940688,2,C_significant_but_flagged,,,,,,,,,,,,False
AF064858.11,-1.61790787225371,down_in_PP,3.74969272863889e-06,76.8629620687932,2,C_significant_but_flagged,,,,,,,,,,,,False
RP11-1143G9.4,1.61551672289325,up_in_PP,8.44308460142291e-05,89.185474896397,3,C_significant_but_flagged,0.0633257921624055,0.420973455357043,3.0,0.367,0.163,0.503,-0.182,9.0,1.0,7.0,1.0,False
C21orf62-AS1,-1.61025010142663,down_in_PP,0.0002129386675987,92.287879085017,3,C_significant_but_flagged,-0.270173733151278,4.28063781349763e-05,3.0,-0.348,-0.295,-0.27,-0.322,6.0,4.0,5.0,5.0,False
FAM41C,-1.60572728966182,down_in_PP,0.0002596238114906,86.5137577447543,3,C_significant_but_flagged,-0.172092112326435,0.0137690647126725,3.0,-0.407,-0.295,0.269,-0.264,4.0,4.0,5.0,5.0,False
RP11-356C4.5,1.60314139479224,up_in_PP,0.0007026804688087,87.1616163867648,3,C_significant_but_flagged,0.221844693193235,0.0010597102493893,3.0,-0.267,0.22,0.458,0.209,6.0,1.0,7.0,3.0,False
PLA2G4E-AS1,1.60037010806446,up_in_PP,8.96511731426161e-09,86.1965328226448,4,C_significant_but_flagged,0.333001495364545,1.50787363673312e-07,4.0,0.376,0.472,0.472,-0.314,3.0,4.0,7.0,7.0,False
FAM201A,-1.59193547883955,down_in_PP,0.0131855973834642,95.4831768375303,4,C_significant_but_flagged,-0.242480981037846,0.0002554408853604,4.0,-0.271,-0.278,-0.288,0.232,6.0,2.0,2.0,5.0,False
PRKAG2-AS1,-1.58581637096032,down_in_PP,0.0005944277543629,88.3270116130923,2,C_significant_but_flagged,,,,,,,,,,,,False
RRS1-AS1,-1.58451535967771,down_in_PP,0.0100602233762792,84.2570172238046,2,C_significant_but_flagged,,,,,,,,,,,,False
RP11-391L3.1,-1.57958987988507,down_in_PP,1.47973169627235e-08,90.1400213956549,4,C_significant_but_flagged,-0.235151138233245,0.0004132408644078,4.0,-0.394,-0.442,0.38,0.433,9.0,3.0,7.0,7.0,False
RP11-834C11.15,-1.57770586017359,down_in_PP,0.0308351095169053,92.6377660797996,2,C_significant_but_flagged,,,,,,,,,,,,False
RP11-85O21.5,-1.57734399985583,down_in_PP,2.18822593542202e-14,0.0,2,C_significant_but_flagged,,,,,,,,,,,,False
CTB-51J22.1,-1.57583565049022,down_in_PP,2.72512512044202e-05,74.7461978383076,2,C_significant_but_flagged,,,,,,,,,,,,False
MIR3142HG,1.57578054293545,up_in_PP,7.7746423967444e-07,81.7992296425543,4,C_significant_but_flagged,-0.0138243281127463,0.877799557836343,4.0,0.354,0.144,0.238,-0.252,4.0,1.0,5.0,2.0,False
C9orf106,-1.57403896247584,down_in_PP,8.7555724240272e-10,37.8755171763722,2,C_significant_but_flagged,,,,,,,,,,,,False
RP11-367J11.3,-1.5679755583016,down_in_PP,1.4091587530933901e-09,64.6459749300465,2,C_significant_but_flagged,,,,,,,,,,,,False
UG0898H09,-1.55495004135324,down_in_PP,0.0001415673907852,86.219885506671,3,C_significant_but_flagged,-0.26219307198528,7.65980439898313e-05,3.0,-0.383,-0.38,0.36,-0.3,7.0,4.0,5.0,5.0,False
SLC7A11-AS1,1.5536538885188,up_in_PP,0.006824328029716,95.3753061804947,4,C_significant_but_flagged,0.125688208813451,0.0798402803643812,4.0,0.45,0.356,0.372,-0.409,8.0,5.0,7.0,2.0,False
RP11-327F22.6,1.53842101150047,up_in_PP,7.43768710012863e-10,80.4032112235916,3,C_significant_but_flagged,0.126278274292411,0.0813091860813503,3.0,0.233,0.248,0.287,0.243,3.0,3.0,3.0,5.0,False
RP11-286B14.1,-1.53840640888433,down_in_PP,8.01922361098049e-22,0.0,2,C_significant_but_flagged,,,,,,,,,,,,False
RP11-250B2.5,-1.53448781579336,down_in_PP,0.0263187214941644,77.1904419658109,2,C_significant_but_flagged,,,,,,,,,,,,False
AC006548.28,-1.52285048736534,down_in_PP,0.0018669604202801,37.7634295058565,2,C_significant_but_flagged,,,,,,,,,,,,False
RP11-444D3.1,-1.51645814586089,down_in_PP,0.0146629217924383,96.3246180225893,3,C_significant_but_flagged,-0.165350233165133,0.0185330865748222,3.0,-0.358,-0.271,0.253,-0.273,7.0,3.0,5.0,6.0,False
AC092162.1,-1.50674185863234,down_in_PP,0.0196365019813494,79.7314728813025,2,C_significant_but_flagged,,,,,,,,,,,,False
RP11-392O17.2,-1.50401763898313,down_in_PP,0.0499310649808529,85.612823234805,2,C_significant_but_flagged,,,,,,,,,,,,False
FSIP2-AS1,-1.50348073077713,down_in_PP,0.0325872491295444,88.1366683791499,2,C_significant_but_flagged,,,,,,,,,,,,False
ADAMTS9-AS1,-1.50252375613,down_in_PP,0.0395492225200718,94.1828511164824,3,C_significant_but_flagged,-0.093562727380117,0.212960767793201,3.0,-0.458,-0.148,0.396,-0.18,6.0,2.0,2.0,1.0,False
CTD-2527I21.4,-1.47778100502389,down_in_PP,1.14403233300114e-05,88.0303414900457,3,C_significant_but_flagged,-0.0912707152627097,0.225901764529094,3.0,0.467,-0.309,-0.343,0.35,8.0,4.0,5.0,4.0,False
RP11-519G16.3,1.47619928503558,up_in_PP,0.0001096271905968,60.2055950776199,2,C_significant_but_flagged,,,,,,,,,,,,False
RP6-65G23.3,1.47563409835451,up_in_PP,2.86165622225871e-07,90.9875059065278,4,C_significant_but_flagged,0.311352562778003,1.18657892194009e-06,4.0,0.574,0.718,0.311,0.465,11.0,5.0,3.0,7.0,False
CTD-2196E14.5,1.47100062004199,up_in_PP,0.0017379100536623,79.7213322144118,3,C_significant_but_flagged,0.231680887814111,0.0011391758549757,3.0,0.415,0.278,-0.42,0.374,6.0,1.0,7.0,4.0,False
RP11-848P1.3,1.46889998441085,up_in_PP,1.5961784471292399e-12,77.4601342355965,3,C_significant_but_flagged,-0.065434975283772,0.40383712978922,3.0,0.231,0.146,,-0.365,5.0,1.0,,3.0,False
WNT5A-AS1,1.46771902861124,up_in_PP,0.0107479310449978,93.652781470324,3,C_significant_but_flagged,0.199971537958329,0.0058230868346829,3.0,0.242,,0.2,,3.0,,2.0,,False
AC144831.3,-1.46009511915034,down_in_PP,1.09424932208129e-07,82.166875757487,2,C_significant_but_flagged,,,,,,,,,,,,False
AC007563.5,-1.45531755983674,down_in_PP,0.0236954153220313,95.8893615478844,3,C_significant_but_flagged,0.0809454684343061,0.289074477832044,3.0,-0.441,-0.269,0.226,-0.22,8.0,5.0,6.0,3.0,False
CTC-526N19.1,1.4475781384055,up_in_PP,8.02280363029574e-09,91.4079628031013,4,C_significant_but_flagged,0.274463099854858,2.58931786636016e-05,4.0,0.603,0.556,-0.386,0.445,5.0,5.0,5.0,7.0,False
RP11-66D17.5,1.43069859732009,up_in_PP,6.11253486008743e-10,31.2168605479863,2,C_significant_but_flagged,,,,,,,,,,,,False
IL21R-AS1,1.42806086888976,up_in_PP,0.0001091290224744,73.3190219620712,2,C_significant_but_flagged,,,,,,,,,,,,False
RP11-646E18.4,1.42532676022822,up_in_PP,3.36691531046771e-13,0.0,2,C_significant_but_flagged,,,,,,,,,,,,False
RP11-20I20.4,-1.42095301580092,down_in_PP,0.0309591719342071,88.4369709121418,2,C_significant_but_flagged,,,,,,,,,,,,False
CHL1-AS2,-1.41676941253529,down_in_PP,1.18129122359405e-32,0.0,2,C_significant_but_flagged,,,,,,,,,,,,False
CADM3-AS1,-1.41295906142535,down_in_PP,0.0068420927846994,94.1673699241921,4,C_significant_but_flagged,-0.0866852741401652,0.248176834476442,4.0,-0.352,-0.276,-0.229,0.275,10.0,4.0,6.0,6.0,False
CTD-2245F17.6,-1.4127819650609,down_in_PP,8.96519009341197e-07,81.2343726722995,3,C_significant_but_flagged,-0.114985114254937,0.137743366380553,3.0,-0.475,-0.187,0.457,-0.235,5.0,1.0,6.0,3.0,False
DANT2,-1.41145631670732,down_in_PP,2.19490891994419e-05,61.4560690010114,2,C_significant_but_flagged,,,,,,,,,,,,False
UBE2R2-AS1,1.40654619277749,up_in_PP,1.01347799481814e-08,88.3770038139812,4,C_significant_but_flagged,0.259039121874064,8.15274509722531e-05,4.0,0.54,0.452,-0.492,0.415,5.0,5.0,6.0,5.0,False
RP11-1090M7.1,-1.40640473474278,down_in_PP,0.0078914268397596,80.9974194078685,2,C_significant_but_flagged,,,,,,,,,,,,False
RP11-96C23.14,1.40291647135784,up_in_PP,8.95001516212224e-07,89.1141107145493,4,C_significant_but_flagged,0.0617448432183796,0.429298657156606,4.0,0.511,0.507,-0.391,0.339,6.0,5.0,3.0,5.0,False
ARNTL2-AS1,1.39960691381471,up_in_PP,0.0002303307199061,96.2586914577187,4,C_significant_but_flagged,0.248303523506263,0.0001729014293374,4.0,0.455,0.5,0.406,0.404,8.0,5.0,7.0,5.0,False
RP3-453C12.14,-1.38923774661777,down_in_PP,1.51595164776238e-11,37.0460236893219,2,C_significant_but_flagged,,,,,,,,,,,,False
LINC01305,-1.38256125110056,down_in_PP,6.8224268170832e-19,0.0,2,C_significant_but_flagged,,,,,,,,,,,,False
CTD-2515H24.4,-1.37696561200624,down_in_PP,1.57368577940332e-05,89.8195697047228,3,C_significant_but_flagged,-0.118017081550728,0.106112653390509,3.0,-0.482,-0.4,0.339,-0.292,12.0,5.0,4.0,7.0,False
LINC00632,-1.3739607298279,down_in_PP,0.0064735521289383,88.356855951792,3,C_significant_but_flagged,-0.14985715011084,0.034908624473761,3.0,-0.326,-0.266,0.202,-0.256,5.0,2.0,4.0,5.0,False
RP11-498M15.1,1.37144650704502,up_in_PP,4.86937696951812e-11,0.0,2,C_significant_but_flagged,,,,,,,,,,,,False
LINC01805,-1.37005544535882,down_in_PP,0.0303822401525616,97.8611196227144,3,C_significant_but_flagged,-0.111597501660238,0.12870074110308,3.0,0.304,0.268,0.233,-0.252,7.0,4.0,3.0,3.0,False
CTA-414D7.1,-1.37003797755227,down_in_PP,0.0031510572100461,73.3727223214794,2,C_significant_but_flagged,,,,,,,,,,,,False
CTD-3035K23.7,-1.3687395435006,down_in_PP,2.23234872388119e-06,80.0786326092848,3,C_significant_but_flagged,-0.347752139168408,4.52506788460449e-08,3.0,-0.373,-0.348,-0.401,-0.246,9.0,4.0,6.0,7.0,False
RP11-996F15.2,-1.3640523938233,down_in_PP,0.0069212415552219,90.9243520474133,4,C_significant_but_flagged,-0.181432717465738,0.0082844250496911,4.0,-0.291,-0.314,-0.197,0.201,4.0,5.0,4.0,4.0,False
RP11-74C13.4,-1.3617401129701,down_in_PP,8.414296089666251e-09,78.63911452071,4,C_significant_but_flagged,-0.126516448958984,0.0776444372430844,4.0,-0.329,-0.315,-0.264,0.41,6.0,4.0,3.0,3.0,False
CTA-109P11.4,-1.34386346562862,down_in_PP,0.0010830087637394,89.0040767709436,3,C_significant_but_flagged,-0.135917251787368,0.0585007896676039,3.0,-0.424,-0.302,0.499,-0.283,7.0,4.0,5.0,5.0,False
RP11-701H24.7,-1.34224824948565,down_in_PP,0.021335897949559,92.7627352421169,2,C_significant_but_flagged,,,,,,,,,,,,False
LINC01801,-1.34189046240275,down_in_PP,0.01090878722706,86.3793256330651,2,C_significant_but_flagged,,,,,,,,,,,,False
GATA3-AS1,-1.33385944793998,down_in_PP,0.0001102260052114,81.7315075103618,4,C_significant_but_flagged,-0.288170047693428,8.75762220802219e-06,4.0,-0.295,-0.341,-0.288,-0.266,4.0,4.0,5.0,7.0,False
RP11-132A1.4,1.33088733859659,up_in_PP,0.0013156698927,83.4896098757726,4,C_significant_but_flagged,0.213572727432831,0.0015232581720767,4.0,0.283,0.394,0.294,-0.38,7.0,3.0,5.0,7.0,False
SOX9-AS1,-1.33053859670401,down_in_PP,0.0061325230965327,91.8225538508871,4,C_significant_but_flagged,-0.22853632324206,0.0006277148963666,4.0,-0.416,-0.399,-0.229,0.184,6.0,5.0,4.0,1.0,False
RP11-256L11.3,1.32885844382806,up_in_PP,0.0038285997593134,86.7491621548781,2,C_significant_but_flagged,,,,,,,,,,,,False
RP11-701P16.2,-1.32458939764006,down_in_PP,0.0247486870085087,88.08990186576,2,C_significant_but_flagged,,,,,,,,,,,,False
CTD-3214H19.6,-1.32453942733762,down_in_PP,4.938797007473511e-15,0.0,2,C_significant_but_flagged,,,,,,,,,,,,False
LINC01012,-1.32397337707775,down_in_PP,0.0193443022822721,57.178384384364,2,C_significant_but_flagged,,,,,,,,,,,,False
RP11-999E24.3,-1.32171123414881,down_in_PP,1.4666996268712e-06,77.2418097940062,3,C_significant_but_flagged,-0.33626403007431,1.44681725922475e-07,3.0,-0.341,-0.309,-0.336,-0.318,6.0,3.0,7.0,4.0,False
LINC01336,1.32011877225874,up_in_PP,0.0406289063497351,96.6956043458122,4,C_significant_but_flagged,0.287719715898046,9.07755034869001e-06,4.0,-0.194,0.347,0.288,0.324,3.0,4.0,3.0,7.0,False
ZBTB20-AS1,-1.31609997789827,down_in_PP,0.001475902718653,86.5213179500343,2,C_significant_but_flagged,,,,,,,,,,,,False
RP6-74O6.2,-1.30539304134941,down_in_PP,0.0093409930096085,92.4717282437515,4,C_significant_but_flagged,-0.179255304830447,0.0091837545257207,4.0,-0.277,-0.313,-0.217,-0.225,4.0,4.0,5.0,5.0,False
AP000473.8,-1.30287518890881,down_in_PP,0.0013216249612261,85.2143764663887,3,C_significant_but_flagged,-0.25726237688462,0.0001088330507223,3.0,-0.389,-0.343,-0.291,-0.312,5.0,3.0,4.0,5.0,False
RP11-679B19.1,-1.30136934336964,down_in_PP,0.0477693929163129,96.5350382610028,3,C_significant_but_flagged,-0.162359846087547,0.0210491085494426,3.0,-0.439,-0.386,0.4,-0.256,9.0,5.0,6.0,7.0,False
RP11-435D7.3,1.29481219302874,up_in_PP,1.26527229807783e-06,76.0375902732754,4,C_significant_but_flagged,0.06236732663057,0.424237353718102,4.0,0.213,0.207,0.328,-0.329,5.0,2.0,3.0,4.0,False
PTGES2-AS1,1.28988278736856,up_in_PP,0.0027956072790198,67.88076983654,2,C_significant_but_flagged,,,,,,,,,,,,False
RP4-669H2.1,-1.2887985605521,down_in_PP,0.0001701511252767,38.0318221304832,2,C_significant_but_flagged,,,,,,,,,,,,False
CTC-455F18.1,-1.28526192927273,down_in_PP,2.05996808917225e-20,0.0,2,C_significant_but_flagged,,,,,,,,,,,,False
RP1-80N2.2,-1.28410550989156,down_in_PP,0.0001789985962512,72.4960557420974,2,C_significant_but_flagged,,,,,,,,,,,,False
RGMB-AS1,-1.28381312654895,down_in_PP,0.0023125360929888,93.664368683972,4,C_significant_but_flagged,-0.286655329942632,9.92313150548783e-06,4.0,-0.272,-0.306,-0.333,0.295,8.0,3.0,6.0,7.0,False
RP11-1069G10.1,-1.27887448132096,down_in_PP,7.59944080997405e-07,82.0874093070238,4,C_significant_but_flagged,-0.203367534727003,0.002699222303652,4.0,-0.422,-0.384,0.295,-0.279,6.0,5.0,4.0,6.0,False
RP11-12C17.2,-1.27841600409471,down_in_PP,1.5263774135489698e-11,52.1192339426467,2,C_significant_but_flagged,,,,,,,,,,,,False
LINC01579,-1.27459507984096,down_in_PP,0.0005647372862203,70.0952384690058,2,C_significant_but_flagged,,,,,,,,,,,,False
PWAR6,-1.27348962727348,down_in_PP,0.0074668717856776,95.9677346768511,4,C_significant_but_flagged,-0.272279641445766,3.05823407338129e-05,4.0,-0.64,-0.363,0.522,-0.349,6.0,5.0,7.0,5.0,False
LINC01764,1.26572599362765,up_in_PP,0.0159813305661108,34.5881710536657,2,C_significant_but_flagged,,,,,,,,,,,,False
CTC-348L5.1,1.26242075120554,up_in_PP,7.95726456199128e-08,25.815377274505,2,C_significant_but_flagged,,,,,,,,,,,,False
RP11-116G8.5,1.26042008953194,up_in_PP,0.0150355256156321,94.7589760808468,4,C_significant_but_flagged,0.255584145424398,0.0001042757865524,4.0,0.693,0.289,-0.496,0.481,7.0,2.0,7.0,5.0,False
CTD-2269F5.1,-1.25418195508377,down_in_PP,7.4455841116045e-05,92.003548139957,3,C_significant_but_flagged,-0.313418076676794,1.25511765256197e-06,3.0,-0.231,-0.358,-0.334,0.323,5.0,4.0,6.0,7.0,False
KRT7-AS,-1.25409910033678,down_in_PP,0.0058139839065204,79.9911715264129,4,C_significant_but_flagged,0.0138097294295796,0.877932759134782,4.0,-0.429,-0.282,-0.333,0.229,7.0,4.0,4.0,2.0,False
RP11-375I20.6,-1.25163380962139,down_in_PP,3.19446734672368e-07,0.0,2,C_significant_but_flagged,,,,,,,,,,,,False
RP11-276H7.2,1.25143258131191,up_in_PP,0.0005786928713362,87.5670172722666,4,C_significant_but_flagged,0.368139353862107,3.4733516128683403e-09,4.0,0.288,0.419,0.368,0.46,5.0,3.0,7.0,5.0,False
CTD-2154I11.2,-1.2511191387443,down_in_PP,0.0005845970961156,92.2349796308676,3,C_significant_but_flagged,-0.0213251007189415,0.809010904560691,3.0,-0.294,-0.236,0.233,0.28,5.0,3.0,3.0,4.0,False
RP11-15A1.3,-1.24967415371055,down_in_PP,0.0001115342601078,85.6348808475992,4,C_significant_but_flagged,-0.358375627968457,1.046356500019e-08,4.0,-0.379,-0.333,-0.358,-0.355,3.0,3.0,5.0,5.0,False
RP11-147L13.8,-1.24270408338794,down_in_PP,0.0109118502890719,91.1166472786776,3,C_significant_but_flagged,-0.156423716399662,0.0268919983470563,3.0,-0.464,-0.22,0.431,-0.169,5.0,3.0,7.0,2.0,False
PDZRN3-AS1,-1.24090836959168,down_in_PP,2.11650381289996e-23,0.0,2,C_significant_but_flagged,,,,,,,,,,,,False
CYP1B1-AS1,-1.23670539411106,down_in_PP,5.35916007865995e-05,78.9009454249574,4,C_significant_but_flagged,0.046706284282669,0.564333948597789,4.0,-0.409,-0.155,-0.217,-0.214,7.0,1.0,3.0,3.0,False
RP5-1057J7.7,-1.23365803801666,down_in_PP,7.27686137288432e-13,32.0609436030732,2,C_significant_but_flagged,,,,,,,,,,,,False
RP11-475I24.8,-1.23173882026107,down_in_PP,0.0200339148533642,77.4689183604631,2,C_significant_but_flagged,,,,,,,,,,,,False
RP11-834C11.11,-1.22982043210643,down_in_PP,0.0197624756038507,87.5578825066934,2,C_significant_but_flagged,,,,,,,,,,,,False
RP11-390F4.3,-1.22410882748723,down_in_PP,0.0012431670731886,83.8356181795657,3,C_significant_but_flagged,-0.177342189007258,0.0108558000262575,3.0,0.15,-0.16,-0.252,,3.0,1.0,2.0,,False
CTD-2523D13.2,1.22028921430108,up_in_PP,3.6944299900880504e-23,0.0,2,C_significant_but_flagged,,,,,,,,,,,,False
LINC01354,-1.21253445175803,down_in_PP,0.0134983151339867,78.0618966132158,2,C_significant_but_flagged,,,,,,,,,,,,False
RP11-334A14.5,-1.20873886087753,down_in_PP,0.0099768920927328,92.4829536536392,3,C_significant_but_flagged,-0.0349240452695825,0.679277414330877,3.0,0.369,-0.29,0.274,0.287,7.0,5.0,4.0,3.0,False
RP11-650L12.2,1.20831011078761,up_in_PP,0.0182428036507794,94.8003848802576,4,C_significant_but_flagged,0.17849740445078,0.0095272989689145,4.0,0.303,0.276,0.325,0.28,5.0,3.0,4.0,6.0,False
SYNE1-AS1,-1.20823085681082,down_in_PP,0.0323488563396912,97.3021888792675,3,C_significant_but_flagged,-0.025843744103307,0.765787913454483,3.0,-0.284,,0.264,,7.0,,3.0,,False
RP11-946P6.6,1.2063604646313,up_in_PP,1.62635898066911e-10,0.0,2,C_significant_but_flagged,,,,,,,,,,,,False
RP11-403B2.7,-1.20287451054104,down_in_PP,2.03297925747919e-05,0.0,2,C_significant_but_flagged,,,,,,,,,,,,False
RP11-774O3.3,-1.19330511870034,down_in_PP,0.0004084006583153,89.8501108924995,4,C_significant_but_flagged,-0.244453663802069,0.0002240813957068,4.0,-0.305,-0.288,-0.244,-0.169,4.0,3.0,6.0,2.0,False
RP11-69I8.3,-1.19230162040975,down_in_PP,0.0237445687006929,80.2092438707964,3,C_significant_but_flagged,0.131457758479619,0.111074033888667,3.0,-0.395,,0.333,,5.0,,4.0,,False
AC007381.3,-1.1876813304312,down_in_PP,1.28225295024865e-15,0.0,2,C_significant_but_flagged,,,,,,,,,,,,False
RP11-244O19.1,-1.18637584043421,down_in_PP,0.011315580269498,91.62700989425,4,C_significant_but_flagged,-0.215455466942859,0.0013685720987916,4.0,-0.35,-0.183,0.307,-0.226,5.0,3.0,5.0,4.0,False
RP11-507K2.3,-1.1842778260859,down_in_PP,0.0005129739341866,88.3603641023331,2,C_significant_but_flagged,,,,,,,,,,,,False
RP4-565E6.1,-1.18188789315856,down_in_PP,0.0008966812139705,77.6201277488099,3,C_significant_but_flagged,-0.101887866267146,0.170267125003526,3.0,-0.365,-0.202,0.223,,4.0,2.0,2.0,,False
RP11-327F22.1,1.17232257126148,up_in_PP,2.75203284069191e-06,93.7801470630358,4,C_significant_but_flagged,0.32672921133484,2.78417731666852e-07,4.0,0.36,0.444,0.327,0.399,5.0,5.0,6.0,7.0,False
RP11-214O1.2,1.16933481007612,up_in_PP,0.0001789985962512,85.6222648300137,4,C_significant_but_flagged,0.276352393000791,2.2397870906636e-05,4.0,0.306,0.283,0.276,0.238,2.0,2.0,4.0,6.0,False
AL773572.7,-1.16906906130133,down_in_PP,3.80261974482348e-08,20.886500918107,2,C_significant_but_flagged,,,,,,,,,,,,False
RP11-277P12.20,1.16805233761593,up_in_PP,0.0055101831826632,95.0492872170216,4,C_significant_but_flagged,0.292065690651044,6.36626945173362e-06,4.0,0.301,0.371,0.292,0.387,6.0,3.0,4.0,7.0,False
RP11-368L12.1,-1.16678293160492,down_in_PP,0.0491565529739749,92.3709138840561,3,C_significant_but_flagged,-0.12092479098749,0.0968285558192288,3.0,-0.264,-0.223,-0.214,0.241,7.0,4.0,1.0,7.0,False
RP11-380F14.2,1.16392624166558,up_in_PP,5.20902967833475e-10,75.5603667653469,3,C_significant_but_flagged,0.225333961161018,0.0008621028648515,3.0,0.319,0.408,0.291,0.27,6.0,5.0,3.0,7.0,False
RP11-732A19.6,-1.16245213418122,down_in_PP,1.9346904113734e-05,72.7973845705063,2,C_significant_but_flagged,,,,,,,,,,,,False
RP11-593F23.1,-1.16201019399618,down_in_PP,0.002544167115892,80.4101909708332,2,C_significant_but_flagged,,,,,,,,,,,,False
AC005618.6,-1.16172006412272,down_in_PP,4.65713005779697e-05,79.9408808667074,3,C_significant_but_flagged,-0.291527518141735,8.18183379332105e-06,3.0,-0.345,-0.282,-0.292,-0.286,3.0,3.0,6.0,6.0,False
RP11-903H12.3,-1.15855565680481,down_in_PP,2.89671815433243e-07,86.0610802022979,4,C_significant_but_flagged,-0.174926497773908,0.0112770568981642,4.0,-0.457,-0.322,-0.337,0.58,8.0,4.0,4.0,4.0,False
RP11-108L7.4,-1.15827037878013,down_in_PP,1.64434165824624e-05,79.8324898130258,2,C_significant_but_flagged,,,,,,,,,,,,False
RP11-797H7.5,-1.15683739926823,down_in_PP,0.0034940676855937,88.2650236511749,4,C_significant_but_flagged,-0.317142198607803,6.92837050641019e-07,4.0,-0.371,-0.321,0.484,-0.272,11.0,3.0,6.0,7.0,False
RP11-618K13.2,-1.15312072976279,down_in_PP,1.26103551418173e-32,0.0,2,C_significant_but_flagged,,,,,,,,,,,,False
RP11-259N19.1,1.14899116481704,up_in_PP,0.0055045015748578,95.1290934917012,4,C_significant_but_flagged,0.194671419580559,0.0042762976637017,4.0,0.311,0.324,0.272,0.361,6.0,3.0,4.0,7.0,False
RP11-61I13.3,-1.1483272786667,down_in_PP,0.0003779181267095,89.8649549132456,3,C_significant_but_flagged,-0.152524520672766,0.031402451038939,3.0,-0.458,-0.397,0.246,-0.197,7.0,5.0,3.0,6.0,False
LINC01359,-1.14805448957566,down_in_PP,0.0172841675952188,91.0957713688066,3,C_significant_but_flagged,-0.251291473715479,0.0001640019368964,3.0,-0.383,-0.29,-0.251,-0.206,6.0,5.0,4.0,4.0,False
LINC01214,1.14481512683092,up_in_PP,0.0057428269810599,92.5216813241392,3,C_significant_but_flagged,0.0866711305758861,0.252984732778311,3.0,0.245,0.396,-0.185,0.24,9.0,5.0,1.0,5.0,False
CTD-2619J13.23,-1.14343048453053,down_in_PP,4.09393325132187e-20,0.0,2,C_significant_but_flagged,,,,,,,,,,,,False
RP11-410E4.1,-1.13990353710092,down_in_PP,0.0354494130700421,86.5216752565469,2,C_significant_but_flagged,,,,,,,,,,,,False
LIFR-AS1,-1.13916435502578,down_in_PP,0.0367128241468237,97.0543981271687,3,C_significant_but_flagged,-0.108447732820494,0.14135075568802,3.0,-0.366,-0.336,-0.224,0.312,8.0,4.0,4.0,6.0,False
RP11-108K14.12,1.13539383466496,up_in_PP,0.0028338792265573,87.6121074400547,3,C_significant_but_flagged,0.27373334694024,3.28330791453943e-05,3.0,0.31,0.315,0.274,0.199,2.0,4.0,2.0,3.0,False
LINC02095,-1.13516705044301,down_in_PP,5.38472465089681e-08,0.0,2,C_significant_but_flagged,,,,,,,,,,,,False
RP11-1000B6.7,-1.13314588295817,down_in_PP,1.4744484845074798e-12,0.0,2,C_significant_but_flagged,,,,,,,,,,,,False
KB-1732A1.1,1.12556770547009,up_in_PP,2.78875097574539e-06,79.81495787287,4,C_significant_but_flagged,0.214140205906028,0.0014764073496506,4.0,0.274,0.365,0.315,0.316,8.0,4.0,6.0,7.0,False
RP11-12G12.7,1.1242263231012,up_in_PP,0.0190944728065378,97.111949572808,4,C_significant_but_flagged,0.151839528492276,0.0305515481990695,4.0,0.321,0.348,-0.384,0.38,6.0,5.0,6.0,7.0,False
RP11-783K16.5,1.11923431830851,up_in_PP,0.0022937396147162,96.4567921721577,4,C_significant_but_flagged,0.0971420581472655,0.189365752273404,4.0,0.692,0.407,-0.603,0.384,8.0,5.0,6.0,5.0,False
CHL1-AS1,-1.11878656716154,down_in_PP,0.0091448977034158,91.8189233171292,3,C_significant_but_flagged,-0.0849229865166919,0.263560784566657,3.0,-0.294,-0.249,0.401,-0.274,6.0,2.0,6.0,4.0,False
DNAJC27-AS1,-1.11671317637744,down_in_PP,8.06102569742575e-05,88.893823982636,3,C_significant_but_flagged,-0.285285859606432,1.35290848527989e-05,3.0,-0.371,-0.269,-0.414,0.279,3.0,3.0,7.0,6.0,False
RP11-543C4.1,-1.10899552318442,down_in_PP,1.72198287173381e-17,0.0,2,C_significant_but_flagged,,,,,,,,,,,,False
RP4-647C14.3,-1.10594707856878,down_in_PP,0.0013183326091485,93.0211035587049,4,C_significant_but_flagged,-0.307217444179474,1.72749042765443e-06,4.0,-0.369,-0.415,-0.394,-0.351,10.0,4.0,5.0,7.0,False
LINC01806,1.10395169405028,up_in_PP,7.69376831529871e-07,84.6485799849181,4,C_significant_but_flagged,0.14788452695688,0.0357468942080471,4.0,0.389,0.325,0.324,0.342,9.0,3.0,6.0,7.0,False
LINC01535,-1.09443732702334,down_in_PP,3.32700090286091e-05,34.9745052870078,2,C_significant_but_flagged,,,,,,,,,,,,False
CTA-384D8.36,1.09421044265392,up_in_PP,0.0001028981840802,93.24337221189,4,C_significant_but_flagged,0.312833566884921,1.03685762791246e-06,4.0,0.551,0.39,-0.581,0.434,8.0,3.0,8.0,5.0,False
SEMA5A-AS1,-1.09416323486963,down_in_PP,0.0002211284106947,42.6728894071267,2,C_significant_but_flagged,,,,,,,,,,,,False
AC006129.2,1.09315136010269,up_in_PP,3.85725559958727e-07,49.9745899790642,2,C_significant_but_flagged,,,,,,,,,,,,False
CTD-2528L19.6,-1.09259684372544,down_in_PP,0.0003786866812736,88.7613034315432,4,C_significant_but_flagged,-0.297153298829665,4.13571434197182e-06,4.0,-0.514,-0.236,0.469,-0.296,7.0,2.0,6.0,4.0,False
RP11-660L16.2,-1.09183911121414,down_in_PP,0.0443405730300663,87.9319366838553,4,C_significant_but_flagged,0.0798252808754859,0.291675484866665,4.0,0.398,-0.139,-0.228,0.421,3.0,1.0,2.0,4.0,False
RP11-981P6.1,-1.09174924663912,down_in_PP,0.0001227421404721,83.7662052790186,3,C_significant_but_flagged,-0.239757360143834,0.0003519027623388,3.0,-0.396,-0.149,0.268,-0.228,5.0,1.0,3.0,2.0,False
SNHG23,-1.08891256958408,down_in_PP,0.0005080456002722,81.2074992639263,3,C_significant_but_flagged,-0.057551217315401,0.469752053787125,3.0,-0.496,-0.273,0.504,-0.214,7.0,3.0,6.0,3.0,False
RP5-1024N4.4,-1.08865248094615,down_in_PP,1.26602119155971e-18,0.0,2,C_significant_but_flagged,,,,,,,,,,,,False
AC115522.3,1.08849605411334,up_in_PP,0.0003028273528329,90.2953287604502,4,C_significant_but_flagged,0.263950216579187,5.69518021752202e-05,4.0,0.357,0.535,0.264,0.295,5.0,5.0,2.0,5.0,False
RP11-567M16.1,-1.08761028290275,down_in_PP,0.0350153525292787,86.6442602243446,4,C_significant_but_flagged,-0.178357543718839,0.009590780118549,4.0,-0.378,-0.299,0.392,0.245,9.0,4.0,7.0,3.0,False
RP11-809O17.1,1.0833443965043,up_in_PP,0.0277291996211236,84.0029832133014,2,C_significant_but_flagged,,,,,,,,,,,,False
RP3-510L9.1,-1.08294021066513,down_in_PP,0.0218615934053034,92.303690183074,2,C_significant_but_flagged,,,,,,,,,,,,False
RP11-355F16.1,-1.079522205476,down_in_PP,0.0010833413022401,76.1234235256875,3,C_significant_but_flagged,-0.0882662898257212,0.243506216370513,3.0,-0.33,,0.224,-0.152,6.0,,4.0,1.0,False
LINC01152,-1.07918921244414,down_in_PP,0.0199188335181508,80.9260556168686,4,C_significant_but_flagged,-0.204797363017485,0.0024952787285571,4.0,-0.488,-0.298,0.283,,5.0,4.0,4.0,,False
CALML3-AS1,1.07673399538692,up_in_PP,0.0148029649237972,95.2445708049947,4,C_significant_but_flagged,-0.0143486512691236,0.872960569961294,4.0,0.4,0.288,-0.433,0.408,7.0,2.0,5.0,5.0,False
AP000473.5,-1.07289110514469,down_in_PP,0.0286511230622582,88.0683092896115,3,C_significant_but_flagged,-0.376086164045227,1.9848324644396503e-09,3.0,-0.42,-0.354,-0.376,-0.373,6.0,4.0,5.0,5.0,False
RP11-21L23.2,-1.07089336725808,down_in_PP,0.0016053225109582,89.7155490802487,4,C_significant_but_flagged,-0.0257906877336086,0.764192942983838,4.0,0.318,-0.223,-0.181,-0.189,5.0,3.0,2.0,3.0,False
AC005754.7,-1.07035620475203,down_in_PP,1.01108888400984e-22,0.0,2,C_significant_but_flagged,,,,,,,,,,,,False
LINC01376,-1.06812084169682,down_in_PP,2.79246514975257e-05,80.5552313733806,3,C_significant_but_flagged,-0.276245248970352,2.71750157786926e-05,3.0,-0.308,-0.289,-0.315,-0.295,5.0,3.0,5.0,5.0,False
LINC01515,-1.06804504469543,down_in_PP,0.0159649025959528,94.3604199159595,4,C_significant_but_flagged,-0.276845564395268,2.15838319666729e-05,4.0,-0.406,-0.366,-0.387,-0.427,8.0,3.0,7.0,5.0,False
GAS1RR,-1.06744341084112,down_in_PP,0.000908510412929,92.8351483546892,3,C_significant_but_flagged,-0.365617038118776,6.5606090871511706e-09,3.0,-0.436,-0.339,0.374,-0.43,6.0,3.0,5.0,5.0,False
MIR133A1HG,-1.06572478289032,down_in_PP,6.96772154636049e-09,0.0,2,C_significant_but_flagged,,,,,,,,,,,,False
MAFTRR,-1.06451368750762,down_in_PP,0.0149124755363481,91.7628619898325,3,C_significant_but_flagged,-0.230593404506155,0.0006270856979179,3.0,-0.174,-0.182,-0.231,0.167,3.0,2.0,3.0,2.0,False
LINC02031,1.05948663390313,up_in_PP,8.90082206460817e-05,0.0,2,C_significant_but_flagged,,,,,,,,,,,,False
AL161668.5,1.05926509742452,up_in_PP,0.0005311038988169,78.8468830888799,3,C_significant_but_flagged,0.174582990793665,0.0123192583313189,3.0,0.252,0.358,0.327,0.297,5.0,3.0,5.0,5.0,False
RP11-401P9.5,1.05892688031047,up_in_PP,5.47521547814232e-06,85.4540854359371,3,C_significant_but_flagged,0.0161104960114189,0.857764398974497,3.0,-0.243,,0.285,0.175,3.0,,4.0,3.0,False
RP11-363J20.2,-1.05772002999864,down_in_PP,0.0349787962405037,90.8660537905861,3,C_significant_but_flagged,0.0102118111693925,0.911209760249445,3.0,-0.418,-0.234,0.255,0.213,8.0,3.0,5.0,4.0,False
LINC01124,-1.05364687040845,down_in_PP,0.0018155374381222,69.3891971849882,2,C_significant_but_flagged,,,,,,,,,,,,False
RP11-709D24.8,-1.04804763598165,down_in_PP,0.0287356077522036,79.248315307065,2,C_significant_but_flagged,,,,,,,,,,,,False
RP5-965G21.4,-1.04383329472428,down_in_PP,7.66926602573678e-12,0.0,2,C_significant_but_flagged,,,,,,,,,,,,False
RP11-553L6.5,-1.0417907183183,down_in_PP,0.0009337233670509,91.9573664442757,4,C_significant_but_flagged,-0.12495913243365,0.0817800699917906,4.0,-0.632,-0.407,0.794,-0.37,7.0,4.0,7.0,5.0,False
RP11-734K21.5,-1.04171915664874,down_in_PP,0.0152392700980377,86.8216383863346,3,C_significant_but_flagged,-0.0785704624833617,0.305432207258681,3.0,0.24,-0.197,-0.192,0.158,2.0,1.0,3.0,1.0,False
AC008440.5,-1.04125367942442,down_in_PP,0.0098956383263166,93.0807828180969,4,C_significant_but_flagged,-0.111001277662578,0.127167541483419,4.0,-0.27,-0.233,0.396,-0.24,8.0,2.0,5.0,4.0,False
CTC-513N18.7,-1.03930771611865,down_in_PP,2.39320466660479e-06,89.047016004271,4,C_significant_but_flagged,-0.0930323590351424,0.211173062567826,4.0,-0.258,-0.199,0.236,-0.188,5.0,2.0,3.0,4.0,False
LINC00665,-1.03660183508541,down_in_PP,0.0068657664311211,94.320153162972,4,C_significant_but_flagged,-0.0540589608558092,0.496490885698184,4.0,,,-0.214,-0.143,,,1.0,1.0,False
FAM157C,1.0354512559579,up_in_PP,0.037909820991638,93.410339666788,4,C_significant_but_flagged,0.193000093881895,0.0046653228245018,4.0,-0.25,0.264,0.378,-0.154,5.0,1.0,5.0,1.0,False
RP11-15H20.7,-1.03352308262569,down_in_PP,0.0002513806944041,84.8301284832914,4,C_significant_but_flagged,-0.114251885313145,0.115496332574451,4.0,0.208,-0.237,-0.242,-0.203,3.0,4.0,4.0,3.0,False
RP11-305L7.7,-1.02719856369575,down_in_PP,0.0001724585288096,78.1049539035401,4,C_significant_but_flagged,-0.14866957339585,0.0346710516079372,4.0,-0.192,-0.19,-0.163,-0.159,2.0,3.0,2.0,1.0,False
ATP13A4-AS1,1.02623593255058,up_in_PP,0.009641148025181,95.381297849948,3,C_significant_but_flagged,0.388110892189341,4.70168568636343e-10,3.0,0.295,0.425,0.388,0.288,3.0,4.0,4.0,7.0,False
CTB-92J24.2,-1.02504825745909,down_in_PP,0.0061082198828119,87.7311652462073,4,C_significant_but_flagged,-0.234750125379882,0.0004240556390725,4.0,-0.3,-0.252,0.258,-0.161,4.0,3.0,3.0,2.0,False
CTC-523E23.5,-1.0246559984664,down_in_PP,0.015133855211628,81.005513199154,2,C_significant_but_flagged,,,,,,,,,,,,False
ABCA9-AS1,-1.02102236415759,down_in_PP,0.0116814645974209,88.5273447789834,3,C_significant_but_flagged,-0.0827341029077009,0.277368557317683,3.0,-0.595,-0.225,0.653,-0.255,7.0,3.0,5.0,5.0,False
CTD-2619J13.3,-1.01895536337073,down_in_PP,7.76621382782401e-15,0.0,2,C_significant_but_flagged,,,,,,,,,,,,False
AATBC,-1.01446558791171,down_in_PP,0.0012738075412241,81.7783138393505,4,C_significant_but_flagged,-0.268991382861707,3.91856389361841e-05,4.0,-0.474,-0.226,-0.424,0.2,6.0,5.0,8.0,2.0,False
RP11-325F22.2,-1.01088932518556,down_in_PP,0.0262560795047843,88.3727849679141,2,C_significant_but_flagged,,,,,,,,,,,,False
RP11-404F10.2,1.00987933118685,up_in_PP,2.86969466532306e-07,78.0423077359429,3,C_significant_but_flagged,0.030424727086307,0.722733989314841,3.0,0.341,,0.446,0.152,6.0,,3.0,1.0,False
CTD-2501E16.2,-1.00559156427883,down_in_PP,0.0035891417438358,71.5914142681577,2,C_significant_but_flagged,,,,,,,,,,,,False
CH17-140K24.2,-1.00557867433245,down_in_PP,0.0002472155437214,68.2791099155048,2,C_significant_but_flagged,,,,,,,,,,,,False
RP11-234K24.3,1.0053613522636,up_in_PP,1.2833779703225e-05,0.0,2,C_significant_but_flagged,,,,,,,,,,,,False
AC013472.3,-1.00533860761136,down_in_PP,0.0008683293888134,40.8303384858111,2,C_significant_but_flagged,,,,,,,,,,,,False
RP11-359K18.4,-1.00386664320336,down_in_PP,0.0071871066735765,0.0,2,C_significant_but_flagged,,,,,,,,,,,,False
RP11-395I6.3,-1.00370227849144,down_in_PP,0.0370346933030483,94.2523534301537,3,C_significant_but_flagged,-0.334580956979335,1.70802958040062e-07,3.0,-0.578,-0.363,0.503,-0.387,9.0,3.0,7.0,5.0,False
RP11-757G1.6,-1.0027028174534,down_in_PP,0.0023574566760251,80.8583562275573,3,C_significant_but_flagged,-0.151743100357978,0.0323975898733393,3.0,-0.354,-0.307,0.241,-0.223,4.0,3.0,4.0,5.0,False
RP11-348N5.7,-0.998479886999052,down_in_PP,0.0125014494091369,91.2629861321395,3,C_significant_but_flagged,-0.266264553554878,5.69967531805003e-05,3.0,-0.535,-0.323,0.346,-0.343,5.0,4.0,5.0,5.0,False
STXBP5-AS1,0.996977863607747,up_in_PP,3.67091219252197e-08,87.969316551199,4,C_significant_but_flagged,0.299911573338347,3.27144529964441e-06,4.0,0.221,0.423,0.3,0.423,6.0,4.0,7.0,7.0,False
LINC01422,-0.994747965885127,down_in_PP,0.0265978372131072,90.6543684048215,3,C_significant_but_flagged,-0.169943793682435,0.0151603362687532,3.0,-0.47,-0.268,0.3,-0.279,6.0,3.0,3.0,5.0,False
LINC00472,-0.994024869831707,down_in_PP,0.0012023293464573,81.857077126125,4,C_significant_but_flagged,-0.18180101057297,0.0081453834210972,4.0,-0.556,-0.349,0.485,-0.267,5.0,4.0,4.0,5.0,False
RP11-379B18.5,-0.993993388696881,down_in_PP,4.11633272042198e-05,82.0680678808112,4,C_significant_but_flagged,-0.386029702674551,4.11628584149266e-10,4.0,-0.349,-0.341,-0.386,-0.283,6.0,5.0,5.0,5.0,False
RP11-6O2.4,-0.993221871824957,down_in_PP,0.0315035911390191,89.1534042126003,4,C_significant_but_flagged,-0.0624896594805702,0.423205136594922,4.0,-0.306,-0.283,0.253,-0.178,9.0,4.0,2.0,4.0,False
FAM66C,-0.992044264794476,down_in_PP,0.0003929452520567,83.8538984820456,4,C_significant_but_flagged,-0.242083575533929,0.0002622220187011,4.0,-0.482,-0.354,0.267,-0.311,4.0,3.0,6.0,6.0,False
RP11-10J21.3,-0.988008108435181,down_in_PP,0.0037540697448415,78.6303202144887,2,C_significant_but_flagged,,,,,,,,,,,,False
RP4-737E23.2,-0.987511080786809,down_in_PP,0.0003481623336905,76.6965322189026,3,C_significant_but_flagged,-0.352525403124932,2.72539940208451e-08,3.0,-0.318,-0.26,-0.358,0.254,7.0,3.0,7.0,5.0,False
STARD13-AS,-0.985615806148428,down_in_PP,0.001690068036618,76.1669818215955,2,C_significant_but_flagged,,,,,,,,,,,,False
MEG8,-0.982871372053622,down_in_PP,0.0151670641563994,85.4235348980489,3,C_significant_but_flagged,-0.18164019551341,0.008855255908909,3.0,-0.298,-0.207,-0.303,,5.0,2.0,6.0,,False
CH507-42P11.6,-0.982505230862398,down_in_PP,0.0408400960136221,91.5431594855314,4,C_significant_but_flagged,-0.159522468026497,0.0223127046536128,4.0,-0.318,,-0.302,0.205,9.0,,6.0,3.0,False
RP11-757F18.5,-0.974676791093478,down_in_PP,0.022234085037505,92.4642598908896,4,C_significant_but_flagged,-0.342240628236884,5.94427024668118e-08,4.0,0.401,-0.272,-0.342,-0.329,7.0,3.0,5.0,5.0,False
LINC00663,-0.971558893193307,down_in_PP,0.0019485428707338,90.2073996143657,4,C_significant_but_flagged,-0.373970572304873,1.7585805092902802e-09,4.0,-0.39,-0.313,-0.374,-0.286,3.0,3.0,6.0,6.0,False
ZNF528-AS1,-0.964026434217111,down_in_PP,0.0128811563005758,94.7429049565984,4,C_significant_but_flagged,-0.397857771276817,9.216434432724989e-11,4.0,-0.454,-0.468,-0.398,-0.366,7.0,4.0,5.0,7.0,False
RP11-1112J20.2,0.963228535828517,up_in_PP,2.67589798468568e-05,82.3249026565627,4,C_significant_but_flagged,0.0992997608154963,0.178312474701428,4.0,0.216,0.301,0.192,-0.303,7.0,4.0,1.0,4.0,False
XXbac-BPG27H4.8,0.963067439405329,up_in_PP,0.0364500696586444,79.239393990928,2,C_significant_but_flagged,,,,,,,,,,,,False
LINC00908,-0.962543555846166,down_in_PP,0.0006065154598344,65.9192176703342,2,C_significant_but_flagged,,,,,,,,,,,,False
RP11-360L9.7,0.961997541888691,up_in_PP,4.09516984336505e-05,82.8703253933826,4,C_significant_but_flagged,0.0494455191207024,0.538778898529452,4.0,0.186,0.253,-0.194,0.232,2.0,1.0,2.0,6.0,False
SMCR5,-0.959304162866629,down_in_PP,0.0215903616898027,64.9613202767715,2,C_significant_but_flagged,,,,,,,,,,,,False
RP11-613C6.2,-0.95835449958405,down_in_PP,0.0287439054978407,91.9429186888182,3,C_significant_but_flagged,-0.102588674624154,0.191951650398186,3.0,-0.325,-0.292,-0.305,-0.216,7.0,2.0,5.0,4.0,False
MYOSLID,0.955429442473848,up_in_PP,0.0459224664897621,88.8466580087113,4,C_significant_but_flagged,0.0528569685573584,0.507458237875016,4.0,0.272,0.152,-0.188,-0.276,5.0,1.0,2.0,3.0,False
LINC00882,-0.954568040403097,down_in_PP,4.9771402168893694e-11,0.0,2,C_significant_but_flagged,,,,,,,,,,,,False
CTD-2313F11.1,0.954078876200291,up_in_PP,7.469818113126819e-11,0.0,2,C_significant_but_flagged,,,,,,,,,,,,False
RP11-366L5.1,-0.95161993977937,down_in_PP,0.0001087448060194,75.3090939377974,3,C_significant_but_flagged,-0.321543917421538,5.928753251638e-07,3.0,-0.438,-0.233,0.373,-0.311,7.0,3.0,7.0,6.0,False
RP11-626G11.6,-0.950343202028196,down_in_PP,0.0080769984451309,84.8370797187491,2,C_significant_but_flagged,,,,,,,,,,,,False
LINC01534,-0.950168884700474,down_in_PP,0.0004984787443499,90.3289221047662,3,C_significant_but_flagged,-0.129951337866546,0.0719230212615763,3.0,-0.175,-0.151,0.25,,1.0,1.0,3.0,,False
RP4-694A7.2,0.948421332418739,up_in_PP,0.0087189397958805,86.6233230761626,4,C_significant_but_flagged,0.0382968423247997,0.643795936410077,4.0,0.238,0.217,0.282,-0.396,5.0,3.0,4.0,1.0,False
RP11-452L6.1,-0.946092956336149,down_in_PP,2.31302492284447e-10,64.8340696975108,2,C_significant_but_flagged,,,,,,,,,,,,False
ZNF571-AS1,-0.944236640162012,down_in_PP,0.0002484893326826,89.7757097572885,4,C_significant_but_flagged,-0.239117295002707,0.0003195938736928,4.0,-0.34,-0.248,-0.239,-0.273,6.0,3.0,6.0,5.0,False
CH507-254M2.1,-0.934947736015774,down_in_PP,0.0014294056066828,0.0,2,C_significant_but_flagged,,,,,,,,,,,,False
LINC01886,0.934931980894406,up_in_PP,1.73345730381257e-09,0.0,2,C_significant_but_flagged,,,,,,,,,,,,False
RP4-678D15.1,-0.932710538747337,down_in_PP,0.0007936708461131,86.4340357150066,4,C_significant_but_flagged,-0.189465934748915,0.0055791937312982,4.0,-0.308,-0.293,0.417,-0.27,8.0,3.0,6.0,7.0,False
EMX2OS,-0.932296141887035,down_in_PP,0.0189289386528591,93.9106705397216,4,C_significant_but_flagged,-0.249647386314677,0.0001577412691091,4.0,-0.462,-0.407,0.385,-0.353,11.0,4.0,5.0,6.0,False
RP11-363J20.1,-0.931600542855799,down_in_PP,0.0038142711182682,0.0,2,C_significant_but_flagged,,,,,,,,,,,,False
CTD-2012M11.3,-0.928584188222409,down_in_PP,0.0155987072937115,84.62820698256,4,C_significant_but_flagged,-0.0442787414529643,0.586583497378654,4.0,-0.371,-0.2,-0.313,-0.219,10.0,4.0,4.0,4.0,False
RP11-817O13.9,-0.928072210654588,down_in_PP,1.60456859387697e-16,0.0,2,C_significant_but_flagged,,,,,,,,,,,,False
MIR181A2HG,-0.926359951595404,down_in_PP,0.0438366955371974,73.0823125979346,2,C_significant_but_flagged,,,,,,,,,,,,False
RP11-1109F11.3,-0.924774723443063,down_in_PP,0.0299324427441992,83.6311126165093,3,C_significant_but_flagged,-0.253371157071944,0.0001423381813337,3.0,-0.364,-0.248,-0.253,-0.228,4.0,3.0,5.0,4.0,False
RP11-380B4.3,-0.923793332648331,down_in_PP,0.0312538236407545,87.3267978880653,2,C_significant_but_flagged,,,,,,,,,,,,False
AP001429.1,-0.923076689218681,down_in_PP,0.0008136211938136,44.20469647615,2,C_significant_but_flagged,,,,,,,,,,,,False
RP4-625H18.2,-0.923008638294105,down_in_PP,0.0069692757608509,92.0725756404754,3,C_significant_but_flagged,-0.268887789143457,4.70655770605131e-05,3.0,0.289,0.231,-0.269,-0.263,3.0,2.0,5.0,4.0,False
LINC02175,-0.921057743751068,down_in_PP,0.0022014820345858,86.1667611743354,3,C_significant_but_flagged,-0.212040428732737,0.0018521911363138,3.0,-0.413,-0.338,-0.212,-0.244,4.0,4.0,3.0,5.0,False
CTC-463N11.4,-0.92074838117053,down_in_PP,0.0005679535322115,96.7081787406414,4,C_significant_but_flagged,-0.290097274361535,7.48474107818636e-06,4.0,-0.388,-0.46,0.569,-0.456,8.0,3.0,9.0,7.0,False
RP11-255G12.2,-0.917593159861577,down_in_PP,0.0081279928729547,84.3246214213885,3,C_significant_but_flagged,-0.165068402411959,0.0187616861733405,3.0,-0.299,-0.252,-0.309,-0.278,5.0,3.0,3.0,5.0,False
RP11-585P4.6,-0.915172645210183,down_in_PP,0.0003324808531303,67.387957244901,2,C_significant_but_flagged,,,,,,,,,,,,False
RP11-102L12.2,0.91432781853042,up_in_PP,0.0002443964179589,91.7792204686712,3,C_significant_but_flagged,0.236869228438322,0.0004232639281725,3.0,0.293,0.282,0.359,-0.29,6.0,4.0,4.0,3.0,False
PCAT1,0.911774248599586,up_in_PP,0.0301265937133619,92.3821171574858,3,C_significant_but_flagged,0.0246013931851166,0.777786706761164,3.0,0.162,0.177,-0.197,-0.152,1.0,2.0,3.0,1.0,False
RP11-783K16.13,0.911324420602486,up_in_PP,0.005020271728059,95.6228921222498,4,C_significant_but_flagged,-0.0700611499155882,0.362049698396379,4.0,0.449,0.366,-0.529,0.297,5.0,3.0,5.0,4.0,False
RORA-AS1,-0.9109278784021,down_in_PP,0.0016140070387924,85.939801587115,4,C_significant_but_flagged,-0.377281688699776,1.1858651755182e-09,4.0,-0.466,-0.299,0.452,-0.365,9.0,4.0,6.0,4.0,False
CTD-2292M16.8,-0.902896863213448,down_in_PP,0.0057178606247309,91.9888181983417,4,C_significant_but_flagged,-0.260309978327201,7.44083865087502e-05,4.0,-0.435,-0.295,0.376,-0.34,5.0,3.0,7.0,5.0,False
RP11-218E20.5,0.901498925210128,up_in_PP,0.0005472720643913,92.6874898883634,4,C_significant_but_flagged,0.176289606295047,0.0105876802582936,4.0,0.336,0.313,0.33,-0.278,8.0,4.0,4.0,6.0,False
RP4-695O20.1,-0.899982786675208,down_in_PP,0.0116171119460222,60.2162848815653,2,C_significant_but_flagged,,,,,,,,,,,,False
RP11-161H23.5,0.895159495731479,up_in_PP,0.0021632065355624,95.9585785425145,4,C_significant_but_flagged,0.333292772199475,1.46462890363508e-07,4.0,0.561,0.547,-0.513,0.458,6.0,5.0,5.0,6.0,False
RP11-815J21.4,-0.894420246038067,down_in_PP,0.0001839778914382,81.4906010070148,3,C_significant_but_flagged,-0.0549141168853219,0.4932756145361,3.0,-0.502,-0.236,0.547,-0.261,7.0,3.0,5.0,5.0,False
AC108142.1,-0.892855626049862,down_in_PP,0.0034834456823273,0.0,2,C_significant_but_flagged,,,,,,,,,,,,False
CTD-2201I18.1,-0.89176763007652,down_in_PP,0.0340611296853068,85.9062694751068,3,C_significant_but_flagged,-0.0200700666178748,0.820840795558515,3.0,-0.208,-0.146,,,6.0,1.0,,,False
RP11-44N11.1,-0.889070055405988,down_in_PP,0.0372546469567417,65.0316145560452,2,C_significant_but_flagged,,,,,,,,,,,,False
RP11-729I10.2,-0.886502889379986,down_in_PP,0.0139230245700353,86.3943705367443,3,C_significant_but_flagged,-0.0839612762330638,0.269628417872158,3.0,-0.388,-0.277,0.568,-0.231,6.0,3.0,6.0,5.0,False
CTD-2368P22.1,-0.88340150113204,down_in_PP,0.0106406931627577,93.7680840485954,4,C_significant_but_flagged,-0.235310732952724,0.0004089011091239,4.0,-0.369,-0.342,-0.235,-0.345,5.0,5.0,3.0,5.0,False
RP11-14N7.2,-0.883144311038337,down_in_PP,0.0438651754835047,27.3469697921683,2,C_significant_but_flagged,,,,,,,,,,,,False
AC010136.2,-0.88255242632839,down_in_PP,2.92366388772471e-16,0.0,2,C_significant_but_flagged,,,,,,,,,,,,False
AC004540.4,0.880893524393975,up_in_PP,0.0008495019729856,82.5225755075058,4,C_significant_but_flagged,0.0997328434537777,0.17618391190075,4.0,0.367,0.148,0.463,-0.309,8.0,1.0,5.0,1.0,False
AC007405.6,-0.880642583103265,down_in_PP,0.0318124621564279,61.4712125874186,2,C_significant_but_flagged,,,,,,,,,,,,False
CTD-2026K11.6,-0.879031465062688,down_in_PP,0.0401146777253274,87.6403915492621,4,C_significant_but_flagged,-0.247360837930628,0.0001844255131261,4.0,-0.284,-0.371,-0.247,-0.257,8.0,4.0,4.0,7.0,False
CTA-221G9.12,-0.878530272703491,down_in_PP,0.0011747805168441,88.6648258125409,4,C_significant_but_flagged,0.149032421717432,0.0341926119308143,4.0,-0.298,-0.218,0.179,,6.0,3.0,2.0,,False
RP5-884C9.2,-0.877842999622545,down_in_PP,0.0308174826451544,92.6164761922887,4,C_significant_but_flagged,-0.136807461019563,0.0542490225380728,4.0,-0.352,-0.235,-0.388,-0.198,9.0,2.0,5.0,4.0,False
RP11-74E22.8,-0.877266088567417,down_in_PP,3.0893194084080503e-15,0.0,2,C_significant_but_flagged,,,,,,,,,,,,False
CTA-989H11.1,0.87394777844019,up_in_PP,0.0314682885715984,84.7775552853032,3,C_significant_but_flagged,0.204445771170658,0.00470473787006,3.0,0.2,0.219,-0.268,0.214,4.0,1.0,7.0,5.0,False
RP11-324E6.6,0.872383521348501,up_in_PP,0.0011258147169801,87.4362142294679,4,C_significant_but_flagged,0.264152948008785,5.61313590241614e-05,4.0,0.408,0.433,0.264,0.252,8.0,5.0,4.0,6.0,False
RP11-195F19.9,-0.868804682412155,down_in_PP,0.0001463412560512,75.0965606970447,4,C_significant_but_flagged,-0.261775445224983,6.67956122356434e-05,4.0,-0.379,-0.337,-0.262,-0.283,3.0,4.0,5.0,6.0,False
RP11-15H20.6,-0.867660518074379,down_in_PP,0.0045819372985348,91.3922542883498,4,C_significant_but_flagged,-0.174618423874624,0.0114425421767026,4.0,-0.34,-0.303,-0.215,-0.186,6.0,5.0,5.0,2.0,False
CARD8-AS1,0.864501710619014,up_in_PP,6.21293511686668e-05,80.2232210586801,4,C_significant_but_flagged,-0.121242994494721,0.0924499276084046,4.0,0.308,,0.387,-0.188,8.0,,5.0,3.0,False
RP11-115D19.1,-0.863522296110006,down_in_PP,0.0002832068496635,88.0983154082761,4,C_significant_but_flagged,-0.340505402788261,7.09710028409418e-08,4.0,0.303,-0.295,-0.341,-0.382,8.0,3.0,8.0,6.0,False
NEBL-AS1,-0.861945334718097,down_in_PP,0.0211873061096552,88.8216353654983,2,C_significant_but_flagged,,,,,,,,,,,,False
SPIN4-AS1,0.861445313923254,up_in_PP,0.0396672899735181,87.5137809458812,3,C_significant_but_flagged,0.0588314629472533,0.483972881770783,3.0,0.344,,0.353,,5.0,,4.0,,False
LINC01752,-0.859606462555341,down_in_PP,2.14739107282366e-10,0.0,2,C_significant_but_flagged,,,,,,,,,,,,False
FAM157A,0.85733755625409,up_in_PP,0.0459184262672145,92.5658942628429,4,C_significant_but_flagged,0.254705215553779,0.0001110888593775,4.0,-0.301,0.344,0.553,0.241,8.0,3.0,8.0,6.0,False
AC144652.1,-0.8529705647484,down_in_PP,0.0119400358909491,81.2442040623108,4,C_significant_but_flagged,0.0645794562840262,0.405868116196775,4.0,0.172,-0.175,-0.223,0.269,4.0,2.0,2.0,2.0,False
RP4-555D20.2,-0.852236303617712,down_in_PP,0.0368980751433251,0.0,2,C_significant_but_flagged,,,,,,,,,,,,False
RP11-830F9.5,-0.850953076930716,down_in_PP,0.0081581926159971,86.7831326486593,2,C_significant_but_flagged,,,,,,,,,,,,False
RP4-742C19.13,-0.846499375422029,down_in_PP,1.08332426917273e-06,82.9920828183557,4,C_significant_but_flagged,-0.0089302252012061,0.92142054774022,4.0,-0.545,-0.29,0.544,0.341,11.0,4.0,6.0,3.0,False
SMC5-AS1,-0.845416833866297,down_in_PP,0.0147128835238994,92.5758944594385,4,C_significant_but_flagged,-0.0891063453715235,0.233571483044086,4.0,0.325,-0.217,0.245,-0.166,7.0,2.0,2.0,1.0,False
RP4-671O14.6,-0.843552075635816,down_in_PP,8.9688804927187e-05,81.9168985949604,4,C_significant_but_flagged,-0.0466497230062335,0.564900244210209,4.0,-0.407,-0.267,-0.288,0.234,9.0,3.0,4.0,3.0,False
AC006116.24,-0.837060405185981,down_in_PP,0.0002647984600616,84.977034404131,4,C_significant_but_flagged,-0.13228277313351,0.063642568453222,4.0,-0.435,-0.182,0.457,-0.231,6.0,2.0,6.0,3.0,False
RP11-508N12.2,-0.835105751899812,down_in_PP,0.0002935719033491,26.4932825563919,2,C_significant_but_flagged,,,,,,,,,,,,False
RP11-138A9.1,-0.83423475308075,down_in_PP,2.04093582564063e-05,14.95449795998,2,C_significant_but_flagged,,,,,,,,,,,,False
RP11-236L14.2,-0.833962323779774,down_in_PP,0.0001782097128794,33.0436596659352,2,C_significant_but_flagged,,,,,,,,,,,,False
LINC01936,-0.833178194787666,down_in_PP,2.3122271407912802e-09,0.0,2,C_significant_but_flagged,,,,,,,,,,,,False
MIR100HG,-0.831381362492189,down_in_PP,0.0039234024700616,86.2516218939546,4,C_significant_but_flagged,-0.277073987778877,2.12096515514483e-05,4.0,-0.637,-0.369,0.756,-0.38,6.0,5.0,8.0,5.0,False
HYMAI,-0.83052949126787,down_in_PP,0.0001550999019573,80.852697277431,4,C_significant_but_flagged,0.0454487499296685,0.575667510272593,4.0,-0.397,-0.164,0.234,-0.153,3.0,1.0,3.0,2.0,False
RP4-545K15.5,-0.829458146994588,down_in_PP,0.0381861093545598,87.7107273950625,3,C_significant_but_flagged,0.0222404064618219,0.800611379953578,3.0,-0.321,-0.149,0.332,,7.0,1.0,3.0,,False
RP11-119F7.5,-0.826917242167011,down_in_PP,0.0028902254196206,79.288011484007,3,C_significant_but_flagged,-0.357031795323604,1.68719450821269e-08,3.0,-0.477,-0.329,0.445,-0.383,5.0,3.0,6.0,5.0,False
RP11-419I17.1,-0.825995485688889,down_in_PP,0.0037462228194665,82.2037179193725,4,C_significant_but_flagged,-0.220756971162237,0.0010067168428812,4.0,-0.42,-0.254,0.403,0.256,9.0,3.0,8.0,4.0,False
PANDAR,0.824812153063673,up_in_PP,1.37212891067942e-06,77.8167957780184,4,C_significant_but_flagged,0.208348959050347,0.0020461786278831,4.0,0.339,0.218,0.562,-0.281,6.0,3.0,7.0,6.0,False
RP11-335I12.2,0.824406065384032,up_in_PP,0.0301647299723266,95.2008348627236,3,C_significant_but_flagged,0.21223163760978,0.00183361038155,3.0,0.502,,0.581,-0.291,8.0,,7.0,1.0,False
LINC01504,-0.822829372704363,down_in_PP,0.013963738273151,77.7390021150686,3,C_significant_but_flagged,-0.113286240773353,0.122577760878696,3.0,-0.22,,,,2.0,,,,False
RP11-15I11.3,-0.822618785632153,down_in_PP,0.0208573316176435,37.635278484136,2,C_significant_but_flagged,,,,,,,,,,,,False
AF131217.1,-0.821058591287551,down_in_PP,0.0362928024434467,81.244845694217,4,C_significant_but_flagged,-0.143076853933088,0.0429998422443564,4.0,-0.315,-0.174,0.203,-0.169,3.0,3.0,3.0,4.0,False
RP11-506H21.5,-0.818312694336941,down_in_PP,0.0001386183417732,33.8982371448076,2,C_significant_but_flagged,,,,,,,,,,,,False
RP11-1336O20.2,-0.817674020327842,down_in_PP,0.0132192607007039,76.9311710412254,2,C_significant_but_flagged,,,,,,,,,,,,False
RP11-297N6.4,-0.816803995216007,down_in_PP,0.021368834275843,79.6258271923543,2,C_significant_but_flagged,,,,,,,,,,,,False
RP11-303E16.2,0.816431674588916,up_in_PP,0.0425884093670353,95.0418248059435,4,C_significant_but_flagged,0.0389657732059417,0.637532345604229,4.0,0.299,0.265,0.194,-0.415,7.0,3.0,2.0,5.0,False
LINC01503,0.814526693652152,up_in_PP,2.99754454185123e-07,75.2875764567636,4,C_significant_but_flagged,0.330590502199897,1.91324181207486e-07,4.0,0.391,0.355,-0.39,0.305,8.0,4.0,8.0,6.0,False
RP11-303E16.3,0.814048388070258,up_in_PP,0.0024418116398117,88.7532945583989,4,C_significant_but_flagged,0.242819319423731,0.0002497258580034,4.0,0.353,0.374,0.243,0.38,6.0,3.0,7.0,6.0,False
AC007036.5,-0.811924538041351,down_in_PP,1.58434891915324e-05,90.7911150030236,4,C_significant_but_flagged,-0.257937276770199,8.82822656437056e-05,4.0,-0.391,-0.411,0.472,-0.357,8.0,3.0,8.0,6.0,False
AC097724.3,-0.810961981874848,down_in_PP,9.169112200518979e-11,0.0,2,C_significant_but_flagged,,,,,,,,,,,,False
RP13-487P22.1,-0.81085242457129,down_in_PP,0.0039598643514531,51.7748818535602,2,C_significant_but_flagged,,,,,,,,,,,,False
AE000661.37,0.801308022989559,up_in_PP,0.000219145160664,49.4498830753469,2,C_significant_but_flagged,,,,,,,,,,,,False
RP11-96H19.1,-0.801177173217797,down_in_PP,0.0102736522312959,84.5741340100885,4,C_significant_but_flagged,-0.213496099154127,0.0015297145073672,4.0,-0.194,-0.265,-0.222,0.252,5.0,4.0,2.0,6.0,False
RP11-775C24.5,0.795557217401028,up_in_PP,0.0151692264877313,89.6715511774133,4,C_significant_but_flagged,0.114576718284198,0.114332368932833,4.0,-0.223,,0.167,,3.0,,1.0,,False
RP1-92O14.6,0.789866129267595,up_in_PP,8.029812506811049e-12,83.602702504851,4,C_significant_but_flagged,0.310861509899382,1.24071261496225e-06,4.0,0.468,0.501,-0.319,0.436,6.0,5.0,5.0,6.0,False
RP11-219B17.3,-0.789259713453217,down_in_PP,6.86374252247944e-16,0.0,2,C_significant_but_flagged,,,,,,,,,,,,False
SNHG14,-0.788874528294881,down_in_PP,0.0004779910631721,94.9176834178246,4,C_significant_but_flagged,-0.340211025516071,7.31092099208641e-08,4.0,-0.765,-0.377,0.52,-0.397,6.0,3.0,8.0,5.0,False
RP11-48B3.3,-0.788706824051658,down_in_PP,0.0224414710790647,61.165965739135,2,C_significant_but_flagged,,,,,,,,,,,,False
RAPGEF4-AS1,-0.785349839858282,down_in_PP,0.0020705504656939,0.0,2,C_significant_but_flagged,,,,,,,,,,,,False
RP11-932O9.9,-0.784859799402691,down_in_PP,0.0347311080632531,72.372181194128,2,C_significant_but_flagged,,,,,,,,,,,,False
RP4-751H13.7,-0.784607887081658,down_in_PP,0.0001694554796455,84.9026828704421,4,C_significant_but_flagged,-0.204763426695512,0.0024995628397143,4.0,-0.427,-0.273,0.508,0.222,8.0,5.0,7.0,5.0,False
RP11-142O6.1,-0.781728065455261,down_in_PP,0.0005839696858011,0.0,2,C_significant_but_flagged,,,,,,,,,,,,False
AC000403.4,-0.781665564631057,down_in_PP,0.0043371389386809,76.4739602442972,3,C_significant_but_flagged,-0.0331820762071663,0.696163981806586,3.0,0.329,-0.148,0.429,-0.203,6.0,1.0,6.0,1.0,False
LAMA5-AS1,-0.780905390705437,down_in_PP,0.0113777364972117,79.0053717296843,3,C_significant_but_flagged,0.0330808995492812,0.712803254548744,3.0,-0.415,-0.228,0.541,-0.178,9.0,2.0,6.0,3.0,False
RP11-568N6.1,0.780177552850504,up_in_PP,0.0078380050831356,92.2617285864911,3,C_significant_but_flagged,0.0069399170974523,0.939959645735011,3.0,0.385,0.149,0.413,-0.22,4.0,2.0,8.0,1.0,False
RP11-486G15.2,-0.779896287167882,down_in_PP,0.0109929605698467,72.6944574462992,2,C_significant_but_flagged,,,,,,,,,,,,False
CH507-254M2.2,-0.779064162850266,down_in_PP,0.0047274319858277,0.0,2,C_significant_but_flagged,,,,,,,,,,,,False
RP11-67L3.5,-0.778908451376473,down_in_PP,2.1141820095977e-06,80.1387865283045,4,C_significant_but_flagged,0.0992883809322013,0.178368639779002,4.0,0.498,,-0.369,0.19,6.0,,4.0,2.0,False
RP13-225O21.2,-0.778584690469956,down_in_PP,1.02611315837657e-09,0.0,2,C_significant_but_flagged,,,,,,,,,,,,False
RP11-342I1.2,-0.778389608644685,down_in_PP,2.54064125213515e-09,0.0,2,C_significant_but_flagged,,,,,,,,,,,,False
RP11-196H14.2,-0.773375104571276,down_in_PP,0.0035284815279842,0.0,2,C_significant_but_flagged,,,,,,,,,,,,False
RP11-557H15.4,-0.76948937904241,down_in_PP,2.07271241236193e-10,0.0,2,C_significant_but_flagged,,,,,,,,,,,,False
RP11-848P1.2,0.768718408296185,up_in_PP,0.0018652708926027,87.6398388174498,4,C_significant_but_flagged,-0.0835225256086094,0.267580967167782,4.0,-0.273,,0.178,-0.357,5.0,,1.0,2.0,False
RP11-42I10.1,0.765083176853675,up_in_PP,1.1977677841757601e-14,0.0,2,C_significant_but_flagged,,,,,,,,,,,,False
AC008982.2,0.757123259133382,up_in_PP,0.0023932079585001,62.4645280811815,2,C_significant_but_flagged,,,,,,,,,,,,False
RP11-244F12.2,-0.756720981795089,down_in_PP,0.0038988966069108,88.4373591864622,4,C_significant_but_flagged,-0.373703243226061,1.8149950084585501e-09,4.0,-0.559,-0.349,0.42,-0.338,5.0,3.0,7.0,5.0,False
AC004471.10,-0.755708723056011,down_in_PP,4.776598667659111e-09,0.0,2,C_significant_but_flagged,,,,,,,,,,,,False
RP11-432I5.6,-0.754697211455531,down_in_PP,0.0014762263867646,11.3111761205813,2,C_significant_but_flagged,,,,,,,,,,,,False
CTD-2619J13.9,-0.75438186035723,down_in_PP,4.13567466644895e-16,0.0,2,C_significant_but_flagged,,,,,,,,,,,,False
C1orf132,-0.754027658431066,down_in_PP,0.00505964824735,87.1858748561287,4,C_significant_but_flagged,-0.265959947923319,4.91821477068755e-05,4.0,-0.461,-0.331,-0.266,-0.266,7.0,3.0,5.0,5.0,False
RP11-651L5.3,0.753583380528338,up_in_PP,0.0177045525142817,85.9468757414684,3,C_significant_but_flagged,-0.175514835775354,0.0118114463056269,3.0,-0.174,,0.328,-0.153,4.0,,5.0,1.0,False
RP11-24J19.1,-0.752055024355914,down_in_PP,9.74665798354556e-05,81.0585611780818,4,C_significant_but_flagged,-0.154937023726268,0.0269722614053462,4.0,-0.266,-0.201,-0.275,0.248,9.0,4.0,7.0,5.0,False
RP11-15B17.1,0.752001634221435,up_in_PP,1.79651910001535e-06,80.4196617049889,4,C_significant_but_flagged,0.193162720561079,0.0046252387884971,4.0,0.533,0.258,-0.412,0.27,4.0,3.0,5.0,4.0,False
RP11-13K12.1,-0.751406097213036,down_in_PP,9.52195650252358e-05,39.0868328380709,2,C_significant_but_flagged,,,,,,,,,,,,False
RP5-1042I8.7,-0.750340979481501,down_in_PP,0.0102010223051563,94.0981218212215,4,C_significant_but_flagged,-0.163985532190593,0.0184387833367984,4.0,-0.307,-0.238,0.329,-0.252,5.0,3.0,7.0,6.0,False
OSER1-AS1,-0.749133777059637,down_in_PP,0.0060233478432695,89.7553886422661,4,C_significant_but_flagged,-0.30499996829493,2.09710315672909e-06,4.0,-0.26,-0.271,-0.305,0.252,6.0,3.0,4.0,7.0,False
RP11-196H14.3,-0.748087311879785,down_in_PP,6.42920534573084e-13,0.0,2,C_significant_but_flagged,,,,,,,,,,,,False
RP11-753H16.5,-0.741944108558576,down_in_PP,7.68297130813347e-11,0.0,2,C_significant_but_flagged,,,,,,,,,,,,False
CTC-529I10.1,-0.740931991921428,down_in_PP,0.0024679017029107,51.2468116751353,2,C_significant_but_flagged,,,,,,,,,,,,False
RP1-102E24.8,0.739689246750274,up_in_PP,0.0181392139217206,81.4963302172544,4,C_significant_but_flagged,-0.202401896473961,0.0028425987707281,4.0,-0.298,,0.243,-0.267,4.0,,3.0,2.0,False
LINC01238,-0.739082993625917,down_in_PP,2.04815652744608e-05,0.0,2,C_significant_but_flagged,,,,,,,,,,,,False
CTD-2215L10.1,-0.73776073889965,down_in_PP,0.0290097728796505,90.1094726575867,4,C_significant_but_flagged,-0.0171676743180287,0.846507086089788,4.0,-0.4,-0.26,0.51,-0.252,6.0,3.0,5.0,3.0,False
ZNF790-AS1,-0.737233955143739,down_in_PP,0.0040358968047319,90.900428981526,4,C_significant_but_flagged,-0.317929179772755,6.42736134611156e-07,4.0,-0.245,-0.352,-0.318,-0.301,4.0,4.0,5.0,6.0,False
GMDS-AS1,-0.73675318765468,down_in_PP,0.0064154884182955,89.087707220756,4,C_significant_but_flagged,-0.194368336074479,0.0043466005009076,4.0,-0.44,-0.382,-0.267,-0.206,9.0,5.0,5.0,6.0,False
SNHG3,0.734076036896219,up_in_PP,0.0138591210376482,94.8338679927561,4,C_significant_but_flagged,0.0841525354618503,0.263532292597643,4.0,-0.262,0.332,-0.278,0.266,5.0,3.0,3.0,6.0,False
THRIL,-0.732970541555582,down_in_PP,0.004689556770592,84.7961879470711,4,C_significant_but_flagged,0.0512256380395527,0.522520795046284,4.0,0.311,-0.219,-0.268,0.231,6.0,1.0,3.0,2.0,False
RP11-195B17.1,-0.732561146057217,down_in_PP,4.34277306759092e-06,0.0,2,C_significant_but_flagged,,,,,,,,,,,,False
RP11-256I23.2,-0.732368756592807,down_in_PP,0.0118312599735602,81.2979658573852,4,C_significant_but_flagged,-0.0630112421783254,0.418681795916877,4.0,-0.445,-0.248,0.55,0.216,9.0,2.0,7.0,1.0,False
LINC00894,-0.729281931147165,down_in_PP,0.0060372424195901,83.3450707591347,4,C_significant_but_flagged,-0.326028838125327,2.96933860839053e-07,4.0,-0.382,-0.216,0.382,-0.226,6.0,2.0,6.0,4.0,False
RP11-649G15.2,-0.727684129774451,down_in_PP,0.0173888693807533,91.1275861673443,3,C_significant_but_flagged,-0.29205776605877,7.83497477530199e-06,3.0,0.338,-0.338,-0.315,-0.307,5.0,3.0,6.0,7.0,False
RP11-526F3.1,0.72666712077852,up_in_PP,0.0151055697470082,49.2344591004539,2,C_significant_but_flagged,,,,,,,,,,,,False
LINC01144,-0.726462618696992,down_in_PP,2.5983006835748e-15,0.0,2,C_significant_but_flagged,,,,,,,,,,,,False
RP11-332M2.1,0.725866049411532,up_in_PP,2.60871217841348e-05,86.7538872618115,4,C_significant_but_flagged,0.0970477451006846,0.189832466188245,4.0,0.494,0.167,-0.427,-0.188,10.0,4.0,6.0,3.0,False
RP11-429P3.5,0.725832621666926,up_in_PP,0.0002414428821123,81.9991821086909,4,C_significant_but_flagged,0.108768159860074,0.135980462834172,4.0,0.278,0.282,-0.341,-0.299,3.0,3.0,3.0,4.0,False
CTC-529P8.1,-0.725786601121253,down_in_PP,0.0212486165817119,0.0,2,C_significant_but_flagged,,,,,,,,,,,,False
CTD-2384B11.2,-0.725705785413849,down_in_PP,0.0246161392706205,87.900106158525,4,C_significant_but_flagged,0.0922421456181894,0.215530490789671,4.0,0.387,,-0.21,0.272,5.0,,3.0,1.0,False
CTD-2576F9.2,-0.722888282220487,down_in_PP,0.0037716001016908,80.2040763539424,4,C_significant_but_flagged,-0.091682322783476,0.218783972014614,4.0,0.339,-0.286,-0.331,0.403,7.0,4.0,4.0,2.0,False
LINC01679,-0.722878085457921,down_in_PP,0.0001148371400558,76.2115045674766,4,C_significant_but_flagged,-0.0890918417339253,0.233663027669371,4.0,0.401,-0.156,-0.35,0.292,9.0,1.0,4.0,5.0,False
RP11-297A16.4,0.722244834378582,up_in_PP,2.3453969286357e-05,79.9200348219951,4,C_significant_but_flagged,-0.03698572095972,0.656266891839048,4.0,0.235,0.273,-0.371,0.275,6.0,4.0,4.0,6.0,False
CTD-2587M2.1,-0.720837625354245,down_in_PP,0.008076109278354,76.6583311260761,3,C_significant_but_flagged,-0.191593846003544,0.0054624495539531,3.0,-0.322,-0.218,-0.192,-0.22,6.0,2.0,3.0,5.0,False
RP11-429P3.3,0.719964726797639,up_in_PP,0.0470617823332337,81.0648261482196,3,C_significant_but_flagged,0.35604712792407,1.01464625158319e-07,3.0,0.469,0.312,0.515,0.344,8.0,2.0,7.0,5.0,False
RP11-29G8.3,0.716700902783292,up_in_PP,7.29236200463935e-08,88.6137558399644,4,C_significant_but_flagged,0.387279906138612,3.53219380761933e-10,4.0,0.488,0.574,0.4,0.439,12.0,5.0,7.0,7.0,False
CLDN10-AS1,-0.716280134284239,down_in_PP,6.92978390143946e-05,0.0,2,C_significant_but_flagged,,,,,,,,,,,,False
CTB-113P19.5,-0.714501225367631,down_in_PP,2.15885084332911e-05,51.7488896443545,2,C_significant_but_flagged,,,,,,,,,,,,False
ADD3-AS1,-0.714289900594617,down_in_PP,0.0025737783316847,85.6398393804302,4,C_significant_but_flagged,-0.119971087775243,0.0963953897545182,4.0,-0.384,-0.256,0.339,-0.247,7.0,4.0,3.0,3.0,False
LINC00511,0.713908213360727,up_in_PP,9.1168522275504e-06,83.7412725092629,4,C_significant_but_flagged,0.261308209038621,6.91477873864307e-05,4.0,0.402,0.319,-0.304,0.247,4.0,4.0,4.0,5.0,False
CTC-325H20.4,-0.71189770809617,down_in_PP,0.0073626807722571,89.4590337155628,4,C_significant_but_flagged,-0.0812512701430704,0.282141792639168,4.0,-0.284,,0.345,-0.235,4.0,,5.0,4.0,False
CTD-2521M24.6,0.7117613012072,up_in_PP,1.73081177317697e-07,0.0,2,C_significant_but_flagged,,,,,,,,,,,,False
RP11-464D20.6,-0.71106350923491,down_in_PP,0.0054907641443677,0.0,2,C_significant_but_flagged,,,,,,,,,,,,False
LINC01140,-0.7105186733269,down_in_PP,0.0360016443906079,81.5516968511749,4,C_significant_but_flagged,-0.151431036148724,0.0310531337026703,4.0,-0.363,-0.284,0.47,-0.154,4.0,5.0,4.0,1.0,False
RP11-351D16.3,0.709948525325546,up_in_PP,0.0461404751387903,84.890088435118,4,C_significant_but_flagged,-0.044238590594356,0.587005751673399,4.0,0.289,,0.234,,3.0,,3.0,,False
RP11-638I2.6,-0.70962581970444,down_in_PP,0.0011679136309511,89.5986756828149,4,C_significant_but_flagged,-0.130060804906291,0.0687695087878387,4.0,-0.409,-0.219,-0.428,0.343,9.0,3.0,7.0,1.0,False
XXbac-BPG252P9.10,-0.708823171073754,down_in_PP,0.0123006997218971,87.935666439453,4,C_significant_but_flagged,-0.0994243564119224,0.177694467997744,4.0,0.349,,0.263,0.144,5.0,,3.0,1.0,False
RP11-410L14.2,-0.704522806972572,down_in_PP,0.0420046928682286,88.799300026692,3,C_significant_but_flagged,-0.140370938507131,0.0499003979926552,3.0,-0.282,-0.216,-0.192,0.265,3.0,3.0,4.0,2.0,False
PRKG1-AS1,-0.70135086343374,down_in_PP,1.99895334225065e-09,0.0,2,C_significant_but_flagged,,,,,,,,,,,,False
RP11-523O18.5,0.700447092688673,up_in_PP,0.0198252746156083,70.1107457717734,2,C_significant_but_flagged,,,,,,,,,,,,False
RP11-284H19.1,-0.6997928766488,down_in_PP,8.33090644113662e-06,0.0,2,C_significant_but_flagged,,,,,,,,,,,,False
RP11-73K9.3,-0.699428463797215,down_in_PP,0.0097715488446152,40.9419569730074,2,C_significant_but_flagged,,,,,,,,,,,,False
RP11-638I2.8,0.69846424052606,up_in_PP,0.047053465855841,94.7309117766161,4,C_significant_but_flagged,0.380550622510705,8.01896162819652e-10,4.0,0.371,0.343,0.4,0.3,9.0,3.0,5.0,5.0,False
LANCL1-AS1,-0.698078043837715,down_in_PP,3.5796458182629e-06,0.0,2,C_significant_but_flagged,,,,,,,,,,,,False
ZNF503-AS2,0.69802500972561,up_in_PP,0.0013420122956562,88.660786355635,4,C_significant_but_flagged,0.170554301159855,0.0137651672753657,4.0,0.437,-0.18,-0.296,0.232,7.0,1.0,7.0,3.0,False
WI2-85898F10.2,-0.696094921304101,down_in_PP,4.15630326879674e-05,0.0,2,C_significant_but_flagged,,,,,,,,,,,,False
MAGI2-AS3,-0.695534080397715,down_in_PP,0.0159433332877144,90.0440972174294,4,C_significant_but_flagged,-0.253161847337875,0.0001238211798188,4.0,-0.661,-0.366,0.717,-0.347,7.0,4.0,7.0,5.0,False
CTB-158D10.3,-0.692702277275755,down_in_PP,0.0011913610887416,79.2799921594868,4,C_significant_but_flagged,0.0686037046891984,0.373445080549964,4.0,-0.448,-0.212,0.353,0.214,9.0,4.0,6.0,3.0,False
AZIN1-AS1,-0.692309363813372,down_in_PP,0.0032583131715251,88.0403434417576,3,C_significant_but_flagged,-0.214934119134092,0.0015710693250417,3.0,-0.304,-0.317,-0.255,0.254,6.0,4.0,2.0,4.0,False
ZRANB2-AS2,-0.687478808685639,down_in_PP,9.12740386222617e-05,1.71117313658376,2,C_significant_but_flagged,,,,,,,,,,,,False
AP000769.7,-0.686280372618366,down_in_PP,5.48523338705504e-06,0.0,2,C_significant_but_flagged,,,,,,,,,,,,False
CERS6-AS1,-0.686017163751142,down_in_PP,0.0009765492181315,91.8779761907657,4,C_significant_but_flagged,-0.256120112073658,0.00010034973346,4.0,-0.511,-0.32,0.608,-0.442,9.0,3.0,7.0,5.0,False
LINC00513,-0.685813889250667,down_in_PP,0.0010122266144205,0.0,2,C_significant_but_flagged,,,,,,,,,,,,False
WDFY3-AS2,-0.684171257488141,down_in_PP,0.0002805041682749,85.452298448104,4,C_significant_but_flagged,-0.205066813634927,0.0024585658046382,4.0,-0.444,-0.299,0.635,-0.303,8.0,3.0,7.0,5.0,False
CTB-89H12.4,0.681384320388056,up_in_PP,1.6643540065292298e-11,78.2969347752484,4,C_significant_but_flagged,0.108707026909403,0.136230684427361,4.0,0.647,0.393,-0.537,-0.405,11.0,5.0,7.0,4.0,False
TOLLIP-AS1,-0.680575863132509,down_in_PP,5.55727201874835e-05,41.8745956372253,2,C_significant_but_flagged,,,,,,,,,,,,False
RP11-91P24.7,-0.679911401438507,down_in_PP,0.0380987956709464,95.0491216762207,4,C_significant_but_flagged,-0.269078240024733,3.89395044934226e-05,4.0,-0.368,-0.298,-0.458,0.445,7.0,4.0,6.0,6.0,False
RP11-304L19.4,-0.676923369548313,down_in_PP,0.000984726358245,83.1281700152991,4,C_significant_but_flagged,-0.0552090077996143,0.485870661800252,4.0,-0.352,-0.234,0.606,-0.22,8.0,3.0,6.0,4.0,False
RP11-273B20.1,0.676763484975286,up_in_PP,0.0084349833536163,80.6314380660376,4,C_significant_but_flagged,0.0769425303776211,0.311623985499833,4.0,-0.268,-0.183,0.526,,6.0,1.0,4.0,,False
RP11-296K13.4,0.676504010848583,up_in_PP,5.48166585363775e-05,0.0,2,C_significant_but_flagged,,,,,,,,,,,,False
RP5-1021I20.1,-0.676433495208548,down_in_PP,0.0199649369193156,76.2690272898014,2,C_significant_but_flagged,,,,,,,,,,,,False
LINC00906,-0.675599744878763,down_in_PP,0.0308171833823681,0.0,2,C_significant_but_flagged,,,,,,,,,,,,False
SRD5A3-AS1,0.672731538867722,up_in_PP,1.47686251987775e-05,79.2279181899316,4,C_significant_but_flagged,0.124260133546395,0.0837367969766359,4.0,0.251,0.178,-0.231,0.169,1.0,1.0,2.0,6.0,False
SEC24B-AS1,-0.671742180348327,down_in_PP,0.0002498965584026,75.9096142098997,3,C_significant_but_flagged,-0.199975225654772,0.0035666555178602,3.0,-0.274,-0.241,0.214,-0.26,5.0,4.0,5.0,4.0,False
SCOC-AS1,-0.669701058632711,down_in_PP,0.0374108447913944,83.5697827090848,4,C_significant_but_flagged,-0.238943048499565,0.0003233161852939,4.0,-0.241,-0.187,-0.239,-0.23,3.0,1.0,4.0,4.0,False
RP11-255E6.6,0.669699598485682,up_in_PP,0.0343009455523257,86.8715775638235,3,C_significant_but_flagged,-0.209690720789797,0.0021060447688679,3.0,0.312,0.18,0.307,-0.203,7.0,1.0,4.0,3.0,False
CTC-425F1.4,0.669317982315969,up_in_PP,0.0004786696718441,87.6753720252887,4,C_significant_but_flagged,0.354755803066525,1.55973700178561e-08,4.0,0.586,0.3,-0.463,0.412,7.0,3.0,7.0,5.0,False
RP11-875O11.1,-0.669117201928982,down_in_PP,0.0206287712189407,91.9997976824639,4,C_significant_but_flagged,0.0444985957033884,0.584521791130129,4.0,0.421,-0.284,0.288,0.235,10.0,3.0,4.0,4.0,False
HAS2-AS1,-0.668412069075424,down_in_PP,0.0494208858295371,79.7243825488651,4,C_significant_but_flagged,0.0564723280484255,0.474599243732733,4.0,0.318,-0.205,0.447,-0.168,7.0,1.0,6.0,3.0,False
RP11-87C12.5,-0.667589016353885,down_in_PP,4.81278599381516e-07,0.0,2,C_significant_but_flagged,,,,,,,,,,,,False
RP11-793H13.3,-0.667469268828983,down_in_PP,0.017986571376295,95.0320445915834,4,C_significant_but_flagged,0.0304649248568452,0.719690008451061,4.0,-0.347,-0.259,0.406,-0.218,8.0,3.0,6.0,3.0,False
LINC01290,-0.666950678143144,down_in_PP,5.51317117547633e-05,0.0,2,C_significant_but_flagged,,,,,,,,,,,,False
AC009495.2,-0.666441441852982,down_in_PP,0.000314015415223,0.0,2,C_significant_but_flagged,,,,,,,,,,,,False
LARGE-AS1,-0.664665861127985,down_in_PP,0.0330305310257268,45.941807980733,2,C_significant_but_flagged,,,,,,,,,,,,False
RP4-669P10.20,-0.663043533028564,down_in_PP,0.0489804003889099,80.9590351721415,2,C_significant_but_flagged,,,,,,,,,,,,False
POC1B-AS1,-0.660216567061777,down_in_PP,0.0034043197743102,81.2278149406782,4,C_significant_but_flagged,-0.104786552009953,0.15275257873205,4.0,-0.441,-0.243,0.284,,5.0,4.0,3.0,,False
RP11-539I5.1,-0.656886439059045,down_in_PP,0.0009395801116239,87.4039897009564,4,C_significant_but_flagged,-0.336491021537267,1.06242077441309e-07,4.0,-0.302,-0.262,-0.337,-0.27,7.0,4.0,7.0,5.0,False
RP5-848E13.4,-0.656028430501837,down_in_PP,7.16177502854406e-08,0.0,2,C_significant_but_flagged,,,,,,,,,,,,False
RP11-815J21.1,-0.655660297262519,down_in_PP,0.0034332125446443,0.0,2,C_significant_but_flagged,,,,,,,,,,,,False
RP11-507K2.6,-0.655558080712232,down_in_PP,0.0037397253274051,0.0,2,C_significant_but_flagged,,,,,,,,,,,,False
CTD-2540F13.2,0.655161355266559,up_in_PP,3.83962132864633e-08,0.0,2,C_significant_but_flagged,,,,,,,,,,,,False
AC006042.6,-0.654086440091857,down_in_PP,3.0784833450544403e-09,0.0,2,C_significant_but_flagged,,,,,,,,,,,,False
OSMR-AS1,0.65405759715796,up_in_PP,0.0128388449993319,86.8685646199365,3,C_significant_but_flagged,-0.0086064645422261,0.925093020475531,3.0,-0.184,0.163,-0.161,,2.0,1.0,2.0,,False
CTC-308K20.1,-0.653601012344566,down_in_PP,8.79031912415847e-06,0.0,2,C_significant_but_flagged,,,,,,,,,,,,False
AL163953.3,-0.652335701816245,down_in_PP,1.40147590712513e-05,32.0246318971131,2,C_significant_but_flagged,,,,,,,,,,,,False
SND1-IT1,-0.65180120156312,down_in_PP,0.0072314278608121,0.0,2,C_significant_but_flagged,,,,,,,,,,,,False
RP11-434H6.7,-0.651393123346949,down_in_PP,8.266274187791389e-11,0.0,2,C_significant_but_flagged,,,,,,,,,,,,False
NAV2-AS2,-0.650996181239628,down_in_PP,0.0384623523973717,89.4742453271681,4,C_significant_but_flagged,0.173312665790976,0.0121499100068635,4.0,-0.379,-0.155,0.226,,6.0,1.0,3.0,,False
RP11-715J22.4,0.650212492475328,up_in_PP,0.0045383510430915,85.6354289188723,4,C_significant_but_flagged,0.202590743517891,0.0028124957520191,4.0,0.333,0.159,0.392,0.381,7.0,2.0,6.0,4.0,False
RP5-832C2.5,0.650046928013196,up_in_PP,0.0386484439461035,89.1369860142642,4,C_significant_but_flagged,0.0228298595332121,0.792655144080846,4.0,-0.164,,,,2.0,,,,False
AC092168.2,-0.644933067507582,down_in_PP,0.0013887736809935,0.0,2,C_significant_but_flagged,,,,,,,,,,,,False
RP11-770J1.3,-0.644781589159964,down_in_PP,4.52463303608606e-06,77.9130119843902,4,C_significant_but_flagged,-0.15526345912244,0.0266245340032765,4.0,-0.489,-0.35,0.393,-0.275,9.0,5.0,7.0,5.0,False
RP11-834C11.4,-0.64314163422078,down_in_PP,0.0251818873963154,93.4388757100832,4,C_significant_but_flagged,-0.222269312210088,0.0009186256698187,4.0,-0.382,-0.356,-0.222,-0.253,8.0,5.0,4.0,7.0,False
MYLK-AS1,-0.642554706676124,down_in_PP,0.0336358892676244,93.0178667462253,4,C_significant_but_flagged,-0.172888404423448,0.0123897779088792,4.0,-0.298,-0.292,-0.307,0.271,10.0,4.0,5.0,5.0,False
RP11-90L1.8,0.642031258362575,up_in_PP,0.0048335730147045,90.1841282965289,4,C_significant_but_flagged,0.187551390718893,0.0061465794521034,4.0,0.481,0.315,-0.249,0.295,3.0,3.0,2.0,4.0,False
RP11-119D9.1,-0.640899015382287,down_in_PP,0.0032988206140118,0.0,2,C_significant_but_flagged,,,,,,,,,,,,False
PPP3CB-AS1,-0.640535815094015,down_in_PP,9.34607747956674e-05,92.8409932923496,4,C_significant_but_flagged,-0.34137453198539,6.49556529195891e-08,4.0,0.258,-0.31,-0.341,-0.323,8.0,3.0,6.0,6.0,False
MINCR,-0.639883016561836,down_in_PP,0.0279346126249699,91.1327648275549,4,C_significant_but_flagged,-0.265037152120626,5.26033200717946e-05,4.0,-0.304,-0.204,-0.342,0.275,3.0,1.0,8.0,1.0,False
RP1-232P20.1,0.639518031516877,up_in_PP,0.0023825987532403,82.3359518061803,3,C_significant_but_flagged,0.132419156216335,0.0660176345025706,3.0,0.265,0.275,-0.225,0.16,6.0,4.0,2.0,2.0,False
RP11-589P10.5,-0.639132135559668,down_in_PP,1.30962474075622e-07,0.0,2,C_significant_but_flagged,,,,,,,,,,,,False
RP1-206D15.6,-0.639042980082685,down_in_PP,0.0013311347878674,82.3689545931846,3,C_significant_but_flagged,0.0374024349196024,0.655521333113821,3.0,-0.254,,-0.189,,4.0,,3.0,,False
RP1-127H14.3,0.637358936328642,up_in_PP,0.0001422735950921,0.0,2,C_significant_but_flagged,,,,,,,,,,,,False
RP11-283I3.6,-0.636261632170947,down_in_PP,0.0069651657956263,91.7752112654085,4,C_significant_but_flagged,-0.16616560242162,0.0167461634777545,4.0,-0.509,-0.226,0.591,-0.277,5.0,3.0,8.0,4.0,False
RP11-398C13.6,-0.633837002039441,down_in_PP,0.0033565133155673,56.3914020625906,2,C_significant_but_flagged,,,,,,,,,,,,False
RP11-417F21.1,-0.631728225441208,down_in_PP,0.0115830381558554,0.0,2,C_significant_but_flagged,,,,,,,,,,,,False
RP4-591C20.9,0.630768892194863,up_in_PP,0.0002918722498078,83.4791775479135,4,C_significant_but_flagged,0.382982839657684,5.95660678104069e-10,4.0,0.444,0.403,0.561,0.341,8.0,3.0,7.0,7.0,False
RP11-583F2.5,-0.630378140054319,down_in_PP,0.0047522166739234,0.0,2,C_significant_but_flagged,,,,,,,,,,,,False
VPS9D1-AS1,0.62829623163504,up_in_PP,0.0191962480553755,90.942623793203,4,C_significant_but_flagged,0.283645114040878,1.26508668433211e-05,4.0,0.377,0.289,0.63,0.362,7.0,2.0,7.0,5.0,False
RP11-449G16.1,-0.627982179156224,down_in_PP,0.0375172248482234,59.8580229856164,2,C_significant_but_flagged,,,,,,,,,,,,False
GLYCTK-AS1,0.625408716348602,up_in_PP,0.0194077639096147,81.4033304943785,4,C_significant_but_flagged,0.0843513193499315,0.262233484639442,4.0,-0.35,,0.608,0.263,6.0,,7.0,2.0,False
AC098617.1,-0.624148007318766,down_in_PP,0.0303875226497464,85.5974318086401,4,C_significant_but_flagged,0.0469753496910173,0.561815704330635,4.0,0.389,-0.238,0.198,0.195,7.0,3.0,5.0,1.0,False
RP11-517C16.4,0.623888200629985,up_in_PP,0.0181954297132772,83.0277199469795,4,C_significant_but_flagged,0.245556173212108,0.0002079231300444,4.0,0.293,0.338,0.366,-0.3,6.0,3.0,5.0,7.0,False
LMO7-AS1,0.620084894633316,up_in_PP,1.66418588138496e-05,84.8447536422657,4,C_significant_but_flagged,0.209425799358024,0.0019294459484033,4.0,0.373,0.353,-0.353,0.335,9.0,4.0,5.0,7.0,False
CTD-2325A15.5,-0.618913362772084,down_in_PP,0.0279676459638878,86.4052301698659,4,C_significant_but_flagged,-0.180323087863469,0.0087260963396992,4.0,-0.461,-0.273,0.761,-0.29,6.0,3.0,8.0,5.0,False
TONSL-AS1,0.618007179725298,up_in_PP,8.05577145915688e-06,0.0,2,C_significant_but_flagged,,,,,,,,,,,,False
RP11-216B9.9,-0.617861295089416,down_in_PP,0.001450636802772,90.663573672857,4,C_significant_but_flagged,0.0179716992951447,0.839023292959923,4.0,-0.423,-0.192,-0.346,0.278,9.0,3.0,6.0,4.0,False
P4HA2-AS1,-0.617281123543218,down_in_PP,4.20182089182439e-06,77.3957418949366,4,C_significant_but_flagged,-0.301346919153139,2.88844984202582e-06,4.0,-0.311,-0.252,-0.301,-0.33,4.0,3.0,7.0,4.0,False
RP11-334J6.7,-0.614481348598104,down_in_PP,0.0064889451551107,96.4132772346865,4,C_significant_but_flagged,-0.234742624660008,0.0004242195752538,4.0,-0.434,-0.341,0.369,-0.265,4.0,3.0,6.0,6.0,False
KCNJ2-AS1,0.613755425560698,up_in_PP,0.0031906497249912,86.943557436873,3,C_significant_but_flagged,0.149721141146215,0.0350976255883806,3.0,0.179,0.193,-0.266,,2.0,1.0,2.0,,False
GS1-251I9.3,-0.613211721244906,down_in_PP,0.0348614956656736,93.0429154338481,4,C_significant_but_flagged,-0.112074717664014,0.123258720777426,4.0,-0.23,-0.243,0.28,-0.242,7.0,3.0,3.0,6.0,False
MEG9,-0.612182034562094,down_in_PP,0.0003008108044931,0.0,2,C_significant_but_flagged,,,,,,,,,,,,False
RP5-1027G4.3,0.610799143492522,up_in_PP,0.0002391645438599,10.7270544209365,2,C_significant_but_flagged,,,,,,,,,,,,False
RP11-53B2.2,-0.610722713309851,down_in_PP,0.0194545277362406,32.4939223836011,2,C_significant_but_flagged,,,,,,,,,,,,False
AC022201.5,0.608635675492634,up_in_PP,0.0006329665276119,77.4017860595266,4,C_significant_but_flagged,0.200980614058794,0.0030696287345705,4.0,0.431,0.143,-0.469,0.175,6.0,1.0,7.0,1.0,False
EGFR-AS1,-0.604341971688323,down_in_PP,7.14503715903919e-05,80.3972940510681,4,C_significant_but_flagged,0.243402084777389,0.0002402430509916,4.0,-0.42,,0.328,-0.17,4.0,,6.0,3.0,False
FLJ37035,-0.602740165691127,down_in_PP,0.0001983670515487,76.1202227216728,4,C_significant_but_flagged,-0.370401624119309,2.6753753614171704e-09,4.0,0.318,-0.323,-0.401,0.217,6.0,3.0,6.0,6.0,False
RP11-464F9.22,-0.602425018311736,down_in_PP,0.0452940113322103,69.178806731434,2,C_significant_but_flagged,,,,,,,,,,,,False
RP11-373L24.1,0.600681961022194,up_in_PP,0.0153482549219375,91.9678371131702,4,C_significant_but_flagged,0.273053226213875,2.88463843218159e-05,4.0,0.595,0.308,0.64,0.175,7.0,3.0,7.0,3.0,False
XXbac-BPG181M17.4,0.599831037721577,up_in_PP,0.0104672317025019,40.7411720234368,2,C_significant_but_flagged,,,,,,,,,,,,False
RP11-390E23.6,0.599427046682673,up_in_PP,1.97971033011473e-07,79.4010254084167,4,C_significant_but_flagged,0.309252494873833,1.43744818663101e-06,4.0,0.434,0.465,0.309,0.263,8.0,5.0,5.0,5.0,False
BIRC6-AS2,-0.598268231453055,down_in_PP,0.0138081584462789,0.0,2,C_significant_but_flagged,,,,,,,,,,,,False
RP11-507K2.2,-0.598068776822266,down_in_PP,0.0324261755426672,88.1581643690889,4,C_significant_but_flagged,-0.134066709146527,0.0597853793997988,4.0,-0.248,-0.175,0.165,-0.186,5.0,1.0,2.0,1.0,False
AC093495.4,-0.597844660371089,down_in_PP,0.0037503454395917,94.635712932979,4,C_significant_but_flagged,-0.366949239264165,3.990823109396441e-09,4.0,-0.432,-0.418,0.459,0.446,9.0,3.0,7.0,7.0,False
AC104532.4,-0.597722736123541,down_in_PP,3.86635773054475e-06,13.1166500629814,2,C_significant_but_flagged,,,,,,,,,,,,False
RP5-1125A11.7,-0.597073759889039,down_in_PP,0.0152390963206847,74.3248445130791,2,C_significant_but_flagged,,,,,,,,,,,,False
RP11-218M22.1,-0.593069110137065,down_in_PP,0.0244215946997714,90.0885682293397,4,C_significant_but_flagged,-0.194225952622835,0.0043783607795064,4.0,0.424,-0.299,-0.306,0.385,7.0,2.0,5.0,4.0,False
RP11-53O19.3,-0.592461658237438,down_in_PP,0.0004847242778302,87.9059354933949,4,C_significant_but_flagged,-0.241114869826022,0.0002797883732942,4.0,-0.492,-0.194,0.482,-0.327,8.0,2.0,6.0,5.0,False
RP1-142L7.5,-0.591853557194481,down_in_PP,0.0045567708143661,82.6042736561515,3,C_significant_but_flagged,-9.40516536781106e-05,0.999190415908668,3.0,-0.496,-0.283,0.67,-0.251,5.0,4.0,5.0,5.0,False
RP11-136L23.2,-0.591168831351962,down_in_PP,0.0035141003307101,81.4538177057772,4,C_significant_but_flagged,-0.169086679382616,0.0147051723991728,4.0,-0.264,-0.161,0.196,,2.0,1.0,4.0,,False
RP11-254F7.2,-0.588429920106279,down_in_PP,0.0108913063200605,85.1205262053455,4,C_significant_but_flagged,-0.318917449388179,5.86212916108515e-07,4.0,0.257,-0.332,-0.319,0.281,7.0,3.0,4.0,6.0,False
RP11-290O12.2,-0.587207680392117,down_in_PP,0.0055196265365473,48.7273592824976,2,C_significant_but_flagged,,,,,,,,,,,,False
RP11-311C24.1,-0.586546116437356,down_in_PP,0.0093383246723973,90.6060412954717,4,C_significant_but_flagged,-0.314996574004034,8.48913946274343e-07,4.0,-0.599,-0.229,0.559,-0.339,9.0,3.0,7.0,4.0,False
CTC-490G23.6,0.585930566800358,up_in_PP,0.0143087447319067,0.0,2,C_significant_but_flagged,,,,,,,,,,,,False
RP11-697E22.1,0.585755543183706,up_in_PP,7.46583392991207e-06,79.8333679849933,4,C_significant_but_flagged,-0.119609779859845,0.097523069660716,4.0,-0.353,,0.289,-0.212,8.0,,5.0,1.0,False
CTD-2006H14.2,-0.585548041190618,down_in_PP,0.0260965956994502,79.1140790357827,3,C_significant_but_flagged,-0.331283924040752,2.35222439855425e-07,3.0,-0.404,-0.268,-0.331,-0.284,3.0,3.0,4.0,5.0,False
CTD-2524L6.3,-0.585504796077461,down_in_PP,3.01368063722595e-06,79.3252545051914,4,C_significant_but_flagged,-0.309773770200176,1.3706626774383e-06,4.0,-0.381,-0.223,0.354,-0.299,7.0,3.0,5.0,4.0,False
RP11-138A9.2,-0.585363750521587,down_in_PP,0.000575750348616,0.0,2,C_significant_but_flagged,,,,,,,,,,,,False
CTD-2081C10.7,-0.584786902438593,down_in_PP,1.17928061302353e-05,0.0,2,C_significant_but_flagged,,,,,,,,,,,,False
VIPR1-AS1,0.584222508787485,up_in_PP,0.0174058260383233,86.0410767459498,4,C_significant_but_flagged,0.256347610566207,9.88337698980616e-05,4.0,0.285,0.266,0.42,0.223,1.0,4.0,5.0,2.0,False
RP11-336A10.4,-0.584110072028625,down_in_PP,0.004966597497792,0.0,2,C_significant_but_flagged,,,,,,,,,,,,False
CTC-429P9.1,-0.583833665715074,down_in_PP,3.19881543450768e-05,79.5741518384063,4,C_significant_but_flagged,-0.361144207494139,7.681561290425791e-09,4.0,-0.288,-0.334,-0.361,-0.309,7.0,3.0,3.0,7.0,False
RP11-666A8.9,-0.583682779979996,down_in_PP,5.30764620008348e-05,78.6522101536257,4,C_significant_but_flagged,-0.133285879622247,0.0614629702987518,4.0,-0.292,-0.205,0.412,-0.232,8.0,3.0,6.0,3.0,False
CTD-2145A24.4,0.577786166473804,up_in_PP,0.000512077043135,0.0,2,C_significant_but_flagged,,,,,,,,,,,,False
ANO1-AS1,-0.576578013601849,down_in_PP,0.0250753954520031,88.7737431017017,4,C_significant_but_flagged,-0.118129601200162,0.102256202246245,4.0,-0.378,-0.144,-0.27,-0.192,7.0,1.0,4.0,2.0,False
RP11-319G6.1,-0.575632888005842,down_in_PP,0.0195536729725051,89.3012647099674,4,C_significant_but_flagged,-0.0177976807938545,0.840599819285683,4.0,-0.215,,-0.145,,1.0,,2.0,,False
RP11-667K14.4,0.573441027352006,up_in_PP,0.0008567296856183,94.7880757294228,4,C_significant_but_flagged,0.144842265556388,0.0401681934657411,4.0,0.563,0.356,-0.461,0.382,9.0,5.0,7.0,5.0,False
GS1-358P8.4,-0.572863920302447,down_in_PP,0.0262232783960147,89.7118595872715,4,C_significant_but_flagged,-0.165616489117,0.0171612272578573,4.0,-0.41,-0.318,0.401,-0.153,7.0,4.0,6.0,3.0,False
RP11-7I15.3,-0.57167577366639,down_in_PP,2.96886109223708e-06,0.0,2,C_significant_but_flagged,,,,,,,,,,,,False
RP11-697E22.2,0.570889343634871,up_in_PP,0.0381995153281551,91.2651903772471,4,C_significant_but_flagged,0.121931261328617,0.0904084088407534,4.0,,0.167,0.185,-0.178,,3.0,1.0,2.0,False
RP11-140H17.2,-0.570778351754606,down_in_PP,0.0024704146660308,0.0,2,C_significant_but_flagged,,,,,,,,,,,,False
RP11-47A8.5,-0.570267997369783,down_in_PP,0.0034649301485599,82.2312495107572,4,C_significant_but_flagged,0.100619401025826,0.171906226498657,4.0,-0.303,-0.168,0.247,0.168,4.0,1.0,3.0,1.0,False
DLGAP4-AS1,-0.568809983432813,down_in_PP,0.0001093226779061,84.8326402685901,4,C_significant_but_flagged,0.0356947303464498,0.668853415357051,4.0,-0.39,,-0.303,-0.159,8.0,,4.0,1.0,False
CTA-243E7.2,-0.568157168668086,down_in_PP,0.0083368893064991,77.0124712931039,4,C_significant_but_flagged,0.0499912321010816,0.533750127560614,4.0,-0.409,-0.243,0.251,-0.194,8.0,4.0,2.0,3.0,False
RP11-20G6.3,-0.567230653204737,down_in_PP,0.0010349846815664,83.7217322489981,4,C_significant_but_flagged,-0.23066061716234,0.0005505571019728,4.0,-0.561,-0.236,0.518,-0.371,8.0,3.0,7.0,5.0,False
LINC00847,-0.567169732671048,down_in_PP,6.94012648774367e-05,82.4607711014051,4,C_significant_but_flagged,-0.14801713483749,0.0355747854662514,4.0,-0.41,-0.278,-0.384,0.343,4.0,3.0,7.0,4.0,False
RP11-17M16.2,0.564808083521685,up_in_PP,0.0390494575242807,87.7914142445165,4,C_significant_but_flagged,0.0974968134610992,0.187525487743196,4.0,0.21,0.345,0.26,0.306,4.0,4.0,3.0,7.0,False
RP11-166P13.3,-0.563761826562584,down_in_PP,0.0113351827278041,80.455034710372,3,C_significant_but_flagged,-0.213266003648972,0.0017276017616838,3.0,-0.256,-0.246,-0.274,0.441,7.0,3.0,6.0,2.0,False
RP11-506M13.3,-0.563547636956029,down_in_PP,0.022352580489082,87.0358013345173,4,C_significant_but_flagged,-0.251136670953976,0.0001424257102768,4.0,-0.509,-0.171,0.412,-0.276,8.0,3.0,7.0,4.0,False
RP11-192H23.5,-0.56348800745585,down_in_PP,0.0129126281717183,87.9308860480544,4,C_significant_but_flagged,-0.247771411151283,0.0001792913498501,4.0,-0.336,-0.372,-0.336,0.38,10.0,2.0,7.0,4.0,False
RP3-512B11.3,0.562930157976624,up_in_PP,0.0025824931232617,82.317869138392,4,C_significant_but_flagged,-0.120214126593015,0.0956121097449867,4.0,0.414,0.322,-0.202,0.178,6.0,3.0,4.0,1.0,False
CTD-2410N18.4,0.558391899714036,up_in_PP,1.51561140702559e-05,89.5796079865885,4,C_significant_but_flagged,0.337545323767179,9.55871148787777e-08,4.0,0.501,0.453,-0.447,0.292,9.0,5.0,8.0,7.0,False
ARMCX3-AS1,-0.557737961547561,down_in_PP,0.0102161424028856,77.9106682845963,4,C_significant_but_flagged,-0.03374005224804,0.6877346827521,4.0,-0.243,-0.25,0.29,-0.174,4.0,4.0,1.0,4.0,False
RP11-454E5.4,-0.557460509053701,down_in_PP,0.0496054016724513,85.587317198794,3,C_significant_but_flagged,-0.240261709039833,0.0003403068299126,3.0,-0.282,-0.274,-0.24,-0.294,6.0,4.0,7.0,6.0,False
RP11-681H18.2,-0.557168305449962,down_in_PP,0.0009831510354938,87.5901720990006,4,C_significant_but_flagged,-0.159061622422769,0.0227475037050576,4.0,0.365,-0.306,0.598,0.294,8.0,3.0,8.0,4.0,False
RP11-66N11.8,-0.556577958162111,down_in_PP,2.25754673693997e-08,0.0,2,C_significant_but_flagged,,,,,,,,,,,,False
RP3-337O18.9,0.556378232862117,up_in_PP,2.6135497084892e-05,82.6336447399867,4,C_significant_but_flagged,0.396871866019049,1.0460813395982001e-10,4.0,0.507,0.417,0.397,0.398,5.0,5.0,6.0,5.0,False
RP6-99M1.3,-0.556090170485559,down_in_PP,0.0078668754575982,0.0,2,C_significant_but_flagged,,,,,,,,,,,,False
RP11-44I10.3,0.555612145617654,up_in_PP,0.0004349595973672,0.0,2,C_significant_but_flagged,,,,,,,,,,,,False
AP001615.9,0.555469754539836,up_in_PP,0.0002250317762878,82.2957305426748,4,C_significant_but_flagged,0.379182413830516,9.434762763307502e-10,4.0,0.463,0.407,-0.433,0.413,7.0,5.0,7.0,6.0,False
CTD-2054N24.2,-0.555336134108766,down_in_PP,5.76585034393035e-05,0.0,2,C_significant_but_flagged,,,,,,,,,,,,False
AC093110.3,-0.554752986496909,down_in_PP,0.0023168548811321,92.2072838493131,4,C_significant_but_flagged,-0.244985992721884,0.0002161226586064,4.0,-0.488,-0.424,0.415,-0.349,6.0,4.0,5.0,7.0,False
RP4-785G19.5,0.553699152953506,up_in_PP,0.002103041764834,87.157865884019,4,C_significant_but_flagged,0.395967744421738,1.179327181082e-10,4.0,0.589,0.295,-0.499,0.397,7.0,3.0,6.0,4.0,False
TOB1-AS1,0.553523995900448,up_in_PP,0.013903480872451,77.1037609614935,4,C_significant_but_flagged,-0.116136171896635,0.108914492536669,4.0,-0.308,,0.384,0.16,1.0,,6.0,1.0,False
SNHG9,0.552946768510626,up_in_PP,0.0412304119965978,87.6568885340437,3,C_significant_but_flagged,0.078264456260352,0.334810359380624,3.0,0.654,0.231,-0.574,0.321,5.0,3.0,7.0,4.0,False
CTD-2286N8.2,-0.552829674349822,down_in_PP,0.0119223368694167,64.6317257542815,2,C_significant_but_flagged,,,,,,,,,,,,False
ADAMTSL4-AS1,-0.551729737362939,down_in_PP,0.0076082154495492,82.8721748794045,4,C_significant_but_flagged,-0.0385391264160347,0.641626115340159,4.0,-0.371,-0.228,0.28,,8.0,3.0,6.0,,False
AF131215.8,0.54981722032216,up_in_PP,0.0019762941428426,22.1987338018025,2,C_significant_but_flagged,,,,,,,,,,,,False
C1RL-AS1,0.549463300093841,up_in_PP,0.0007072184107821,78.0578300617446,4,C_significant_but_flagged,0.0891965664416519,0.233004505607816,4.0,-0.258,-0.169,0.481,-0.182,5.0,2.0,4.0,1.0,False
CTD-2562J17.7,0.548806701517357,up_in_PP,0.0036149490095388,89.5157602481838,4,C_significant_but_flagged,0.312681609047118,1.0512856704133e-06,4.0,0.232,0.184,0.313,0.216,6.0,2.0,3.0,4.0,False
RP11-96D1.9,-0.545573345500164,down_in_PP,0.0319630415220499,11.1710417307286,2,C_significant_but_flagged,,,,,,,,,,,,False
AC093690.1,-0.543542489286603,down_in_PP,0.0097848981072545,0.0,2,C_significant_but_flagged,,,,,,,,,,,,False
AC009299.2,0.543053370001156,up_in_PP,0.0056413005836823,80.9585013255406,4,C_significant_but_flagged,0.0688039601297238,0.371831234972498,4.0,0.222,,0.282,0.215,5.0,,2.0,2.0,False
RP11-57H14.4,-0.542934149469642,down_in_PP,9.2832149660622e-05,81.8067678868188,4,C_significant_but_flagged,0.0050591021052274,0.955943574566179,4.0,-0.26,-0.211,0.397,0.259,7.0,3.0,4.0,7.0,False
EIF1B-AS1,-0.542401059664242,down_in_PP,0.0360549665549877,83.3251403913527,4,C_significant_but_flagged,-0.189570280201232,0.0055511275875814,4.0,-0.299,-0.286,-0.19,-0.208,3.0,5.0,2.0,5.0,False
RP5-855D21.2,-0.541583889870264,down_in_PP,0.0396840298758542,42.6611392766433,2,C_significant_but_flagged,,,,,,,,,,,,False
RP11-19P22.8,-0.541332072563429,down_in_PP,0.0189646298577378,91.3063218857223,4,C_significant_but_flagged,-0.156797338507696,0.0250022484091631,4.0,0.215,-0.171,0.237,0.146,1.0,1.0,6.0,2.0,False
RP11-304L19.1,-0.541308457586569,down_in_PP,0.0042122920378928,81.8939577867781,4,C_significant_but_flagged,-0.0317310842843967,0.707258664684496,4.0,-0.497,-0.242,0.65,0.316,9.0,3.0,7.0,2.0,False
RP11-345P4.9,0.539552591953556,up_in_PP,0.0003140626502759,82.7373680354643,4,C_significant_but_flagged,0.188743281792122,0.0057828861600211,4.0,0.485,0.195,-0.391,0.296,6.0,1.0,4.0,5.0,False
RP11-477J21.6,-0.538552331174904,down_in_PP,2.28318659165302e-05,0.0,2,C_significant_but_flagged,,,,,,,,,,,,False
FZD10-AS1,-0.538361514773481,down_in_PP,0.0229756827892276,81.1664663246016,4,C_significant_but_flagged,-0.111172713481502,0.126578929605234,4.0,-0.159,-0.229,,-0.213,3.0,4.0,,4.0,False
RP11-610P16.1,-0.538244388045235,down_in_PP,1.77562650902125e-09,0.0,2,C_significant_but_flagged,,,,,,,,,,,,False
RP11-478C19.2,0.537459849725204,up_in_PP,0.0073348092685149,95.4343248057864,4,C_significant_but_flagged,0.18841390675584,0.0058788897031755,4.0,0.353,0.367,0.222,0.287,9.0,4.0,2.0,7.0,False
RP11-449P15.2,-0.536580065736454,down_in_PP,0.0362192475414818,90.4935579102916,4,C_significant_but_flagged,-0.115377448416139,0.111544566750268,4.0,-0.418,-0.265,0.593,0.249,4.0,4.0,7.0,3.0,False
AC009950.2,0.534114499924823,up_in_PP,0.0026624398585184,78.2725597640345,4,C_significant_but_flagged,0.106834213459568,0.144032043117566,4.0,0.213,,0.258,-0.202,5.0,,5.0,1.0,False
RP11-359P5.1,0.534089043808759,up_in_PP,0.028107845560223,85.8661871325482,4,C_significant_but_flagged,0.246862414175715,0.0001907981485667,4.0,0.524,0.166,-0.368,0.306,7.0,2.0,6.0,5.0,False
CTD-2135J3.3,0.533867894730971,up_in_PP,0.0425963323220849,76.6096460679688,3,C_significant_but_flagged,0.0922461393541649,0.220361060880599,3.0,0.188,-0.203,0.175,,3.0,1.0,2.0,,False
RP4-803J11.2,-0.533420417290087,down_in_PP,0.0043113227178117,79.7711296426183,4,C_significant_but_flagged,-0.269579197841386,3.74723697139751e-05,4.0,-0.566,-0.234,0.541,-0.275,7.0,2.0,7.0,4.0,False
RP11-158M2.3,-0.532862979600109,down_in_PP,0.0012861452675727,86.5240706807808,4,C_significant_but_flagged,0.0701728406961748,0.361156637875937,4.0,-0.466,-0.226,-0.439,0.291,10.0,2.0,7.0,3.0,False
TMEM246-AS1,-0.532568133397822,down_in_PP,0.004962387886376,78.5476070494348,4,C_significant_but_flagged,-0.0283002971505852,0.74014448993279,4.0,-0.313,0.244,0.341,,5.0,1.0,7.0,,False
RP11-762H8.4,-0.531161133515677,down_in_PP,0.0003356888451843,79.5910488433242,4,C_significant_but_flagged,-0.0718010341319897,0.3490438385274,4.0,0.338,,0.216,,7.0,,4.0,,False
CTA-293F17.1,-0.528858038031808,down_in_PP,0.0127459971291455,80.5872344849555,4,C_significant_but_flagged,-0.132810537639544,0.0625013252386956,4.0,-0.216,-0.226,0.299,0.189,5.0,3.0,5.0,1.0,False
LINC02035,-0.528784805805223,down_in_PP,0.0002499944469353,84.4625448545695,4,C_significant_but_flagged,-0.257727434503002,8.96241783344399e-05,4.0,0.386,-0.369,0.482,-0.332,11.0,3.0,7.0,7.0,False
RP11-575F12.3,-0.528432158486023,down_in_PP,0.0004219451050749,0.0,2,C_significant_but_flagged,,,,,,,,,,,,False
RP11-30K9.5,-0.527817535892226,down_in_PP,0.0077022033763974,77.8240061467508,4,C_significant_but_flagged,0.0250763412455236,0.770996221657122,4.0,-0.237,-0.163,0.301,-0.232,5.0,1.0,6.0,3.0,False
RP11-345J18.2,-0.52628955393573,down_in_PP,0.0001789985962512,0.0,2,C_significant_but_flagged,,,,,,,,,,,,False
TMEM220-AS1,-0.523656682194585,down_in_PP,0.0075613904560729,80.6667841895023,3,C_significant_but_flagged,-0.003643242385632,0.968571689411685,3.0,0.353,,-0.271,0.263,8.0,,3.0,2.0,False
SNHG15,0.521689407898553,up_in_PP,0.0024613716351554,84.2007704495507,4,C_significant_but_flagged,0.124819496574427,0.0821559941568433,4.0,0.288,0.313,-0.46,-0.197,6.0,3.0,6.0,4.0,False
RP11-84A19.4,-0.521621052415006,down_in_PP,0.0440650604915351,0.0,2,C_significant_but_flagged,,,,,,,,,,,,False
RP4-591N18.2,-0.519100384705068,down_in_PP,0.0225006783767269,0.0,2,C_significant_but_flagged,,,,,,,,,,,,False
RP11-386J22.3,-0.519009434288075,down_in_PP,0.0457500490737062,32.6663114615642,2,C_significant_but_flagged,,,,,,,,,,,,False
RP3-521E19.2,-0.518131701279427,down_in_PP,2.80958512071448e-07,0.0,2,C_significant_but_flagged,,,,,,,,,,,,False
RP4-665N4.8,-0.517629393782716,down_in_PP,7.1779933914077e-07,0.0,2,C_significant_but_flagged,,,,,,,,,,,,False
SH3BP5-AS1,-0.517368085527568,down_in_PP,5.95276571604564e-05,77.8801530987634,4,C_significant_but_flagged,-0.290964586360299,6.97132885246081e-06,4.0,-0.616,-0.435,0.569,-0.327,9.0,5.0,7.0,5.0,False
AC007255.8,-0.516681721342417,down_in_PP,0.0374650943414179,0.0,2,C_significant_but_flagged,,,,,,,,,,,,False
RP11-180C16.1,-0.516249498340435,down_in_PP,0.0004061150766928,87.5965579525389,4,C_significant_but_flagged,-0.239542514643386,0.0003106657794069,4.0,-0.67,-0.251,0.73,-0.35,8.0,3.0,9.0,4.0,False
RP11-127B20.3,-0.51592461057116,down_in_PP,6.50553949282195e-05,0.0,2,C_significant_but_flagged,,,,,,,,,,,,False
AC005932.1,0.515050304275162,up_in_PP,0.0001226974857779,0.0,2,C_significant_but_flagged,,,,,,,,,,,,False
ATP2A1-AS1,0.514185465837815,up_in_PP,0.0002073575457163,0.0,2,C_significant_but_flagged,,,,,,,,,,,,False
AC002116.7,-0.512902756177327,down_in_PP,0.0038733241639556,25.0602908002686,2,C_significant_but_flagged,,,,,,,,,,,,False
RNU12,0.512476364083974,up_in_PP,0.0144993312430675,0.0,2,C_significant_but_flagged,,,,,,,,,,,,False
CTD-2540L5.5,0.512285168273427,up_in_PP,1.24046712647948e-07,79.396079709682,4,C_significant_but_flagged,0.199291009739699,0.0033644205086878,4.0,0.459,0.328,0.314,-0.245,9.0,4.0,8.0,5.0,False
RP11-635N19.3,-0.512191327457904,down_in_PP,0.0054594940740881,0.0,2,C_significant_but_flagged,,,,,,,,,,,,False
RP11-266J6.2,-0.510236638042193,down_in_PP,0.0419964348455182,82.6906433904785,3,C_significant_but_flagged,-0.166015251414132,0.0180163810297837,3.0,-0.38,-0.231,0.562,,7.0,2.0,7.0,,False
RP11-53B2.3,-0.509246471603219,down_in_PP,0.0235201405419198,0.0,2,C_significant_but_flagged,,,,,,,,,,,,False
AC008746.12,-0.50677450128645,down_in_PP,0.0044755582625583,0.0,2,C_significant_but_flagged,,,,,,,,,,,,False
CTD-3099C6.11,-0.504537094839358,down_in_PP,7.18396098314386e-05,0.0,2,C_significant_but_flagged,,,,,,,,,,,,False
RP11-156K23.3,-0.504524422077871,down_in_PP,0.0181231467906898,84.6277147342246,4,C_significant_but_flagged,0.0426193184043279,0.602689841322923,4.0,,-0.163,-0.149,0.324,,3.0,1.0,1.0,False
RP11-1035H13.2,-0.503354154271308,down_in_PP,0.0381023464726392,92.1747735853837,4,C_significant_but_flagged,-0.0272712703032405,0.749935532300078,4.0,-0.405,,0.373,-0.168,4.0,,4.0,4.0,False
GNG12-AS1,-0.501604306168768,down_in_PP,0.0146877547113038,89.3574594942949,4,C_significant_but_flagged,-0.246202254722272,0.0001994287465591,4.0,-0.43,-0.34,0.368,-0.386,7.0,3.0,7.0,5.0,False
AC002454.1,-0.501235359908699,down_in_PP,0.0002878839631807,0.0,2,C_significant_but_flagged,,,,,,,,,,,,False
RP13-514E23.2,-0.500758088157444,down_in_PP,0.0155113382024242,81.1123896607533,4,C_significant_but_flagged,-0.256239862086062,9.9493486111406e-05,4.0,0.323,-0.251,0.467,-0.262,8.0,3.0,7.0,4.0,False
SGMS1-AS1,-0.499835861007691,down_in_PP,0.0137831232284504,89.181469803568,4,C_significant_but_flagged,-0.252447764644196,0.0001300679655727,4.0,-0.555,-0.452,0.482,-0.409,7.0,3.0,6.0,7.0,False
CTC-444N24.6,-0.499725368288747,down_in_PP,0.0439707650345187,79.3912632223713,3,C_significant_but_flagged,-0.210365153827227,0.002030158104793,3.0,-0.227,-0.146,-0.21,-0.162,2.0,1.0,4.0,2.0,False
RP11-295P9.3,-0.499571447104231,down_in_PP,0.0457780560130436,96.4853625111544,4,C_significant_but_flagged,-0.310681492446267,1.26054607772349e-06,4.0,-0.392,-0.372,0.346,-0.387,7.0,3.0,5.0,6.0,False
RP11-488C13.7,0.497059001117907,up_in_PP,0.034538334629966,89.5199474149587,4,C_significant_but_flagged,0.174955205566154,0.011263049034248,4.0,0.48,-0.154,0.493,0.184,7.0,1.0,7.0,2.0,False
CTB-31N19.3,0.494919261105818,up_in_PP,0.0004244174364173,0.0,2,C_significant_but_flagged,,,,,,,,,,,,False
AC007098.1,-0.494826449411229,down_in_PP,0.0034219634503101,79.3919488811242,4,C_significant_but_flagged,-0.127414686754385,0.0753726831479022,4.0,-0.46,-0.224,0.443,-0.204,5.0,2.0,7.0,3.0,False
RP11-72M17.1,-0.494754851397952,down_in_PP,0.0024599819311381,0.0,2,C_significant_but_flagged,,,,,,,,,,,,False
RP11-93G5.1,-0.494367729421211,down_in_PP,0.0465695829760272,40.9000556513256,2,C_significant_but_flagged,,,,,,,,,,,,False
RP11-245J9.5,-0.493982256807082,down_in_PP,0.0003762303544045,0.0,2,C_significant_but_flagged,,,,,,,,,,,,False
AC003104.1,-0.489822986774732,down_in_PP,0.0117384685188678,0.0,2,C_significant_but_flagged,,,,,,,,,,,,False
RP11-815J21.2,-0.486898144539108,down_in_PP,0.0026672945872797,84.8159059711489,4,C_significant_but_flagged,0.0361484631944483,0.664389898971539,4.0,-0.357,-0.157,0.464,-0.175,8.0,1.0,7.0,4.0,False
LINC01703,-0.48618787377636,down_in_PP,9.41968213921665e-06,0.0,2,C_significant_but_flagged,,,,,,,,,,,,False
CTD-2369P2.4,0.48610667939588,up_in_PP,0.0418623338020981,88.1837916426555,4,C_significant_but_flagged,0.290010616475899,7.53446945004894e-06,4.0,0.677,0.332,-0.619,0.375,8.0,3.0,8.0,5.0,False
RP11-6N17.4,0.47935645696819,up_in_PP,0.0049806324794643,76.5332313330134,4,C_significant_but_flagged,0.0651633945269185,0.401070099002381,4.0,0.48,0.264,-0.396,0.313,5.0,3.0,5.0,6.0,False
CH17-302M23.1,0.478658785461789,up_in_PP,0.0041865137497118,0.0,2,C_significant_but_flagged,,,,,,,,,,,,False
CIRBP-AS1,0.477823422086552,up_in_PP,0.0171268161786607,79.533842698858,4,C_significant_but_flagged,0.0511517127170235,0.523186014569674,4.0,-0.192,0.169,0.571,0.167,2.0,1.0,5.0,2.0,False
DARS-AS1,0.477517654694829,up_in_PP,1.28261154223581e-06,77.2213104512505,4,C_significant_but_flagged,0.359799524590851,8.90116679510317e-09,4.0,0.588,0.406,0.36,0.352,5.0,4.0,4.0,6.0,False
USP2-AS1,0.477334377136453,up_in_PP,0.0055242127118641,0.0,2,C_significant_but_flagged,,,,,,,,,,,,False
DUBR,-0.4769394325163,down_in_PP,0.0034538563391719,82.48005067899,4,C_significant_but_flagged,-0.376589869908469,1.2890594298681402e-09,4.0,-0.469,-0.351,0.472,-0.399,8.0,3.0,8.0,5.0,False
RP11-819C21.1,-0.4759927718681,down_in_PP,0.0341433266015069,86.4911743976012,4,C_significant_but_flagged,-0.158448821175697,0.0233438762887799,4.0,-0.563,-0.213,0.611,-0.217,6.0,2.0,8.0,3.0,False
RP11-797M17.1,-0.475376361778718,down_in_PP,0.0197611182084002,0.0,2,C_significant_but_flagged,,,,,,,,,,,,False
RP11-96K19.2,-0.473774547932173,down_in_PP,0.006779132195139,80.3607103456129,4,C_significant_but_flagged,-0.0968629338269522,0.190826905281319,4.0,-0.419,,0.455,-0.187,7.0,,8.0,1.0,False
LOH12CR2,-0.471580764270301,down_in_PP,0.0148439458472139,63.2384034605952,2,C_significant_but_flagged,,,,,,,,,,,,False
RP5-1039K5.17,-0.471467215093122,down_in_PP,0.0009433417663777,0.0,2,C_significant_but_flagged,,,,,,,,,,,,False
TNRC6C-AS1,-0.467987721893131,down_in_PP,0.0140455696379624,80.0889613048163,4,C_significant_but_flagged,-0.234630498231245,0.0004271627817519,4.0,-0.353,-0.249,0.427,-0.156,4.0,5.0,6.0,2.0,False
RP11-1148L6.9,0.467842861959038,up_in_PP,0.0399514657873514,88.4590161576225,4,C_significant_but_flagged,0.0852468215431751,0.256728607506618,4.0,0.166,,-0.23,0.161,1.0,,1.0,2.0,False
RP11-311F12.2,0.466691391591556,up_in_PP,0.0346917638606676,75.1829787694768,3,C_significant_but_flagged,0.240735952846234,0.0003301120304418,3.0,0.54,0.206,-0.406,0.206,7.0,2.0,7.0,3.0,False
TTC3-AS1,-0.465353662624942,down_in_PP,0.0011245720091687,82.797663477177,4,C_significant_but_flagged,-0.090536170833662,0.225328186924647,4.0,-0.389,-0.27,0.278,-0.202,5.0,4.0,5.0,4.0,False
RP11-783K16.14,0.464268504440601,up_in_PP,0.0029771523941596,88.978540837259,4,C_significant_but_flagged,0.190731981695066,0.0052365313226339,4.0,0.735,0.312,-0.665,0.404,6.0,3.0,8.0,5.0,False
AF178030.2,-0.46287136360129,down_in_PP,0.0092676487500264,0.0,2,C_significant_but_flagged,,,,,,,,,,,,False
RP11-549J18.1,-0.461014672610488,down_in_PP,0.0347588755595858,80.5595875939798,3,C_significant_but_flagged,-0.196680650121591,0.0042220993989879,3.0,-0.461,-0.155,0.304,-0.234,5.0,1.0,7.0,4.0,False
AC005614.5,0.460344879432233,up_in_PP,0.0004278447225229,80.0577791967631,4,C_significant_but_flagged,-0.212017254380178,0.0016649174807533,4.0,-0.146,,-0.325,,1.0,,3.0,,False
CTD-3065J16.9,0.460294684056122,up_in_PP,0.0094152092345116,76.2365371636377,4,C_significant_but_flagged,0.347052202958355,3.56995662134446e-08,4.0,0.713,0.28,-0.56,0.322,9.0,3.0,7.0,4.0,False
RP11-388P9.2,-0.459654244535287,down_in_PP,0.039777939858089,93.7145411023141,4,C_significant_but_flagged,0.0637129358717467,0.413204968226302,4.0,-0.419,0.185,0.454,,6.0,1.0,7.0,,False
BCRP3,0.459093210626024,up_in_PP,0.0487133894886781,80.9229796005652,3,C_significant_but_flagged,0.253834070797934,0.0003089067107065,3.0,0.472,0.195,-0.575,0.265,7.0,1.0,7.0,3.0,False
RP11-557N21.1,-0.458837848934041,down_in_PP,0.0359904194849958,0.0,2,C_significant_but_flagged,,,,,,,,,,,,False
RP11-603J24.17,0.458328538369703,up_in_PP,6.56560199251176e-07,75.1982481280312,4,C_significant_but_flagged,0.329754925089493,2.07550827540535e-07,4.0,0.653,0.417,-0.437,0.338,5.0,4.0,4.0,5.0,False
C5orf66,0.456692198837234,up_in_PP,1.86812892838159e-08,83.1120319536341,4,C_significant_but_flagged,0.322561862103552,4.14630800494813e-07,4.0,0.248,0.279,-0.335,0.309,4.0,3.0,3.0,5.0,False
RP11-103H7.5,-0.455396272989482,down_in_PP,0.0244459665848738,86.9083130541268,4,C_significant_but_flagged,0.237853441355405,0.0003470737994064,4.0,-0.432,-0.175,-0.258,0.321,7.0,2.0,6.0,3.0,False
LINC01278,-0.455321036350516,down_in_PP,0.0148741516280937,87.8356601205495,4,C_significant_but_flagged,-0.044019535938339,0.589054618788189,4.0,-0.208,-0.19,,,1.0,3.0,,,False
CTC-510F12.4,0.454914471341989,up_in_PP,0.0147941127041114,84.3566880366386,4,C_significant_but_flagged,0.344469264957746,4.69732998433038e-08,4.0,0.455,0.315,0.344,0.241,3.0,4.0,3.0,3.0,False
RP11-866E20.3,0.453751237618457,up_in_PP,0.0368350915930318,0.0,2,C_significant_but_flagged,,,,,,,,,,,,False
LINC00910,-0.452012539506829,down_in_PP,0.0157191605548653,84.2926807957189,4,C_significant_but_flagged,-0.275310965128385,2.42760559310255e-05,4.0,-0.399,-0.338,-0.349,0.219,6.0,3.0,6.0,6.0,False
RP11-227G15.12,0.450802069578383,up_in_PP,0.0009745760998373,75.991065517765,4,C_significant_but_flagged,0.300156017578319,3.20318360608908e-06,4.0,0.561,0.222,-0.49,0.246,9.0,2.0,7.0,3.0,False
RP11-282O18.3,0.448732533134778,up_in_PP,0.0029978306888949,84.6279840026453,4,C_significant_but_flagged,-0.132841004108103,0.0624422047073541,4.0,-0.428,,0.563,-0.288,7.0,,7.0,1.0,False
RP11-97O12.7,0.447736154051375,up_in_PP,0.0028297327535868,88.7456095817826,4,C_significant_but_flagged,0.325167971993452,3.22144658291488e-07,4.0,0.454,0.407,0.325,0.386,9.0,4.0,7.0,7.0,False
RP11-158M2.2,-0.445967665364615,down_in_PP,0.0190693463791706,87.790618624507,4,C_significant_but_flagged,0.0049061291251682,0.957097146369749,4.0,-0.475,-0.176,0.494,-0.219,7.0,2.0,6.0,4.0,False
RP11-488C13.5,0.443491572648823,up_in_PP,0.0232420636608213,90.6595126652349,4,C_significant_but_flagged,0.13328981308094,0.0614566413639878,4.0,0.473,-0.196,0.554,0.175,7.0,1.0,7.0,2.0,False
DLEU2,0.443001227975113,up_in_PP,0.0425639505199875,90.6526229440421,4,C_significant_but_flagged,0.0945621302381263,0.202877237083824,4.0,0.273,0.18,0.306,-0.376,6.0,3.0,5.0,2.0,False
RP11-560J1.2,0.442735644582341,up_in_PP,0.0004603216836452,0.0,2,C_significant_but_flagged,,,,,,,,,,,,False
RP11-270M14.5,-0.442211508054684,down_in_PP,0.0325386716043372,66.4126029266541,2,C_significant_but_flagged,,,,,,,,,,,,False
RP11-498P14.3,-0.44211337512588,down_in_PP,1.1454413434983e-05,0.0,2,C_significant_but_flagged,,,,,,,,,,,,False
LA16c-360H6.3,-0.441673727625563,down_in_PP,9.17743199973592e-05,0.0,2,C_significant_but_flagged,,,,,,,,,,,,False
CTC-510F12.6,0.441394122445929,up_in_PP,0.0115217547858122,87.9736105006366,4,C_significant_but_flagged,0.0601584934333473,0.442465767953233,4.0,0.441,0.286,-0.371,0.169,6.0,3.0,6.0,2.0,False
LINC00102,-0.44056218348603,down_in_PP,0.0413903517225571,0.0,2,C_significant_but_flagged,,,,,,,,,,,,False
RP11-397O8.7,-0.438825765981045,down_in_PP,0.000616832861487,0.0,2,C_significant_but_flagged,,,,,,,,,,,,False
RP11-446J8.1,-0.438491423639795,down_in_PP,2.14369980830643e-07,0.0,2,C_significant_but_flagged,,,,,,,,,,,,False
MIR205HG,0.438246231612213,up_in_PP,0.0050917134756747,77.9529348413357,4,C_significant_but_flagged,-0.159516034643424,0.0223170260952574,4.0,-0.282,0.16,-0.423,,6.0,1.0,7.0,,False
RP11-435O5.5,-0.438053468233074,down_in_PP,0.039320501027086,82.1885074176422,4,C_significant_but_flagged,0.0151752496544762,0.865342502373012,4.0,-0.301,-0.211,,-0.19,4.0,2.0,,4.0,False
RP11-503E24.2,-0.437832862627079,down_in_PP,0.0147941127041114,0.0,2,C_significant_but_flagged,,,,,,,,,,,,False
AP001062.8,-0.437447382283758,down_in_PP,0.0060020219147734,80.1657880995133,4,C_significant_but_flagged,-0.0892484724182496,0.232747096394219,4.0,-0.481,-0.271,0.562,0.483,11.0,4.0,7.0,4.0,False
CTD-3076O17.1,-0.437100304392109,down_in_PP,0.0109642988420866,36.0563648773758,2,C_significant_but_flagged,,,,,,,,,,,,False
RP4-781K5.2,-0.435865116502266,down_in_PP,0.00147806092127,88.0824836880694,4,C_significant_but_flagged,0.102212661334832,0.164427807754949,4.0,0.282,,0.276,0.173,6.0,,4.0,1.0,False
SDCBP2-AS1,-0.435416267137541,down_in_PP,0.0081622095390139,79.1214700946148,4,C_significant_but_flagged,-0.152155810110235,0.0301442317075936,4.0,-0.442,-0.261,-0.198,-0.171,7.0,2.0,4.0,3.0,False
NNT-AS1,-0.435247065984361,down_in_PP,0.0009209960520434,82.0584608390401,4,C_significant_but_flagged,-0.243473967322254,0.0002392044292174,4.0,-0.481,-0.319,0.567,-0.346,9.0,4.0,7.0,5.0,False
B4GALT4-AS1,-0.434736481069498,down_in_PP,0.0419477996297352,88.4439560114203,4,C_significant_but_flagged,-0.183306887302081,0.0075708171238599,4.0,-0.317,,0.346,-0.228,6.0,,7.0,3.0,False
RP11-6N17.6,0.434407889082901,up_in_PP,0.0215086654750013,90.5156197111083,4,C_significant_but_flagged,0.0541259625591325,0.495868590345392,4.0,0.363,0.172,0.233,-0.358,5.0,2.0,2.0,5.0,False
LINC00840,-0.434279601026554,down_in_PP,0.0008883948787991,0.0,2,C_significant_but_flagged,,,,,,,,,,,,False
RP1-86D1.5,-0.430991346792187,down_in_PP,0.0385974554835117,10.9829521092701,2,C_significant_but_flagged,,,,,,,,,,,,False
RP11-1006G14.4,-0.428319984943532,down_in_PP,0.0321278749950846,90.1431246956277,4,C_significant_but_flagged,-0.162373383985142,0.0197649262112379,4.0,-0.37,,0.335,-0.212,6.0,,8.0,4.0,False
RP11-227G15.3,0.423266608843143,up_in_PP,0.0017090971929905,91.3148622489133,4,C_significant_but_flagged,0.222039331410152,0.0009317487637311,4.0,0.631,0.26,0.513,-0.288,7.0,4.0,8.0,4.0,False
AP000688.14,0.420703297916717,up_in_PP,0.0032587468644179,79.5229255718028,4,C_significant_but_flagged,0.19690296421367,0.0038161210193017,4.0,0.848,0.29,-0.521,0.331,6.0,2.0,7.0,4.0,False
RP11-761I4.4,-0.416841534388406,down_in_PP,0.049324779246415,86.7010437635983,3,C_significant_but_flagged,-0.117854595653896,0.106673359848388,3.0,-0.21,-0.183,0.234,-0.228,4.0,1.0,4.0,4.0,False
RP11-307E17.8,-0.416714189766617,down_in_PP,5.38179345034555e-05,0.0,2,C_significant_but_flagged,,,,,,,,,,,,False
CTD-2015H6.3,0.41617125128905,up_in_PP,0.0046611080076934,83.4298598168963,4,C_significant_but_flagged,-0.0112452398367772,0.901158533799846,4.0,0.359,,-0.224,0.181,4.0,,4.0,4.0,False
RP11-521I2.3,-0.413796469009697,down_in_PP,0.0404010301769587,0.0,2,C_significant_but_flagged,,,,,,,,,,,,False
RP11-298E9.7,0.413386922174266,up_in_PP,0.0105864523284871,84.7020251155789,4,C_significant_but_flagged,-0.0529715116428972,0.506375949827878,4.0,0.276,,-0.281,,4.0,,5.0,,False
AC005944.2,-0.411627677362651,down_in_PP,0.0001061242164586,77.2012034474138,4,C_significant_but_flagged,-0.0727033354377925,0.3421765432521,4.0,0.424,-0.191,-0.461,0.329,9.0,3.0,6.0,2.0,False
SERHL,-0.410853028202164,down_in_PP,0.0132226143571134,77.4958932432979,4,C_significant_but_flagged,0.0523630814077207,0.512002103842085,4.0,-0.353,-0.221,-0.4,,6.0,3.0,7.0,,False
RP4-561L24.3,-0.41019252920686,down_in_PP,7.51825158333271e-05,0.0,2,C_significant_but_flagged,,,,,,,,,,,,False
CTD-2587H24.14,0.409024353145367,up_in_PP,0.0021347021230811,81.239607536695,4,C_significant_but_flagged,0.298903470719604,3.56459061608152e-06,4.0,0.593,0.178,-0.61,0.271,8.0,2.0,8.0,4.0,False
RP11-56B16.4,0.407997507371373,up_in_PP,0.0432020253646563,90.0207957234207,4,C_significant_but_flagged,0.14600598410501,0.0384278420406042,4.0,0.648,0.233,0.628,-0.366,9.0,3.0,8.0,2.0,False
RP11-351A11.1,-0.403003569992129,down_in_PP,0.0038988966069108,0.0,2,C_significant_but_flagged,,,,,,,,,,,,False
RP5-864K19.7,0.403000653032098,up_in_PP,0.0079777724192602,91.681588598018,4,C_significant_but_flagged,0.370192908288933,2.73551014655362e-09,4.0,0.659,0.354,-0.561,0.279,10.0,5.0,8.0,4.0,False
RAP2C-AS1,-0.402975090477149,down_in_PP,0.0261813872531099,87.9891700730839,4,C_significant_but_flagged,-0.102763258367872,0.161866544514203,4.0,-0.5,-0.275,0.552,-0.29,8.0,3.0,7.0,5.0,False
RP11-56B16.5,0.402545476023781,up_in_PP,0.019338125442275,87.6029513587893,4,C_significant_but_flagged,0.127756516508086,0.0745128951205191,4.0,0.607,0.229,0.567,-0.324,8.0,3.0,7.0,2.0,False
RP11-154J22.1,-0.401879477716796,down_in_PP,0.0067712632368449,81.5882531629648,4,C_significant_but_flagged,0.103643700638314,0.157822894885677,4.0,0.53,,-0.427,0.248,5.0,,6.0,1.0,False
PRMT5-AS1,0.401055513638535,up_in_PP,5.02136610369215e-05,84.1984705813329,4,C_significant_but_flagged,0.253351342563731,0.0001222546616103,4.0,0.548,0.481,-0.441,0.359,7.0,4.0,6.0,7.0,False
RP1-151F17.1,-0.399480704207602,down_in_PP,0.0003088173792835,0.0,2,C_significant_but_flagged,,,,,,,,,,,,False
SNHG16,0.399243870245349,up_in_PP,0.004778910555525,91.8792437421252,4,C_significant_but_flagged,0.15792302915546,0.0238623168749732,4.0,0.35,0.232,-0.199,0.236,6.0,3.0,3.0,5.0,False
RAB11B-AS1,0.399031865012816,up_in_PP,0.037628914652934,86.7667227270393,4,C_significant_but_flagged,0.306598811583642,1.82294425498246e-06,4.0,0.729,0.303,-0.514,0.429,9.0,3.0,7.0,5.0,False
A1BG-AS1,-0.398240747191827,down_in_PP,0.0352592803191727,77.2784987759137,4,C_significant_but_flagged,-0.146464426634173,0.0377704811927646,4.0,-0.369,-0.272,0.362,-0.224,6.0,4.0,9.0,2.0,False
LINC01436,-0.397070847758533,down_in_PP,0.0396254487190588,0.0,2,C_significant_but_flagged,,,,,,,,,,,,False
RP13-1032I1.11,-0.395498456838455,down_in_PP,0.0014326064411257,0.0,2,C_significant_but_flagged,,,,,,,,,,,,False
RP11-1055B8.3,-0.3934151581953,down_in_PP,0.0047003670423294,0.0,2,C_significant_but_flagged,,,,,,,,,,,,False
RP11-525G13.2,0.393009727985134,up_in_PP,0.0396840298758542,85.024056070693,4,C_significant_but_flagged,0.201440105859925,0.0029949612054421,4.0,0.386,0.33,0.352,-0.286,6.0,3.0,6.0,3.0,False
RP11-580I16.2,0.391238061358692,up_in_PP,0.0003448976217714,79.9728670380847,4,C_significant_but_flagged,0.336544582372751,1.05706547211501e-07,4.0,0.389,0.45,0.337,0.325,7.0,5.0,2.0,4.0,False
RP11-849H4.4,-0.390121117494942,down_in_PP,0.0070390605696614,89.6835533626405,4,C_significant_but_flagged,0.0818842975842677,0.27795573053201,4.0,-0.481,-0.202,0.397,0.241,10.0,2.0,6.0,4.0,False
CTD-2336O2.1,0.389819873382743,up_in_PP,0.003751907716951,83.7320303439746,4,C_significant_but_flagged,0.0827856041246636,0.272261412769516,4.0,0.357,0.166,-0.227,0.23,4.0,2.0,3.0,5.0,False
RP11-557C18.3,0.38945575337856,up_in_PP,0.0235252361604316,90.544502189496,4,C_significant_but_flagged,0.202657479601308,0.0028033854135229,4.0,0.426,0.307,0.401,-0.291,9.0,4.0,6.0,4.0,False
RP5-1148A21.3,0.388263098853741,up_in_PP,0.0127177150574275,77.6058018197599,4,C_significant_but_flagged,0.111010920851067,0.12712909398832,4.0,0.219,0.163,,,6.0,2.0,,,False
RP11-298I3.4,-0.382427449880032,down_in_PP,0.0315059087279766,83.711936757592,4,C_significant_but_flagged,-0.247834854176452,0.000178541747703,4.0,-0.299,-0.265,-0.411,-0.268,6.0,3.0,6.0,6.0,False
RP11-278C7.3,-0.381165642820999,down_in_PP,0.0248274055342233,0.0,2,C_significant_but_flagged,,,,,,,,,,,,False
CTC-518P12.6,0.377841880262582,up_in_PP,0.0019098488610654,76.1758233766281,4,C_significant_but_flagged,0.0863013618538281,0.250529173596199,4.0,-0.271,,-0.349,0.282,7.0,,3.0,3.0,False
CTD-2506P8.6,-0.376857152085842,down_in_PP,0.0009253640558504,0.0,2,C_significant_but_flagged,,,,,,,,,,,,False
CTD-3138B18.5,-0.375468900322209,down_in_PP,0.0157417649326082,76.7010251364956,4,C_significant_but_flagged,-0.199536858109763,0.0033192610562988,4.0,-0.255,-0.222,-0.269,-0.198,6.0,3.0,4.0,3.0,False
RP11-16C1.2,-0.374552988108289,down_in_PP,0.0291815875122669,0.0,2,C_significant_but_flagged,,,,,,,,,,,,False
RP4-798A10.4,-0.374184586877776,down_in_PP,0.0077086544201263,6.3097923994783,2,C_significant_but_flagged,,,,,,,,,,,,False
RP11-379K17.12,-0.371543443752037,down_in_PP,0.0470830568977018,90.6768219668435,4,C_significant_but_flagged,-0.261405502568437,6.86682241912392e-05,4.0,-0.587,-0.202,0.639,-0.294,9.0,3.0,8.0,4.0,False
PKD1P6-NPIPP1,-0.371431825692867,down_in_PP,0.0295917567473313,85.4650742921752,4,C_significant_but_flagged,-0.28927033418074,8.00674031677425e-06,4.0,-0.416,-0.276,0.629,-0.233,5.0,3.0,9.0,5.0,False
AC002128.5,0.369948242876199,up_in_PP,0.0326799354630384,0.0,2,C_significant_but_flagged,,,,,,,,,,,,False
RP11-74C1.4,-0.368984706387796,down_in_PP,0.0384394306337526,0.0,2,C_significant_but_flagged,,,,,,,,,,,,False
AC009133.21,0.367275504539674,up_in_PP,0.0098805484941496,76.990242358904,4,C_significant_but_flagged,-0.150307936456705,0.0324817521019774,4.0,-0.475,,-0.585,,5.0,,8.0,,False
RP4-724E16.2,0.367265268906446,up_in_PP,0.0218904607628911,83.6254983755458,4,C_significant_but_flagged,0.32523747957481,3.20083701352704e-07,4.0,0.279,0.3,0.352,0.195,3.0,3.0,5.0,2.0,False
LIX1L-AS1,0.366183842507202,up_in_PP,0.0005337945100732,82.9824122363933,4,C_significant_but_flagged,0.342172532432404,5.98323662436052e-08,4.0,0.504,0.233,-0.388,0.341,8.0,3.0,5.0,5.0,False
LINC00339,-0.365144871503432,down_in_PP,0.0127092720075796,83.2588376969693,4,C_significant_but_flagged,-0.216787628575703,0.0012685023421176,4.0,-0.219,-0.157,-0.217,0.208,3.0,2.0,4.0,1.0,False
RP11-737O24.5,0.364627930732903,up_in_PP,0.0351931180302759,75.5001954316205,3,C_significant_but_flagged,0.102728265516589,0.166326632072895,3.0,-0.441,0.167,0.484,-0.259,9.0,1.0,6.0,2.0,False
RP11-390B4.3,0.364269934888502,up_in_PP,0.0202231145896566,77.8691058213469,4,C_significant_but_flagged,0.0930065860311785,0.211299970363564,4.0,0.396,0.173,0.412,-0.264,6.0,2.0,6.0,1.0,False
LINC01963,-0.362013713332514,down_in_PP,0.0121568364733984,77.9461136418415,4,C_significant_but_flagged,0.162998412367764,0.0192446082008419,4.0,0.376,,0.356,-0.174,5.0,,6.0,2.0,False
RP11-157P1.4,0.35735325005633,up_in_PP,0.0009112349715685,82.8754565000695,4,C_significant_but_flagged,0.301106182138037,2.95055086913581e-06,4.0,0.67,0.249,-0.585,0.295,8.0,3.0,8.0,5.0,False
LINC00630,-0.357303240646188,down_in_PP,0.0370514717344628,84.5917801457748,4,C_significant_but_flagged,-0.234022469391237,0.0004446455437852,4.0,-0.487,-0.28,0.278,-0.207,5.0,3.0,5.0,3.0,False
RP4-569M23.5,0.356720998006269,up_in_PP,0.0378082781087734,0.0,2,C_significant_but_flagged,,,,,,,,,,,,False
RP11-545I5.3,-0.354881414852515,down_in_PP,0.0173295689760833,87.6684929275991,4,C_significant_but_flagged,-0.357741958526025,1.124118740017e-08,4.0,-0.621,-0.3,0.615,-0.397,8.0,3.0,7.0,5.0,False
RP11-386G11.10,0.352814351351429,up_in_PP,0.0229414231989656,87.4069613519314,4,C_significant_but_flagged,0.227341727773255,0.0006762238385357,4.0,0.459,0.223,-0.48,0.225,6.0,2.0,4.0,3.0,False
AC009501.4,-0.351777974979044,down_in_PP,0.0043931440496481,81.5994608077366,4,C_significant_but_flagged,-0.0268334292670247,0.754362776584755,4.0,-0.394,-0.26,-0.308,,5.0,4.0,5.0,,False
RP11-664I21.6,-0.347048341476049,down_in_PP,0.0025250436834076,0.0,2,C_significant_but_flagged,,,,,,,,,,,,False
RP11-603J24.14,0.346814575859589,up_in_PP,0.0352399169971063,82.1119367599772,4,C_significant_but_flagged,0.0614800659072492,0.431432382439501,4.0,0.45,-0.156,-0.42,0.192,6.0,1.0,6.0,3.0,False
LINC00924,-0.346236614140843,down_in_PP,0.015929571155997,0.0,2,C_significant_but_flagged,,,,,,,,,,,,False
AC004947.2,-0.345195279768729,down_in_PP,0.0016794883670161,0.0,2,C_significant_but_flagged,,,,,,,,,,,,False
AC012314.8,0.344593053256745,up_in_PP,0.0023566650153898,83.8174027080758,4,C_significant_but_flagged,0.28326664989429,1.30422412145295e-05,4.0,0.675,0.268,-0.575,0.327,8.0,2.0,7.0,4.0,False
RP11-589M4.1,0.343746334423183,up_in_PP,0.0222423906211035,84.70208835115,4,C_significant_but_flagged,0.146317075661898,0.0379835407185927,4.0,0.564,0.205,-0.513,-0.382,10.0,3.0,7.0,3.0,False
RP11-876N24.2,0.338333087403714,up_in_PP,0.029717055179287,0.0,2,C_significant_but_flagged,,,,,,,,,,,,False
RP11-158K1.3,-0.337272152878864,down_in_PP,0.0220271704675228,86.5135477868731,4,C_significant_but_flagged,-0.252191024558578,0.0001323822585144,4.0,-0.592,-0.198,0.612,-0.354,9.0,2.0,9.0,5.0,False
RP11-21L19.1,-0.336296868746719,down_in_PP,0.0250117510004452,26.0501385232482,2,C_significant_but_flagged,,,,,,,,,,,,False
RP11-544A12.4,-0.335645847415274,down_in_PP,0.0228210983785789,79.6622587685949,4,C_significant_but_flagged,0.0913639281239132,0.220588662034143,4.0,-0.393,,0.392,-0.201,7.0,,6.0,2.0,False
RP1-198K11.5,0.327232512191387,up_in_PP,0.0151226755840097,78.9604306223224,4,C_significant_but_flagged,0.194755729819495,0.0042586112226063,4.0,0.383,0.15,-0.342,0.187,6.0,1.0,6.0,2.0,False
RP11-549K20.1,-0.322832375008838,down_in_PP,0.0051053623428486,0.0,2,C_significant_but_flagged,,,,,,,,,,,,False
RP11-48C7.8,0.322422488343884,up_in_PP,0.0119564649392423,76.055386686765,4,C_significant_but_flagged,0.239558959407181,0.0003103362562667,4.0,0.587,0.264,-0.61,0.336,8.0,3.0,7.0,4.0,False
LMLN-AS1,0.321839223702618,up_in_PP,0.0206156151707846,0.0,2,C_significant_but_flagged,,,,,,,,,,,,False
AC144449.1,0.319483659078226,up_in_PP,0.00865652608432,75.8666174301198,4,C_significant_but_flagged,0.24899080868287,0.0001650899249046,4.0,0.472,0.309,0.249,0.307,4.0,4.0,4.0,5.0,False
RP3-508I15.14,-0.31799151737437,down_in_PP,0.0206899294656805,76.8613820613705,4,C_significant_but_flagged,0.208890992250985,0.0019876282810663,4.0,0.37,,0.505,0.231,7.0,,6.0,3.0,False
RP1-20B21.4,0.316330347438277,up_in_PP,0.0168351158872246,86.7840749219219,4,C_significant_but_flagged,0.0970519320717822,0.189810327603323,4.0,0.385,0.281,-0.385,0.228,7.0,2.0,3.0,4.0,False
RP11-155D18.12,-0.315079870408828,down_in_PP,0.0450489933779026,78.5283555393056,4,C_significant_but_flagged,0.0373331444093155,0.652877146075829,4.0,0.616,-0.158,-0.578,0.36,9.0,1.0,7.0,2.0,False
RP11-15L13.4,0.310794302336574,up_in_PP,0.0266848865306044,85.279907253947,4,C_significant_but_flagged,0.0736525624744783,0.335356131352096,4.0,0.36,0.148,-0.295,-0.165,4.0,1.0,6.0,1.0,False
RP11-143K11.7,-0.309898502703405,down_in_PP,0.0410926024057046,78.1195164603583,4,C_significant_but_flagged,0.0317778187017486,0.706770943103474,4.0,-0.196,-0.175,0.321,-0.185,3.0,2.0,2.0,3.0,False
RP11-317N8.5,0.309021082903722,up_in_PP,0.0235324332591948,78.4740525666567,4,C_significant_but_flagged,0.0988527280608582,0.180574820060983,4.0,0.341,0.155,-0.395,,4.0,1.0,4.0,,False
LL21NC02-21A1.1,-0.308486980636757,down_in_PP,0.0267639558668086,0.0,2,C_significant_but_flagged,,,,,,,,,,,,False
RP11-464F9.21,-0.307060046942746,down_in_PP,0.0254888319326031,0.0,2,C_significant_but_flagged,,,,,,,,,,,,False
U91328.21,0.306412056354453,up_in_PP,0.0226280113552945,77.1954714138315,4,C_significant_but_flagged,-0.092774536142276,0.2126041729017,4.0,-0.42,,0.435,-0.232,6.0,,5.0,1.0,False
AC074117.10,0.304468435883063,up_in_PP,0.0059670626727219,80.9408310432615,4,C_significant_but_flagged,0.0335101941469771,0.689919404279906,4.0,0.241,0.257,0.367,-0.287,3.0,3.0,4.0,6.0,False
RP1-199J3.7,0.302930377748589,up_in_PP,0.0126130671942265,76.266633056003,4,C_significant_but_flagged,0.275077916603479,2.46850519293392e-05,4.0,0.428,0.159,0.275,0.241,5.0,1.0,3.0,4.0,False
RP11-138C9.1,0.302324073385439,up_in_PP,0.0022099774180398,80.3060426760811,4,C_significant_but_flagged,0.295837851617087,4.63345895626321e-06,4.0,0.382,0.274,-0.311,-0.375,8.0,3.0,7.0,3.0,False
AC079922.3,0.300607677536234,up_in_PP,0.0114367216995529,0.0,2,C_significant_but_flagged,,,,,,,,,,,,False
RP11-264B17.3,0.299991630806669,up_in_PP,0.0187549678821598,85.3610924734567,4,C_significant_but_flagged,0.219589269161042,0.0010777096902641,4.0,0.724,0.167,-0.596,0.268,9.0,1.0,9.0,4.0,False
RP4-583P15.10,-0.29816342873069,down_in_PP,0.0048495153588567,0.0,2,C_significant_but_flagged,,,,,,,,,,,,False
LINC00869,-0.290715165070332,down_in_PP,0.0202688710054791,80.3669275069285,4,C_significant_but_flagged,-0.264949613221429,5.29551857320849e-05,4.0,-0.271,-0.298,-0.265,-0.23,2.0,4.0,3.0,5.0,False
SH3RF3-AS1,0.290670713293377,up_in_PP,0.0050929448433108,0.0,2,C_significant_but_flagged,,,,,,,,,,,,False
RP11-24C3.2,0.289936513284746,up_in_PP,0.0042581185256633,75.9273868748503,4,C_significant_but_flagged,0.198126578659667,0.0035785463859626,4.0,0.492,0.146,-0.3,0.285,5.0,1.0,6.0,4.0,False
AC005253.4,0.287289539948814,up_in_PP,0.0189724205873782,83.7739429923267,4,C_significant_but_flagged,0.191001132508646,0.0051661775108204,4.0,0.637,0.236,-0.586,0.314,6.0,3.0,8.0,4.0,False
SLX1B-SULT1A4,0.276827913941917,up_in_PP,0.0178563754996185,75.407593084896,4,C_significant_but_flagged,-0.085865244633166,0.253064481025638,4.0,-0.427,,0.611,,6.0,,6.0,,False
AP001258.4,-0.276578952275883,down_in_PP,0.0211143730699042,76.915000627996,4,C_significant_but_flagged,-0.245012622002349,0.0002157589431728,4.0,-0.25,-0.15,-0.245,,4.0,1.0,5.0,,False
ELMO1-AS1,-0.276306240174264,down_in_PP,0.000252752050673,0.0,2,C_significant_but_flagged,,,,,,,,,,,,False
CTD-3149D2.4,-0.273399965643436,down_in_PP,0.0208842023379727,0.0,2,C_significant_but_flagged,,,,,,,,,,,,False
RP13-39P12.3,-0.273109426443659,down_in_PP,0.0078582007036527,78.2431730393512,4,C_significant_but_flagged,-0.108086542602025,0.138768359284617,4.0,0.345,-0.21,0.209,-0.241,5.0,2.0,4.0,5.0,False
RP11-79P5.9,-0.27100066171483,down_in_PP,0.0244719088669236,0.0,2,C_significant_but_flagged,,,,,,,,,,,,False
RP11-56G10.2,-0.27045234778115,down_in_PP,0.0091381918016841,79.1741355909693,4,C_significant_but_flagged,0.272458108417841,3.01753948260204e-05,4.0,0.181,,0.31,,2.0,,4.0,,False
LINC00662,-0.270093261045643,down_in_PP,0.0222794339345367,80.9804994630419,4,C_significant_but_flagged,-0.137480501546853,0.0529850253069201,4.0,-0.198,,0.27,-0.177,5.0,,5.0,5.0,False
RP11-21J18.1,0.26872206911044,up_in_PP,0.0261813872531099,87.692264163755,4,C_significant_but_flagged,0.0779424843604245,0.304769477745392,4.0,0.355,0.14,-0.529,0.266,10.0,1.0,5.0,3.0,False
RP3-508I15.9,-0.268473771528787,down_in_PP,0.0264028800652593,82.931987312714,4,C_significant_but_flagged,-0.310811767082014,1.24607376667736e-06,4.0,-0.352,-0.384,-0.362,0.375,6.0,4.0,7.0,6.0,False
RP11-66N24.3,0.264197479507348,up_in_PP,0.031819546042719,79.7257474110265,4,C_significant_but_flagged,-0.0122736986126201,0.891659998604528,4.0,-0.384,,0.8,0.144,4.0,,8.0,1.0,False
RP11-29H23.4,0.263383029419412,up_in_PP,0.0414634844084864,0.0,2,C_significant_but_flagged,,,,,,,,,,,,False
RP11-128A17.1,-0.262067479946334,down_in_PP,0.0232916851736716,0.0,2,C_significant_but_flagged,,,,,,,,,,,,False
LINC01128,-0.260436970134599,down_in_PP,0.036653045240776,89.2703251447944,4,C_significant_but_flagged,0.16138413029835,0.020618820777812,4.0,-0.427,-0.178,0.303,,3.0,2.0,9.0,,False
CTC-338M12.4,-0.254448798016562,down_in_PP,0.0481170540482083,80.9984026673187,4,C_significant_but_flagged,-0.358322060518518,1.05225959421674e-08,4.0,-0.628,-0.309,0.392,-0.351,4.0,3.0,4.0,5.0,False
RP11-90B9.3,0.253853584228702,up_in_PP,0.0468986877802819,78.7822032884474,4,C_significant_but_flagged,0.124849872917831,0.082076847296264,4.0,0.507,,0.505,-0.148,5.0,,8.0,1.0,False
C10orf111,0.250545490879092,up_in_PP,0.043288676437073,0.0,2,C_significant_but_flagged,,,,,,,,,,,,False
AC006116.17,-0.250326980058176,down_in_PP,0.0407140251870891,0.0,2,C_significant_but_flagged,,,,,,,,,,,,False
RP11-247I13.11,-0.246723561748164,down_in_PP,0.0182618340829006,75.5788562080787,4,C_significant_but_flagged,0.110397874156302,0.12940692374128,4.0,-0.228,,0.177,,3.0,,2.0,,False
RP13-1032I1.7,0.2467170700084,up_in_PP,0.0311009776722519,79.246439594566,4,C_significant_but_flagged,0.213549664983416,0.0015253936345002,4.0,0.733,0.209,-0.706,0.33,8.0,2.0,9.0,5.0,False
CTD-2231E14.8,0.244733646633501,up_in_PP,0.0030220671531724,84.1583539276264,4,C_significant_but_flagged,0.133930451040169,0.0600776050907436,4.0,0.677,0.274,-0.483,0.28,6.0,2.0,5.0,3.0,False
AC004893.11,-0.242768927886243,down_in_PP,0.0453804882036478,87.9589534891824,4,C_significant_but_flagged,0.173213900703885,0.0122067811200264,4.0,-0.313,,0.402,,4.0,,5.0,,False
CTD-2545M3.2,0.238229015194486,up_in_PP,0.0134041195161012,79.2188456387215,4,C_significant_but_flagged,0.11524004176763,0.112022493200585,4.0,0.475,0.208,-0.391,0.304,7.0,1.0,5.0,6.0,False
RP11-203B9.4,-0.233435568911727,down_in_PP,0.0289371686133432,77.4416002979701,4,C_significant_but_flagged,-0.165079371918796,0.0175728669502936,4.0,-0.625,-0.181,0.56,-0.263,6.0,2.0,9.0,5.0,False
RP11-732A19.2,-0.224791104222437,down_in_PP,0.0363895830811486,83.2844978794131,4,C_significant_but_flagged,-0.166992833823973,0.0161522939939046,4.0,-0.376,-0.216,-0.375,-0.214,7.0,2.0,5.0,6.0,False
RP11-983P16.4,-0.224533721556688,down_in_PP,0.0004913506792965,79.3311297987063,4,C_significant_but_flagged,0.108014782071452,0.139042102005902,4.0,0.199,,-0.239,0.141,1.0,,3.0,1.0,False
RP11-109E12.5,0.216512043329479,up_in_PP,0.0317564570676829,0.0,2,C_significant_but_flagged,,,,,,,,,,,,False
IGBP1-AS2,-0.214412304310019,down_in_PP,0.0452257862919122,75.5482768359724,4,C_significant_but_flagged,-0.0737557711306932,0.334547232395724,4.0,0.274,-0.236,-0.283,0.365,4.0,2.0,3.0,1.0,False
RP11-18I14.11,0.214098866549125,up_in_PP,0.0198758310258783,79.683063422874,4,C_significant_but_flagged,0.038444051292996,0.642416162642157,4.0,,0.155,0.18,,,2.0,1.0,,False
RP11-521C20.3,-0.204845505240138,down_in_PP,0.0225852792782082,9.35716246867041,2,C_significant_but_flagged,,,,,,,,,,,,False
TSPOAP1-AS1,0.201622705636513,up_in_PP,0.0264573086103481,80.5402855928051,4,C_significant_but_flagged,0.178488044349623,0.0095318205994364,4.0,0.569,0.174,-0.366,0.305,8.0,1.0,6.0,4.0,False
AC015971.2,-0.155507360249412,down_in_PP,0.041802731349513,75.8093613857337,4,C_significant_but_flagged,-0.0512147276413137,0.522617616497055,4.0,0.351,0.192,-0.537,,5.0,1.0,7.0,,False
