gene,k,logFC,SE,z,P,FDR,I2,tau2,Q,direction,in_leading_edge,leading_edge_sets,stat3_target,in_coexpr_module,absLFC,neglog10FDR,robustness,pathway_support,evidence_score,evidence_rank
VNN3,2,8.081,0.276,29.31,8.11432329718391e-189,3.7989638812755595e-185,0.0,0.0,0.41,up,False,,False,True,8.081,184.42033483548906,2.0,1,4.913838635378073,1
IL36A,2,10.061,0.488,20.62,1.81642756890757e-94,7.206907281450409e-92,0.0,0.0,0.31,up,False,,False,True,10.061,91.14225106520482,2.0,1,4.454355529898126,2
CHI3L2,3,4.384,0.127,34.48,1.5935596505779501e-260,3.7303637860379297e-256,0.0,0.0,1.89,up,False,,False,False,4.384,255.42824881361625,3.0,0,4.172869882385013,3
S100A12,2,8.802,0.453,19.42,5.24611796343836e-84,1.63741833874838e-81,0.0,0.0,0.05,up,True,COMPLEMENT,False,False,8.802,80.78584034991042,2.0,1,3.8889961738508356,4
S100A9,3,7.94,0.81,9.8,1.16381770461949e-22,3.01369564684045e-21,89.7,1.4285,19.39,up,True,COMPLEMENT,True,True,7.94,20.520900609211797,0.30899999999999994,3,3.5634738994607154,5
PRSS27,2,4.192,0.13,32.15,8.10747824944692e-227,6.32626527804343e-223,0.0,0.0,0.19,up,False,,False,False,4.192,222.19885260085297,2.0,0,3.510156156527324,6
RORC,2,-2.473,0.076,-32.44,7.952025578590209e-231,9.30744833846091e-227,0.0,0.0,0.02,down,False,,True,False,2.473,226.03116936567994,2.0,1,3.475531010421154,7
RP4-529N6.2,2,5.24,0.2,26.2,2.90517663762613e-151,5.66727332584917e-148,0.0,0.0,0.0,up,False,,False,True,5.24,147.24662584134728,2.0,1,3.468166640869218,8
DEFB4B,2,9.769,0.594,16.43,1.0746660377942601e-60,1.62302305024037e-58,0.0,0.0,0.01,up,False,,False,False,9.769,57.78967531226181,2.0,0,3.426190157165745,9
S100A7A,3,9.923,0.956,10.38,3.0502275488988804e-25,9.35816208285372e-24,72.9,1.7049,7.37,up,False,,False,True,9.923,23.028809437122103,0.8129999999999997,1,3.3460901691079012,10
IL17A,2,5.604,0.233,24.05,8.07392573714806e-128,7.560101103235949e-125,0.0,0.0,0.67,up,False,,True,False,5.604,124.12147239652474,2.0,1,3.3101259730575867,11
AL591704.7,2,5.231,0.185,28.35,8.0509929187635e-177,2.0940632581703804e-173,0.0,0.0,0.11,up,False,,False,False,5.231,172.67901020314457,2.0,0,3.261997996955801,12
S100A7,3,8.11,0.487,16.65,3.08886381759695e-62,4.98670435214668e-60,67.0,0.3971,6.06,up,False,,False,True,8.11,59.30218637913223,0.9899999999999999,1,3.195086445346319,13
LTF,2,5.7,0.255,22.33,1.7584649074527e-110,1.1125379734746e-107,0.0,0.0,0.63,up,True,COMPLEMENT,False,False,5.7,106.95368515662656,2.0,1,3.1322014797482263,14
CTA-384D8.34,2,4.413,0.171,25.76,2.38005402460347e-146,3.9796203329959e-143,0.0,0.0,0.02,up,False,,False,True,4.413,142.4001583588685,2.0,1,3.120878968180305,15
RDH16,3,2.383,0.084,28.22,3.09337274466131e-175,6.58297841634332e-172,0.0,0.0,1.04,up,False,,False,True,2.383,171.1815775688299,3.0,1,2.956023517414965,16
IL19,2,8.112,0.467,17.38,1.1377657210486701e-67,2.3780319432168e-65,0.0,0.0,0.05,up,False,,False,False,8.112,64.62378231596223,2.0,0,2.9339983053059235,17
NMI,3,1.483,0.049,30.07,1.0890708042833001e-198,6.37351461436693e-195,0.0,0.0,0.23,up,True,INFLAMMATORY_RESPONSE;INTERFERON_GAMMA_RESPONSE,False,False,1.483,194.19562101402337,3.0,1,2.9262736812607617,18
LINC01206,2,5.227,0.204,25.68,1.9272433319245003e-145,3.00765594380137e-142,0.0,0.0,0.35,up,False,,False,False,5.227,141.52177184569163,2.0,0,2.8771007320944784,19
SPRR2A,3,8.786,0.929,9.46,3.1254659163558003e-21,7.32372689048778e-20,85.9,1.8579,14.22,up,False,,False,True,8.786,19.13526785936838,0.4229999999999997,1,2.8298123585793764,20
DEFB4A,3,10.592,1.963,5.4,6.82692752138325e-08,4.68930593744309e-07,80.4,8.435,10.2,up,False,,False,False,10.592,6.328891432305078,0.5879999999999999,0,2.8150795710506307,21
SERPINB4,3,8.73,0.998,8.75,2.1437358999836397e-18,4.21349401198297e-17,88.2,2.1287,16.92,up,False,,False,True,8.73,16.37535761894094,0.354,1,2.763466614678938,22
ARSF,2,3.502,0.121,28.99,9.632676546600219e-185,3.22130464684807e-181,0.0,0.0,0.64,up,False,,False,False,3.502,180.4919682009212,2.0,0,2.7568126786311273,23
TNIP3,2,7.022,0.37,18.96,3.71937196832033e-80,1.0124044000745398e-77,0.0,0.0,0.55,up,False,,False,False,7.022,76.99464597599507,2.0,0,2.7071617001218153,24
CXCL13,2,5.544,0.296,18.76,1.6482764720593398e-78,4.28716710382635e-76,0.0,0.0,0.2,up,True,ALLOGRAFT_REJECTION;IL6_JAK_STAT3_SIGNALING,False,False,5.544,75.36782958836822,2.0,1,2.6891622910478636,25
PLBD1,3,2.05,0.072,28.31,2.5533719116006497e-176,5.9771883078659605e-173,33.2,0.0055,3.0,up,False,,False,True,2.05,172.22350306175395,2.0039999999999996,1,2.666853600890086,26
NOS2,2,5.196,0.395,13.17,1.28422467445642e-39,8.03807898512038e-38,0.0,0.0,0.55,up,True,ALLOGRAFT_REJECTION,True,False,5.196,37.09484773058571,2.0,2,2.61311349523611,27
MMP12,2,5.339,0.29,18.43,6.9185337203641e-76,1.65261179448983e-73,0.0,0.0,0.58,up,True,COMPLEMENT,False,False,5.339,72.7818291520615,2.0,1,2.5860321127884207,28
CHP2,3,-2.323,0.08,-29.15,7.51058126433479e-187,2.93025328028022e-183,0.0,0.0,1.92,down,False,,False,False,2.323,182.53309483921106,3.0,0,2.558799277600099,29
GZMB,2,3.948,0.174,22.63,2.44803114735841e-113,1.79081128526603e-110,0.0,0.0,0.76,up,True,ALLOGRAFT_REJECTION;COMPLEMENT,False,False,3.948,109.74695017745962,2.0,1,2.5572306242023704,30
S100A8,3,7.763,0.776,10.01,1.3759536943108e-23,3.78048122419265e-22,89.5,1.2886,18.98,up,False,,False,True,7.763,21.42245291452539,0.31499999999999995,1,2.4819735719068117,31
CCR7,2,2.694,0.107,25.12,3.02165000521679e-139,4.16081205718351e-136,0.0,0.0,0.02,up,True,INFLAMMATORY_RESPONSE,False,False,2.694,135.3808219007347,2.0,1,2.436604973873936,32
HMOX1,3,1.348,0.058,23.17,8.16556653663062e-119,6.591301622620219e-116,0.3,0.0,2.01,up,True,IL6_JAK_STAT3_SIGNALING,True,False,1.348,115.1810288142827,2.991,2,2.4211472982222455,33
KYNU,3,4.652,0.312,14.89,3.96168823209594e-50,4.01468224351229e-48,56.7,0.1516,4.62,up,True,COMPLEMENT;TNFA_SIGNALING_VIA_NFKB,False,True,4.652,47.396348822826226,1.299,2,2.41967307099758,34
AP000439.3,2,-3.865,0.151,-25.55,5.56700437125955e-144,8.14487533292593e-141,0.0,0.0,0.2,down,False,,False,False,3.865,140.0891155587019,2.0,0,2.3857576642634486,35
LCE3A,3,7.678,1.647,4.66,3.11045053767757e-06,1.64510927782409e-05,72.6,5.5701,7.31,up,False,,False,True,7.678,4.783805248364635,0.8220000000000001,1,2.342379927470504,36
TRIM10,2,4.181,0.172,24.25,6.86883340527226e-130,7.30875096290992e-127,0.0,0.0,0.0,up,False,,False,False,4.181,126.13615683593743,2.0,0,2.323920482811348,37
SERPINB3,3,6.342,0.482,13.17,1.33435945740933e-39,8.32960547693203e-38,82.7,0.4389,11.53,up,False,,False,True,6.342,37.07937556801086,0.5189999999999998,1,2.2185935306615643,38
SERPINB11,3,6.244,0.474,13.18,1.14383488248775e-39,7.17856052658332e-38,80.0,0.4175,10.02,up,False,,False,True,6.244,37.14396263347871,0.5999999999999999,1,2.2004445545590814,39
TMPRSS11D,3,6.933,0.907,7.64,2.14960297638074e-14,3.06269361376121e-13,70.0,1.607,6.67,up,False,,False,True,6.933,12.513896447042022,0.9000000000000001,1,2.1929936927485585,40
AC091177.1,2,1.872,0.065,28.93,5.40439768403653e-184,1.5813943173201402e-180,0.0,0.0,0.02,up,False,,False,False,1.872,179.8009598261563,2.0,0,2.1813869145965032,41
CTA-398F10.2,2,-3.603,0.147,-24.46,3.8693299835349705e-132,4.31319740878906e-129,0.0,0.0,0.01,down,False,,False,False,3.603,128.36520066437066,2.0,0,2.15032653853081,42
FABP5P11,2,3.329,0.134,24.83,4.79473971488691e-136,6.23555899921043e-133,0.0,0.0,0.05,up,False,,False,False,3.329,132.2051246072391,2.0,0,2.102292863636055,43
ICOS,2,2.904,0.133,21.83,1.23778340526217e-105,6.898874222329069e-103,0.0,0.0,0.16,up,False,,True,False,2.904,102.1612217728743,2.0,1,2.1007526846536937,44
SPRR2B,3,7.012,1.026,6.84,8.17953061967251e-12,9.13960058596247e-11,87.3,2.3891,15.72,up,False,,False,True,7.012,10.039072783161435,0.381,1,2.092994862437427,45
TEX101,2,4.391,0.203,21.66,5.31937107386644e-104,2.6493863291093498e-101,0.0,0.0,0.27,up,False,,False,False,4.391,100.57685470898588,2.0,0,2.0823567370534874,46
HRH3,2,4.329,0.199,21.71,1.75524730351037e-104,9.33831457451687e-102,0.0,0.0,0.13,up,False,,False,False,4.329,101.02973150032642,2.0,0,2.066367234712871,47
IDO1,2,3.086,0.148,20.89,5.96786325071844e-97,2.58706871918645e-94,0.0,0.0,0.26,up,True,INTERFERON_GAMMA_RESPONSE,False,False,3.086,93.58719203515392,2.0,1,2.0585175700986094,48
SLC26A9,3,2.979,0.142,20.93,3.13838358107428e-97,1.38615889149751e-94,27.5,0.018,2.76,up,False,,False,True,2.979,93.85818698491506,2.175,1,2.057349805737051,49
IL2RA,2,2.157,0.113,19.12,1.67429570540123e-81,4.83871458860955e-79,2.7,0.0011,1.03,up,True,ALLOGRAFT_REJECTION;IL6_JAK_STAT3_SIGNALING,True,False,2.157,78.3152699939789,1.946,2,2.053414684887072,50
IL7R,3,1.984,0.088,22.55,1.26484532301115e-112,8.459646904676591e-110,0.0,0.0,1.88,up,True,INFLAMMATORY_RESPONSE;TNFA_SIGNALING_VIA_NFKB,False,False,1.984,109.07264776350362,3.0,1,2.0527676912128223,51
PLA2G2F,3,2.142,0.083,25.94,2.45293361822058e-148,4.41697869760966e-145,0.0,0.0,0.99,up,False,,False,False,2.142,144.3548746952702,3.0,0,2.0259213530770754,52
IL37,3,-3.141,0.134,-23.44,1.87433658241378e-121,1.56701232349015e-118,10.4,0.0079,2.23,down,False,,False,False,3.141,117.80492758808614,2.688,0,1.9882610944606776,53
TMPRSS11A,2,5.886,0.367,16.03,8.10560151946072e-58,1.08425157696603e-55,21.9,0.0897,1.28,up,False,,False,False,5.886,54.96486993752862,1.562,0,1.9590253341097061,54
BIRC3,3,1.379,0.075,18.45,4.7601895611871604e-76,1.1487760560601e-73,0.0,0.0,0.98,up,True,TNFA_SIGNALING_VIA_NFKB,True,False,1.379,72.93976462500754,3.0,2,1.9136751959717473,55
SPRR2F,3,6.69,1.542,4.34,1.43481003871915e-05,6.74311748572103e-05,88.6,5.9202,17.62,up,False,,False,True,6.69,4.1711392735198825,0.3420000000000003,1,1.901485176060005,56
LCE5A,2,-2.931,0.122,-23.94,1.3108499813342399e-126,1.1802187389635899e-123,0.0,0.0,0.68,down,False,,False,False,2.931,122.92803749411671,2.0,0,1.8496777535881317,57
SPRR2E,3,4.239,0.266,15.91,5.19275893073676e-57,6.71587258616668e-55,56.7,0.1073,4.62,up,False,,False,True,4.239,54.172897551910054,1.299,1,1.8433620060083438,58
PI3,3,6.611,1.663,3.98,7.03032275360572e-05,0.0002857215676403,96.7,7.7598,60.87,up,False,,False,True,6.611,3.5440569757403266,0.09899999999999975,1,1.8208676236129668,59
CXCL10,2,4.082,0.423,9.64,5.43003294817976e-22,1.3394272000415201e-20,53.4,0.2176,2.15,up,True,IL6_JAK_STAT3_SIGNALING;INFLAMMATORY_RESPONSE;INTERFERON_GAMMA_RESPONSE;TNFA_SIGNALING_VIA_NFKB,True,False,4.082,19.873080885997126,0.9319999999999999,2,1.8140473738297014,60
CCL20,3,3.425,1.255,2.73,0.0063675125286764,0.0154127908989544,92.3,4.1802,25.97,up,True,INFLAMMATORY_RESPONSE;TNFA_SIGNALING_VIA_NFKB,True,True,3.425,1.8121187135028813,0.2310000000000002,3,1.748277968369765,61
SERPINA12,3,-2.378,0.103,-23.06,1.06743191570466e-117,8.32917123824343e-115,0.0,0.0,1.53,down,False,,False,False,2.378,114.0793982092251,3.0,0,1.735350389193743,62
BCL3,3,1.298,0.081,15.97,1.92088181164447e-57,2.5120626999321498e-55,0.0,0.0,1.85,up,True,ALLOGRAFT_REJECTION;TNFA_SIGNALING_VIA_NFKB,True,False,1.298,54.5999695250086,3.0,2,1.6597634866242967,63
FAM43A,3,2.002,0.099,20.13,3.79800470591471e-90,1.32697749493668e-87,23.5,0.0077,2.61,up,False,,False,True,2.002,86.87713644255206,2.295,1,1.6540483869642268,64
SPINK1,2,-3.964,0.201,-19.75,7.82281625926767e-87,2.5433931362944e-84,19.3,0.0199,1.24,down,False,,False,False,3.964,83.59458650505155,1.6139999999999999,0,1.652661769449853,65
SPRR2C,3,5.969,1.542,3.87,0.0001081303047285,0.0004218000838843,86.6,5.6837,14.92,up,False,,False,True,5.969,3.3748933382274355,0.402,1,1.652133222206306,66
AADACL3,2,-6.062,0.662,-9.16,5.3192320096971704e-20,1.16046507096926e-18,0.0,0.0,0.18,down,False,,False,False,6.062,17.93536792691302,2.0,0,1.6463252374489428,67
CTLA4,2,3.125,0.144,21.67,4.34391247646275e-104,2.21057928611993e-101,0.0,0.0,0.03,up,False,,False,False,3.125,100.65549390378146,2.0,0,1.6430049706813838,68
ARL11,3,1.459,0.059,24.76,2.6461698238745897e-135,3.26022049510949e-132,0.0,0.0,1.73,up,False,,False,False,1.459,131.48675302675076,3.0,0,1.6299810600920581,69
AKR1B10P1,2,6.093,0.476,12.8,1.64150194267501e-37,9.326679363126059e-36,66.4,0.3172,2.98,up,False,,False,False,6.093,35.03027295335601,0.6719999999999999,0,1.619289064586545,70
AKR1B15,2,5.299,0.348,15.22,2.54174427647557e-52,2.86056210423157e-50,40.7,0.1288,1.69,up,False,,False,False,5.299,49.543548619045914,1.186,0,1.6178515615849522,71
FABP5P10,2,3.331,0.16,20.8,4.60678336280627e-96,1.89193318841986e-93,0.0,0.0,0.41,up,False,,False,False,3.331,92.72309420430469,2.0,0,1.617014800508469,72
CTD-2547L24.4,2,3.254,0.155,20.95,1.82335506394347e-97,8.20825359458704e-95,0.0,0.0,0.45,up,False,,False,False,3.254,94.08574923446564,2.0,0,1.6070064550679186,73
MEFV,2,2.321,0.122,19.02,1.11289397812442e-80,3.06491001575465e-78,0.0,0.0,0.47,up,True,INFLAMMATORY_RESPONSE,False,False,2.321,77.51358227163003,2.0,1,1.5946018697559547,74
DEFB103B,3,5.334,0.728,7.33,2.29556550056996e-13,2.9804155742008997e-12,76.9,1.0591,8.66,up,False,,False,True,5.334,11.525723175856978,0.693,1,1.5859989208443017,75
CXCL9,2,4.294,0.942,4.56,5.12470900225314e-06,2.60678646314089e-05,89.7,1.602,9.73,up,True,ALLOGRAFT_REJECTION;IL6_JAK_STAT3_SIGNALING;INFLAMMATORY_RESPONSE;INTERFERON_GAMMA_RESPONSE,True,False,4.294,4.58389454293134,0.20599999999999996,2,1.563884717817952,76
SPRR2D,3,5.364,0.663,8.09,5.73464777896825e-16,9.29012940192857e-15,88.4,0.9825,17.26,up,False,,False,True,5.364,14.03197823668966,0.348,1,1.5627931793553218,77
TNNT2,3,-1.828,0.08,-22.94,1.70932661773952e-116,1.29076215466659e-113,0.0,0.0,0.3,down,False,,False,False,1.828,112.8891537766586,3.0,0,1.529407855992462,78
HTR3A,2,4.233,0.253,16.73,7.31502186182298e-63,1.2231239054529601e-60,0.0,0.0,0.01,up,False,,False,False,4.233,59.912529545638456,2.0,0,1.5268775052039858,79
WDR72,2,-2.534,0.114,-22.32,2.1968794745043e-110,1.3533355689124e-107,0.0,0.0,0.0,down,False,,False,False,2.534,106.86859450372953,2.0,0,1.5139282569339998,80
PARK2,3,-1.427,0.06,-23.88,4.9358885819394694e-126,4.27941540054152e-123,0.0,0.0,1.38,down,False,,False,False,1.427,122.36861555473908,3.0,0,1.5066186392675014,81
CRYAB,3,-1.292,0.053,-24.22,1.3565239872326099e-129,1.3806465224838298e-126,0.0,0.0,0.5,down,False,,False,False,1.292,125.85991749664552,3.0,0,1.5026386097681739,82
REN,2,3.423,0.258,13.27,3.6550559118891096e-40,2.36356916688984e-38,0.0,0.0,0.76,up,False,,True,False,3.423,37.626431684091315,2.0,1,1.4869215620249883,83
GSTA3,2,-2.526,0.115,-21.97,5.62448525124195e-107,3.2606730910380404e-104,0.0,0.0,0.2,down,False,,False,False,2.526,103.48669274056083,2.0,0,1.4695189085747522,84
KLK13,3,3.65,0.256,14.26,3.87904785916207e-46,3.2430225476830403e-44,65.3,0.1059,5.77,up,False,,False,True,3.65,43.48905003180798,1.041,1,1.458774605509659,85
XAF1,3,2.546,0.228,11.17,5.41993765793791e-29,2.0496820781045e-27,53.7,0.0739,4.32,up,True,INTERFERON_GAMMA_RESPONSE,True,False,2.546,26.688313496228318,1.3889999999999998,2,1.4491316021572926,86
BATF2,2,2.973,0.197,15.09,2.01536996544117e-51,2.1641190605969e-49,5.5,0.0112,1.06,up,True,INTERFERON_GAMMA_RESPONSE,False,False,2.973,48.66471884987884,1.89,1,1.4457155097800682,87
IL36G,3,4.835,0.5,9.66,4.44572859934403e-22,1.1094889209173201e-20,89.7,0.5139,19.5,up,False,,False,True,4.835,19.954877030167886,0.30899999999999994,1,1.444418266248229,88
TMPRSS6,2,-2.874,0.14,-20.58,4.19784467160138e-94,1.61094009700847e-91,0.0,0.0,0.24,down,False,,False,False,2.874,90.79292060857045,2.0,0,1.4343104397224928,89
DBX2,2,-3.508,0.19,-18.43,8.254960460162001e-76,1.95192292335285e-73,0.0,0.0,0.34,down,False,,False,False,3.508,72.70953733555429,2.0,0,1.4322346103080048,90
RP11-1263C18.1,2,-2.825,0.136,-20.71,2.73803136293956e-95,1.10507889956986e-92,0.0,0.0,0.95,down,False,,False,False,2.825,91.95660671344987,2.0,0,1.431591548112616,91
DGAT2L6,2,-5.431,0.589,-9.22,2.8672764338388004e-20,6.380235174879511e-19,0.0,0.0,0.02,down,False,,False,False,5.431,18.195163312929296,2.0,0,1.4300587390862296,92
AGR3,2,-5.438,0.453,-12.01,3.14641561263561e-33,1.4442047661997402e-31,44.1,0.2252,1.79,down,False,,False,False,5.438,30.840371226069735,1.1179999999999999,0,1.423273120142247,93
FABP5P7,3,3.457,0.22,15.74,7.89402168770665e-56,9.88187987633824e-54,80.8,0.0891,10.4,up,False,,False,True,3.457,53.00516042967758,0.5760000000000002,1,1.4218601744554151,94
FLG2,3,-2.54,0.128,-19.8,3.11792352130987e-87,1.02966734262806e-84,0.0,0.0,1.07,down,False,,False,False,2.54,83.98730306131021,3.0,0,1.4212991294836805,95
LCE3D,3,5.053,0.679,7.44,9.94221386911783e-14,1.32840915788915e-12,89.8,1.0021,19.62,up,False,,False,True,5.053,11.876668139090654,0.30599999999999994,1,1.4202462455271188,96
GDPD3,3,2.442,0.141,17.38,1.2066727909812801e-67,2.4997348109806e-65,44.8,0.0252,3.63,up,False,,False,True,2.442,64.6021060618226,1.6560000000000001,1,1.4134605064888315,97
IFIH1,3,1.522,0.081,18.72,3.4177220542093497e-78,8.79180830406447e-76,12.6,0.0031,2.29,up,True,INTERFERON_GAMMA_RESPONSE;TNFA_SIGNALING_VIA_NFKB,False,False,1.522,75.05592178980598,2.622,1,1.4027224278160584,98
SLC6A14,3,4.324,0.396,10.93,8.035828300460249e-28,2.80762245799215e-26,78.4,0.2848,9.24,up,False,,False,True,4.324,25.551661292352197,0.6479999999999999,1,1.398946925213572,99
CD83,3,1.385,0.073,18.86,2.6595514683676998e-79,7.07470912761585e-77,9.6,0.0023,2.21,up,True,TNFA_SIGNALING_VIA_NFKB,False,False,1.385,76.1502914111914,2.712,1,1.3853667295201166,100
AC006994.2,2,-2.841,0.141,-20.19,1.28784136938958e-90,4.56773918424859e-88,0.0,0.0,0.24,down,False,,False,False,2.841,87.34029870206419,2.0,0,1.3803355191214783,101
PGLYRP4,3,1.643,0.074,22.07,5.74108663305419e-108,3.4459768459786e-105,0.0,0.0,1.7,up,False,,False,False,1.643,104.4626876449662,3.0,0,1.3613450372781717,102
AKR1B10,3,5.748,0.522,11.01,3.4900532631360697e-28,1.24921493634178e-26,82.3,0.5359,11.3,up,False,,False,False,5.748,25.903362831732878,0.5310000000000001,0,1.3605998069152367,103
UPK1B,3,-3.012,0.172,-17.52,1.06811630764321e-68,2.29390226106605e-66,0.0,0.0,0.99,down,False,,False,False,3.012,65.6394250905254,3.0,0,1.3596234771849702,104
PLA2G4D,3,4.104,0.341,12.05,1.96252257141723e-33,9.11521644331468e-32,83.9,0.2172,12.4,up,False,,False,True,4.104,31.040233014444972,0.48299999999999976,1,1.3591450108649228,105
BEST2,2,-2.969,0.152,-19.53,6.53277628693699e-85,2.0665643256879498e-82,0.0,0.0,0.16,down,False,,False,False,2.969,81.68475107194215,2.0,0,1.3552418045834802,106
TCN1,3,6.612,2.194,3.01,0.0025844454104394,0.0070958576839052,85.1,11.9843,13.42,up,False,,False,False,6.612,2.1489951033953916,0.44700000000000006,0,1.3530146605591387,107
C10orf99,3,5.233,0.388,13.5,1.5468039602118e-41,1.07765279477971e-39,80.6,0.2758,10.3,up,False,,False,False,5.233,38.96752114044779,0.5820000000000002,0,1.3518171196676587,108
CAMK2B,2,-2.602,0.126,-20.62,1.9828230398082098e-94,7.73598408981174e-92,0.0,0.0,0.49,down,False,,False,False,2.602,91.11148443211457,2.0,0,1.3436288999731514,109
THRSP,2,-4.46,0.333,-13.39,6.986378872638179e-41,4.69954433993067e-39,0.0,0.0,0.54,down,False,,False,False,4.46,38.32794424849981,2.0,0,1.340150143624009,110
WFDC12,3,2.304,0.116,19.8,3.1230031751289e-87,1.02966734262806e-84,0.0,0.0,0.94,up,False,,False,False,2.304,83.98730306131021,3.0,0,1.339217413254556,111
RP4-724E13.2,3,-1.583,0.07,-22.57,8.76660341153308e-113,6.03580644884052e-110,11.3,0.0028,2.25,down,False,,False,False,1.583,109.21926469526296,2.661,0,1.3356570954247338,112
CCL2,3,1.744,0.15,11.64,2.5433845197071e-31,1.08844768230025e-29,29.3,0.0238,2.83,up,True,ALLOGRAFT_REJECTION;INFLAMMATORY_RESPONSE;INTERFERON_GAMMA_RESPONSE;TNFA_SIGNALING_VIA_NFKB,True,False,1.744,28.963192441068788,2.1210000000000004,2,1.3350219076854055,113
GLT1D1,3,1.627,0.075,21.8,2.1885143493632e-105,1.19141703265682e-102,0.0,0.0,1.12,up,False,,False,False,1.627,101.92393619546095,3.0,0,1.3245313678223174,114
AWAT2,2,-5.175,0.598,-8.66,4.8938388170343e-18,9.32897987524071e-17,0.0,0.0,0.42,down,False,,False,False,5.175,16.030165843796464,2.0,0,1.3143725748808432,115
CTD-3088G3.8,2,-2.071,0.094,-21.97,5.710948640803101e-107,3.2606730910380404e-104,0.0,0.0,0.24,down,False,,False,False,2.071,103.48669274056083,2.0,0,1.311268142116059,116
CXCL11,2,3.184,0.536,5.94,2.93179278013413e-09,2.43369990036028e-08,66.1,0.4096,2.95,up,True,IL6_JAK_STAT3_SIGNALING;INFLAMMATORY_RESPONSE;INTERFERON_GAMMA_RESPONSE;TNFA_SIGNALING_VIA_NFKB,True,False,3.184,7.613732975675724,0.6780000000000002,2,1.3033438588175974,117
OAS2,3,3.923,0.378,10.38,3.1602484259759604e-25,9.68301772299363e-24,65.5,0.2387,5.79,up,True,INTERFERON_GAMMA_RESPONSE,False,False,3.923,23.01398927324936,1.035,1,1.3005815188276508,118
IFIT1,3,1.921,0.127,15.12,1.13889130766623e-51,1.2285855585787499e-49,0.0,0.0,1.25,up,True,INTERFERON_GAMMA_RESPONSE,False,False,1.921,48.91059459390529,3.0,1,1.290337549252532,119
RP11-350F16.1,2,-4.519,0.367,-12.32,6.88369565271754e-35,3.43583009668369e-33,0.0,0.0,0.0,down,False,,False,False,4.519,32.463968320363826,2.0,0,1.2884924734615457,120
WFIKKN2,2,-3.06,0.165,-18.53,1.2785455448153e-76,3.15047080616646e-74,0.0,0.0,0.0,down,False,,False,False,3.06,73.50162454041944,2.0,0,1.2861680589441191,121
TNFRSF9,2,2.878,0.196,14.67,1.06382577953531e-48,9.96123906925684e-47,31.1,0.034,1.45,up,True,INFLAMMATORY_RESPONSE;TNFA_SIGNALING_VIA_NFKB,False,False,2.878,46.00168663672978,1.3780000000000001,1,1.2841906615277798,122
LCE3E,3,4.853,0.879,5.52,3.3348989010056e-08,2.39688819077802e-07,90.8,1.8134,21.72,up,False,,False,True,4.853,6.620352224314563,0.27600000000000025,1,1.2803791822105717,123
PM20D1,2,-4.895,0.497,-9.85,6.87066672169153e-23,1.81120987937024e-21,0.0,0.0,0.04,down,False,,False,False,4.895,20.74203122159591,2.0,0,1.2749845688059311,124
SEC14L6,2,-4.161,0.3,-13.88,8.625141097743651e-44,6.68562675354573e-42,0.0,0.0,0.0,down,False,,False,False,4.161,41.17485787294241,2.0,0,1.2711986753012585,125
OAS1,3,2.471,0.165,14.98,9.91282977500214e-51,1.0313308097912199e-48,36.5,0.0311,3.15,up,False,,True,False,2.471,47.98660200802124,1.905,1,1.2655750588926562,126
HSD17B13,2,-3.397,0.2,-17.02,5.36174346748477e-65,9.88291754569694e-63,0.0,0.0,0.09,down,False,,False,False,3.397,62.00511482798814,2.0,0,1.2618705278181848,127
ZC3H12A,3,3.07,0.398,7.72,1.1814129722225301e-14,1.71881269526147e-13,89.6,0.3539,19.23,up,True,TNFA_SIGNALING_VIA_NFKB,False,True,3.07,12.764771447249222,0.3120000000000003,2,1.2586828867748816,128
CD7,2,2.069,0.127,16.27,1.56203892567777e-59,2.28536057569943e-57,0.0,0.0,0.01,up,True,ALLOGRAFT_REJECTION,False,False,2.069,56.64104526881849,2.0,1,1.250040859082521,129
HEPHL1,3,5.023,1.586,3.17,0.0015359264849018,0.0045084016407607,97.8,7.3363,92.83,up,False,,False,True,5.023,2.3459774008344283,0.06600000000000006,1,1.2476397378482507,130
SOCS3,3,2.163,0.21,10.29,7.710849545849201e-25,2.29647935138402e-23,60.8,0.0737,5.1,up,True,IL6_JAK_STAT3_SIGNALING;INTERFERON_GAMMA_RESPONSE;TNFA_SIGNALING_VIA_NFKB,True,False,2.163,22.638937455153656,1.1760000000000002,2,1.2262652891426877,131
SLC46A2,2,-2.282,0.111,-20.54,9.81117353151915e-94,3.704350987086e-91,0.0,0.0,0.04,down,False,,False,False,2.282,90.43128787065831,2.0,0,1.2239593014826111,132
HS3ST6,2,-2.765,0.14,-19.8,3.03028804019355e-87,1.02805815554914e-84,27.3,0.011,1.37,down,False,,False,False,2.765,83.98798231732546,1.454,0,1.2105793257921353,133
PARP14,3,1.646,0.094,17.48,2.07828050189514e-68,4.42276984262394e-66,33.7,0.0092,3.02,up,True,INTERFERON_GAMMA_RESPONSE,False,False,1.646,65.35430566037698,1.989,1,1.2081128299046928,134
DTX3L,3,1.487,0.066,22.4,4.1968447235636405e-111,2.72899828149726e-108,25.0,0.0037,2.67,up,False,,False,False,1.487,107.56399673781361,2.25,0,1.2050680354532153,135
RP11-517M22.1,2,-4.438,0.393,-11.3,1.26608867993933e-29,4.94789147056756e-28,0.0,0.0,0.02,down,False,,False,False,4.438,27.305579834962593,2.0,0,1.1968271454335113,136
SCEL,3,-1.765,0.085,-20.81,3.25913357813778e-96,1.38714650782959e-93,11.5,0.0034,2.26,down,False,,False,False,1.765,92.85787766713024,2.6550000000000002,0,1.1964479566668014,137
CTD-2385L22.2,2,-2.331,0.112,-20.8,4.58643811515949e-96,1.89193318841986e-93,19.7,0.005,1.25,down,False,,False,False,2.331,92.72309420430469,1.606,0,1.195562980943798,138
AC006262.4,3,-2.034,0.106,-19.25,1.2858930133180499e-82,3.81031260110914e-80,0.0,0.0,0.16,down,False,,False,False,2.034,79.41903939299429,3.0,0,1.1890808387877168,139
CXCL17,2,3.16,0.186,16.99,9.92401227230962e-65,1.8008620409495799e-62,0.0,0.0,0.17,up,False,,False,False,3.16,61.74451955600291,2.0,0,1.1762334107404335,140
CCL3,2,3.344,0.206,16.22,3.8113116979894e-59,5.4735580084806e-57,0.0,0.0,0.93,up,False,,False,False,3.344,56.26173027492515,2.0,0,1.1727431495686764,141
STAT1,3,1.862,0.154,12.12,8.010985181278409e-34,3.79613668235924e-32,72.5,0.0423,7.28,up,True,ALLOGRAFT_REJECTION;IL6_JAK_STAT3_SIGNALING;INTERFERON_GAMMA_RESPONSE,True,False,1.862,31.4206581589092,0.8250000000000001,2,1.1640579356249803,142
IFI27,3,4.563,0.895,5.1,3.38664874665596e-07,2.12007810859004e-06,93.5,1.7231,30.98,up,True,INTERFERON_GAMMA_RESPONSE,False,False,4.563,5.67364813836146,0.19499999999999984,1,1.1527225113164252,143
NR4A3,3,2.064,0.142,14.51,1.01237398939815e-47,9.11487027608514e-46,25.8,0.0179,2.7,up,True,TNFA_SIGNALING_VIA_NFKB,False,False,2.064,45.040249507895595,2.226,1,1.147755527215047,144
ACP7,3,3.435,0.298,11.53,8.899768874209041e-31,3.70702294619857e-29,76.9,0.1599,8.64,up,False,,False,True,3.435,28.430974725711312,0.693,1,1.1336015332692497,145
CHRM4,2,-4.58,0.343,-13.35,1.1683493600098599e-40,7.81425433384877e-39,66.5,0.1617,2.99,down,False,,False,False,4.58,38.10711245771457,0.6699999999999999,0,1.1305599314073582,146
AC005162.5,2,3.203,0.197,16.29,1.20581520646721e-59,1.7752785011440798e-57,0.0,0.0,0.32,up,False,,False,False,3.203,56.75073350625829,2.0,0,1.1297218111371845,147
FABP5,3,3.385,0.277,12.22,2.50893645956116e-34,1.21346474342701e-32,82.3,0.1462,11.33,up,False,,False,True,3.385,31.915972837344025,0.5310000000000001,1,1.12882560245102,148
ATP1A2,2,-1.79,0.084,-21.22,6.67745526333069e-100,3.0649519658687803e-97,0.0,0.0,0.09,down,False,,False,False,1.79,96.51357632738426,2.0,0,1.1277050406716138,149
GJB2,3,4.057,0.459,8.84,9.54243979230896e-19,1.9190633427677e-17,91.8,0.4618,24.35,up,False,,False,True,4.057,16.716910690214778,0.24600000000000022,1,1.1221953978176031,150
FABP5P2,3,3.305,0.265,12.49,8.144490189104509e-36,4.27476167795398e-34,81.9,0.1322,11.02,up,False,,False,True,3.305,33.36908809259303,0.5429999999999998,1,1.1211303802758152,151
LCN2,3,4.332,0.83,5.22,1.78387145992816e-07,1.16384188978424e-06,86.4,1.5221,14.67,up,False,,True,False,4.332,5.934106015440648,0.4079999999999997,1,1.1154004681044762,152
RP11-98L5.5,2,-4.81,0.399,-12.05,2.02642791636865e-33,9.39339625629181e-32,69.7,0.2282,3.3,down,False,,False,False,4.81,31.027177356755182,0.6059999999999999,0,1.1114466946854515,153
RP11-392E22.10,2,-2.921,0.17,-17.16,4.95561390885373e-66,9.66716383269642e-64,0.0,0.0,0.89,down,False,,False,False,2.921,63.01470092120921,2.0,0,1.1087426029448464,154
DIRAS2,2,-2.94,0.171,-17.15,5.93845153519497e-66,1.14886952055685e-63,2.2,0.0021,1.02,down,False,,False,False,2.94,62.93972929221677,1.956,0,1.1062034283971838,155
LIFR-AS1,2,-1.575,0.073,-21.69,2.78853999543129e-104,1.45059850562336e-101,0.0,0.0,0.58,down,False,,False,False,1.575,100.83845277427525,2.0,0,1.1061609445000273,156
MX2,3,1.528,0.106,14.47,1.95345220708428e-47,1.72559859304287e-45,0.0,0.0,0.4,up,True,INTERFERON_GAMMA_RESPONSE,False,False,1.528,44.76306022200494,3.0,1,1.1025997407726174,157
CYP4F22,3,1.124,0.053,21.28,1.84080284593742e-100,8.79415384092836e-98,0.0,0.0,0.66,up,False,,False,False,1.124,97.05580594129968,3.0,0,1.089665511789274,158
IRF1,3,1.44,0.127,11.34,7.958352917575019e-30,3.1575776855510798e-28,51.7,0.0232,4.14,up,True,COMPLEMENT;IL6_JAK_STAT3_SIGNALING;INFLAMMATORY_RESPONSE;INTERFERON_GAMMA_RESPONSE;TNFA_SIGNALING_VIA_NFKB,True,False,1.44,27.500645955739813,1.4489999999999998,2,1.085674711519639,159
ENKUR,2,4.394,0.367,11.97,5.15989560451813e-33,2.34996101568414e-31,38.0,0.1226,1.61,up,False,,False,False,4.394,30.628939342329836,1.24,0,1.0803681001479297,160
RHCG,3,4.42,1.29,3.43,0.0006124352607368,0.0019936722317602,92.5,4.3112,26.78,up,False,,False,True,4.42,2.700346240025643,0.22499999999999987,1,1.0719966954091953,161
SPRR2G,3,5.012,0.505,9.93,3.1848019979565e-23,8.55947531230353e-22,78.3,0.4746,9.21,up,False,,False,False,5.012,21.067552856345653,0.6510000000000002,0,1.0675243117291957,162
SLC26A5,2,-2.52,0.138,-18.19,5.72662735138251e-74,1.32727346206449e-71,0.0,0.0,0.42,down,False,,False,False,2.52,70.87703958894399,2.0,0,1.066048653707422,163
CFB,3,2.049,0.219,9.37,7.03461414760543e-21,1.62881585144704e-19,74.3,0.0837,7.79,up,True,COMPLEMENT;INTERFERON_GAMMA_RESPONSE,True,False,2.049,18.788128012819218,0.771,2,1.0635129730934383,164
KLRF2,2,-2.739,0.158,-17.31,4.02041458288639e-67,8.1838160844163e-65,0.0,0.0,0.13,down,False,,False,False,2.739,64.08704413912247,2.0,0,1.0586414800088992,165
CASP5,2,4.115,0.639,6.44,1.22826366318049e-10,1.2106283827954602e-09,85.6,0.7014,6.92,up,True,COMPLEMENT,False,False,4.115,8.916989148408803,0.28800000000000003,1,1.0542116863371849,166
TGM3,3,2.454,0.132,18.6,3.07858777890918e-77,7.74910336736399e-75,39.3,0.0198,3.3,up,False,,False,False,2.454,74.11074854589805,1.821,0,1.0494371074196263,167
CPLX3,2,3.663,0.258,14.22,7.03913162272368e-46,5.80207859705418e-44,20.6,0.0418,1.26,up,False,,False,False,3.663,43.236416392383454,1.588,0,1.0463549462675255,168
RP4-681L3.2,2,2.847,0.17,16.7,1.20713878091946e-62,2.0041072143647902e-60,0.0,0.0,0.11,up,False,,False,False,2.847,59.69807904859247,2.0,0,1.0421817109303657,169
OASL,3,4.055,0.871,4.66,3.22531213940991e-06,1.70009754270314e-05,84.8,1.7436,13.12,up,True,INTERFERON_GAMMA_RESPONSE,False,False,4.055,4.769526160361468,0.45600000000000007,1,1.013696630677012,170
UGT2A2,2,-3.51,0.263,-13.34,1.32078105129495e-40,8.78356921300096e-39,0.0,0.0,0.01,down,False,,False,False,3.51,38.056328972188645,2.0,0,1.006393216184153,171
TIGIT,2,2.079,0.109,19.08,3.7570133096914e-81,1.07253566544593e-78,0.0,0.0,0.58,up,False,,False,False,2.079,77.96958825713968,2.0,0,0.999967411549142,172
HERC6,3,3.019,0.287,10.51,7.715308772354559e-26,2.45057887451897e-24,64.7,0.1413,5.67,up,True,INTERFERON_GAMMA_RESPONSE,False,False,3.019,23.610731314691005,1.059,1,0.9979981149220482,173
CARD14,3,1.265,0.062,20.32,9.035750766139139e-92,3.25412137976232e-89,7.9,0.0011,2.17,up,False,,False,False,1.265,88.48756625177475,2.763,0,0.9889407896396066,174
LYPD6B,3,-1.237,0.062,-19.98,8.80607760926267e-89,3.03149221698868e-86,0.0,0.0,0.39,down,False,,False,False,1.237,85.51834354242925,3.0,0,0.9869558354424718,175
FFAR2,2,1.464,0.094,15.64,3.99277382497856e-55,4.91930749836437e-53,0.0,0.0,0.01,up,True,INFLAMMATORY_RESPONSE,False,False,1.464,52.308096029510416,2.0,1,0.9862864059200788,176
MYO1H,2,1.95,0.101,19.37,1.40824284136813e-83,4.337573246524539e-81,0.0,0.0,0.3,up,False,,False,False,1.95,80.36275317841597,2.0,0,0.9845575327306403,177
TRIM15,2,4.444,0.379,11.72,1.0528160081833e-31,4.5724248488984794e-30,65.8,0.1984,2.93,up,False,,False,False,4.444,29.339853423736052,0.6840000000000002,0,0.9779617067245842,178
RP11-363E6.3,3,3.355,0.34,9.85,6.60764707939835e-23,1.74383777318642e-21,82.9,0.2264,11.71,up,False,,False,True,3.355,20.758493919338648,0.5129999999999998,1,0.9776924586086326,179
CH507-42P11.7,2,-2.574,0.151,-17.03,4.5184218500436306e-65,8.46173896701371e-63,0.0,0.0,0.07,down,False,,False,False,2.574,62.072540376184364,2.0,0,0.976457855563203,180
UGT2A1,2,-3.378,0.25,-13.51,1.27829285910744e-41,8.9860533149688e-40,0.0,0.0,0.22,down,False,,False,False,3.378,39.04643100903166,2.0,0,0.9726700028326886,181
C5orf46,3,-3.329,0.222,-14.99,8.52176003349653e-51,8.985850478563979e-49,51.6,0.0712,4.13,down,False,,False,False,3.329,48.04644081219245,1.452,0,0.9639721207329214,182
FOXE1,3,3.246,0.217,14.95,1.6655564936991499e-50,1.71757761942746e-48,46.1,0.0647,3.71,up,False,,False,False,3.246,47.76508362752761,1.6169999999999998,0,0.9624836590107394,183
CA9,3,-2.219,0.138,-16.13,1.5200077472957502e-58,2.13065038062552e-56,0.0,0.0,1.14,down,False,,False,False,2.219,55.6714878080155,3.0,0,0.9611223450833694,184
GREM2,2,-2.004,0.106,-18.83,4.4259861966749096e-79,1.1641338300894701e-76,0.0,0.0,0.72,down,False,,False,False,2.004,75.93399708985075,2.0,0,0.9488265773362553,185
IFI44L,3,2.404,0.244,9.87,5.5903440862827e-23,1.48204263551293e-21,29.5,0.0583,2.84,up,True,INTERFERON_GAMMA_RESPONSE,False,False,2.404,20.82913930236097,2.115,1,0.9472522866092681,186
LTB,2,1.446,0.095,15.19,4.39451974788398e-52,4.89863394181981e-50,0.0,0.0,0.02,up,True,ALLOGRAFT_REJECTION;IL6_JAK_STAT3_SIGNALING,False,False,1.446,49.3099250126742,2.0,1,0.9431222570696922,187
TRIM55,2,-3.81,0.36,-10.59,3.43946548924915e-26,1.1151585545406301e-24,0.0,0.0,0.05,down,False,,False,False,3.81,23.952663379730986,2.0,0,0.9371361623748232,188
AQP9,3,-2.631,0.159,-16.52,2.8579420662229903e-61,4.55112692708939e-59,36.7,0.0297,3.16,down,False,,False,False,2.631,58.3418810522181,1.899,0,0.9314837031818192,189
CNFN,3,2.814,0.238,11.8,3.98429235745795e-32,1.77316159307477e-30,78.0,0.1017,9.09,up,False,,False,True,2.814,29.75125168414934,0.6599999999999999,1,0.9276977735270542,190
LINGO4,2,-2.641,0.164,-16.12,1.7438362794535602e-58,2.42984901581717e-56,0.0,0.0,0.01,down,False,,False,False,2.641,55.614420711436516,2.0,0,0.920269461341135,191
CD274,3,2.605,0.942,2.76,0.0057176041333422,0.0140577281296631,97.3,2.5796,73.04,up,True,INTERFERON_GAMMA_RESPONSE,True,False,2.605,1.85208486000423,0.08100000000000007,2,0.9194533891462568,192
RP11-535A19.1,3,-1.244,0.065,-19.28,8.49888345157186e-83,2.55064567586982e-80,0.0,0.0,0.07,down,False,,False,False,1.244,79.59334986742012,3.0,0,0.9164613123984736,193
MUC4,2,3.744,0.769,4.87,1.11165082947282e-06,6.37184972260757e-06,75.7,0.8959,4.11,up,False,,True,False,3.744,5.195734475402592,0.486,1,0.9163834175072342,194
IKZF3,2,1.639,0.083,19.74,9.070552983403271e-87,2.90866540806147e-84,0.0,0.0,0.36,up,False,,False,False,1.639,83.53630623399188,2.0,0,0.915452934540765,195
BCL2A1,3,2.429,0.209,11.61,3.65046081043406e-31,1.5397051731793e-29,54.3,0.0653,4.38,up,True,TNFA_SIGNALING_VIA_NFKB,False,False,2.429,28.81256243105928,1.3710000000000002,1,0.9151419554994245,196
HGD,2,-3.67,0.333,-11.03,2.82869144324665e-28,1.0218647838728499e-26,0.0,0.0,0.01,down,False,,False,False,3.67,25.99060656751144,2.0,0,0.9135281122737532,197
TYMP,3,3.379,0.388,8.71,3.12235534122332e-18,6.04059637873527e-17,86.2,0.3054,14.48,up,False,,False,True,3.379,16.218920182039813,0.41400000000000003,1,0.9116579160153947,198
ATP13A5,2,-1.827,0.096,-19.07,4.56589455828144e-81,1.2877472977688e-78,0.0,0.0,0.52,down,False,,False,False,1.827,77.89016935277748,2.0,0,0.9113432873142605,199
ADGRF2,3,-1.288,0.068,-19.06,5.0136200050907195e-81,1.39718846070439e-78,0.0,0.0,1.06,down,False,,False,False,1.288,77.85474500983163,3.0,0,0.9103646646237707,200
RP11-680F20.6,2,-2.108,0.117,-18.0,2.10670801287729e-72,4.7879541624703297e-70,0.0,0.0,0.34,down,False,,False,False,2.108,69.31985001596853,2.0,0,0.9035864274343071,201
PLBD1-AS1,3,1.202,0.062,19.28,7.8786540515569e-83,2.39521315185579e-80,0.0,0.0,0.79,up,False,,False,False,1.202,79.62065583233056,3.0,0,0.9021896511032296,202
RSAD2,3,3.26,0.502,6.49,8.69540020299303e-11,8.69874458768649e-10,65.2,0.427,5.74,up,True,INTERFERON_GAMMA_RESPONSE,False,False,3.26,9.060543420712605,1.044,1,0.8999206539157001,203
GPR183,2,1.04,0.064,16.36,3.79206379018015e-60,5.69028341437995e-58,0.0,0.0,0.09,up,True,INFLAMMATORY_RESPONSE;TNFA_SIGNALING_VIA_NFKB,False,False,1.04,57.2448661022805,2.0,1,0.899582932063387,204
ADAMDEC1,2,5.202,0.808,6.43,1.24092110018984e-10,1.22258931120977e-09,90.8,1.1893,10.81,up,False,,False,False,5.202,8.912719405456844,0.18400000000000016,0,0.8967031132045863,205
HSD3B1,2,-3.883,0.418,-9.29,1.51659077518404e-20,3.4367738099015603e-19,0.0,0.0,0.06,down,False,,False,False,3.883,18.463849049865722,2.0,0,0.8949655095631589,206
IFI44,3,3.332,0.476,7.0,2.47170378009071e-12,2.9090052181067497e-11,77.2,0.4179,8.76,up,True,INTERFERON_GAMMA_RESPONSE,False,False,3.332,10.536255499724774,0.6839999999999999,1,0.8758341441982332,207
WIF1,2,-5.159,0.841,-6.13,8.56246444858792e-10,7.65910318215493e-09,90.6,1.2852,10.6,down,False,,False,False,5.159,8.115822079694174,0.18800000000000017,0,0.8726864466586204,208
AWAT1,2,-3.892,0.453,-8.59,8.99676066235631e-18,1.68214992288418e-16,0.0,0.0,0.2,down,False,,False,False,3.892,15.774135299988936,2.0,0,0.864988782898098,209
RP11-303G3.6,2,-2.332,0.14,-16.7,1.31213331894392e-62,2.1630794974055e-60,0.0,0.0,0.51,down,False,,False,False,2.332,59.66492751909531,2.0,0,0.8626546582906024,210
DSG2,3,-1.116,0.058,-19.15,9.763151383965349e-82,2.85682013434056e-79,0.0,0.0,1.04,down,False,,False,False,1.116,78.5441171019772,3.0,0,0.8590276921437593,211
PDZK1IP1,3,2.187,0.164,13.34,1.43782497688479e-40,9.50792228358648e-39,71.6,0.0452,7.05,up,False,,False,True,2.187,38.02191437679109,0.8520000000000001,1,0.8473154473794771,212
RND1,2,4.564,0.603,7.57,3.6010914424288304e-14,5.02072361976275e-13,56.7,0.4767,2.31,up,False,,False,False,4.564,12.299233684962159,0.8659999999999999,0,0.8439698902281044,213
LINC01229,2,-2.612,0.171,-15.26,1.3711505414394101e-52,1.55059241664518e-50,0.0,0.0,0.11,down,False,,False,False,2.612,49.80950234432962,2.0,0,0.8387319731352161,214
CPNE9,2,-2.411,0.15,-16.11,2.16059334424942e-58,2.97513703503146e-56,0.4,0.0003,1.0,down,False,,False,False,2.411,55.52649302583884,1.992,0,0.8376969006339462,215
MX1,3,3.29,0.46,7.15,8.51460753558034e-13,1.0446459528322898e-11,82.5,0.4145,11.42,up,True,INTERFERON_GAMMA_RESPONSE,False,False,3.29,10.981030873939826,0.5250000000000001,1,0.8369801332711262,216
DGAT2,3,-1.126,0.06,-18.89,1.4426232177604e-79,3.88165136833945e-77,0.0,0.0,0.14,down,False,,False,False,1.126,76.41098347348284,3.0,0,0.8362495640636644,217
RP11-680F20.9,2,-3.412,0.252,-13.52,1.1850415708334998e-41,8.40625397928527e-40,40.3,0.0554,1.68,down,False,,False,False,3.412,39.0753974927346,1.194,0,0.8341913744224856,218
DHRS9,3,1.87,0.116,16.06,5.12467803146386e-58,6.93431144731431e-56,0.0,0.0,1.14,up,False,,False,False,1.87,55.158996656361126,3.0,0,0.833430674694044,219
IL12RB1,2,1.837,0.129,14.24,5.47081488247842e-46,4.54135835404034e-44,46.1,0.0164,1.86,up,True,ALLOGRAFT_REJECTION;IL6_JAK_STAT3_SIGNALING,False,False,1.837,43.34281422700417,1.0779999999999998,1,0.8333223665910494,220
DES,2,-2.501,0.16,-15.65,3.0761006237307698e-55,3.80997034396368e-53,0.0,0.0,0.51,down,False,,False,False,2.501,52.419078404771376,2.0,0,0.8322463105826831,221
SLC26A3,2,-3.753,0.348,-10.77,4.60455639959816e-27,1.5666869296249e-25,25.9,0.068,1.35,down,False,,False,False,3.753,24.80501777974094,1.482,0,0.830976265801365,222
SH2D1A,2,1.53,0.116,13.24,5.3686566483876195e-40,3.45260668906884e-38,0.0,0.0,0.24,up,False,,True,False,1.53,37.46185289239945,2.0,1,0.8265030567912854,223
CYP2W1,3,-4.431,0.51,-8.68,3.8202949990604895e-18,7.342305881199261e-17,74.5,0.4979,7.84,down,False,,False,False,4.431,16.134167526703482,0.765,0,0.8260358473757027,224
ELMOD1,3,-1.518,0.088,-17.27,8.488288846971171e-67,1.68391825100634e-64,0.0,0.0,0.46,down,False,,False,False,1.518,63.77367899597094,3.0,0,0.8170395111733958,225
PDCD1,2,2.354,0.146,16.08,3.65000054643916e-58,4.96760830183688e-56,0.0,0.0,0.75,up,False,,False,False,2.354,55.30385265579793,2.0,0,0.8166270486218971,226
SLC26A4,3,2.137,0.145,14.7,6.0719950795238e-49,5.77802165921027e-47,0.0,0.0,1.39,up,False,,False,False,2.137,46.23822083451365,3.0,0,0.8164908860434563,227
CXCL2,3,2.286,0.9,2.54,0.0111076234186833,0.0246766970302703,95.7,2.3098,46.51,up,True,TNFA_SIGNALING_VIA_NFKB,True,False,2.286,1.6077129709566393,0.12899999999999978,2,0.8144683804972208,228
IL18RAP,2,1.817,0.158,11.5,1.29348819994722e-30,5.3308565620712e-29,0.0,0.0,0.29,up,True,ALLOGRAFT_REJECTION;INFLAMMATORY_RESPONSE,False,False,1.817,28.273203002925992,2.0,1,0.8132221560871986,229
RP11-1223D19.5,2,4.098,0.4,10.24,1.3380949663596901e-24,3.9649955781663205e-23,55.2,0.1905,2.23,up,False,,False,False,4.098,22.401757292679047,0.8959999999999999,0,0.8118502322402511,230
SNX20,2,1.13,0.055,20.42,1.07734122506795e-92,3.94054386525245e-90,0.0,0.0,0.37,up,False,,False,False,1.13,89.40444383366236,2.0,0,0.8106500825494188,231
MYOC,2,-2.571,0.171,-15.08,2.27965719643536e-51,2.4367349457239898e-49,0.0,0.0,0.23,down,False,,False,False,2.571,48.61319170834906,2.0,0,0.8097469487754368,232
PSCA,2,-2.159,0.129,-16.74,6.59876004317495e-63,1.1112976536020301e-60,0.0,0.0,0.52,down,False,,False,False,2.159,59.95416960262225,2.0,0,0.8060447894966426,233
SYT9,2,-4.059,0.363,-11.17,5.78523598747326e-29,2.18078243527797e-27,67.9,0.1881,3.11,down,False,,False,False,4.059,26.661387659442532,0.6419999999999999,0,0.8032379035056342,234
RP5-1142J19.1,2,2.51,0.166,15.16,6.44015243257091e-52,7.07781822976772e-50,0.0,0.0,0.36,up,False,,False,False,2.51,49.15010059496532,2.0,0,0.7951395787292658,235
TUBBP5,3,2.328,0.172,13.52,1.26816546460393e-41,8.94171245810643e-40,0.0,0.0,0.6,up,False,,False,False,2.328,39.048579300008754,3.0,0,0.7944260676974518,236
GJB6,3,3.099,0.358,8.65,5.31834728884961e-18,1.01135005430285e-16,89.3,0.2565,18.69,up,False,,False,True,3.099,15.995098497881909,0.32099999999999995,1,0.7941339642114941,237
MOGAT1,2,-3.358,0.313,-10.71,8.76791422551745e-27,2.93631050221943e-25,0.0,0.0,0.6,down,False,,False,False,3.358,24.532198021552155,2.0,0,0.787062143271046,238
HSPD1P3,3,5.058,1.603,3.15,0.0016082575029761,0.0046918868254197,90.7,6.8859,21.43,up,False,,False,False,5.058,2.3286524721934447,0.2789999999999999,0,0.7833356001936239,239
LINC01254,2,-2.35,0.136,-17.29,5.2952288711936304e-67,1.0685863159118199e-64,38.7,0.0153,1.63,down,False,,False,False,2.35,63.971190391599905,1.226,0,0.7772408145351156,240
IL2RG,2,1.076,0.073,14.69,7.24385832137326e-49,6.837559655041401e-47,0.0,0.0,0.53,up,True,ALLOGRAFT_REJECTION;IL6_JAK_STAT3_SIGNALING,False,False,1.076,46.165098871592,2.0,1,0.7757260032429403,241
NPY4R,2,-2.115,0.128,-16.51,3.0893632109612103e-61,4.88641239225615e-59,0.0,0.0,0.02,down,False,,False,False,2.115,58.311009883223534,2.0,0,0.7705162085584456,242
CXCR2,3,2.416,0.215,11.23,2.98277109030774e-29,1.14090994204271e-27,76.3,0.0826,8.43,up,False,,True,False,2.416,26.94274863535173,0.711,1,0.7642358299183221,243
LINC01269,2,4.21,0.451,9.34,9.84013709981968e-21,2.2605276680047e-19,66.2,0.2766,2.96,up,False,,False,False,4.21,18.64579017299676,0.6759999999999999,0,0.7634498664201995,244
RP11-679B19.1,2,-1.885,0.109,-17.32,3.27555554624703e-67,6.72609471772779e-65,0.0,0.0,0.48,down,False,,False,False,1.885,64.17223702118777,2.0,0,0.7626655807256661,245
FOXC1,3,-1.399,0.082,-17.12,1.12554462489218e-65,2.15966181345091e-63,0.0,0.0,0.84,down,False,,False,False,1.399,62.66561425072457,3.0,0,0.7620119788768267,246
SAA1,3,2.164,0.296,7.31,2.61222253137609e-13,3.3802939323926397e-12,27.7,0.085,2.77,up,False,,True,False,2.164,11.471045534140691,2.1690000000000005,1,0.7586869806075388,247
IYD,2,-2.992,0.243,-12.33,6.10255378804744e-35,3.0655511078198e-33,0.0,0.0,0.7,down,False,,False,False,2.992,32.513491439067295,2.0,0,0.7580055118689979,248
RP11-295G20.2,3,2.455,0.226,10.85,2.06421596032828e-27,7.1060634434301e-26,75.9,0.0968,8.31,up,False,,False,True,2.455,25.148370919417953,0.723,1,0.7579567540335919,249
RP11-1223D19.6,3,4.199,0.58,7.24,4.50917782443086e-13,5.69645675618467e-12,61.6,0.5983,5.21,up,False,,False,False,4.199,11.244395195154627,1.1520000000000001,0,0.7574979283035674,250
RP11-482G13.1,2,2.37,0.155,15.26,1.37073200096425e-52,1.55059241664518e-50,0.0,0.0,0.39,up,False,,False,False,2.37,49.80950234432962,2.0,0,0.7545634336121309,251
WNT5A,3,1.936,0.378,5.13,2.91892197279598e-07,1.84274661437921e-06,94.1,0.3677,33.64,up,False,,True,True,1.936,5.734534378043171,0.17700000000000016,2,0.7525052916385804,252
ISG15,3,2.861,0.451,6.34,2.35372777713059e-10,2.2343233388017e-09,66.8,0.369,6.02,up,True,INTERFERON_GAMMA_RESPONSE,False,False,2.861,8.650853977999207,0.9960000000000002,1,0.7471318104063891,253
PLSCR1,3,1.504,0.205,7.32,2.46962538188478e-13,3.19930606333928e-12,81.5,0.0896,10.84,up,True,COMPLEMENT;INTERFERON_GAMMA_RESPONSE,True,False,1.504,11.49494421091272,0.5550000000000002,2,0.7438145046007162,254
PRSS53,3,3.035,0.236,12.86,7.97462516208502e-38,4.5866830569839895e-36,45.6,0.075,3.68,up,False,,False,False,3.035,35.33850126888449,1.6320000000000001,0,0.7389454423225903,255
MIR3142HG,3,1.894,0.128,14.76,2.48391804960868e-49,2.38556173855015e-47,0.0,0.0,0.23,up,False,,False,False,1.894,46.62240933937976,3.0,0,0.7367034153965867,256
PCP4,2,-2.258,0.147,-15.4,1.76218751520814e-53,2.03207130756193e-51,0.0,0.0,0.7,down,False,,False,False,2.258,50.692061056261494,2.0,0,0.7264725761063308,257
GLDCP1,2,-3.244,0.315,-10.31,6.272648491341831e-25,1.8897867250170002e-23,0.0,0.0,0.27,down,False,,False,False,3.244,22.723587206077905,2.0,0,0.725150797621348,258
MYO3A,2,-3.022,0.233,-12.96,1.96124247417469e-38,1.16229683741659e-36,22.9,0.0366,1.3,down,False,,False,False,3.022,35.93468294390012,1.542,0,0.7249390985335052,259
CMPK2,3,2.779,0.411,6.77,1.3088143872228498e-11,1.43638237180027e-10,69.0,0.2929,6.44,up,True,INTERFERON_GAMMA_RESPONSE,False,False,2.779,9.842729933451873,0.9300000000000002,1,0.7209454078467685,260
CCL4,2,3.466,1.0,3.46,0.0005303959425019,0.0017564066512982,94.8,1.899,19.08,up,True,ALLOGRAFT_REJECTION;TNFA_SIGNALING_VIA_NFKB,False,False,3.466,2.755374926944195,0.10400000000000009,1,0.7182513574178155,261
FABP5P1,3,3.464,0.26,13.34,1.3317098760398e-40,8.83116047824806e-39,82.6,0.1277,11.51,up,False,,False,False,3.464,38.053982223241896,0.5220000000000001,0,0.7140921256055313,262
IRF7,3,2.256,0.216,10.44,1.6018711324472602e-25,4.96664918403415e-24,67.4,0.0793,6.14,up,True,ALLOGRAFT_REJECTION;COMPLEMENT;INFLAMMATORY_RESPONSE;INTERFERON_GAMMA_RESPONSE,False,False,2.256,23.30393651502367,0.9779999999999999,1,0.713706678621587,263
FCGR1A,2,1.932,0.624,3.1,0.0019675428045151,0.0055963802564878,92.0,0.7186,12.5,up,True,INTERFERON_GAMMA_RESPONSE,True,False,1.932,2.252092784229576,0.15999999999999992,2,0.7050719382553396,264
PTPN22,3,1.388,0.084,16.49,4.3625845436481606e-61,6.80824943881733e-59,0.0,0.0,1.9,up,False,,False,False,1.388,58.16696454106721,3.0,0,0.7028134693871545,265
CD28,2,1.76,0.142,12.38,3.41266256463478e-35,1.7291562332367e-33,39.6,0.0184,1.66,up,True,ALLOGRAFT_REJECTION,False,False,1.76,32.76216576544948,1.208,1,0.7006071982872003,266
ILDR1,2,-1.32,0.071,-18.72,3.65381278466424e-78,9.296967769152751e-76,0.0,0.0,0.36,down,False,,False,False,1.32,75.03165867465613,2.0,0,0.6998220814735586,267
WNT2,2,-4.903,1.437,-3.41,0.0006427549807401,0.0020828144164101,96.5,3.9871,28.78,down,False,,False,False,4.903,2.6813494249728733,0.07000000000000006,0,0.6947001971627773,268
RP11-118B18.3,2,-3.034,0.275,-11.04,2.51665254228265e-28,9.11955408085056e-27,0.0,0.0,0.36,down,False,,False,False,3.034,26.040026396864633,2.0,0,0.6929331384736093,269
HAO2,2,-4.081,0.709,-5.76,8.549966150950621e-09,6.64579004261373e-08,35.7,0.4873,1.55,down,False,,False,False,4.081,7.177453383306275,1.286,0,0.6914459551724282,270
SERTM1,2,-3.852,0.428,-9.0,2.29467435754266e-19,4.80465402823938e-18,47.8,0.2052,1.91,down,False,,False,False,3.852,17.318337879386924,1.044,0,0.6913847451198004,271
CTC-518B2.12,3,2.251,0.229,9.85,6.87936796294775e-23,1.81146371928733e-21,65.6,0.0869,5.81,up,False,,False,True,2.251,20.741970359764196,1.0320000000000003,1,0.690526988038066,272
IRAK2,3,1.649,0.303,5.44,5.40770657956183e-08,3.77202036117291e-07,89.2,0.2136,18.46,up,True,INFLAMMATORY_RESPONSE,False,True,1.649,6.42342597162899,0.32399999999999995,2,0.6886427420539929,273
RP11-1008C21.1,2,-4.341,0.547,-7.94,2.01771052704605e-15,3.11972164647431e-14,82.4,0.498,5.7,down,False,,False,False,4.341,13.505884153671648,0.35199999999999987,0,0.6851831788011747,274
SEC14L4,2,-3.093,0.295,-10.49,9.12986714095738e-26,2.88812243111718e-24,0.0,0.0,0.06,down,False,,False,False,3.093,23.539384400426638,2.0,0,0.6826738391786741,275
GDA,3,4.693,0.916,5.12,3.00652098226183e-07,1.89600349336658e-06,93.7,2.1405,31.88,up,False,,False,False,4.693,5.722160866814181,0.18899999999999983,0,0.6813338304716625,276
SCNN1D,3,2.412,0.175,13.78,3.18473690902283e-43,2.42050345140634e-41,28.9,0.0283,2.81,up,False,,False,False,2.412,40.61609429376027,2.133,0,0.6808728667257317,277
CASQ2,2,-1.772,0.105,-16.84,1.31695346195979e-63,2.28359730303827e-61,0.0,0.0,0.5,down,False,,False,False,1.772,60.64138047857317,2.0,0,0.6799033804887281,278
SGCA,2,-1.965,0.123,-16.04,7.195136930017681e-58,9.679940252573789e-56,0.0,0.0,0.86,down,False,,False,False,1.965,55.01412732327607,2.0,0,0.6777651873665645,279
PTPRQ,2,-2.711,0.216,-12.54,4.61612715584092e-36,2.4558845588881797e-34,0.0,0.0,0.05,down,False,,False,False,2.711,33.609792051462534,2.0,0,0.6737666896942941,280
LGALS3BP,3,1.621,0.315,5.15,2.5583437879853e-07,1.62651465868952e-06,89.1,0.2405,18.36,up,True,INTERFERON_GAMMA_RESPONSE,True,False,1.621,5.78874201835859,0.3270000000000003,2,0.6716528507260371,281
PGLYRP2,2,3.129,0.257,12.19,3.6885659973995997e-34,1.76575953850976e-32,33.5,0.0575,1.5,up,False,,False,False,3.129,31.753068439041986,1.33,0,0.671055923948276,282
CSMD1,2,-2.353,0.165,-14.24,5.35458085047779e-46,4.4606897910617303e-44,0.0,0.0,0.0,down,False,,False,False,2.353,43.35059797777038,2.0,0,0.6691498545915108,283
LY6D,3,1.165,0.069,16.98,1.14792503551331e-64,2.06705978125624e-62,0.0,0.0,1.51,up,False,,False,False,1.165,61.68464696299812,3.0,0,0.6685514084615288,284
CNN1,2,-1.904,0.118,-16.16,9.81990544593804e-59,1.39317676717554e-56,0.0,0.0,0.22,down,False,,False,False,1.904,55.85599377651325,2.0,0,0.6669114578146808,285
KLRB1,2,1.746,0.104,16.75,5.55294753401423e-63,9.41948904519849e-61,0.0,0.0,0.64,up,False,,False,False,1.746,60.02597265462424,2.0,0,0.663285590510153,286
ADCYAP1R1,2,-1.543,0.088,-17.52,9.35303318000923e-69,2.027269941767e-66,0.0,0.0,0.02,down,False,,False,False,1.543,65.69308841883816,2.0,0,0.6624364029182933,287
BIRC5,3,1.482,0.238,6.22,4.87005437356761e-10,4.484779812385691e-09,87.9,0.1211,16.55,up,False,,True,True,1.482,8.348258874495764,0.363,2,0.6615417673633417,288
AP000322.53,2,2.205,0.149,14.81,1.26240955250275e-49,1.25752107295902e-47,0.0,0.0,0.87,up,False,,False,False,2.205,46.90048472850413,2.0,0,0.6613694792438036,289
MMP9,3,1.787,0.584,3.06,0.0022007291602967,0.0061697067256682,93.4,0.8846,30.49,up,True,ALLOGRAFT_REJECTION,True,False,1.787,2.209735479475853,0.19799999999999984,2,0.6612221112158165,290
IL23A,3,1.633,0.5,3.27,0.0010869727173699,0.003323095773921,84.5,0.6217,12.92,up,True,TNFA_SIGNALING_VIA_NFKB,True,False,1.633,2.4784571418732573,0.4650000000000001,2,0.6608765633721854,291
SOD2,3,1.427,0.217,6.58,4.59798858645754e-11,4.76679870772296e-10,87.2,0.1026,15.67,up,True,INTERFERON_GAMMA_RESPONSE;TNFA_SIGNALING_VIA_NFKB,True,False,1.427,9.321773187064133,0.384,2,0.6583206767937653,292
TSPEAR,2,-1.856,0.115,-16.2,4.86133958590866e-59,6.93896941259365e-57,0.0,0.0,0.72,down,False,,False,False,1.856,56.15870502690244,2.0,0,0.6539428626562205,293
RGS1,2,2.975,0.428,6.95,3.7282713442490795e-12,4.31627615714772e-11,91.7,0.3367,12.11,up,True,INFLAMMATORY_RESPONSE,False,False,2.975,10.364890776758216,0.16599999999999993,1,0.6527324001584424,294
FASLG,2,1.758,0.581,3.03,0.0024849995863298,0.006859020789576,90.4,0.6142,10.4,up,True,ALLOGRAFT_REJECTION,True,False,1.758,2.1637378808002894,0.19199999999999995,2,0.6494480843922389,295
LRRC55,2,4.129,0.498,8.29,1.1289477270377002e-16,1.9234015532915203e-15,76.6,0.3931,4.28,up,False,,False,False,4.129,14.715930037564293,0.4680000000000002,0,0.6480260334313511,296
FRG2HP,2,-1.909,0.12,-15.89,6.885972458724979e-57,8.80840050744771e-55,0.0,0.0,0.2,down,False,,False,False,1.909,54.05510294673611,2.0,0,0.6464837973850998,297
FABP7,2,-2.624,0.209,-12.55,4.0929488507765294e-36,2.18250204209175e-34,0.0,0.0,0.43,down,False,,False,False,2.624,33.661045341267865,2.0,0,0.6441386148621072,298
CDH20,2,-2.725,0.189,-14.44,2.9770742234265403e-47,2.58112335171081e-45,46.0,0.0358,1.85,down,False,,False,False,2.725,44.58819124005619,1.08,0,0.6417962980345937,299
RNASE7,3,1.331,0.083,16.01,1.1447165471250799e-57,1.5225380483892598e-55,0.0,0.0,1.39,up,False,,False,False,1.331,54.81743184549376,3.0,0,0.6417601529226976,300
RP11-414J4.2,2,3.495,0.342,10.21,1.79655736690207e-24,5.27673919721586e-23,44.2,0.1295,1.79,up,False,,False,False,3.495,22.277634370293036,1.116,0,0.6417199092857161,301
AF001548.6,2,-1.939,0.123,-15.71,1.3750329418006698e-55,1.71213543269212e-53,0.0,0.0,0.01,down,False,,False,False,1.939,52.76646188490156,2.0,0,0.6410563783439116,302
AC069363.1,2,3.174,0.279,11.38,5.24135882070339e-30,2.09734989117685e-28,33.1,0.0649,1.49,up,False,,False,False,3.174,27.678329112151907,1.338,0,0.6380476201051369,303
MMP1,3,3.206,1.122,2.86,0.0042609585430309,0.0108891679622064,93.4,3.361,30.12,up,False,,True,False,3.206,1.9630053032770478,0.19799999999999984,1,0.6356401115433008,304
PLCH2,3,-1.144,0.069,-16.66,2.63647730244273e-62,4.28592341478346e-60,0.0,0.0,0.75,down,False,,False,False,1.144,59.36795559363812,3.0,0,0.6327319972701243,305
FAM166B,2,-1.721,0.101,-17.03,5.0969011745193e-65,9.46931425351764e-63,13.3,0.0038,1.15,down,False,,False,False,1.721,62.0236814704895,1.734,0,0.6294580490163796,306
GK-AS1,2,1.567,0.092,17.06,2.73239078467661e-65,5.20020616898331e-63,0.0,0.0,0.05,up,False,,False,False,1.567,62.28397943785043,2.0,0,0.6288218924823552,307
PSAPL1,3,-1.925,0.133,-14.44,2.98951031247972e-47,2.58234121420066e-45,17.1,0.0106,2.41,down,False,,False,False,1.925,44.58798637335783,2.487,0,0.6265523144167859,308
BATF,2,1.112,0.09,12.41,2.3059080643902201e-35,1.18635168965518e-33,0.0,0.0,0.52,up,False,,True,False,1.112,32.92578654686113,2.0,1,0.6252878159082127,309
FBXL16,3,-1.018,0.06,-16.99,9.51840399061493e-65,1.74075249231488e-62,0.0,0.0,0.85,down,False,,False,False,1.018,61.75926297435269,3.0,0,0.6183426661324797,310
SERPINB13,3,2.555,0.294,8.68,3.98670514529206e-18,7.637052434217831e-17,87.3,0.172,15.71,up,False,,False,True,2.555,16.117074227622712,0.381,1,0.6176454405221588,311
CCR5,2,1.605,0.384,4.18,2.91399291858738e-05,0.0001285594802699,91.4,0.2704,11.7,up,True,ALLOGRAFT_REJECTION,True,False,1.605,3.890895891972549,0.17199999999999993,2,0.6137547388745126,312
FST,3,-1.109,0.067,-16.5,3.62308074971276e-61,5.69212733355879e-59,0.0,0.0,0.05,down,False,,False,False,1.109,58.24472539326038,3.0,0,0.6067333235892417,313
NCBP2L,2,-1.652,0.1,-16.45,8.40426196596926e-61,1.2858520807933e-58,0.0,0.0,0.34,down,False,,False,False,1.652,57.890808988013724,2.0,0,0.6043108714760425,314
RP11-797H7.1,2,-1.645,0.1,-16.48,5.44434013815926e-61,8.44016942345498e-59,0.0,0.0,0.69,down,False,,False,False,1.645,58.07364883549128,2.0,0,0.604126770702709,315
CHST1,3,1.661,0.118,14.06,6.62944290757489e-45,5.33294257812442e-43,0.0,0.0,1.7,up,False,,False,False,1.661,42.27303309251025,3.0,0,0.6021298108511057,316
LINC00327,2,-1.252,0.07,-17.94,5.30007927616467e-72,1.1816148169118002e-69,0.0,0.0,0.01,down,False,,False,False,1.252,68.9275240718069,2.0,0,0.601037269856968,317
RP11-73G16.2,2,-2.094,0.144,-14.49,1.3100775591775601e-47,1.1705192970529601e-45,0.0,0.0,0.36,down,False,,False,False,2.094,44.93162142217707,2.0,0,0.5985290405230009,318
CBS,3,-1.195,0.075,-16.0,1.35695854577666e-57,1.79463517503309e-55,0.0,0.0,0.01,down,False,,False,False,1.195,54.746023824285324,3.0,0,0.5935798828393425,319
DDX60L,3,1.607,0.103,15.53,2.2085847520164101e-54,2.678795878754e-52,19.0,0.0068,2.47,up,False,,False,False,1.607,51.5720603778842,2.43,0,0.5912611135673972,320
CD38,2,3.033,0.851,3.56,0.0003655758182764,0.0012581247177349,89.0,1.302,9.09,up,True,IL6_JAK_STAT3_SIGNALING;INTERFERON_GAMMA_RESPONSE,False,False,3.033,2.90027630520289,0.21999999999999997,1,0.5911189774154627,321
LINC01018,2,-2.358,0.18,-13.07,4.74080844420502e-39,2.90517237880616e-37,0.0,0.0,0.29,down,False,,False,False,2.358,36.53682809358578,2.0,0,0.5870200169702483,322
PRR15L,2,-1.745,0.11,-15.82,2.1196895593845298e-56,2.69672896171916e-54,0.0,0.0,0.7,down,False,,False,False,1.745,53.569162700690185,2.0,0,0.5834626531672716,323
TGM6,2,4.449,1.023,4.35,1.36459929433559e-05,6.43511379554831e-05,89.8,1.887,9.79,up,False,,False,False,4.449,4.19144376883081,0.20399999999999996,0,0.5804323544677709,324
PLK1,3,1.408,0.306,4.6,4.24302530842229e-06,2.19308852825916e-05,89.8,0.2108,19.63,up,False,,True,True,1.408,4.658943836832083,0.30599999999999994,2,0.5797388448112107,325
DNAH8,2,-2.665,0.236,-11.29,1.4779746022488299e-29,5.76631791067379e-28,0.0,0.0,0.86,down,False,,False,False,2.665,27.239101417611128,2.0,0,0.5793525971464182,326
CHL1,3,-1.295,0.084,-15.4,1.68227668592745e-53,1.94952549212255e-51,0.0,0.0,1.89,down,False,,False,False,1.295,50.71007108157588,3.0,0,0.5786828165463723,327
UPK3B,3,-1.774,0.135,-13.14,1.95266631053845e-39,1.20925835088345e-37,0.0,0.0,1.33,down,False,,False,False,1.774,36.91748090478294,3.0,0,0.5755116011228021,328
RP1-172H20.4,2,3.13,0.272,11.49,1.4814033789367499e-30,6.08388977149655e-29,47.6,0.077,1.91,up,False,,False,False,3.13,28.215818663137195,1.048,0,0.575152190713486,329
LMOD1,2,-1.474,0.088,-16.79,2.74132695896321e-63,4.6840673563773504e-61,0.0,0.0,0.82,down,False,,False,False,1.474,60.329376868447525,2.0,0,0.5724174552106299,330
MXD1,3,1.346,0.243,5.54,3.03531654157928e-08,2.19753287372143e-07,91.9,0.1272,24.56,up,True,INFLAMMATORY_RESPONSE;TNFA_SIGNALING_VIA_NFKB,True,False,1.346,6.658064619430969,0.24299999999999988,2,0.5710054499996875,331
PHF2P2,2,-2.543,0.216,-11.79,4.50099085961528e-32,1.99552452713512e-30,0.0,0.0,0.61,down,False,,False,False,2.543,29.69994292990252,2.0,0,0.5672103584225731,332
GBP6,3,2.62,0.43,6.09,1.14038022815744e-09,1.00471060447638e-08,82.7,0.4028,11.54,up,True,INTERFERON_GAMMA_RESPONSE,False,False,2.62,7.997959013843516,0.5189999999999998,1,0.56611216240296,333
UBE2L6,3,1.614,0.14,11.51,1.12351986608315e-30,4.65495160090983e-29,65.2,0.0329,5.75,up,True,INTERFERON_GAMMA_RESPONSE,False,False,1.614,28.332084830164284,1.044,1,0.5646436726802392,334
PTTG1,3,1.315,0.243,5.42,6.01284325655321e-08,4.16433869209035e-07,91.4,0.1412,23.17,up,False,,True,True,1.315,6.380453955884814,0.2579999999999999,2,0.5596103502911813,335
KRT37,2,2.243,0.169,13.25,4.63981678220767e-40,2.99210664062532e-38,0.0,0.0,0.16,up,False,,False,False,2.243,37.524022931994146,2.0,0,0.5591736856963654,336
SHF,3,-1.032,0.064,-16.24,2.84762517249206e-59,4.1148183742510296e-57,0.0,0.0,0.34,down,False,,False,False,1.032,56.38564932954074,3.0,0,0.5570695584465563,337
RP11-641A6.3,2,-4.315,0.726,-5.94,2.81690801054335e-09,2.34331910514603e-08,95.5,1.0078,22.11,down,False,,False,False,4.315,7.630168566645213,0.09000000000000008,0,0.5548436693175663,338
ADH7,2,3.325,0.296,11.24,2.55832906638651e-29,9.83381364779013e-28,67.7,0.1217,3.1,up,False,,False,False,3.325,27.007278025911962,0.6459999999999999,0,0.5529550199673257,339
SYPL2,2,-2.55,0.222,-11.5,1.33467396033623e-30,5.49092842487009e-29,0.0,0.0,0.7,down,False,,False,False,2.55,28.260354217351733,2.0,0,0.5519254761391509,340
LINC01215,2,4.095,0.677,6.05,1.4521731340122202e-09,1.26136997751733e-08,77.1,0.736,4.38,up,False,,False,False,4.095,7.899157510074683,0.4580000000000002,0,0.5504256486864526,341
ADAMTS4,3,2.294,0.394,5.81,6.09888661992207e-09,4.83306827643046e-08,63.8,0.2946,5.52,up,False,,True,False,2.294,7.315777069568848,1.0859999999999999,1,0.5503170401675044,342
DIO2-AS1,2,1.93,0.132,14.58,3.8005463612679297e-48,3.53043610202067e-46,0.0,0.0,0.11,up,False,,False,False,1.93,45.452171644469715,2.0,0,0.5478965162070559,343
PLA2G2A,2,1.037,0.331,3.13,0.0017301380356309,0.0049957815808664,51.1,0.125,2.04,up,True,IL6_JAK_STAT3_SIGNALING,True,False,1.037,2.3013965575473154,0.978,2,0.5472979158630373,344
METTL7B,2,-2.69,0.257,-10.48,1.1022704778807201e-25,3.46349659284696e-24,0.0,0.0,0.37,down,False,,False,False,2.69,23.46048523525639,2.0,0,0.5415377260420776,345
ZBP1,2,2.894,0.901,3.21,0.0013263366069654,0.0039597262635445,87.7,1.4414,8.15,up,True,INTERFERON_GAMMA_RESPONSE,False,False,2.894,2.4023348358778205,0.246,1,0.5415052265959793,346
ADH1C,2,-1.915,0.132,-14.56,5.30203726370877e-48,4.86727020808465e-46,0.0,0.0,0.11,down,False,,False,False,1.915,45.31271454308818,2.0,0,0.5409629180982234,347
GPR158,2,2.518,0.219,11.48,1.71533212303003e-30,6.99550691080312e-29,0.0,0.0,0.44,up,False,,False,False,2.518,28.15518081003732,2.0,0,0.5395012007807716,348
PITX1,3,2.81,0.702,4.0,6.21183013844361e-05,0.0002550218773055,90.0,1.2527,20.03,up,False,,False,True,2.81,3.5934225615836475,0.29999999999999993,1,0.5370443579929916,349
HYAL4,2,4.318,0.932,4.63,3.58009284864989e-06,1.87360593548056e-05,91.2,1.5929,11.34,up,False,,False,False,4.318,4.727321746448499,0.17599999999999993,0,0.5362321599176629,350
SLCO5A1,3,1.705,0.132,12.9,4.5252217206603e-38,2.64166870969918e-36,0.0,0.0,1.4,up,False,,False,False,1.705,35.57812164795199,3.0,0,0.5350273211387988,351
KRT77,3,-4.177,0.654,-6.39,1.65964505067713e-10,1.60606163668049e-09,94.6,0.8828,37.06,down,False,,False,False,4.177,8.7942377915875,0.16200000000000014,0,0.5346334541994743,352
CCL5,3,1.211,0.358,3.39,0.0007052716999781,0.0022609840077769,81.6,0.2451,10.85,up,True,ALLOGRAFT_REJECTION;COMPLEMENT;INFLAMMATORY_RESPONSE;TNFA_SIGNALING_VIA_NFKB,True,False,1.211,2.6457025094630473,0.5520000000000002,2,0.5324242649592472,353
DOK7,2,-2.374,0.195,-12.16,5.30993385516918e-34,2.52642767511495e-32,0.0,0.0,0.2,down,False,,False,False,2.374,31.597493129940325,2.0,0,0.5317879362871198,354
LINC02159,3,2.757,0.818,3.37,0.0007529862963511,0.0023975321288472,85.9,1.6002,14.15,up,False,,False,True,2.757,2.6202355642250548,0.4229999999999997,1,0.5296236707005241,355
RTP4,3,2.627,0.463,5.67,1.42468261310922e-08,1.07616635334862e-07,87.5,0.4445,15.94,up,True,INFLAMMATORY_RESPONSE;INTERFERON_GAMMA_RESPONSE,False,False,2.627,6.968120590419481,0.375,1,0.5289537733964893,356
PDZRN4,2,-2.2,0.169,-13.03,8.71849371626336e-39,5.24656091012877e-37,0.0,0.0,0.04,down,False,,False,False,2.2,36.2801252808155,2.0,0,0.5289073178276813,357
FPR1,2,2.612,0.475,5.5,3.85993681537129e-08,2.74725633660768e-07,79.0,0.363,4.77,up,True,INFLAMMATORY_RESPONSE;INTERFERON_GAMMA_RESPONSE,False,False,2.612,6.561100816232744,0.41999999999999993,1,0.52713838489834,358
F3,3,-2.35,0.167,-14.08,5.11616706362999e-45,4.12980533767291e-43,56.9,0.0422,4.64,down,False,,False,False,2.35,42.38407041874721,1.2930000000000001,0,0.5240546608311559,359
TJP3,3,-1.092,0.07,-15.51,2.86554565871445e-54,3.42242644514523e-52,0.0,0.0,0.75,down,False,,False,False,1.092,51.465665876959,3.0,0,0.5173790411198022,360
ATP12A,3,4.085,0.76,5.38,7.60904471261021e-08,5.1892325799927e-07,86.5,1.2516,14.82,up,False,,False,False,4.085,6.284896863908307,0.405,0,0.5171711546264186,361
PCDHB9,2,-1.209,0.07,-17.24,1.25277461936605e-66,2.46438664409578e-64,1.4,0.0002,1.01,down,False,,False,False,1.209,63.608291153559534,1.972,0,0.5153748350247617,362
HSPB2-C11orf52,3,-1.261,0.077,-16.31,7.96911360053809e-60,1.18068974857593e-57,22.9,0.0046,2.59,down,False,,False,False,1.261,56.92786420753711,2.313,0,0.5149740433731217,363
GATM-AS1,2,-1.792,0.121,-14.76,2.4865524550653e-49,2.38556173855015e-47,0.0,0.0,0.16,down,False,,False,False,1.792,46.62240933937976,2.0,0,0.5143037208259733,364
PNP,3,1.448,0.532,2.72,0.0065061472562225,0.0157093760826109,97.8,0.8248,89.27,up,True,INTERFERON_GAMMA_RESPONSE,True,False,1.448,1.8038410631624462,0.06600000000000006,2,0.5136466219230662,365
PTCHD1,2,-2.241,0.179,-12.54,4.7019827096793495e-36,2.49588918936245e-34,0.0,0.0,0.14,down,False,,False,False,2.241,33.602774700045984,2.0,0,0.5102124903134541,366
PLA2G4B,3,1.997,0.132,15.16,6.813637215880651e-52,7.453291289091129e-50,52.5,0.0244,4.21,up,False,,False,False,1.997,49.12765190536671,1.4249999999999998,0,0.5089587455461637,367
NOD2,3,1.739,0.151,11.55,7.360385356440199e-31,3.08227657976581e-29,84.3,0.042,12.75,up,True,INFLAMMATORY_RESPONSE,False,False,1.739,28.511128393626443,0.4710000000000001,1,0.5032156776547962,368
LDB3,2,-1.39,0.085,-16.33,5.797130625078151e-60,8.643632535188181e-58,0.0,0.0,0.48,down,False,,False,False,1.39,57.063303704460274,2.0,0,0.5030007148033335,369
RP11-307B6.3,2,-1.476,0.092,-15.98,1.82341868546321e-57,2.3980004498881e-55,0.0,0.0,0.09,down,False,,False,False,1.476,54.62015073975931,2.0,0,0.5028397373282244,370
RP11-44F14.8,3,1.692,0.136,12.43,1.74078876009884e-35,8.97579825664178e-34,0.0,0.0,1.51,up,False,,False,False,1.692,33.046926917341466,3.0,0,0.49935007694608613,371
RP11-706C16.8,3,1.126,0.074,15.13,1.03472512185217e-51,1.12138335080729e-49,0.0,0.0,0.74,up,False,,False,False,1.126,48.95024589616529,3.0,0,0.49824274654027734,372
ARG1,3,2.175,0.274,7.95,1.8530149982683702e-15,2.8860431200575e-14,80.0,0.1353,10.01,up,False,,True,False,2.175,13.53969718444726,0.5999999999999999,1,0.4946920158649188,373
UPK1A,2,-2.707,0.287,-9.43,4.18217486349038e-21,9.73166315899068e-20,0.0,0.0,0.0,down,False,,False,False,2.707,19.011812931669223,2.0,0,0.4926928836787854,374
TAP1,3,1.068,0.089,12.02,2.68015591671983e-33,1.2350348396554e-31,49.9,0.0111,3.99,up,True,ALLOGRAFT_REJECTION;INTERFERON_GAMMA_RESPONSE;TNFA_SIGNALING_VIA_NFKB,False,False,1.068,30.90832079102239,1.5030000000000001,1,0.49225092466085163,375
LAG3,2,1.684,0.113,14.93,2.02991741587428e-50,2.0750365409694798e-48,0.0,0.0,0.18,up,False,,False,False,1.684,47.68297425104747,2.0,0,0.4897951091851639,376
MT4,2,-2.861,0.349,-8.2,2.43948771500638e-16,4.06159089051098e-15,0.0,0.0,0.0,down,False,,False,False,2.861,14.391303823654379,2.0,0,0.4893820802826322,377
CLDN17,3,4.039,1.174,3.44,0.0005823896791783,0.0019079801251759,80.8,3.0886,10.44,up,False,,False,False,4.039,2.7194261535163005,0.5760000000000002,0,0.48924971049956856,378
HELZ2,3,1.783,0.186,9.57,1.06748036170185e-21,2.5868165411054403e-20,70.2,0.0645,6.72,up,True,INTERFERON_GAMMA_RESPONSE,False,False,1.783,19.587234370669158,0.8939999999999998,1,0.48774596664479797,379
ELOVL3,3,-3.319,0.569,-5.83,5.58549716311121e-09,4.44579745295037e-08,47.5,0.4745,3.81,down,False,,False,False,3.319,7.352050327302741,1.5750000000000002,0,0.48258941245274767,380
SEZ6L,2,-2.022,0.153,-13.19,9.6357973284237e-40,6.07990241674044e-38,0.0,0.0,0.0,down,False,,False,False,2.022,37.21610339115675,2.0,0,0.47851892906554694,381
AC005281.2,2,-2.616,0.211,-12.39,3.05656875093409e-35,1.5554612584916498e-33,41.3,0.0396,1.7,down,False,,False,False,2.616,32.808140801291266,1.174,0,0.4764590366772615,382
FAM153C,2,-2.071,0.161,-12.9,4.57399622722357e-38,2.6634994448526498e-36,0.0,0.0,0.57,down,False,,False,False,2.071,35.57454738939819,2.0,0,0.4753558489119354,383
BLNK,3,1.357,0.08,16.96,1.73892233750925e-64,3.1073612976148197e-62,46.3,0.0083,3.72,up,False,,False,False,1.357,61.50760824773053,1.6110000000000002,0,0.47351361471986464,384
SOCS1,3,1.179,0.368,3.2,0.00137823470446,0.0040969011043435,89.6,0.3339,19.25,up,True,ALLOGRAFT_REJECTION;IL6_JAK_STAT3_SIGNALING;INTERFERON_GAMMA_RESPONSE,True,False,1.179,2.387544519414269,0.3120000000000003,2,0.4732552559473532,385
CA6,2,-1.958,0.146,-13.41,5.31569824245959e-41,3.58602824662065e-39,0.0,0.0,0.04,down,False,,False,False,1.958,38.44538629388617,2.0,0,0.4713903925256213,386
TMEM45B,3,2.149,0.143,15.07,2.42497522284953e-51,2.5802838632583997e-49,67.6,0.0332,6.16,up,False,,False,False,2.149,48.58833251362386,0.9720000000000002,0,0.4705101631724622,387
PRKCQ,3,2.601,0.552,4.71,2.48883239749395e-06,1.34025943392997e-05,92.2,0.7925,25.61,up,False,,True,False,2.601,4.872811127143649,0.23399999999999987,1,0.46776403150896845,388
FA2H,3,-2.659,0.307,-8.66,4.6603759101882295e-18,8.89117682816596e-17,29.2,0.1028,2.82,down,False,,False,False,2.659,16.051040752398354,2.1239999999999997,0,0.4627334891934054,389
CDH4,3,-2.468,0.542,-4.55,5.25720129753165e-06,2.66722638001557e-05,84.3,0.6299,12.77,down,False,,True,False,2.468,4.573940122135694,0.4710000000000001,1,0.46212830907350666,390
SERPINA1,2,2.601,0.504,5.16,2.43948555381681e-07,1.55559567772535e-06,92.9,0.473,14.11,up,True,COMPLEMENT,False,False,2.601,5.8081032722246535,0.1419999999999999,1,0.4620793101707581,391
SLC22A31,2,-2.54,0.255,-9.94,2.76220650312852e-23,7.440793099164039e-22,0.0,0.0,0.68,down,False,,False,False,2.54,21.128380771412,2.0,0,0.46066189840469995,392
EPSTI1,3,2.41,0.426,5.65,1.57162376274262e-08,1.18030608476234e-07,86.4,0.4045,14.67,up,True,INTERFERON_GAMMA_RESPONSE,False,False,2.41,6.928005353977326,0.4079999999999997,1,0.45915504535112717,393
HSH2D,3,1.085,0.073,14.79,1.5810537367904e-49,1.55507928254313e-47,0.0,0.0,1.31,up,False,,False,False,1.085,46.808247464454986,3.0,0,0.4576175059880042,394
FASN,3,-1.102,0.132,-8.35,7.0957443044134e-17,1.22676719661753e-15,23.4,0.0134,2.61,down,False,,True,False,1.102,14.911237845436915,2.298,1,0.4557768146392903,395
RP11-252C15.1,2,-2.351,0.213,-11.03,2.7750605360157597e-28,1.00404006317764e-26,0.0,0.0,0.72,down,False,,False,False,2.351,25.998248957639365,2.0,0,0.45486885960498624,396
IFI6,3,3.36,0.429,7.83,5.047906971435161e-15,7.60401893785879e-14,67.8,0.3182,6.22,up,False,,False,False,3.36,13.118956810192007,0.9660000000000002,0,0.4539961367777243,397
AP001610.5,3,3.237,0.392,8.27,1.37354829289536e-16,2.33164553940445e-15,63.8,0.2536,5.52,up,False,,False,False,3.237,14.632337471057635,1.0859999999999999,0,0.45227489774316987,398
DKK2,2,-1.436,0.093,-15.52,2.50188454793349e-54,3.01889770013274e-52,0.0,0.0,0.94,down,False,,False,False,1.436,51.52015160344613,2.0,0,0.4507705281890838,399
PRAL,3,2.681,0.245,10.94,7.29355963720955e-28,2.55591223873411e-26,53.8,0.0857,4.33,up,False,,False,False,2.681,25.59245406244159,1.3860000000000001,0,0.4498781698551323,400
PCSK9,3,2.297,0.363,6.33,2.48214407505817e-10,2.35336211636439e-09,84.8,0.2726,13.19,up,True,COMPLEMENT,False,False,2.297,8.62831124195322,0.45600000000000007,1,0.44975415108231187,401
KCNG3,2,1.728,0.122,14.21,8.17549963998949e-46,6.71509723061453e-44,0.0,0.0,0.3,up,False,,False,False,1.728,43.17294769462391,2.0,0,0.4495857786829488,402
TGM1,3,2.348,0.346,6.79,1.1331334988497098e-11,1.25356909615184e-10,91.1,0.2419,22.51,up,False,,False,True,2.348,9.901851722933978,0.26700000000000024,1,0.44783923658185365,403
MIR6510,2,-1.666,0.115,-14.46,2.0416405116776502e-47,1.79672040367902e-45,0.0,0.0,0.99,down,False,,False,False,1.666,44.74551950029047,2.0,0,0.447378300489482,404
MGAT3,2,-1.16,0.07,-16.61,6.28928410559757e-62,1.00839624402694e-59,0.0,0.0,0.49,down,False,,False,False,1.16,58.99636878060905,2.0,0,0.44679939888389986,405
UPK1A-AS1,2,-2.572,0.275,-9.36,8.09405819573992e-21,1.86673702762636e-19,0.0,0.0,0.01,down,False,,False,False,2.572,18.72891685799883,2.0,0,0.4422572680410164,406
IL31RA,3,-1.478,0.117,-12.65,1.0570552724612699e-36,5.84978885887609e-35,0.0,0.0,0.97,down,False,,False,False,1.478,34.232859808974204,3.0,0,0.439517374454401,407
PEX5L,2,-2.016,0.16,-12.64,1.3504691249402799e-36,7.40354373436229e-35,0.0,0.0,0.66,down,False,,False,False,2.016,34.13056035379738,2.0,0,0.43845298815128064,408
PRSS22,3,3.552,0.498,7.14,9.51863771913006e-13,1.1617403043123899e-11,77.9,0.4993,9.03,up,False,,False,False,3.552,10.934890943382081,0.6629999999999999,0,0.43725352341941515,409
CTC-327F10.4,2,-3.813,0.561,-6.8,1.0467581615656699e-11,1.1602065248149001e-10,88.3,0.5584,8.52,down,False,,False,False,3.813,9.935464696459235,0.23399999999999999,0,0.4355384017143217,410
HRH2,3,3.574,0.495,7.23,4.94097566251782e-13,6.2184569507462195e-12,80.2,0.4567,10.09,up,False,,False,False,3.574,11.206317367867607,0.5939999999999999,0,0.4353483883322238,411
RGS9BP,2,-2.155,0.182,-11.82,2.9972700691723003e-32,1.33899036353539e-30,0.0,0.0,0.01,down,False,,False,False,2.155,29.873222548513358,2.0,0,0.43439530420231576,412
CARD6,3,1.993,0.151,13.16,1.52496576703612e-39,9.46894526274498e-38,39.1,0.0285,3.28,up,False,,False,False,1.993,37.0236983939725,1.827,0,0.4337265553722318,413
ADAP2,3,1.934,0.125,15.46,6.09879384707027e-54,7.17420427970191e-52,66.8,0.0253,6.03,up,False,,False,False,1.934,51.144226261297604,0.9960000000000002,0,0.43167830450448763,414
CD80,2,2.622,0.668,3.92,8.70765471514597e-05,0.0003466623966443,95.3,0.851,21.27,up,True,ALLOGRAFT_REJECTION;TNFA_SIGNALING_VIA_NFKB,False,False,2.622,3.4600932648206104,0.09400000000000008,1,0.4315098318309885,415
PSMB8-AS1,3,1.002,0.061,16.47,5.9119346477097205e-61,9.104768300541891e-59,24.3,0.0032,2.64,up,False,,False,False,1.002,58.04073110171711,2.271,0,0.43074002116701493,416
RP11-455F5.6,3,2.404,0.185,13.02,1.0031220126438e-38,6.02104697281504e-37,63.4,0.054,5.47,up,False,,False,False,2.404,36.22032798465885,1.0979999999999999,0,0.43051810490763764,417
TTC39A,3,2.214,0.288,7.69,1.51471099839008e-14,2.18202275454237e-13,92.2,0.1648,25.72,up,False,,False,True,2.214,12.661140724819784,0.23399999999999987,1,0.42902837892795564,418
MOGAT2,2,-3.57,0.765,-4.67,3.02729836222733e-06,1.60584698303602e-05,51.4,0.725,2.06,down,False,,False,False,3.57,4.794295839872486,0.972,0,0.42569048606640814,419
KLK9,3,3.402,0.395,8.61,7.38343241711039e-18,1.38937917566027e-16,81.6,0.3016,10.85,up,False,,False,False,3.402,15.857179214720055,0.5520000000000002,0,0.42492153018799106,420
KCNB1,2,-1.525,0.103,-14.81,1.2798401020336599e-49,1.2694820740892302e-47,0.0,0.0,0.34,down,False,,False,False,1.525,46.8963734272669,2.0,0,0.42481223436274396,421
IFIT3,3,2.186,0.341,6.4,1.51651001462385e-10,1.4779343435607702e-09,83.2,0.2254,11.89,up,True,INTERFERON_GAMMA_RESPONSE,False,False,2.186,8.830344858811703,0.5039999999999998,1,0.4226070350126455,422
AMPH,2,-1.428,0.094,-15.18,4.53950929380655e-52,5.01251759710932e-50,0.0,0.0,0.48,down,False,,False,False,1.428,49.299944089720576,2.0,0,0.4206601612422597,423
ACSM6,2,-3.345,0.44,-7.6,2.94632317997163e-14,4.14659041876643e-13,56.8,0.2203,2.32,down,False,,False,False,3.345,12.38230886013981,0.8640000000000001,0,0.42064566021513505,424
NUDT11,3,-1.175,0.085,-13.88,8.45310002232297e-44,6.574040479154769e-42,0.0,0.0,1.05,down,False,,False,False,1.175,41.18216762611089,3.0,0,0.4196699550283183,425
SLC16A11,2,-1.401,0.092,-15.29,9.48683070512818e-53,1.0833035120797299e-50,0.0,0.0,0.21,down,False,,False,False,1.401,49.96524984886461,2.0,0,0.4194585256931618,426
FAAHP1,2,3.717,0.571,6.51,7.35491440498395e-11,7.42437219949414e-10,81.4,0.5382,5.37,up,False,,False,False,3.717,9.129340264141751,0.3719999999999999,0,0.41802233104619413,427
RP11-706C16.7,2,1.76,0.129,13.62,3.0615441930945795e-42,2.2326382559548597e-40,0.0,0.0,0.79,up,False,,False,False,1.76,39.6511816379538,2.0,0,0.4173670337247871,428
SLC27A2,2,-1.907,0.149,-12.84,1.02364700524699e-37,5.87317469260458e-36,0.0,0.0,0.93,down,False,,False,False,1.907,35.231127081243564,2.0,0,0.4140889441971298,429
ITK,2,1.281,0.119,10.74,6.40198912826971e-27,2.15942598708452e-25,45.1,0.0136,1.82,up,True,ALLOGRAFT_REJECTION,False,False,1.281,24.665661676521147,1.0979999999999999,1,0.4137898451776081,430
RP11-557H15.3,2,3.839,0.622,6.17,6.68016998738455e-10,6.06579128140748e-09,90.9,0.7061,11.0,up,False,,False,False,3.839,8.217112537462958,0.18199999999999994,0,0.41371053674031766,431
RND2,3,-1.017,0.07,-14.51,1.0056272634857501e-47,9.08908440576751e-46,0.0,0.0,1.62,down,False,,False,False,1.017,45.04147986348323,3.0,0,0.412220175774918,432
ADH1B,2,-1.94,0.147,-13.2,8.623948786245069e-40,5.47094897390815e-38,10.7,0.0071,1.12,down,False,,False,False,1.94,37.26193733575323,1.786,0,0.4105614968907777,433
UPB1,2,-2.352,0.231,-10.2,1.91672552081428e-24,5.61559796204524e-23,0.0,0.0,0.0,down,False,,False,False,2.352,22.250603992244937,2.0,0,0.4090879116868943,434
MUC1,3,-1.821,0.418,-4.36,1.29615707959851e-05,6.13088322415066e-05,53.1,0.2869,4.26,down,False,,True,False,1.821,4.212476955865911,1.407,1,0.4076106263818834,435
NUDT10,3,-1.327,0.102,-12.96,2.12533961341797e-38,1.25636553056821e-36,0.0,0.0,1.01,down,False,,False,False,1.327,35.900883987339895,3.0,0,0.4075302482627392,436
CCNB1,3,1.931,0.227,8.52,1.6357367421043302e-17,2.98827881766154e-16,85.0,0.1043,13.32,up,False,,False,True,1.931,15.524578883656284,0.45000000000000007,1,0.40622068765436564,437
OLAH,3,-2.195,0.303,-7.24,4.42088982147946e-13,5.5939789097844696e-12,0.0,0.0,0.38,down,False,,False,False,2.195,11.252279175322641,3.0,0,0.40603098487105405,438
DSG2-AS1,3,-1.155,0.084,-13.77,3.76379340050694e-43,2.8421496681440996e-41,0.0,0.0,0.44,down,False,,False,False,1.155,40.54635305577603,3.0,0,0.4048878072025385,439
NLGN3,2,-1.16,0.072,-16.1,2.5365128229787e-58,3.4723525539829496e-56,0.0,0.0,0.03,down,False,,False,False,1.16,55.45937618658419,2.0,0,0.40326351034689145,440
LINC01127,3,1.374,0.109,12.6,2.2359996792002697e-36,1.2116323261666499e-34,0.0,0.0,2.0,up,False,,False,False,1.374,33.91662914827372,3.0,0,0.39945337272146597,441
RNF222,3,1.99,0.142,14.01,1.4020786594758102e-44,1.1050929070595699e-42,56.4,0.0294,4.58,up,False,,False,False,1.99,41.956601208560635,1.3080000000000003,0,0.3963875153769455,442
APOL6,3,2.171,0.317,6.85,7.28185104066429e-12,8.21894170737272e-11,89.9,0.2131,19.86,up,True,INTERFERON_GAMMA_RESPONSE,False,False,2.171,10.085184099763762,0.30299999999999994,1,0.39526379137265083,443
EGR2,3,-1.108,0.08,-13.83,1.7855592622262298e-43,1.36595283560306e-41,0.0,0.0,1.82,down,False,,False,False,1.108,40.86456429596265,3.0,0,0.39245780112320905,444
CTB-191K22.5,3,-1.994,0.148,-13.49,1.89335988077172e-41,1.3151828323141e-39,50.7,0.0304,4.06,down,False,,False,False,1.994,38.881013868812474,1.479,0,0.3918861077405793,445
PDE6A,2,-2.327,0.232,-10.03,1.0918278500432e-23,3.0246861706108097e-22,0.0,0.0,0.23,down,False,,False,False,2.327,21.519319679339585,2.0,0,0.3913916331195254,446
TMPRSS11E,3,-2.073,0.198,-10.47,1.20930361822157e-25,3.7845706415706804e-24,22.2,0.0317,2.57,down,False,,False,False,2.073,23.421983383950852,2.334,0,0.3889013370593547,447
ADAM8,3,1.01,0.071,14.23,6.37498555681315e-46,5.27321685157028e-44,0.0,0.0,1.87,up,False,,False,False,1.01,43.277924368720896,3.0,0,0.38807841933336007,448
GZMA,2,2.575,0.992,2.6,0.0094569935038574,0.0216211310608261,97.1,1.9146,35.06,up,True,ALLOGRAFT_REJECTION;COMPLEMENT;INTERFERON_GAMMA_RESPONSE,False,False,2.575,1.6651215906497352,0.05800000000000005,1,0.3863399736627815,449
NT5C3A,3,1.752,0.119,14.74,3.83827445510939e-49,3.6673537436594102e-47,53.5,0.0203,4.3,up,False,,False,False,1.752,46.43564719707247,1.395,0,0.3850039230232044,450
FNDC5,2,-1.747,0.132,-13.21,7.66546347480282e-40,4.87610963265378e-38,0.0,0.0,0.28,down,False,,False,False,1.747,37.31192653842664,2.0,0,0.3840523227188265,451
RP11-328D5.4,2,-1.354,0.09,-14.99,8.64426556253204e-51,9.07415302929653e-49,0.0,0.0,0.21,down,False,,False,False,1.354,48.04219390093306,2.0,0,0.3794413658696023,452
KB-1991G8.1,2,-1.841,0.146,-12.65,1.0970377675245498e-36,6.056735165090131e-35,0.0,0.0,0.12,down,False,,False,False,1.841,34.217761415746395,2.0,0,0.3786606431128805,453
FUT7,2,1.671,0.124,13.48,2.13898253300949e-41,1.46837073651669e-39,0.0,0.0,0.74,up,False,,False,False,1.671,38.83316427923204,2.0,0,0.37634373300414836,454
SLC30A10,2,-2.927,0.337,-8.7,3.45575019819682e-18,6.67455910805193e-17,42.3,0.1097,1.73,down,False,,False,False,2.927,16.17557741659471,1.154,0,0.37616183027493366,455
CACNA2D3,2,1.128,0.071,15.91,5.46547698397817e-57,7.02974454494203e-55,0.0,0.0,0.35,up,False,,False,False,1.128,54.153060456592954,2.0,0,0.3760546978748407,456
IRF9,3,1.44,0.143,10.1,5.28075501249292e-24,1.4875715293314898e-22,73.9,0.0359,7.65,up,True,IL6_JAK_STAT3_SIGNALING;INTERFERON_GAMMA_RESPONSE,False,False,1.44,21.82752214220642,0.7829999999999997,1,0.3752758028345834,457
KLK6,3,3.615,0.68,5.31,1.07916858763847e-07,7.20543567256956e-07,82.8,0.9487,11.59,up,False,,False,False,3.615,6.142339754687256,0.5160000000000001,0,0.3726971634395555,458
MYOCD,2,-1.644,0.121,-13.55,7.570797581526379e-42,5.419718672353249e-40,0.0,0.0,0.96,down,False,,False,False,1.644,39.266023256305814,2.0,0,0.3722809726644325,459
ADIPOQ,2,-1.799,0.563,-3.19,0.0014010177013665,0.0041567076516211,31.4,0.2833,1.46,down,False,,True,False,1.799,2.3812505190955386,1.3719999999999999,1,0.3708765388690951,460
ACTG2,3,-1.774,0.372,-4.77,1.84596929641032e-06,1.01488666754793e-05,58.5,0.2164,4.82,down,False,,True,False,1.774,4.993582452732673,1.245,1,0.37059662177824954,461
CCL17,2,1.144,0.159,7.21,5.58643859449065e-13,6.99694708712849e-12,0.0,0.0,0.3,up,True,INFLAMMATORY_RESPONSE,False,False,1.144,11.155091410331822,2.0,1,0.3684479214224373,462
COBL,3,-1.531,0.098,-15.55,1.47569677681582e-54,1.7991971796084102e-52,54.4,0.0143,4.38,down,False,,False,False,1.531,51.744921238364704,1.3679999999999999,0,0.3684427483673167,463
CCR4,2,1.536,0.11,14.01,1.38461599466689e-44,1.0950160749715199e-42,0.0,0.0,0.09,up,False,,False,False,1.536,41.960579505280315,2.0,0,0.3678847199953664,464
MYZAP,3,1.126,0.076,14.85,7.106521996464389e-50,7.10925527415534e-48,19.6,0.0039,2.49,up,False,,False,False,1.126,47.14817589114993,2.412,0,0.3661504177877817,465
CARMIL3,3,1.071,0.079,13.61,3.61289416976615e-42,2.6265291807470698e-40,0.0,0.0,0.26,up,False,,False,False,1.071,39.580617769821075,3.0,0,0.36378530574068224,466
AC067959.1,2,-3.539,0.492,-7.19,6.55502544746916e-13,8.140402689644859e-12,86.4,0.4212,7.37,down,False,,False,False,3.539,11.089354110889056,0.2719999999999998,0,0.36154615230439435,467
LOXL4,2,-1.685,0.117,-14.46,2.21494576809436e-47,1.9419350369034002e-45,26.9,0.0094,1.37,down,False,,False,False,1.685,44.71176530253629,1.4620000000000002,0,0.3530061530986621,468
OAS3,3,2.058,0.316,6.51,7.4505716340302e-11,7.51121582174905e-10,88.5,0.231,17.32,up,True,INTERFERON_GAMMA_RESPONSE,False,False,2.058,9.124289759142401,0.345,1,0.35198535855475765,469
FLVCR2,3,1.54,0.1,15.45,7.26727543254466e-54,8.50598253002189e-52,56.5,0.0146,4.6,up,False,,False,False,1.54,51.07027551359506,1.3050000000000002,0,0.3514927579048708,470
CH17-140K24.7,2,-1.431,0.1,-14.27,3.1672081568291403e-46,2.67657674163225e-44,0.0,0.0,0.08,down,False,,False,False,1.431,43.57242030020148,2.0,0,0.3512050262666643,471
PIP,2,-2.501,0.318,-7.87,3.60773155919686e-15,5.47687341564458e-14,0.0,0.0,0.0,down,False,,False,False,2.501,13.261467296595837,2.0,0,0.3502658293509865,472
PNLDC1,2,-2.543,0.339,-7.5,6.47458156816848e-14,8.78953098801994e-13,0.0,0.0,0.35,down,False,,False,False,2.543,12.056034298390307,2.0,0,0.350036242526396,473
SIM2,2,-1.778,0.142,-12.53,4.8856833187142395e-36,2.5875330499498097e-34,0.0,0.0,0.25,down,False,,False,False,1.778,33.58711409435854,2.0,0,0.34898653062164164,474
PCDHB2,3,-1.018,0.074,-13.7,9.77084961538516e-43,7.30753414206234e-41,0.6,0.0004,2.01,down,False,,False,False,1.018,40.13622914686692,2.982,0,0.3488259440927426,475
TREX2,3,1.91,0.255,7.49,6.63641075005646e-14,8.999759773765809e-13,86.3,0.1399,14.6,up,False,,False,True,1.91,12.045769082818486,0.41100000000000003,1,0.34880704966384246,476
GBP1,3,2.062,0.157,13.12,2.40671881097784e-39,1.48651400121847e-37,58.1,0.0382,4.77,up,False,,False,False,2.062,36.82783099589511,1.2570000000000001,0,0.34876763605395555,477
RP11-141M3.6,2,1.076,0.068,15.78,4.0615011611857797e-56,5.1392259828215104e-54,0.0,0.0,0.09,up,False,,False,False,1.076,53.289102285032364,2.0,0,0.347334667717192,478
GNLY,2,1.749,0.139,12.61,1.91981416124378e-36,1.0427129860917798e-34,0.0,0.0,0.07,up,False,,False,False,1.749,33.98183521766185,2.0,0,0.3437587339542618,479
TG,2,-2.168,0.165,-13.1,3.11179977660874e-39,1.91191918558094e-37,48.3,0.0295,1.94,down,False,,False,False,2.168,36.718530468753436,1.034,0,0.3426055120692354,480
CASC1,2,-1.499,0.108,-13.83,1.6033450704022999e-43,1.23058048370647e-41,0.0,0.0,0.02,down,False,,False,False,1.499,40.90988997685225,2.0,0,0.34208332212943837,481
PI15,2,1.675,0.13,12.93,3.21407110095453e-38,1.88095476005612e-36,0.0,0.0,0.01,up,False,,False,False,1.675,35.72562164979479,2.0,0,0.33948504386367195,482
EPB42,3,-1.032,0.071,-14.56,5.2161613796372005e-48,4.82606314071146e-46,14.6,0.0035,2.34,down,False,,False,False,1.032,45.316407000395905,2.562,0,0.33894865806364016,483
PARP12,3,1.171,0.11,10.65,1.73353724340562e-26,5.715545539560891e-25,69.2,0.0212,6.5,up,True,INTERFERON_GAMMA_RESPONSE,False,False,1.171,24.242942310585665,0.9239999999999998,1,0.33780355582743904,484
CACNG4,2,-1.822,0.15,-12.11,9.406513317346919e-34,4.43052455222885e-32,0.0,0.0,0.93,down,False,,False,False,1.822,31.35354485241076,2.0,0,0.3367974996444243,485
C15orf48,2,1.333,0.092,14.53,7.68674697062886e-48,7.028869524822311e-46,0.0,0.0,0.02,up,False,,False,False,1.333,45.153114518310296,2.0,0,0.33657658489500286,486
XKR4,2,-1.427,0.102,-14.03,9.68004557476864e-45,7.681362266432509e-43,0.0,0.0,0.03,down,False,,False,False,1.427,42.11456175232136,2.0,0,0.3318694227987298,487
CLCA3P,2,3.732,0.838,4.45,8.42946732516439e-06,4.12814645637601e-05,90.8,1.2794,10.92,up,False,,False,False,3.732,4.38424490341872,0.18400000000000016,0,0.3296916340691848,488
IFI16,3,1.535,0.157,9.75,1.8151912561111399e-22,4.63884411728229e-21,85.1,0.0519,13.45,up,False,,True,False,1.535,20.333590221174187,0.44700000000000006,1,0.3271224035688747,489
RP11-327F22.6,2,1.757,0.132,13.28,2.92786587456184e-40,1.9038447849338401e-38,17.7,0.0062,1.22,up,False,,False,False,1.757,37.720368461305796,1.646,0,0.3263867737911508,490
FALEC,2,-1.804,0.146,-12.38,3.23134210639889e-35,1.6408348669998198e-33,6.1,0.003,1.06,down,False,,False,False,1.804,32.78493512398005,1.8780000000000001,0,0.3253509355959432,491
RN7SL138P,2,1.507,0.111,13.52,1.1903308985814e-41,8.41826465404595e-40,0.0,0.0,0.43,up,False,,False,False,1.507,39.074777424990344,2.0,0,0.3222778473932566,492
FOSL1,3,2.259,0.625,3.62,0.0002994452253807,0.0010536169067997,92.9,0.9594,28.13,up,True,TNFA_SIGNALING_VIA_NFKB,False,False,2.259,2.977317269110334,0.21299999999999986,1,0.32155858306488927,493
BRINP1,3,2.205,0.267,8.26,1.43757816220624e-16,2.4350410419020103e-15,23.1,0.0643,2.6,up,False,,False,False,2.205,14.613493714481644,2.307,0,0.3213431844190311,494
MUC16,2,-2.611,0.38,-6.87,6.60423913562694e-12,7.472142770705229e-11,7.7,0.0476,1.08,down,False,,False,False,2.611,10.126554838606511,1.846,0,0.3211512143140318,495
RP11-321G12.1,2,-1.775,0.147,-12.12,8.5084674138999e-34,4.01561922766094e-32,0.0,0.0,0.97,down,False,,False,False,1.775,31.39624747493818,2.0,0,0.32097633224639177,496
CTD-2132N18.2,2,-1.065,0.069,-15.49,4.1324380756204604e-54,4.91046918336037e-52,0.0,0.0,0.82,down,False,,False,False,1.065,51.30887701011542,2.0,0,0.31913476582001465,497
CHL1-AS1,2,-1.492,0.11,-13.54,8.757247946361589e-42,6.230954929373209e-40,0.0,0.0,0.08,down,False,,False,False,1.492,39.20544539013431,2.0,0,0.31866914592321627,498
GS1-259H13.2,2,-1.226,0.083,-14.78,1.96084114114729e-49,1.91255542804654e-47,0.0,0.0,0.58,down,False,,False,False,1.226,46.71838596964052,2.0,0,0.3186280739029217,499
MYO1G,2,1.043,0.067,15.57,1.1366042587257e-54,1.39302455981727e-52,0.0,0.0,0.0,up,False,,False,False,1.043,51.8560412266492,2.0,0,0.3182179772764907,500
CXCR3,2,1.578,0.244,6.47,9.750077086415819e-11,9.69170082870098e-10,47.0,0.068,1.89,up,True,ALLOGRAFT_REJECTION,False,False,1.578,9.0136000004827,1.06,1,0.3173274891119454,501
PCDHAC1,3,-1.111,0.088,-12.7,6.1150992773249e-37,3.40829426149759e-35,0.0,0.0,1.93,down,False,,False,False,1.111,34.46746291665542,3.0,0,0.3147610160618487,502
RP11-71L14.3,3,2.217,0.196,11.32,1.06117251568325e-29,4.18198441407898e-28,53.2,0.0543,4.27,up,False,,False,False,2.217,27.378617590096088,1.404,0,0.3138472004785592,503
SERPINA5,2,-1.593,0.123,-12.96,2.13665998107072e-38,1.25987590672253e-36,0.0,0.0,0.14,down,False,,False,False,1.593,35.8996722292314,2.0,0,0.3131074671844275,504
CDC25A,3,1.654,0.212,7.79,6.95791820278101e-15,1.03283390747559e-13,79.1,0.0863,9.55,up,False,,True,False,1.654,12.985969512813847,0.6270000000000002,1,0.31171744836665427,505
PLAT,3,2.212,0.678,3.26,0.0011057596118857,0.0033743614593447,90.8,1.1748,21.73,up,True,COMPLEMENT,False,False,2.212,2.4718083979203525,0.27600000000000025,1,0.31076582115672075,506
RP11-64D22.1,2,-1.195,0.081,-14.81,1.34828371551031e-49,1.3317288395097401e-47,0.0,0.0,0.82,down,False,,False,False,1.195,46.87558419520554,2.0,0,0.309781064140645,507
RP11-298A10.1,3,1.04,0.08,12.98,1.50848921590994e-38,8.96249341503446e-37,0.0,0.0,0.89,up,False,,False,False,1.04,36.047571150410924,3.0,0,0.3095160667895426,508
PCP4L1,2,1.975,0.149,13.22,6.33987694385915e-40,4.05492293384696e-38,41.6,0.0196,1.71,up,False,,False,False,1.975,37.392017395391925,1.168,0,0.3088169074483802,509
TXNIP,3,-1.238,0.083,-14.88,4.60032663125549e-50,4.62184747257767e-48,37.5,0.0078,3.2,down,False,,False,False,1.238,47.33518439094494,1.875,0,0.30702826369531167,510
INHBB,2,-1.095,0.072,-15.18,4.51744577190853e-52,5.01179564334629e-50,0.0,0.0,0.56,down,False,,False,False,1.095,49.30000664573384,2.0,0,0.30484223841254254,511
ABCG4,3,3.722,1.353,2.75,0.0059292404790915,0.0145018901238172,92.1,4.9436,25.39,up,False,,False,False,3.722,1.8385753897066137,0.2370000000000002,0,0.30478659134393393,512
RP11-392E22.11,2,-2.717,0.292,-9.31,1.2881880355767901e-20,2.92768871114729e-19,50.5,0.0938,2.02,down,False,,False,False,2.717,18.533475101868394,0.99,0,0.30149025551933817,513
COL28A1,2,-1.278,0.089,-14.31,1.83386322255327e-46,1.56674832761859e-44,0.0,0.0,0.41,down,False,,False,False,1.278,43.805000760203164,2.0,0,0.30085380246691074,514
P2RY10,2,1.271,0.089,14.33,1.46323580965182e-46,1.25929731868159e-44,0.0,0.0,0.91,up,False,,False,False,1.271,43.8998717213468,2.0,0,0.2995869163813807,515
GAP43,2,-2.15,0.652,-3.3,0.000975667090341,0.0030162956838078,83.7,0.7223,6.12,down,False,,True,False,2.15,2.52052608735406,0.32599999999999985,1,0.2991478182897974,516
UPP1,3,2.324,1.01,2.3,0.0213804084659787,0.0428101943187148,97.9,2.9828,95.15,up,True,INTERFERON_GAMMA_RESPONSE,False,False,2.324,1.3684528008656665,0.06299999999999972,1,0.29632420151739824,517
AREG,3,1.815,0.312,5.82,6.06021754882172e-09,4.80405122249806e-08,79.9,0.1804,9.95,up,True,TNFA_SIGNALING_VIA_NFKB,False,False,1.815,7.318392370642641,0.6029999999999999,1,0.2934670251581056,518
PACRG,2,-1.585,0.117,-13.55,8.142937292415189e-42,5.811524971894729e-40,15.9,0.0058,1.19,down,False,,False,False,1.585,39.23570989170989,1.682,0,0.29194568842620305,519
COX7A1,3,-1.057,0.084,-12.62,1.60057432405024e-36,8.754169241049531e-35,0.0,0.0,1.44,down,False,,False,False,1.057,34.05778506159046,3.0,0,0.29093699211604174,520
VN1R1,2,-1.506,0.115,-13.05,5.97968606382496e-39,3.63580444332671e-37,0.0,0.0,0.77,down,False,,False,False,1.506,36.439399483939646,2.0,0,0.28949188673098747,521
RP11-494M8.4,3,-1.171,0.098,-11.97,5.2735074762885695e-33,2.39703954393086e-31,0.0,0.0,1.37,down,False,,False,False,1.171,30.620324801356706,3.0,0,0.28827586283461415,522
ZBED9,3,-1.417,0.135,-10.51,7.60830461031269e-26,2.42316738262326e-24,0.0,0.0,1.72,down,False,,False,False,1.417,23.615616585516268,3.0,0,0.2876165523921377,523
WDFY4,2,1.035,0.068,15.22,2.5888749243862602e-52,2.89966378492622e-50,0.0,0.0,0.83,up,False,,False,False,1.035,49.537652355485946,2.0,0,0.2868991224631552,524
GZMK,2,1.074,0.155,6.91,4.8103387211581596e-12,5.5117581558292396e-11,12.6,0.0107,1.14,up,True,COMPLEMENT,False,False,1.074,10.258709846596274,1.748,1,0.2859635585470263,525
TNNT1,3,-1.71,0.149,-11.51,1.16287135811728e-30,4.80947979190235e-29,29.2,0.021,2.82,down,False,,False,False,1.71,28.317901895710182,2.1239999999999997,0,0.28365709247018556,526
CUX2,2,-2.223,0.26,-8.56,1.16867338985351e-17,2.16264627534235e-16,0.0,0.0,0.68,down,False,,False,False,2.223,15.665014508406227,2.0,0,0.28316096488170395,527
RHOH,2,1.065,0.117,9.14,6.23824957373717e-20,1.3483950532928299e-18,37.8,0.0121,1.61,up,False,,True,False,1.065,17.870182849396073,1.2440000000000002,1,0.2823113492452968,528
CTD-2626G11.2,2,-3.627,0.796,-4.55,5.26534878630464e-06,2.67078114276501e-05,94.4,1.1999,17.99,down,False,,False,False,3.627,4.573361698793958,0.11199999999999988,0,0.2820415077904359,529
TMEM255A,3,-2.063,0.18,-11.46,2.10050691074048e-30,8.53659136693124e-29,50.9,0.0461,4.07,down,False,,False,False,2.063,28.06871550706777,1.4729999999999999,0,0.28167736706414404,530
KLHDC7B,3,3.303,0.734,4.5,6.74886096123619e-06,3.36422670872185e-05,76.5,1.0588,8.51,up,False,,False,False,3.303,4.473114745624017,0.705,0,0.27896489044285544,531
CTC-327F10.5,2,-3.488,0.641,-5.44,5.25184007045206e-08,3.67534601522308e-07,89.0,0.7353,9.13,down,False,,False,False,3.488,6.434701768027917,0.21999999999999997,0,0.27679526083012007,532
CD247,2,1.491,0.177,8.44,3.24749107394014e-17,5.76786938921584e-16,71.6,0.0454,3.52,up,True,ALLOGRAFT_REJECTION,False,False,1.491,15.238984582578688,0.5680000000000001,1,0.2717286725846506,533
SPRR1B,3,3.361,0.515,6.52,6.87096724055381e-11,6.96891127097591e-10,91.8,0.5927,24.27,up,False,,False,False,3.361,9.156835064934954,0.24600000000000022,0,0.27099018901008753,534
FBP1,2,-1.601,0.131,-12.27,1.34115367614984e-34,6.55429361273309e-33,0.0,0.0,0.89,down,False,,False,False,1.601,32.18347410742517,2.0,0,0.27014821716468485,535
CCR1,2,1.047,0.135,7.77,7.75124300964163e-15,1.14406587397668e-13,23.4,0.0113,1.31,up,True,ALLOGRAFT_REJECTION;IL6_JAK_STAT3_SIGNALING,False,False,1.047,12.94154896865407,1.532,1,0.26921967849742645,536
CDH12,2,-3.727,1.465,-2.54,0.0109457922064696,0.0243982146030515,97.4,4.1811,38.15,down,False,,False,False,3.727,1.6126419530224376,0.051999999999999824,0,0.2691637727417502,537
JMJD7-PLA2G4B,3,1.504,0.107,14.1,3.75609373849781e-45,3.0636375722820697e-43,50.5,0.0155,4.04,up,False,,False,False,1.504,42.513762612951915,1.4849999999999999,0,0.2672982727721176,538
CCDC114,2,-1.729,0.138,-12.52,6.045490038862609e-36,3.18736207927331e-34,17.1,0.0097,1.21,down,False,,False,False,1.729,33.49656859856001,1.658,0,0.2669017353719273,539
AGBL4,2,-2.691,0.297,-9.06,1.33375672246476e-19,2.8332042755152098e-18,54.6,0.1056,2.2,down,False,,False,False,2.691,17.547722111490597,0.9079999999999999,0,0.2649862434209296,540
P2RY4,2,-2.331,0.242,-9.65,4.950831607971849e-22,1.23029742156065e-20,29.0,0.044,1.41,down,False,,False,False,2.331,19.909989886179925,1.42,0,0.2645582968046266,541
ERBB4,2,-3.708,1.519,-2.44,0.0146511336742219,0.0311676107033678,97.0,4.479,33.17,down,False,,False,False,3.708,1.5062964892892563,0.06000000000000005,0,0.2627419109156439,542
CYP4F8,2,-2.372,0.351,-6.75,1.4722503668062498e-11,1.60521233519178e-10,0.0,0.0,0.01,down,False,,False,False,2.372,9.794467511606316,2.0,0,0.2627247626155259,543
USP18,3,1.798,0.354,5.08,3.80753952784042e-07,2.35608492749713e-06,81.1,0.2502,10.61,up,True,INTERFERON_GAMMA_RESPONSE,False,False,1.798,5.627809059012862,0.5670000000000002,1,0.2600161716790975,544
LINC01136,2,-1.799,0.164,-10.97,5.0801414711142596e-28,1.7936807194165e-26,0.0,0.0,0.26,down,False,,False,False,1.799,25.74625486014141,2.0,0,0.25977938913283793,545
PTAFR,3,1.383,0.184,7.54,4.85112855750907e-14,6.67215443024265e-13,70.0,0.0602,6.68,up,True,INFLAMMATORY_RESPONSE,False,False,1.383,12.175733910298067,0.9000000000000001,1,0.25851979431281646,546
KLHDC9,3,-1.077,0.09,-12.0,3.52947579280159e-33,1.61370114909555e-31,0.0,0.0,0.57,down,False,,False,False,1.077,30.792176891742944,3.0,0,0.2576975789582717,547
EHF,3,2.171,0.172,12.65,1.14666583309329e-36,6.31583540867784e-35,75.5,0.0529,8.16,up,False,,False,False,2.171,34.19956919627526,0.735,0,0.2567535224592865,548
RP11-368L12.1,2,-1.651,0.141,-11.74,8.084410182586611e-32,3.5307454844061596e-30,0.0,0.0,0.52,down,False,,False,False,1.651,29.45213358764841,2.0,0,0.2539190769837194,549
AMY1A,2,-1.644,0.14,-11.75,6.68624644894528e-32,2.93105511466967e-30,0.0,0.0,0.17,down,False,,False,False,1.644,29.532976015143323,2.0,0,0.2524795174585276,550
BCAS1,2,-1.481,0.116,-12.78,2.15304538257372e-37,1.2203544639387e-35,2.8,0.0013,1.03,down,False,,False,False,1.481,34.91351400590435,1.944,0,0.25154734946566704,551
CHRNA9,2,3.31,0.486,6.8,1.0104999639887499e-11,1.12267649060335e-10,90.8,0.4305,10.88,up,False,,False,False,3.31,9.94974537159856,0.18400000000000016,0,0.2514226409565893,552
HMCN2,2,-1.487,0.118,-12.59,2.5224170794089097e-36,1.35740830831915e-34,0.0,0.0,0.34,down,False,,False,False,1.487,33.86728949694054,2.0,0,0.25122420438105264,553
UGT3A2,3,-3.662,1.609,-2.28,0.0228843786547168,0.0453368669539831,97.0,7.4799,66.93,down,False,,False,False,3.662,1.3435484954933699,0.09000000000000008,0,0.25034742209459493,554
ENHO,2,-2.487,0.251,-9.9,4.14101032340539e-23,1.10785040754968e-21,50.9,0.0724,2.04,down,False,,False,False,2.487,20.95551887820123,0.982,0,0.24981225704060253,555
PP14571,3,-1.217,0.11,-11.02,3.0255934947817097e-28,1.08462661744786e-26,0.0,0.0,1.77,down,False,,False,False,1.217,25.96471974189864,3.0,0,0.24697025354003774,556
RSPH14,2,-1.25,0.09,-13.86,1.1173443376560699e-43,8.6039189474312e-42,2.8,0.0009,1.03,down,False,,False,False,1.25,41.06530368950368,1.944,0,0.24692537381133076,557
CATSPERG,2,-1.267,0.087,-14.56,5.23653311863262e-48,4.82606314071146e-46,19.0,0.0041,1.23,down,False,,False,False,1.267,45.316407000395905,1.62,0,0.24460044635440806,558
FCGBP,2,-1.43,0.105,-13.64,2.37836673027796e-42,1.7453036610995898e-40,15.9,0.0037,1.19,down,False,,False,False,1.43,39.75812900029984,1.682,0,0.24446640266892386,559
FUT2,3,2.295,0.208,11.05,2.29255090741109e-28,8.35924052828445e-27,68.0,0.0729,6.24,up,False,,False,False,2.295,26.077833178225838,0.9599999999999999,0,0.24197077639985057,560
TRHDE,3,-1.283,0.122,-10.53,6.41813897985551e-26,2.05248928113986e-24,0.0,0.0,0.03,down,False,,False,False,1.283,23.68771910224943,3.0,0,0.24189832260548802,561
ABCA4,3,-1.256,0.118,-10.69,1.15525810979154e-26,3.8578369603580804e-25,0.0,0.0,0.05,down,False,,False,False,1.256,24.413656130428013,3.0,0,0.24144298100538084,562
RNF223,3,1.499,0.124,12.07,1.5142219957820299e-33,7.06104037833896e-32,30.3,0.0144,2.87,up,False,,False,False,1.499,31.15113130499868,2.091,0,0.23897544842316196,563
FER1L4,3,-1.663,0.192,-8.67,4.33489213531835e-18,8.29048120879635e-17,7.6,0.0135,2.16,down,False,,False,False,1.663,16.081420260733246,2.7720000000000002,0,0.23782131225150047,564
CD2,2,1.81,0.295,6.13,8.82775360264988e-10,7.87834098682543e-09,86.9,0.1526,7.64,up,True,ALLOGRAFT_REJECTION,False,False,1.81,8.103565226180864,0.2619999999999998,1,0.23765150558921805,565
GPD1,2,-3.429,1.093,-3.14,0.0017046579482821,0.0049325510397201,81.0,1.9897,5.26,down,False,,False,False,3.429,2.3069284121773195,0.3799999999999999,0,0.2353749738395778,566
LRIT2,2,-2.257,0.19,-11.91,1.04618554580813e-32,4.70060603489874e-31,64.4,0.0469,2.81,down,False,,False,False,2.257,30.327846146182367,0.712,0,0.23470941576920093,567
MIR147B,2,1.28,0.096,13.35,1.17897959100533e-40,7.86288696462783e-39,0.0,0.0,0.02,up,False,,False,False,1.28,38.10441796762399,2.0,0,0.23138247307908852,568
RP1-71H24.1,3,2.436,0.267,9.11,8.44431050067537e-20,1.81470834742574e-18,60.7,0.1163,5.09,up,False,,False,False,2.436,17.741193163069454,1.179,0,0.22933395876983195,569
RRM2,3,1.937,0.392,4.94,7.73554850839939e-07,4.56239493658658e-06,94.6,0.3929,36.74,up,False,,False,True,1.937,5.340807123409126,0.16200000000000014,1,0.2291241839287818,570
SELE,2,1.668,0.281,5.94,2.9004712447152903e-09,2.41026380431453e-08,74.4,0.1183,3.91,up,True,INFLAMMATORY_RESPONSE,False,False,1.668,7.6179354211230255,0.5119999999999998,1,0.22901679256035068,571
SGSM1,2,-1.558,0.113,-13.82,2.05476404034698e-43,1.56677431337076e-41,36.0,0.0119,1.56,down,False,,False,False,1.558,40.80499355714765,1.28,0,0.2267275464558707,572
CTB-92J24.3,2,-1.488,0.122,-12.19,3.67676555849246e-34,1.76371731472848e-32,0.0,0.0,0.74,down,False,,False,False,1.488,31.753571021523687,2.0,0,0.22555481724640644,573
RSPH1,2,-1.119,0.08,-14.04,9.22609125342261e-45,7.346039801067e-43,0.0,0.0,0.66,down,False,,False,False,1.119,42.13394672296364,2.0,0,0.2249844314210053,574
PLN,2,-1.433,0.115,-12.47,1.11872586263823e-35,5.85866973568193e-34,0.0,0.0,0.08,down,False,,False,False,1.433,33.23220098330561,2.0,0,0.22462566139239168,575
AIM2,2,3.348,0.728,4.6,4.19633264535911e-06,2.16991276552268e-05,84.2,0.9084,6.32,up,False,,False,False,3.348,4.663557725236104,0.31599999999999984,0,0.22424685770973027,576
UBASH3A,2,1.451,0.118,12.31,7.950612524924021e-35,3.95150506573135e-33,0.0,0.0,0.35,up,False,,False,False,1.451,32.40323745696966,2.0,0,0.22068264265380746,577
FLG,3,-1.266,0.124,-10.22,1.57759717331787e-24,4.6569952370993705e-23,0.0,0.0,0.2,down,False,,False,False,1.266,22.331894206237877,3.0,0,0.21929717338768204,578
SOX2-OT,2,-1.445,0.117,-12.31,7.603314642688e-35,3.78693601001454e-33,0.0,0.0,0.72,down,False,,False,False,1.445,32.42171203333504,2.0,0,0.2188232179409945,579
MGST1,3,-1.326,0.135,-9.8,1.09257966429373e-22,2.84289116998558e-21,0.0,0.0,0.43,down,False,,False,False,1.326,20.546239765416622,3.0,0,0.21818626709116704,580
DACH1,2,-1.392,0.111,-12.55,3.87803799757263e-36,2.07262537637392e-34,0.0,0.0,0.58,down,False,,False,False,1.392,33.683479188825736,2.0,0,0.21592036401863055,581
CNTFR,3,-2.266,0.266,-8.51,1.76646414949743e-17,3.21548672438455e-16,48.2,0.1033,3.86,down,False,,False,False,2.266,15.492753279126909,1.554,0,0.2126282452153345,582
MYH14,3,-2.061,0.184,-11.2,4.24115429951071e-29,1.61432814629668e-27,60.4,0.053,5.05,down,False,,False,False,2.061,26.79200818111294,1.1880000000000002,0,0.2119938588336341,583
BMP3,2,-3.506,1.331,-2.63,0.0084410599948519,0.0196145298212715,93.0,3.3081,14.38,down,False,,False,False,3.506,1.7074220978568853,0.1399999999999999,0,0.20991502347926125,584
RP11-34P13.15,2,1.703,0.154,11.04,2.43210921766222e-28,8.83973753458657e-27,5.5,0.0031,1.06,up,False,,False,False,1.703,26.053560629667125,1.89,0,0.2096111534773508,585
MSMB,2,-3.335,0.685,-4.87,1.11966300810035e-06,6.40835974489516e-06,88.8,0.837,8.95,down,False,,False,False,3.335,5.193253116331199,0.22399999999999998,0,0.20904830477434097,586
CH17-140K24.5,2,-1.232,0.093,-13.27,3.64755604175841e-40,2.36356916688984e-38,0.0,0.0,0.14,down,False,,False,False,1.232,37.626431684091315,2.0,0,0.2088044823919644,587
ITGAL,2,1.278,0.151,8.47,2.47170939533753e-17,4.447367043463201e-16,69.0,0.0319,3.23,up,True,ALLOGRAFT_REJECTION,False,False,1.278,15.351897026527539,0.6200000000000001,1,0.2087562868148553,588
PCDHB4,2,-1.022,0.072,-14.26,3.8362213281595004e-46,3.2187134434009204e-44,0.0,0.0,0.07,down,False,,False,False,1.022,43.49231768609455,2.0,0,0.20796727690750336,589
VNN1,3,3.291,0.689,4.78,1.78793734520099e-06,9.86263269384405e-06,89.7,1.1295,19.37,up,False,,False,False,3.291,5.006007140657902,0.30899999999999994,0,0.20732868808333046,590
CHL1-AS2,2,-1.417,0.115,-12.28,1.1500880159482399e-34,5.66787586638578e-33,0.0,0.0,0.18,down,False,,False,False,1.417,32.246579669916116,2.0,0,0.20692905217681898,591
CTA-373H7.7,2,1.827,0.164,11.16,6.39937728961214e-29,2.4045429048560298e-27,19.9,0.0128,1.25,up,False,,False,False,1.827,26.618967469296773,1.602,0,0.20586425009530498,592
ACPP,3,1.183,0.085,13.99,1.9177625312580201e-44,1.50647325819527e-42,40.8,0.0084,3.38,up,False,,False,False,1.183,41.82203857319826,1.7760000000000002,0,0.2015337780606394,593
SLAMF1,2,1.959,0.51,3.84,0.0001208565035236,0.0004653939613397,94.9,0.4934,19.54,up,True,INFLAMMATORY_RESPONSE,False,False,1.959,3.3321792561456802,0.10199999999999987,1,0.20083678837996688,594
ODF3L1,2,-2.963,0.404,-7.33,2.36416190183575e-13,3.0660756764583397e-12,77.3,0.2571,4.41,down,False,,False,False,2.963,11.513417130152659,0.45399999999999996,0,0.2004509066336355,595
NAMPT,3,1.788,0.329,5.44,5.26003426616717e-08,3.67998033881373e-07,92.9,0.281,28.18,up,True,INFLAMMATORY_RESPONSE;INTERFERON_GAMMA_RESPONSE;TNFA_SIGNALING_VIA_NFKB,False,False,1.788,6.434154501643742,0.21299999999999986,1,0.20029223228513574,596
RP11-481F24.3,2,-1.531,0.133,-11.54,8.78865033669784e-31,3.66726409504028e-29,0.0,0.0,0.0,down,False,,False,False,1.531,28.435657813549415,2.0,0,0.19967108476529058,597
SORBS1,3,-1.572,0.125,-12.57,3.0420508637491e-36,1.62955077046917e-34,47.7,0.0206,3.82,down,False,,False,False,1.572,33.78793210405977,1.5689999999999997,0,0.19924663153346453,598
TM4SF19-AS1,3,1.207,0.118,10.21,1.82949634116892e-24,5.36675186095528e-23,0.0,0.0,1.53,up,False,,False,False,1.207,22.27028848444264,3.0,0,0.19801845610501698,599
CLEC2A,2,-1.68,0.126,-13.35,1.16482853811891e-40,7.81302901112479e-39,46.2,0.015,1.86,down,False,,False,False,1.68,38.10718056307709,1.076,0,0.19782053257094492,600
CEP55,3,1.577,0.246,6.41,1.45362243739675e-10,1.4207869577044101e-09,86.0,0.125,14.25,up,False,,False,True,1.577,8.847471038208917,0.42000000000000004,1,0.19530368152176109,601
WFDC3,2,-2.956,0.525,-5.63,1.76412077689553e-08,1.3168464051769e-07,62.9,0.3683,2.69,down,False,,False,False,2.956,6.880464877486336,0.742,0,0.19482454405817776,602
ZAN,3,1.431,0.168,8.53,1.4034751195776202e-17,2.58692512395217e-16,0.0,0.0,0.2,up,False,,False,False,1.431,15.58721614133564,3.0,0,0.19366638952038065,603
NALCN,2,-1.291,0.102,-12.7,5.72445532425035e-37,3.1981807800805903e-35,0.0,0.0,0.07,down,False,,False,False,1.291,34.495096991004914,2.0,0,0.1907821566805261,604
CYP3A4,2,-1.955,0.173,-11.33,8.9521022621732e-30,3.5398608421488597e-28,38.9,0.0254,1.64,down,False,,False,False,1.955,27.451013810481207,1.222,0,0.18959357573283417,605
DCST2,2,-1.413,0.118,-12.02,2.7566513888333797e-33,1.26778884796072e-31,0.0,0.0,0.06,down,False,,False,False,1.413,30.896953072796276,2.0,0,0.1889256466197319,606
TNNC1,2,-3.44,0.945,-3.64,0.0002719151255167,0.0009664836278804,97.0,1.7327,33.44,down,False,,False,False,3.44,3.0148054984708375,0.06000000000000005,0,0.1880983012673559,607
CTA-384D8.35,3,3.281,0.961,3.42,0.0006359920462436,0.0020623268888375,87.6,2.2682,16.12,up,False,,False,False,3.281,2.68564249580974,0.37200000000000033,0,0.187066099249688,608
CCL22,3,1.678,0.376,4.46,8.06071201407624e-06,3.9616461796664e-05,84.0,0.2659,12.48,up,True,ALLOGRAFT_REJECTION;INFLAMMATORY_RESPONSE,False,False,1.678,4.4021243145319895,0.4800000000000001,1,0.18693072085510976,609
GDNF-AS1,3,-1.368,0.154,-8.87,7.48065147798765e-19,1.5148319242925e-17,0.0,0.0,0.34,down,False,,False,False,1.368,16.81963555092514,3.0,0,0.18692426328036002,610
APOL1,3,3.194,0.635,5.03,4.86069364917028e-07,2.95619583355228e-06,88.6,0.808,17.58,up,False,,False,False,3.194,5.5292667994335005,0.3420000000000003,0,0.18620085565961095,611
LHX2,3,-1.383,0.159,-8.69,3.71011295941043e-18,7.1422725548387e-17,0.0,0.0,0.74,down,False,,False,False,1.383,16.14616358080189,3.0,0,0.18385173655157935,612
DIO3OS,2,-1.347,0.11,-12.3,9.595624588783911e-35,4.73890244723297e-33,0.0,0.0,0.46,down,False,,False,False,1.347,32.32432223138595,2.0,0,0.18353969264962314,613
KCTD16,2,-2.862,0.407,-7.03,2.00044129944031e-12,2.37707260805067e-11,69.6,0.2371,3.29,down,False,,False,False,2.862,10.623957552477059,0.6080000000000001,0,0.1831608458876189,614
AGR2,3,-1.478,0.158,-9.32,1.13044309160896e-20,2.57668377132174e-19,11.5,0.0132,2.26,down,False,,False,False,1.478,18.588938877839116,2.6550000000000002,0,0.182471892110575,615
IGFL1,3,3.43,1.318,2.6,0.0092512592338979,0.0212074100147733,95.6,4.9081,45.5,up,False,,False,False,3.43,1.6735123670786418,0.13200000000000012,0,0.18156915309716049,616
FCHSD1,3,2.286,0.212,10.8,3.27363784829532e-27,1.1219998300255501e-25,75.8,0.0811,8.27,up,False,,False,False,2.286,24.950007208872165,0.726,0,0.18121829011166052,617
MIR4720,2,-2.008,0.175,-11.49,1.5517588278130398e-30,6.36166767080129e-29,49.0,0.031,1.96,down,False,,False,False,2.008,28.196429021884885,1.02,0,0.1794437093145567,618
SIT1,2,1.42,0.241,5.89,3.9140053099428205e-09,3.20136094690606e-08,64.2,0.0798,2.8,up,True,ALLOGRAFT_REJECTION,False,False,1.42,7.494665357279735,0.716,1,0.17937656626059345,619
LCK,2,1.905,0.501,3.8,0.0001424431131586,0.0005403420573539,95.5,0.4796,22.4,up,True,ALLOGRAFT_REJECTION;COMPLEMENT;INFLAMMATORY_RESPONSE,False,False,1.905,3.267331227970951,0.09000000000000008,1,0.17901409745070918,620
PPARGC1A,3,-1.96,0.842,-2.33,0.0199260763774961,0.0403747530443008,96.3,1.6575,54.05,down,False,,True,False,1.96,1.393890121052802,0.1110000000000001,1,0.17900902700018734,621
PARP9,3,2.191,0.195,11.24,2.7359431437728797e-29,1.04992939430458e-27,74.8,0.0681,7.92,up,False,,False,False,2.191,26.97883990540142,0.756,0,0.17875698709117585,622
RP3-439F8.1,2,-1.098,0.081,-13.48,1.98785543328121e-41,1.37673691827455e-39,0.0,0.0,0.85,down,False,,False,False,1.098,38.861149041484175,2.0,0,0.17739656532690154,623
GBP5,2,2.658,0.279,9.51,1.84041724303106e-21,4.39615584103205e-20,81.0,0.1282,5.26,up,False,,False,False,2.658,19.356926920502268,0.3799999999999999,0,0.17708201682825306,624
LAMP3,3,1.734,0.363,4.78,1.72524954567697e-06,9.54309230027226e-06,90.8,0.27,21.79,up,True,INFLAMMATORY_RESPONSE,False,False,1.734,5.020310875679936,0.27600000000000025,1,0.17588439552178736,625
CPB2-AS1,2,-1.729,0.175,-9.88,5.15216578129968e-23,1.36897898722411e-21,0.0,0.0,0.11,down,False,,False,False,1.729,20.86360321790155,2.0,0,0.1753338742952956,626
RP11-395I6.3,2,-1.385,0.116,-11.95,6.4184686718075e-33,2.90057785981355e-31,0.0,0.0,0.54,down,False,,False,False,1.385,30.53751547233272,2.0,0,0.17476291736737815,627
ABCA3,3,-1.414,0.215,-6.58,4.79335329168499e-11,4.951792021405741e-10,80.6,0.0853,10.31,down,False,,True,False,1.414,9.305237604265129,0.5820000000000002,1,0.17452781315407462,628
FAM3B,2,-1.358,0.112,-12.08,1.41686103422138e-33,6.62021955091583e-32,0.0,0.0,0.01,down,False,,False,False,1.358,31.17912760751345,2.0,0,0.17326964338690592,629
CASP1P2,3,1.071,0.101,10.62,2.51021727702904e-26,8.19549180445926e-25,0.0,0.0,1.66,up,False,,False,False,1.071,24.086424979670774,3.0,0,0.17307146273675764,630
ALDH1L1,3,-2.221,0.31,-7.17,7.39108833167628e-13,9.130236768137739e-12,42.7,0.1296,3.49,down,False,,False,False,2.221,11.039517960060177,1.7189999999999999,0,0.17300580748467423,631
SLC30A2,2,-1.493,0.132,-11.31,1.16089382768425e-29,4.56728800206059e-28,0.0,0.0,0.25,down,False,,False,False,1.493,27.34034160197696,2.0,0,0.1729725852021541,632
RP11-276H7.3,2,2.138,0.201,10.66,1.55961029909039e-26,5.156626764323021e-25,50.0,0.043,2.0,up,False,,False,False,2.138,24.287634301608797,1.0,0,0.1728074393459737,633
LRG1,3,2.944,0.447,6.58,4.7322330589324594e-11,4.8929701270561e-10,84.1,0.381,12.61,up,False,,False,False,2.944,9.310427435720605,0.4770000000000001,0,0.17102587154547771,634
BICDL2,3,1.05,0.079,13.33,1.46482738598256e-40,9.6591955713988e-39,29.7,0.0057,2.84,up,False,,False,False,1.05,38.015059040608286,2.109,0,0.17066236834011245,635
SLAMF7,3,1.767,0.378,4.67,3.0163966633123e-06,1.60115259617863e-05,93.3,0.3415,29.72,up,True,INTERFERON_GAMMA_RESPONSE,False,False,1.767,4.795567276125508,0.20100000000000018,1,0.17057633785235582,636
AC005618.6,2,-1.44,0.125,-11.56,6.898824501645491e-31,2.89416814980321e-29,0.0,0.0,0.38,down,False,,False,False,1.44,28.538476240179588,2.0,0,0.16928649577495408,637
ROS1,3,-3.095,1.285,-2.41,0.0160427156004314,0.0336689913475434,76.7,3.7324,8.59,down,False,,False,False,3.095,1.4727698939700211,0.699,0,0.1685697046120652,638
CKMT2,2,-1.165,0.09,-13.0,1.18600256933678e-38,7.06441072407243e-37,0.0,0.0,0.63,down,False,,False,False,1.165,36.15092405886243,2.0,0,0.16733999660119786,639
GPR12,2,-3.203,0.87,-3.68,0.0002313976430224,0.0008366987064431,80.9,1.2633,5.23,down,False,,False,False,3.203,3.077430902443782,0.3819999999999999,0,0.16662905131498176,640
FLG-AS1,3,-1.175,0.12,-9.77,1.51342623040364e-22,3.8846266038946004e-21,0.0,0.0,0.18,down,False,,False,False,1.175,20.41065071989051,3.0,0,0.16399895184288207,641
RP1-56K13.5,2,-2.616,0.367,-7.14,9.58506333703613e-13,1.1686288940452e-11,52.9,0.159,2.12,down,False,,False,False,2.616,10.93232338007499,0.942,0,0.1638291980187486,642
DMGDH,2,-1.05,0.078,-13.51,1.28459323976869e-41,9.003306332259029e-40,0.0,0.0,0.1,down,False,,False,False,1.05,39.04559797298706,2.0,0,0.16297231115975114,643
C15orf59,3,-1.792,0.169,-10.61,2.676267907405e-26,8.72545340451862e-25,46.6,0.0382,3.75,down,False,,False,False,1.792,24.059211996349948,1.602,0,0.1621837740117782,644
ZNF582-AS1,3,-1.038,0.098,-10.62,2.3183872503025e-26,7.579766360660791e-25,0.0,0.0,1.21,down,False,,False,False,1.038,24.12034418089032,3.0,0,0.16201143692576073,645
HPSE2,2,-1.229,0.098,-12.59,2.4974958027167597e-36,1.34709399183863e-34,0.0,0.0,0.76,down,False,,False,False,1.229,33.87060210085256,2.0,0,0.16153157668946677,646
RP11-444D3.1,2,-2.131,0.187,-11.4,4.0442028591661e-30,1.62664509845737e-28,64.0,0.0452,2.78,down,False,,False,False,2.131,27.788707191128662,0.72,0,0.1611279391446307,647
TNNT3,2,-3.068,0.523,-5.87,4.40214411845115e-09,3.57191652231622e-08,84.3,0.4672,6.38,down,False,,False,False,3.068,7.447098699369454,0.31400000000000006,0,0.16074977888180852,648
ETNK2,3,-1.718,0.145,-11.88,1.56698288191834e-32,7.0271077170165605e-31,55.8,0.0324,4.53,down,False,,False,False,1.718,30.153223389205436,1.326,0,0.15986488966836884,649
MAFTRR,2,-1.462,0.13,-11.25,2.25363186035143e-29,8.705489805110009e-28,0.0,0.0,0.72,down,False,,False,False,1.462,27.060206788742843,2.0,0,0.15874256093685735,650
HMGCS2,2,-3.031,0.55,-5.51,3.64814774322376e-08,2.60602656457507e-07,78.7,0.4892,4.69,down,False,,False,False,3.031,6.584021161612856,0.42599999999999993,0,0.15819310068341083,651
FOXM1,3,1.394,0.192,7.26,3.79182070190666e-13,4.83720603874295e-12,86.7,0.0745,15.03,up,False,,True,False,1.394,11.315405413628005,0.399,1,0.1581073124464873,652
INA,3,2.721,0.326,8.34,7.61256699771295e-17,1.31514819815101e-15,85.4,0.2165,13.66,up,False,,False,False,2.721,14.88102530571965,0.4379999999999997,0,0.15474256931668,653
PLA2G4E-AS1,3,1.897,0.169,11.19,4.33128478424382e-29,1.64595853107733e-27,60.8,0.0441,5.1,up,False,,False,False,1.897,26.783581110770868,1.1760000000000002,0,0.15260721121161325,654
MYRFL,3,-1.126,0.114,-9.88,5.1302267150738305e-23,1.3646986042404901e-21,0.0,0.0,0.03,down,False,,False,False,1.126,20.864963252629295,3.0,0,0.15254857212641834,655
KCNMA1-AS1,2,-1.101,0.084,-13.11,3.0397531467413103e-39,1.87256793189651e-37,0.0,0.0,0.38,down,False,,False,False,1.101,36.72756241826793,2.0,0,0.15217823428058022,656
CDH2,3,-1.627,0.584,-2.79,0.0053181716765971,0.0132032114516347,81.5,0.7047,10.83,down,False,,True,False,1.627,1.8793204213630956,0.5550000000000002,1,0.15215948708351534,657
SP8,3,-2.951,0.526,-5.61,1.97333157450607e-08,1.4622892949545e-07,82.5,0.5452,11.43,down,False,,False,False,2.951,6.834966699352496,0.5250000000000001,0,0.1519630572443237,658
KRT24,2,1.866,0.22,8.48,2.2319484924370702e-17,4.03145696446446e-16,1.0,0.005,1.01,up,False,,False,False,1.866,15.394537971904654,1.98,0,0.15192728213157305,659
RP11-363J20.2,2,-1.459,0.131,-11.14,7.738274446759599e-29,2.89832426438713e-27,0.0,0.0,0.81,down,False,,False,False,1.459,26.53785302729966,2.0,0,0.15126963762691945,660
MATN4,2,-3.351,1.128,-2.97,0.0029724732278689,0.0079980029645037,95.6,2.4354,22.58,down,False,,False,False,3.351,2.0970184392288336,0.08800000000000008,0,0.15108082575335058,661
SPP1,3,1.484,0.212,7.0,2.5285201644165996e-12,2.9713919944190894e-11,0.0,0.0,0.02,up,False,,False,False,1.484,10.527040051062942,3.0,0,0.14981565162521995,662
MISP,3,-1.263,0.143,-8.85,8.605802664128241e-19,1.73516997902307e-17,0.0,0.0,0.15,down,False,,False,False,1.263,16.76065797485821,3.0,0,0.14967891654808466,663
DIO3,2,-1.782,0.178,-9.99,1.6249809007573e-23,4.44382919460603e-22,13.5,0.0158,1.16,down,False,,False,False,1.782,21.352242642185193,1.73,0,0.1493126124174994,664
APOC4-APOC2,2,-1.413,0.124,-11.37,6.0028080702996396e-30,2.39386259144198e-28,0.0,0.0,0.73,down,False,,False,False,1.413,27.620900781870787,2.0,0,0.14860160194401373,665
FUT3,3,3.042,0.544,5.59,2.23531126714418e-08,1.64651986949585e-07,89.0,0.6321,18.2,up,False,,False,False,3.042,6.7834330240408445,0.32999999999999996,0,0.1465287751944013,666
FAM65C,3,1.614,0.153,10.57,4.29698579253053e-26,1.38742262644617e-24,38.0,0.0281,3.23,up,False,,False,False,1.614,23.85779122719227,1.8599999999999999,0,0.14602176322959562,667
OVOS2,3,1.2,0.13,9.22,3.03089784844062e-20,6.737919063071831e-19,0.0,0.0,0.43,up,False,,False,False,1.2,18.1714742101362,3.0,0,0.1451326287533157,668
LOR,3,-1.824,0.191,-9.55,1.27250647386436e-21,3.0741077447565405e-20,41.7,0.0431,3.43,down,False,,False,False,1.824,19.51228091493218,1.7489999999999999,0,0.1448243327603991,669
RP11-386B13.4,2,-1.218,0.098,-12.38,3.490050765208e-35,1.76454856075063e-33,0.0,0.0,0.19,down,False,,False,False,1.218,32.7533663852633,2.0,0,0.1439539806820337,670
UBE2QL1,2,-1.273,0.105,-12.08,1.4123957382503099e-33,6.612554367340301e-32,0.0,0.0,0.04,down,False,,False,False,1.273,31.17963074424389,2.0,0,0.14371250636353577,671
LINC01224,2,-2.598,0.34,-7.64,2.0985947487049502e-14,2.9973157091173997e-13,61.9,0.1529,2.62,down,False,,False,False,2.598,12.523267510138659,0.762,0,0.14350496489370007,672
STAC,3,-1.823,0.188,-9.72,2.57820214658102e-22,6.53172446421158e-21,43.4,0.0465,3.53,down,False,,False,False,1.823,20.184972143928697,1.6980000000000002,0,0.14322339528241682,673
DIO2,3,1.455,0.326,4.47,7.9436847979042e-06,3.91069857905656e-05,78.0,0.1923,9.1,up,False,,True,False,1.455,4.407745656432724,0.6599999999999999,1,0.14308591242179614,674
RP11-247A12.1,2,-2.386,0.316,-7.56,3.9624343589583104e-14,5.49831807402816e-13,41.8,0.0992,1.72,down,False,,False,False,2.386,12.259770140120125,1.1640000000000001,0,0.14167055055806912,675
SCGB1B2P,2,-1.887,0.237,-7.98,1.5098426616689702e-15,2.37207428637644e-14,0.0,0.0,0.18,down,False,,False,False,1.887,13.62487171427144,2.0,0,0.14118729263344795,676
BTC,3,-3.293,0.93,-3.54,0.0004002601562966,0.0013638558950143,97.0,2.4358,65.84,down,False,,False,False,3.293,2.8652315148014607,0.09000000000000008,0,0.14073777567124163,677
EPB41L4B,3,-1.048,0.073,-14.31,1.77384311761249e-46,1.52102174139893e-44,47.7,0.0073,3.82,down,False,,False,False,1.048,43.81786457812182,1.5689999999999997,0,0.14045313271432205,678
CD3G,2,1.79,0.511,3.5,0.0004612532721419,0.0015511388949248,93.7,0.4902,15.8,up,True,ALLOGRAFT_REJECTION,False,False,1.79,2.8093493120518858,0.1259999999999999,1,0.14010872816563508,679
AC016995.3,2,-1.446,0.131,-11.02,2.94754850506247e-28,1.0582693704755699e-26,0.0,0.0,0.01,down,False,,False,False,1.446,25.9754037734907,2.0,0,0.139825150884863,680
LYN,3,1.751,0.418,4.19,2.84580006952275e-05,0.0001259544976885,96.0,0.4189,49.4,up,True,ALLOGRAFT_REJECTION;COMPLEMENT;INFLAMMATORY_RESPONSE,False,False,1.751,3.8997863197385474,0.1200000000000001,1,0.13884472979259865,681
CD3D,2,1.759,0.454,3.87,0.0001087511347947,0.0004240098791488,93.1,0.3853,14.43,up,True,ALLOGRAFT_REJECTION,False,False,1.759,3.372624024516166,0.13800000000000012,1,0.13850308881629947,682
C9orf152,2,-3.351,1.403,-2.39,0.0169401429813907,0.0352427841318321,97.9,3.8541,46.66,down,False,,False,False,3.351,1.4529297902335883,0.041999999999999815,0,0.13455442203556428,683
COMP,2,1.586,0.158,10.04,1.0377175694754101e-23,2.881605051465e-22,0.0,0.0,0.29,up,False,,False,False,1.586,21.540365543203936,2.0,0,0.13392800418131773,684
TMPRSS4,3,2.977,0.493,6.04,1.5181367749826202e-09,1.3128209739774e-08,89.9,0.4959,19.74,up,False,,False,False,2.977,7.881794493495271,0.30299999999999994,0,0.1323940182748995,685
SCUBE1,2,-3.086,0.624,-4.95,7.55047404384137e-07,4.45885587518372e-06,86.9,0.6828,7.66,down,False,,False,False,3.086,5.350776565242679,0.2619999999999998,0,0.13148715229712296,686
CD36,3,1.84,0.773,2.38,0.0173457713293261,0.035942919451907,97.5,1.3774,78.99,up,True,COMPLEMENT;IL6_JAK_STAT3_SIGNALING,False,False,1.84,1.444386650366735,0.07500000000000007,1,0.13116485614165418,687
FOXP3,3,1.527,0.327,4.67,3.00298079990704e-06,1.59475448151143e-05,85.5,0.2115,13.77,up,False,,True,False,1.527,4.797306168739847,0.43500000000000005,1,0.13086495512058904,688
HSD11B1,3,-3.04,0.55,-5.53,3.19568246875173e-08,2.30390301542991e-07,91.4,0.7278,23.38,down,False,,False,False,3.04,6.637535806824408,0.2579999999999999,0,0.1305788516084921,689
DNAJC27-AS1,2,-1.36,0.107,-12.7,5.70026284286665e-37,3.1922835619298e-35,22.6,0.0057,1.29,down,False,,False,False,1.36,34.4958985384016,1.548,0,0.13030097883682265,690
SOWAHB,3,-1.985,0.195,-10.18,2.35142724994428e-24,6.863411532910931e-23,60.1,0.0591,5.01,down,False,,False,False,1.985,22.16345995985711,1.197,0,0.13027152451132373,691
RP11-519G16.5,2,1.295,0.11,11.74,8.23907056018458e-32,3.5915903676603495e-30,0.0,0.0,0.05,up,False,,False,False,1.295,29.444713201851457,2.0,0,0.13000955934657316,692
ID2-AS1,2,-1.077,0.084,-12.88,5.86493740134029e-38,3.39832474326671e-36,0.0,0.0,0.0,down,False,,False,False,1.077,35.468735122385766,2.0,0,0.12833637520334062,693
CD24,3,1.786,0.524,3.41,0.0006578392802767,0.0021237566834917,97.5,0.7728,78.83,up,False,,False,True,1.786,2.6728952413899973,0.07500000000000007,1,0.12750482763090065,694
RP11-53O19.1,2,-2.768,0.336,-8.25,1.60111527833493e-16,2.7003247514800103e-15,88.8,0.2008,8.9,down,False,,False,False,2.768,14.56858400276896,0.22399999999999998,0,0.12724192450363042,695
PLPP3,3,-1.207,0.207,-5.84,5.1211499676694305e-09,4.11255573218434e-08,72.0,0.0736,7.15,down,False,,True,False,1.207,7.3858882035669255,0.8400000000000001,1,0.12713396928102705,696
TNFRSF4,2,1.632,0.16,10.18,2.52226959697136e-24,7.3346346578264e-23,8.3,0.0073,1.09,up,False,,False,False,1.632,22.134621513728206,1.834,0,0.12621218538038312,697
FILIP1,2,-1.213,0.1,-12.12,8.3566061685104e-34,3.95191502623555e-32,0.0,0.0,0.09,down,False,,False,False,1.213,31.40319240214963,2.0,0,0.12559603361595523,698
TREM1,2,1.924,0.231,8.33,7.95000780742721e-17,1.3714202856600102e-15,11.8,0.0175,1.13,up,False,,False,False,1.924,14.862829430862297,1.764,0,0.12517973129098856,699
RP1-257C22.2,3,1.763,0.19,9.29,1.5664753462618402e-20,3.5463850464838903e-19,39.1,0.0414,3.28,up,False,,False,False,1.763,18.450214112930023,1.827,0,0.12511565041336348,700
SLPI,3,1.071,0.173,6.2,5.47146385985522e-10,5.014937255103791e-09,66.4,0.0494,5.95,up,False,,True,False,1.071,8.29973449632904,1.008,1,0.1224841103593941,701
CD3E,2,1.484,0.265,5.6,2.1657803356304e-08,1.59781758199723e-07,83.3,0.1186,6.01,up,True,ALLOGRAFT_REJECTION,False,False,1.484,6.796472804279952,0.3340000000000001,1,0.12163729791898537,702
APOC2,2,-1.433,0.133,-10.79,4.03648818197747e-27,1.37740746139811e-25,0.0,0.0,1.0,down,False,,False,False,1.433,24.860937568776826,2.0,0,0.12158603627569312,703
KCNJ1,2,-1.586,0.162,-9.8,1.12152988471946e-22,2.9106311609088503e-21,0.0,0.0,0.32,down,False,,False,False,1.586,20.53601282545469,2.0,0,0.12156569727526453,704
TNMD,2,-1.471,0.14,-10.54,5.55800016264008e-26,1.78473560778109e-24,0.0,0.0,0.27,down,False,,False,False,1.471,23.748426111532954,2.0,0,0.12110898012494767,705
HSPB2,3,-1.187,0.106,-11.15,6.82995331806623e-29,2.56221758369571e-27,22.0,0.0091,2.56,down,False,,False,False,1.187,26.591383992707645,2.34,0,0.1208799373742957,706
CBSL,2,-1.187,0.097,-12.18,4.11290974931555e-34,1.96487968003526e-32,0.0,0.0,0.01,down,False,,False,False,1.187,31.70666403862017,2.0,0,0.12028848325601782,707
SPOCK2,2,1.658,0.348,4.76,1.93256286125529e-06,1.05970785260039e-05,93.9,0.228,16.31,up,True,COMPLEMENT,False,False,1.658,4.974813847462812,0.12199999999999989,1,0.12010504022686203,708
CTD-2515H24.4,2,-1.647,0.138,-11.94,7.74984142879453e-33,3.49549206178519e-31,38.9,0.0162,1.64,down,False,,False,False,1.647,30.4564916798107,1.222,0,0.11946359702265522,709
IVL,3,1.82,0.157,11.62,3.0907777046805503e-31,1.317887345881e-29,66.6,0.0399,5.99,up,False,,False,False,1.82,28.880121712013075,1.0020000000000002,0,0.11910734191429809,710
C5orf49,2,-3.146,0.696,-4.52,6.19383410482952e-06,3.11140477596469e-05,93.2,0.905,14.72,down,False,,False,False,3.146,4.507043485987854,0.1359999999999999,0,0.11841771614989519,711
IL34,3,-2.763,0.371,-7.45,9.46784580300301e-14,1.2686479816971799e-12,88.3,0.2746,17.13,down,False,,False,False,2.763,11.896658867120921,0.351,0,0.11635420846289207,712
RP11-618K13.2,2,-1.153,0.094,-12.28,1.23275756513656e-34,6.0371593812304696e-33,0.0,0.0,0.43,down,False,,False,False,1.153,32.21916735860483,2.0,0,0.1147714164908773,713
ST6GALNAC5,2,-1.345,0.12,-11.19,4.37229352200531e-29,1.65884957952386e-27,0.0,0.0,0.64,down,False,,False,False,1.345,26.780192992965695,2.0,0,0.11460289236271673,714
CH25H,2,1.457,0.129,11.27,1.82576795008125e-29,7.1113813549837e-28,11.8,0.0097,1.13,up,False,,False,False,1.457,27.148046031256484,1.764,0,0.11397073822328418,715
ST6GAL2,2,-2.13,0.235,-9.05,1.45833190881077e-19,3.0950219087353897e-18,43.1,0.0557,1.76,down,False,,False,False,2.13,17.5093362723921,1.138,0,0.11238823515987462,716
TSC22D3,3,-1.101,0.09,-12.26,1.49994567354967e-34,7.29983955761419e-33,30.7,0.008,2.89,down,False,,False,False,1.101,32.1366866850862,2.079,0,0.11043735441731706,717
AF131217.1,3,-1.2,0.144,-8.36,6.09170326977314e-17,1.0594404297334301e-15,0.0,0.0,1.28,down,False,,False,False,1.2,14.974923457797342,3.0,0,0.10578714708852247,718
HID1,3,-1.263,0.122,-10.35,4.16705033299275e-25,1.27013647454463e-23,21.4,0.0127,2.54,down,False,,False,False,1.263,22.89614961214854,2.358,0,0.10519401496788319,719
CSF2RA,2,1.519,0.272,5.6,2.19730571610669e-08,1.62005447270367e-07,91.0,0.1347,11.13,up,True,IL6_JAK_STAT3_SIGNALING,False,False,1.519,6.790470382496326,0.17999999999999994,1,0.10495030202819755,720
KRT28,2,-1.974,0.321,-6.15,7.74328641937421e-10,6.96627946929788e-09,0.0,0.0,0.01,down,False,,False,False,1.974,8.156999106745522,2.0,0,0.10414366019034618,721
MIR193BHG,3,-1.13,0.1,-11.3,1.2439868810474999e-29,4.86964697298343e-28,23.1,0.0083,2.6,down,False,,False,False,1.13,27.312502521997384,2.307,0,0.10376268764734248,722
HOXA13,2,-1.372,0.127,-10.84,2.17454958314347e-27,7.47489444813591e-26,0.0,0.0,0.51,down,False,,False,False,1.372,25.126394935567518,2.0,0,0.10363744263456989,723
LUZP2,2,2.783,0.419,6.64,3.16390516477536e-11,3.33170742250231e-10,79.8,0.2845,4.96,up,False,,False,False,2.783,9.47733314363133,0.40400000000000014,0,0.10343841386866584,724
IRS4,2,-2.109,0.235,-8.98,2.71622183445247e-19,5.661980135591959e-18,42.8,0.0498,1.75,down,False,,False,False,2.109,17.247031658640633,1.1440000000000001,0,0.10297725902905869,725
ZP1,2,-2.782,0.514,-5.42,6.08648097583376e-08,4.21035558993181e-07,69.8,0.3746,3.31,down,False,,False,False,2.782,6.375681223826157,0.6040000000000001,0,0.10229795218838755,726
TNNC2,2,-1.368,0.114,-12.01,3.3404586544774096e-33,1.53026999300708e-31,18.8,0.0074,1.23,down,False,,False,False,1.368,30.815231937725898,1.624,0,0.10198527782566291,727
MROH2A,2,-1.475,0.146,-10.13,4.15573415162082e-24,1.18636074091819e-22,0.0,0.0,0.09,down,False,,False,False,1.475,21.925783233426657,2.0,0,0.1000657757128457,728
AGTR1,2,-1.801,0.175,-10.3,7.0076163079712e-25,2.09771470784268e-23,33.5,0.0267,1.5,down,False,,False,False,1.801,22.67825357678813,1.33,0,0.09747291795523338,729
CARD17,3,1.525,0.157,9.74,2.0288808757649599e-22,5.1792881593001e-21,33.4,0.0257,3.0,up,False,,False,False,1.525,20.285729925531147,1.9980000000000002,0,0.09689514829816309,730
ABO,2,-1.362,0.117,-11.66,2.07152317355058e-31,8.91402315618483e-30,13.9,0.0046,1.16,down,False,,False,False,1.362,29.049926242070548,1.722,0,0.09648830497554142,731
ISG20,3,1.337,0.249,5.38,7.56172060066941e-08,5.16070896621196e-07,83.2,0.1218,11.9,up,True,INTERFERON_GAMMA_RESPONSE,False,False,1.337,6.287290631907005,0.5039999999999998,1,0.09601976985125787,732
SDCBP2,3,1.061,0.081,13.05,6.63475522991608e-39,4.02365246572812e-37,40.5,0.0077,3.36,up,False,,False,False,1.061,36.39537953757802,1.785,0,0.09398873424695436,733
HRNR,3,3.042,0.874,3.48,0.0004973209958056,0.0016597928700903,89.6,1.7616,19.32,up,False,,False,False,3.042,2.7799461053270957,0.3120000000000003,0,0.09388630717169069,734
WFIKKN1,2,-1.176,0.1,-11.81,3.34784140398633e-32,1.49275465573173e-30,0.0,0.0,0.36,down,False,,False,False,1.176,29.826011565629052,2.0,0,0.09331419614052924,735
APOB,3,-1.242,0.161,-7.71,1.25337390150053e-14,1.8167324867012999e-13,0.0,0.0,0.38,down,False,,False,False,1.242,12.740709017712737,3.0,0,0.09289456677668143,736
VSTM2L,2,-1.37,0.129,-10.66,1.61090477388701e-26,5.31871224991834e-25,0.0,0.0,0.25,down,False,,False,False,1.37,24.274193505008064,2.0,0,0.09245231714952531,737
JAK3,3,1.545,0.368,4.2,2.63395951955559e-05,0.0001172658014326,91.8,0.2784,24.25,up,False,,True,False,1.545,3.9308286239850903,0.24600000000000022,1,0.09113160740984971,738
SAXO2,3,-1.133,0.133,-8.54,1.29879026212061e-17,2.3977430004717197e-16,0.0,0.0,1.09,down,False,,False,False,1.133,15.6201973681339,3.0,0,0.09042678961843673,739
EDN3,2,-1.505,0.155,-9.72,2.39835066887257e-22,6.0892614758826404e-21,0.0,0.0,0.59,down,False,,False,False,1.505,20.215435376726422,2.0,0,0.08944768139357348,740
TNFSF10,3,1.477,0.28,5.27,1.3707582538444e-07,9.03635031378302e-07,92.6,0.1595,26.87,up,True,INFLAMMATORY_RESPONSE;INTERFERON_GAMMA_RESPONSE,False,False,1.477,6.0440069410547,0.2220000000000002,1,0.08900531699933079,741
FCN1,2,1.152,0.205,5.62,1.88300239581329e-08,1.39933978043153e-07,61.4,0.053,2.59,up,True,COMPLEMENT,False,False,1.152,6.854076819568525,0.772,1,0.08874802126013248,742
LGALS9B,3,3.036,0.831,3.65,0.0002574806779603,0.0009211929069805,90.9,1.84,21.95,up,False,,False,False,3.036,3.0356494146842374,0.2729999999999999,0,0.08765684275018218,743
RP1-80N2.4,2,-1.369,0.13,-10.57,3.95606366296575e-26,1.28087820589717e-24,0.0,0.0,0.74,down,False,,False,False,1.369,23.89249216379277,2.0,0,0.08740625433568464,744
RASGRP1,3,1.324,0.219,6.05,1.47153189633201e-09,1.27629085443631e-08,87.6,0.0907,16.12,up,True,COMPLEMENT;INFLAMMATORY_RESPONSE,False,False,1.324,7.894050342791599,0.37200000000000033,1,0.0866015633910141,745
SELL,2,1.673,0.536,3.12,0.0018075739259416,0.005196941541681,95.8,0.5512,23.76,up,True,INFLAMMATORY_RESPONSE,False,False,1.673,2.2842521683547723,0.08400000000000007,1,0.08510159937760686,746
UCA1,3,1.424,0.156,9.14,6.18462261719459e-20,1.3380391020878798e-18,24.0,0.0187,2.63,up,False,,False,False,1.424,17.873531194809704,2.2800000000000002,0,0.08478833514876602,747
IFITM1,3,1.706,0.737,2.32,0.0205571233674499,0.04149178314439,97.4,1.4184,76.66,up,True,INFLAMMATORY_RESPONSE,False,False,1.706,1.3820379005981585,0.07799999999999974,1,0.08435247304913868,748
GCH1,3,1.134,0.155,7.31,2.65424793031446e-13,3.43277844202935e-12,84.1,0.0498,12.59,up,True,INFLAMMATORY_RESPONSE;INTERFERON_GAMMA_RESPONSE;TNFA_SIGNALING_VIA_NFKB,False,False,1.134,11.464354225851606,0.4770000000000001,1,0.08409172231468132,749
ALDH1A2,3,-1.888,0.174,-10.88,1.40959504609872e-27,4.8957285510571196e-26,69.3,0.051,6.52,down,False,,False,False,1.888,25.310182670120295,0.9210000000000002,0,0.08367576884411407,750
KLRD1,2,1.075,0.192,5.61,1.9946074156489e-08,1.47712005672019e-07,55.6,0.0422,2.25,up,True,ALLOGRAFT_REJECTION,False,False,1.075,6.830584204855869,0.8879999999999999,1,0.08336110709278455,751
DAW1,2,-2.023,0.422,-4.79,1.63058640611826e-06,9.06014649437987e-06,0.0,0.0,0.06,down,False,,False,False,2.023,5.042864780117177,2.0,0,0.08285501033046822,752
KRT6A,3,3.193,1.287,2.48,0.0130666040174901,0.0282954656310477,98.3,4.8526,115.76,up,False,,False,False,3.193,1.5482831549065739,0.051000000000000045,0,0.08245740078087094,753
PLD5,2,-1.593,0.178,-8.93,4.38288464357686e-19,9.0236540564196e-18,0.0,0.0,0.33,down,False,,False,False,1.593,17.044617562769854,2.0,0,0.08102568117645295,754
USP41,2,1.348,0.128,10.57,4.09265930183292e-26,1.32327433144485e-24,0.0,0.0,0.76,up,False,,False,False,1.348,23.878350111759453,2.0,0,0.07992830209996002,755
FOXA1,2,-1.649,0.195,-8.47,2.54232569458368e-17,4.56910132279096e-16,0.0,0.0,0.06,down,False,,False,False,1.649,15.340169211075157,2.0,0,0.07952310321473513,756
ALCAM,3,-1.103,0.089,-12.32,6.73246592697224e-35,3.36752766847208e-33,37.1,0.0091,3.18,down,False,,False,False,1.103,32.47268882731533,1.887,0,0.07937937186410496,757
CYSRT1,3,1.624,0.145,11.18,5.10112283170694e-29,1.9322359930004498e-27,57.0,0.0311,4.65,up,False,,False,False,1.624,26.713939832268977,1.29,0,0.07810885724663683,758
GALR2,2,1.552,0.17,9.15,5.62187249848971e-20,1.2242084959734499e-18,0.0,0.0,0.5,up,False,,False,False,1.552,17.912144610834556,2.0,0,0.0774438786167023,759
LINC01132,2,1.335,0.126,10.6,3.01806077894186e-26,9.826117492941591e-25,0.0,0.0,0.14,up,False,,False,False,1.335,24.007618047220216,2.0,0,0.07699797580654369,760
SH2D5,3,2.671,0.56,4.77,1.84603675100137e-06,1.01488666754793e-05,74.6,0.588,7.86,up,False,,False,False,2.671,4.993582452732673,0.762,0,0.07621378435948561,761
AC091729.7,2,-1.868,0.214,-8.74,2.2643912945677797e-18,4.4394586109327604e-17,24.6,0.034,1.33,down,False,,False,False,1.868,16.352669988583667,1.508,0,0.07618829292378623,762
CLVS2,2,-2.078,0.283,-7.35,1.97952285382964e-13,2.58154041700824e-12,28.5,0.0663,1.4,down,False,,False,False,2.078,11.5881210711799,1.4300000000000002,0,0.07600151125757196,763
RP1-232L22__B.1,3,1.81,0.175,10.34,4.83367615543775e-25,1.46759435956735e-23,60.4,0.0483,5.06,up,False,,False,False,1.81,22.833393966044927,1.1880000000000002,0,0.0759695689361404,764
TAC1,2,-2.935,0.581,-5.05,4.45790435260442e-07,2.72823746379391e-06,88.7,0.6018,8.82,down,False,,False,False,2.935,5.564117831696251,0.22599999999999998,0,0.07486547306541741,765
SCGB1D2,2,-2.972,1.271,-2.34,0.0193456817173782,0.0393930987580121,78.9,2.6472,4.75,down,False,,False,False,2.972,1.4045798551752935,0.42199999999999993,0,0.07317262977236813,766
APCDD1L-AS1,3,-2.792,0.556,-5.03,5.02619519704879e-07,3.05140730451439e-06,83.8,0.6822,12.34,down,False,,False,False,2.792,5.5154998184812225,0.4860000000000001,0,0.07313125350077423,767
TMC5,3,2.57,0.359,7.16,8.21036869868254e-13,1.0090625738000698e-11,82.2,0.2398,11.22,up,False,,False,False,2.57,10.996081901539636,0.5339999999999998,0,0.07235013687010197,768
GJA3,3,1.76,0.222,7.94,1.9459472064427202e-15,3.01473713802896e-14,37.7,0.0651,3.21,up,False,,False,False,1.76,13.520750549023099,1.869,0,0.0712475957049104,769
SRGN,3,1.396,0.313,4.46,8.10229668971514e-06,3.97957749075832e-05,87.2,0.1882,15.65,up,True,ALLOGRAFT_REJECTION,False,False,1.396,4.400163034251077,0.384,1,0.0708812101055511,770
LINC01094,3,1.07,0.091,11.76,6.08701434878143e-32,2.6784007310267796e-30,30.4,0.0079,2.88,up,False,,False,False,1.07,29.57212444515306,2.088,0,0.06977124195095949,771
CLEC7A,2,3.033,0.641,4.73,2.25498068718382e-06,1.22248362450871e-05,98.2,0.8081,56.67,up,False,,False,False,3.033,4.912756949654762,0.03600000000000003,0,0.065417325264577,772
LINC01270,2,1.313,0.125,10.5,8.28458826329747e-26,2.62427505623181e-24,0.0,0.0,0.23,up,False,,False,False,1.313,23.580990647519215,2.0,0,0.06409504871857105,773
CLDN8,2,-2.963,0.572,-5.18,2.22515862605471e-07,1.43140253578771e-06,95.2,0.6241,20.99,down,False,,False,False,2.963,5.844238217751087,0.09599999999999986,0,0.0637518272889459,774
FLJ12825,2,-1.421,0.145,-9.79,1.2871724411878099e-22,3.3184382902825302e-21,0.0,0.0,0.04,down,False,,False,False,1.421,20.47906625409214,2.0,0,0.06347711669288389,775
KRT8,3,-1.128,0.142,-7.93,2.2038911226346402e-15,3.3986091758731403e-14,0.0,0.0,1.27,down,False,,False,False,1.128,13.46869877437562,3.0,0,0.06220555389579721,776
GPIHBP1,2,-1.223,0.111,-11.0,3.70047284042548e-28,1.32049342563293e-26,0.0,0.0,0.06,down,False,,False,False,1.223,25.87926375668231,2.0,0,0.06108152357109228,777
BEAN1,3,-1.123,0.115,-9.79,1.19866811086248e-22,3.0970884996887303e-21,15.6,0.0078,2.37,down,False,,False,False,1.123,20.509046384447114,2.532,0,0.05964398474467067,778
ODF3B,3,2.417,0.304,7.95,1.92081896814809e-15,2.98172753483942e-14,80.6,0.176,10.31,up,False,,False,False,2.417,13.525532044156662,0.5820000000000002,0,0.059242800464679196,779
PPP2R2B,3,-1.205,0.117,-10.3,6.858529456498941e-25,2.06364159443681e-23,25.6,0.0144,2.69,down,False,,False,False,1.205,22.685365727138944,2.232,0,0.058874521743336045,780
RP11-327F22.1,3,1.498,0.118,12.66,1.03572505373289e-36,5.74532885849129e-35,69.3,0.0234,6.52,up,False,,False,False,1.498,34.24068510756046,0.9210000000000002,0,0.05795540225828377,781
SCRG1,3,-1.615,0.175,-9.21,3.3578286579150604e-20,7.43646272971935e-19,41.2,0.0365,3.4,down,False,,False,False,1.615,18.128633594328964,1.7639999999999998,0,0.05790623488894711,782
RP11-513G19.1,2,-1.379,0.139,-9.95,2.47035469350348e-23,6.693117247710979e-22,0.0,0.0,0.06,down,False,,False,False,1.379,21.17437156710947,2.0,0,0.0574276793319238,783
GPR65,2,1.434,0.346,4.14,3.47355128273679e-05,0.0001506621493006,86.3,0.2081,7.3,up,True,ALLOGRAFT_REJECTION,False,False,1.434,3.8219958413456716,0.274,1,0.056419646643117494,784
MIR9-3HG,2,1.214,0.111,10.97,5.45642353722011e-28,1.9236358220299e-26,0.0,0.0,0.84,up,False,,False,False,1.214,25.715877144072206,2.0,0,0.05594020685207511,785
PLEK,2,1.428,0.297,4.81,1.50968794354646e-06,8.43644905000692e-06,90.1,0.1596,10.09,up,True,COMPLEMENT;TNFA_SIGNALING_VIA_NFKB,False,False,1.428,5.073840311963631,0.19800000000000018,1,0.05553523844484276,786
AC003090.1,2,-2.715,0.572,-4.74,2.09311064134147e-06,1.13974475466766e-05,71.4,0.483,3.49,down,False,,False,False,2.715,4.943192397831096,0.5719999999999998,0,0.05538141484846512,787
KLK10,3,2.179,0.24,9.1,9.456460775061821e-20,2.02345786365102e-18,75.7,0.1041,8.21,up,False,,False,False,2.179,17.693905834897016,0.729,0,0.05525064967644325,788
SH3PXD2A-AS1,3,2.094,0.214,9.78,1.4114608145818001e-22,3.63086661632366e-21,76.8,0.0856,8.63,up,False,,False,False,2.094,20.43998970505533,0.696,0,0.05331964384921882,789
RP1-27K12.4,2,-1.375,0.139,-9.88,5.05807844378405e-23,1.3470370681517701e-21,0.0,0.0,0.03,down,False,,False,False,1.375,20.87062045307266,2.0,0,0.05229767320801984,790
STEAP4,3,1.587,0.672,2.36,0.0182355238036747,0.0374780839965075,95.9,1.0408,49.04,up,False,,True,False,1.587,1.4262226197856958,0.12299999999999978,1,0.0519192352877037,791
HPDL,3,1.473,0.141,10.46,1.36599124279381e-25,4.26922416589591e-24,45.3,0.026,3.66,up,False,,False,False,1.473,23.369651040919717,1.641,0,0.05003673984642179,792
SAA2,3,2.511,0.513,4.89,9.88033308282749e-07,5.70787222385319e-06,69.9,0.4755,6.64,up,False,,False,False,2.511,5.24352575754348,0.9029999999999998,0,0.0499978894593367,793
RP11-473M20.5,3,1.104,0.102,10.8,3.42725607850958e-27,1.1729332973951901e-25,26.6,0.0091,2.72,up,False,,False,False,1.104,24.930726684727503,2.202,0,0.04577616152040467,794
LIF,3,-1.524,0.535,-2.85,0.0044053875916199,0.0111922854495584,94.3,0.739,35.18,down,False,,True,False,1.524,1.95108122206991,0.17100000000000015,1,0.04544027130638917,795
CD96,3,1.323,0.354,3.74,0.0001866891672954,0.0006911603221919,84.6,0.2441,13.02,up,True,ALLOGRAFT_REJECTION,False,False,1.323,3.1604212015877877,0.4620000000000001,1,0.04481192710579335,796
ABCA9-AS1,2,-1.326,0.132,-10.04,9.932425138892e-24,2.76466278330943e-22,0.0,0.0,0.38,down,False,,False,False,1.326,21.55835783371884,2.0,0,0.043720457030951815,797
ZBTB16,2,-2.808,0.534,-5.25,1.48686618324867e-07,9.76424598555586e-07,87.0,0.4996,7.7,down,False,,False,False,2.808,6.010361288162687,0.26,0,0.04254247619392473,798
FRMD7,2,-2.129,0.302,-7.05,1.7953177121693499e-12,2.1409369497795297e-11,39.2,0.088,1.64,down,False,,False,False,2.129,10.669396122414124,1.216,0,0.042429499985219804,799
GK,3,1.677,0.16,10.51,7.76986480236635e-26,2.4645632135310802e-24,60.0,0.0397,5.0,up,False,,False,False,1.677,23.608260038156182,1.2000000000000002,0,0.04149235460650896,800
SMOX,3,1.729,0.18,9.6,7.89203570265868e-22,1.93045625667228e-20,54.8,0.0483,4.43,up,False,,False,False,1.729,19.714340034858935,1.3560000000000003,0,0.040809041647538916,801
NPAS1,3,-2.013,0.225,-8.94,3.88134434361223e-19,8.03345621039954e-18,66.8,0.0871,6.03,down,False,,False,False,2.013,17.09509756927048,0.9960000000000002,0,0.040053263180600346,802
SLC16A6,3,1.41,0.321,4.4,1.08448901868668e-05,5.21825353308049e-05,93.4,0.2241,30.31,up,True,TNFA_SIGNALING_VIA_NFKB,False,False,1.41,4.282474824173523,0.19799999999999984,1,0.03953406406539722,803
TSPAN8,2,-2.931,0.723,-4.05,5.05783829900766e-05,0.0002122225071544,91.6,0.9619,11.87,down,False,,False,False,2.931,3.6732085591028514,0.16800000000000015,0,0.03935799042711094,804
PSME2,3,1.135,0.164,6.92,4.43202341471384e-12,5.0882411042195296e-11,89.7,0.0645,19.33,up,True,INTERFERON_GAMMA_RESPONSE,False,False,1.135,10.293432318006019,0.30899999999999994,1,0.03862378266406952,805
RP3-414A15.12,2,-1.817,0.206,-8.83,1.03339608877077e-18,2.0693557777617702e-17,31.1,0.0343,1.45,down,False,,False,False,1.817,16.68416483604497,1.3780000000000001,0,0.038230494842322105,806
HK2,3,1.361,0.284,4.79,1.65428891578961e-06,9.18095050491203e-06,92.3,0.1995,26.01,up,False,,True,False,1.361,5.037112353911065,0.2310000000000002,1,0.03794878584524658,807
C8orf34,2,-2.543,0.413,-6.16,7.08191268023863e-10,6.4032635740326805e-09,70.8,0.2528,3.42,down,False,,False,False,2.543,8.19359862118192,0.5840000000000001,0,0.037810605613296355,808
RP11-85O21.5,2,-1.577,0.196,-8.04,8.65266898892036e-16,1.3807111681093201e-14,0.0,0.0,0.43,down,False,,False,False,1.577,13.859897162272668,2.0,0,0.03626095400669152,809
DSG4,3,-1.228,0.197,-6.25,4.21989327156694e-10,3.91066831330604e-09,0.0,0.0,0.36,down,False,,False,False,1.228,8.407749017545589,3.0,0,0.034692075616863244,810
ADAMTSL3,2,-2.413,0.275,-8.76,1.88179503991142e-18,3.7173789104883e-17,86.9,0.1325,7.65,down,False,,False,False,2.413,16.429763169238623,0.2619999999999998,0,0.03378339955183769,811
SBNO2,3,1.156,0.193,5.98,2.2067703697241402e-09,1.86373676911727e-08,86.6,0.0887,14.95,up,False,,True,False,1.156,7.7296154266347274,0.402,1,0.031754237053419676,812
CD34,2,-1.356,0.109,-12.44,1.59804515906891e-35,8.29459847641778e-34,44.2,0.0122,1.79,down,False,,False,False,1.356,33.081204632387866,1.116,0,0.0307456395280766,813
PLIN1,2,-1.746,0.277,-6.3,3.00055991520017e-10,2.82542667155755e-09,0.0,0.0,0.38,down,False,,False,False,1.746,8.548915959486653,2.0,0,0.029668373929400402,814
CILP2,2,-2.653,0.526,-5.04,4.67106356899061e-07,2.84752414287764e-06,74.5,0.4189,3.93,down,False,,False,False,2.653,5.545532585045495,0.51,0,0.0296423478522094,815
RP11-848P1.3,2,1.646,0.142,11.61,3.55782223291433e-31,1.50605896293475e-29,57.5,0.0232,2.35,up,False,,False,False,1.646,28.822158024964054,0.8500000000000001,0,0.029463604804989482,816
RP11-459E5.1,3,-1.051,0.135,-7.78,7.25316947109316e-15,1.07461673511911e-13,0.0,0.0,0.15,down,False,,False,False,1.051,12.96874640040115,3.0,0,0.029270875934326784,817
PHACTR3,3,-1.857,0.234,-7.95,1.8402898646466303e-15,2.86813218651885e-14,51.3,0.0833,4.11,down,False,,False,False,1.857,13.542400836772442,1.4609999999999999,0,0.028986190829355607,818
SGK1,3,1.322,0.246,5.37,7.68005643199823e-08,5.23536520141662e-07,94.4,0.1516,35.79,up,True,TNFA_SIGNALING_VIA_NFKB,False,False,1.322,6.2810530180103505,0.16799999999999982,1,0.02791957178746385,819
COL25A1,2,-1.165,0.108,-10.77,4.83723529529941e-27,1.6410846525748402e-25,0.0,0.0,0.2,down,False,,False,False,1.165,24.784869016023137,2.0,0,0.027438288498533206,820
RAB3B,3,-2.939,0.817,-3.6,0.0003226713659243,0.0011273752246152,95.6,1.8459,45.08,down,False,,False,False,2.939,2.94793151353848,0.13200000000000012,0,0.026483928662488387,821
IRF8,2,1.33,0.259,5.13,2.86269466559814e-07,1.80871307495241e-06,91.2,0.1227,11.33,up,True,ALLOGRAFT_REJECTION;INTERFERON_GAMMA_RESPONSE,False,False,1.33,5.7426303219451125,0.17599999999999993,1,0.025570092586400528,822
NPTX1,3,-2.81,1.094,-2.57,0.0102091894481865,0.0230083443672129,84.9,2.9457,13.24,down,False,,False,False,2.81,1.6381146311380888,0.45299999999999974,0,0.02549755210539978,823
FN1,3,-1.273,0.315,-4.04,5.32252642001312e-05,0.0002221737178425,86.1,0.2019,14.43,down,False,,True,False,1.273,3.653307317452182,0.41700000000000004,1,0.025076968909408914,824
STAT3,3,1.246,0.225,5.54,3.0359354579927e-08,2.19753287372143e-07,91.1,0.1128,22.44,up,True,IL6_JAK_STAT3_SIGNALING;INTERFERON_GAMMA_RESPONSE,False,False,1.246,6.658064619430969,0.26700000000000024,1,0.02463245707775852,825
ST6GALNAC1,3,2.913,0.876,3.33,0.000878416947671,0.0027431780053405,93.5,1.828,30.73,up,False,,False,False,2.913,2.5617460100298675,0.19499999999999984,0,0.024463767455513152,826
S1PR4,2,1.345,0.129,10.41,2.15951495729395e-25,6.66035383864216e-24,12.5,0.0057,1.14,up,False,,False,False,1.345,23.17650269784355,1.75,0,0.023515115156183944,827
SAA2-SAA4,3,2.27,0.427,5.32,1.05471361091961e-07,7.05422597657632e-07,61.7,0.2985,5.22,up,False,,False,False,2.27,6.151550632163824,1.149,0,0.023337017115208067,828
PRSS21,3,1.192,0.191,6.24,4.28836216056502e-10,3.96940568670093e-09,0.0,0.0,0.42,up,False,,False,False,1.192,8.401274512457963,3.0,0,0.02209144291500656,829
GFOD2,3,1.035,0.076,13.65,1.90055570683817e-42,1.4079148272586898e-40,59.4,0.0088,4.93,up,False,,False,False,1.035,39.85142361733198,1.218,0,0.021499611307787575,830
CTD-2523D13.2,2,1.22,0.118,10.3,7.002051892473951e-25,2.09771470784268e-23,0.0,0.0,0.51,up,False,,False,False,1.22,22.67825357678813,2.0,0,0.020637740367460924,831
CRABP2,3,2.412,0.301,8.02,1.09523425472395e-15,1.7346643213012802e-14,87.7,0.174,16.22,up,False,,False,False,2.412,13.760784554020699,0.369,0,0.02058469299475847,832
PRSS3,3,1.367,0.324,4.21,2.50254697741294e-05,0.0001121149264479,93.4,0.2534,30.52,up,True,COMPLEMENT,False,False,1.367,3.950336563654667,0.19799999999999984,1,0.020490296795705465,833
APOBEC2,2,-1.28,0.129,-9.9,4.21407724065568e-23,1.12611112016563e-21,0.0,0.0,0.63,down,False,,False,False,1.28,20.948418752918343,2.0,0,0.020213902691299565,834
FADS2,3,-2.838,0.87,-3.26,0.001104005357419,0.0033694473809415,89.5,2.0064,19.03,down,False,,False,False,2.838,2.4724413214098586,0.31499999999999995,0,0.019710092767291118,835
USP17L1,2,1.813,0.219,8.26,1.47316087237838e-16,2.4881113175689404e-15,29.1,0.0319,1.41,up,False,,False,False,1.813,14.60413019330419,1.418,0,0.018713641456796354,836
MMP7,2,-1.374,0.549,-2.5,0.0122870449060648,0.0268484490064473,83.7,0.5136,6.12,down,False,,True,False,1.374,1.5710807977632002,0.32599999999999985,1,0.01756553943250444,837
PRKCB,2,-1.478,0.408,-3.62,0.0002955082344228,0.0010405463687734,98.1,0.3269,51.96,down,False,,True,False,1.478,2.982738562012925,0.038000000000000034,1,0.017278832950507417,838
RP1-153G14.4,2,-1.224,0.12,-10.19,2.19667976281461e-24,6.41973490233798e-23,0.0,0.0,0.46,down,False,,False,False,1.224,22.192482905393586,2.0,0,0.01604973562921451,839
ANKFN1,2,-2.49,0.338,-7.36,1.8174863935865e-13,2.3781743425079e-12,83.0,0.1926,5.87,down,False,,False,False,2.49,11.623756310687163,0.3400000000000001,0,0.015988503889896116,840
DDAH1,3,-1.17,0.233,-5.03,4.82431128368964e-07,2.93559404314767e-06,85.7,0.1143,13.94,down,False,,True,False,1.17,5.532304002233726,0.42900000000000005,1,0.014624317171723966,841
BMPER,2,1.454,0.172,8.47,2.4155364059489e-17,4.35633988650677e-16,0.0,0.0,0.0,up,False,,False,False,1.454,15.360878243453492,2.0,0,0.011956248058982114,842
CD8A,2,1.271,0.297,4.27,1.93915010287292e-05,8.90419081172073e-05,83.8,0.1495,6.16,up,True,ALLOGRAFT_REJECTION,False,False,1.271,4.050405541891061,0.32400000000000007,1,0.011885232194730366,843
KRT85,2,-1.792,0.347,-5.16,2.51355521985785e-07,1.59934259694624e-06,0.0,0.0,0.3,down,False,,False,False,1.792,5.796058495587028,2.0,0,0.011783171953242785,844
CCRL2,2,1.45,0.63,2.3,0.0213558133750695,0.0427719229377995,91.8,0.7319,12.2,up,True,INFLAMMATORY_RESPONSE;TNFA_SIGNALING_VIA_NFKB,False,False,1.45,1.3688412243164314,0.16400000000000015,1,0.011227682919243809,845
CRTAM,2,1.234,0.418,2.95,0.0031793031797703,0.0084804362050186,75.1,0.2746,4.02,up,True,ALLOGRAFT_REJECTION,False,False,1.234,2.0715818085262625,0.4980000000000002,1,0.007184404106024056,846
AR,3,-1.276,0.357,-3.58,0.000346808712012,0.0012014866271261,87.9,0.2557,16.49,down,False,,True,False,1.276,2.9202810586492305,0.363,1,0.007003878181675194,847
GBP4,2,1.5,0.668,2.25,0.0246788727333327,0.0483203566160298,97.6,0.87,41.42,up,True,INTERFERON_GAMMA_RESPONSE,False,False,1.5,1.3158698691757824,0.04800000000000004,1,0.006282717867685306,848
PLEKHG7,2,2.972,1.209,2.46,0.0139475458449803,0.0299010411616057,97.2,2.8424,36.32,up,False,,False,False,2.972,1.5243136891716345,0.05600000000000005,0,0.006232327586119191,849
C2orf72,2,-2.053,0.32,-6.41,1.49307127642589e-10,1.4556978554707902e-09,35.9,0.0928,1.56,down,False,,False,False,2.053,8.836928757796887,1.282,0,0.005778022136277858,850
RP11-203M5.8,3,1.481,0.616,2.4,0.0161946852014461,0.0339270973582112,98.1,1.1126,104.7,up,False,,False,True,1.481,1.4694532949447974,0.05700000000000005,1,0.0032471743840745138,851
SCG3,2,-1.299,0.138,-9.42,4.3861334552583105e-21,1.01961269169952e-19,0.0,0.0,0.0,down,False,,False,False,1.299,18.991564767258517,2.0,0,0.0027357881642789683,852
KRT79,3,-2.294,0.476,-4.82,1.45001189186662e-06,8.12410483494298e-06,64.6,0.412,5.65,down,False,,False,False,2.294,5.090224481015201,1.0620000000000003,0,0.0023583709730925495,853
PHYHIP,3,-2.64,0.449,-5.89,3.94845860373397e-09,3.2261594225064e-08,91.4,0.4987,23.16,down,False,,False,False,2.64,7.491314175507467,0.2579999999999999,0,0.001966226504505217,854
FOLH1B,3,1.434,0.224,6.39,1.64867622468567e-10,1.5973599801664702e-09,19.5,0.0477,2.48,up,False,,False,False,1.434,8.79659720046608,2.415,0,0.0017755391906358053,855
RP11-356I2.4,3,-1.441,0.146,-9.89,4.82668045163347e-23,1.28687656824929e-21,46.6,0.0288,3.75,down,False,,False,False,1.441,20.89046310678556,1.602,0,0.0011013352859125247,856
DIRAS3,2,-1.256,0.369,-3.4,0.0006647716596344,0.0021446581836249,80.8,0.2256,5.21,down,False,,True,False,1.256,2.6686419159710173,0.3840000000000001,1,0.0008758398206301088,857
IL36RN,3,2.497,0.341,7.33,2.33762139960193e-13,3.03333588377393e-12,91.7,0.2282,23.96,up,False,,False,False,2.497,11.518079497241928,0.2489999999999999,0,0.00011232708170888506,858
COX6B2,3,-1.033,0.144,-7.19,6.42985742969928e-13,7.99769035982096e-12,0.0,0.0,0.28,down,False,,False,False,1.033,11.097035414109008,3.0,0,-2.7980007612976587e-05,859
SHISA9,3,-2.488,0.601,-4.14,3.50953922194692e-05,0.0001520821985312,74.3,0.6916,7.8,down,False,,False,False,2.488,3.8179216178478543,0.771,0,-0.0002229051674599858,860
HS6ST3,2,-1.827,0.258,-7.09,1.38466533810789e-12,1.6665105861063e-11,23.3,0.0546,1.3,down,False,,False,False,1.827,10.778191923243806,1.534,0,-0.0018263981417896147,861
ACKR2,3,2.371,0.371,6.4,1.60197891818118e-10,1.5554012648570402e-09,78.4,0.2565,9.25,up,False,,False,False,2.371,8.808157552211156,0.6479999999999999,0,-0.002484105194296607,862
RIMS1,2,-2.901,1.283,-2.26,0.0237433864392111,0.0467662301104397,92.5,3.0567,13.34,down,False,,False,False,2.901,1.330067637750718,0.1499999999999999,0,-0.0032818426862475936,863
SH3GL3,3,1.386,0.152,9.14,6.53531255105809e-20,1.41000121205271e-18,37.3,0.0259,3.19,up,False,,False,False,1.386,17.850780514020098,1.881,0,-0.0032908001083858107,864
ALX4,2,-1.221,0.124,-9.83,8.28309189167059e-23,2.176194142448e-21,0.0,0.0,0.21,down,False,,False,False,1.221,20.662302363002897,2.0,0,-0.0038282558943421308,865
TNFRSF21,3,1.459,0.608,2.4,0.0164296979351866,0.0343336491345681,98.0,1.0796,101.12,up,True,IL6_JAK_STAT3_SIGNALING,False,False,1.459,1.4642800353512997,0.06000000000000005,1,-0.003907416189416257,866
RP11-351I21.6,2,-1.688,0.289,-5.85,4.8935231246668104e-09,3.94464472538999e-08,0.0,0.0,0.48,down,False,,False,False,1.688,7.403992105445871,2.0,0,-0.004596810380986249,867
ADCY2,3,-1.573,0.156,-10.07,7.19331777918092e-24,2.0142150226417e-22,57.6,0.0374,4.71,down,False,,False,False,1.573,21.69589416925303,1.2719999999999998,0,-0.004759538910869568,868
ADH1A,2,-1.79,0.208,-8.63,6.3542880410152395e-18,1.20248608530417e-16,37.9,0.0405,1.61,down,False,,False,False,1.79,15.919919940409915,1.242,0,-0.005988717424832708,869
LINC01139,3,1.122,0.184,6.1,1.04448654374204e-09,9.226560566965031e-09,0.0,0.0,0.23,up,False,,False,False,1.122,8.034960163022358,3.0,0,-0.006763693444723801,870
PLA2G4E,3,2.133,0.232,9.2,3.56830129972478e-20,7.887664317776891e-19,85.3,0.1008,13.6,up,False,,False,False,2.133,18.103051580323346,0.44100000000000006,0,-0.009546289393660132,871
GDF7,2,-1.36,0.108,-12.64,1.2783555711404299e-36,7.0246538884569e-35,59.0,0.0139,2.44,down,False,,False,False,1.36,34.15337506900812,0.8200000000000001,0,-0.009995502791143807,872
KRT6C,3,2.884,0.976,2.96,0.003125546714884,0.0083627755227707,96.8,2.6927,62.24,up,False,,False,False,2.884,2.0776495605786454,0.09600000000000009,0,-0.01008660401161418,873
CASP10,3,1.057,0.189,5.58,2.40903744124687e-08,1.76725657982287e-07,85.8,0.0767,14.06,up,True,COMPLEMENT,False,False,1.057,6.752700392705031,0.42600000000000005,1,-0.010216762382195377,874
RP11-255G12.2,2,-1.24,0.13,-9.57,1.05015100566112e-21,2.5541446866447303e-20,0.0,0.0,0.14,down,False,,False,False,1.24,19.592754504554357,2.0,0,-0.010384758451427223,875
MAGI1-IT1,2,-2.015,0.228,-8.83,1.05041179910599e-18,2.1016316072882202e-17,62.6,0.0677,2.68,down,False,,False,False,2.015,16.677443408642407,0.748,0,-0.010748998796453212,876
EPHB2,3,2.739,0.623,4.4,1.0956240024615e-05,5.25993894044734e-05,92.8,0.9574,27.88,up,False,,False,False,2.739,4.2790192972874594,0.2160000000000002,0,-0.010991256352070933,877
GRIA4,2,-2.867,0.861,-3.33,0.0008669063434688,0.0027115727678064,95.6,1.4178,22.65,down,False,,False,False,2.867,2.5667787363390806,0.08800000000000008,0,-0.011474100407158683,878
TSPAN1,3,-1.211,0.139,-8.73,2.49687245920257e-18,4.8707739497894e-17,24.6,0.0171,2.65,down,False,,False,False,1.211,16.312402025352707,2.262,0,-0.011874036546912409,879
RP11-531A24.5,2,-1.015,0.092,-10.99,4.24397589060419e-28,1.5075452446609e-26,0.0,0.0,0.01,down,False,,False,False,1.015,25.821729644884858,2.0,0,-0.011969855828198012,880
TF,2,-1.168,0.448,-2.61,0.0091706096990232,0.021063069313622,73.0,0.2998,3.7,down,False,,True,False,1.168,1.6764783430820096,0.54,1,-0.012783078853926766,881
SAMD9,3,2.404,0.358,6.72,1.8350614414348697e-11,1.98140928425041e-10,84.4,0.2838,12.78,up,False,,False,False,2.404,9.703025806373612,0.46799999999999975,0,-0.013638150668296697,882
RNF128,3,-1.107,0.095,-11.61,3.6490930394936302e-31,1.5397051731793e-29,46.0,0.0121,3.71,down,False,,False,False,1.107,28.81256243105928,1.62,0,-0.014189549446864597,883
GDF15,2,-1.239,0.13,-9.49,2.23380150125534e-21,5.2926173423973905e-20,0.0,0.0,0.13,down,False,,False,False,1.239,19.276329504477044,2.0,0,-0.014627352375712444,884
RP11-670E13.6,3,1.523,0.184,8.26,1.4251245698691e-16,2.41569450080129e-15,41.0,0.0403,3.39,up,False,,False,False,1.523,14.616957989341179,1.7700000000000002,0,-0.016194448636154657,885
CASP7,3,1.134,0.208,5.45,5.06165257290818e-08,3.54648982577694e-07,91.1,0.1023,22.58,up,True,COMPLEMENT;INTERFERON_GAMMA_RESPONSE,False,False,1.134,6.450201281724169,0.26700000000000024,1,-0.01688011154260871,886
IRAK3,3,1.239,0.324,3.82,0.0001326174098862,0.000506682054517,90.8,0.2143,21.85,up,False,,True,False,1.239,3.2952644771228994,0.27600000000000025,1,-0.017511657409166048,887
WNT7B,3,-1.717,0.181,-9.51,1.87387434571248e-21,4.46695769437712e-20,63.8,0.0562,5.52,down,False,,False,False,1.717,19.34998816062097,1.0859999999999999,0,-0.018318712573748383,888
RAMP2-AS1,2,-1.067,0.101,-10.54,5.68440052024022e-26,1.8228237229904602e-24,0.0,0.0,0.0,down,False,,False,False,1.067,23.739255327962745,2.0,0,-0.019516669038302487,889
ABHD12B,3,-1.673,0.182,-9.18,4.45396333536845e-20,9.771586477754461e-19,58.5,0.0502,4.81,down,False,,False,False,1.673,18.010034920150233,1.245,0,-0.020394338610959628,890
KB-1107E3.1,2,-1.16,0.117,-9.9,4.02731061998711e-23,1.07866492337847e-21,0.0,0.0,0.31,down,False,,False,False,1.16,20.96711344366545,2.0,0,-0.02129245527816981,891
TIMP3,3,-1.268,0.375,-3.38,0.0007316830456207,0.0023386084673588,91.9,0.3499,24.56,down,False,,True,False,1.268,2.631042482209211,0.24299999999999988,1,-0.02176955638652156,892
CALB1,2,-1.756,0.42,-4.18,2.89900697984357e-05,0.0001279836613731,0.0,0.0,0.1,down,False,,False,False,1.756,3.8928454696366246,2.0,0,-0.024163903986190977,893
C1QTNF7,2,-2.738,0.611,-4.48,7.37311319168853e-06,3.65594591620921e-05,93.3,0.6972,14.86,down,False,,False,False,2.738,4.437000237573227,0.13400000000000012,0,-0.02472225870301495,894
KANK4,3,-2.519,0.639,-3.94,8.03816527020691e-05,0.0003226430226513,79.9,0.8933,9.93,down,False,,False,False,2.519,3.4912777223337157,0.6029999999999999,0,-0.024864737847297452,895
CCL19,2,1.214,0.333,3.64,0.0002699903661328,0.0009602255364332,85.1,0.1905,6.69,up,True,ALLOGRAFT_REJECTION,False,False,1.214,3.017626748497497,0.29800000000000004,1,-0.025511801070464357,896
MIR155HG,2,1.332,0.511,2.61,0.0091741038837414,0.0210669607430354,91.7,0.4796,12.08,up,False,,True,False,1.332,1.676398114023379,0.16599999999999993,1,-0.025653692936597583,897
RP3-333H23.9,2,-1.326,0.154,-8.59,8.49556901547913e-18,1.59225600547119e-16,0.0,0.0,0.06,down,False,,False,False,1.326,15.79798710442184,2.0,0,-0.027182393720325965,898
FAM153A,2,-2.348,0.337,-6.98,3.0324673781669397e-12,3.54050019229475e-11,77.5,0.1787,4.45,down,False,,False,False,2.348,10.450935377689497,0.44999999999999996,0,-0.027273977318841083,899
CCL27,3,-2.587,0.524,-4.93,8.02104830375147e-07,4.71770652619393e-06,88.7,0.5991,17.72,down,False,,False,False,2.587,5.326269078715098,0.33899999999999997,0,-0.027975516240129686,900
KRT16P1,3,2.784,0.968,2.88,0.0040042881053866,0.0103279396495147,93.6,2.4891,31.25,up,False,,False,False,2.784,1.985986308499123,0.19200000000000017,0,-0.028050575445699777,901
NETO1,2,-2.678,1.095,-2.45,0.0144391297708248,0.0307669387224865,79.3,1.973,4.83,down,False,,False,False,2.678,1.5119157134396135,0.41400000000000015,0,-0.029255933070464216,902
PGBD5,3,2.6,0.603,4.31,1.64207859553199e-05,7.6314111262276e-05,87.3,0.8101,15.71,up,False,,False,False,2.6,4.117395149113295,0.381,0,-0.030482973809264333,903
RP11-632L2.2,2,-1.37,0.168,-8.15,3.66765544324971e-16,6.0123351730414906e-15,0.0,0.0,0.83,down,False,,False,False,1.37,14.220956816550713,2.0,0,-0.031290263664531526,904
AC053503.6,2,-2.259,0.361,-6.26,3.96084444790068e-10,3.6881228194473805e-09,63.9,0.1789,2.77,down,False,,False,False,2.259,8.433194624787575,0.722,0,-0.03222110393278832,905
KRT71,3,-1.559,0.478,-3.26,0.0011133909561973,0.0033937235033017,19.5,0.2063,2.49,down,False,,False,False,1.559,2.4693235438338643,2.415,0,-0.03262968160866486,906
PLEKHD1,2,-1.211,0.13,-9.33,1.0954303165462101e-20,2.50174910049075e-19,0.0,0.0,0.31,down,False,,False,False,1.211,18.601756247694635,2.0,0,-0.03266900148521029,907
PCDHB16,2,-1.237,0.105,-11.79,4.44785926028727e-32,1.97571038755341e-30,39.0,0.0106,1.64,down,False,,False,False,1.237,29.70427671678564,1.22,0,-0.0327686533686978,908
SLC5A1,3,1.823,0.185,9.87,5.35723023854863e-23,1.42185263780255e-21,76.3,0.0598,8.42,up,False,,False,False,1.823,20.847145411978627,0.711,0,-0.03311978292428204,909
CDK5R1,3,1.386,0.547,2.53,0.0113158984947712,0.0250585439281146,99.0,0.8883,209.12,up,True,COMPLEMENT,False,False,1.386,1.6010441680727967,0.030000000000000027,1,-0.033221417707958334,910
DDX25,2,-2.578,0.456,-5.65,1.62443172851238e-08,1.21879238245982e-07,89.0,0.3724,9.12,down,False,,False,False,2.578,6.914070268812676,0.21999999999999997,0,-0.033805854412213204,911
AC008440.10,2,-2.702,0.678,-3.99,6.72687388179681e-05,0.000274336917594,89.7,0.8294,9.74,down,False,,False,False,2.702,3.561715745335605,0.20599999999999996,0,-0.034558333074662106,912
ARHGEF26-AS1,2,-1.081,0.106,-10.17,2.7186573896677e-24,7.86663174718556e-23,0.0,0.0,0.0,down,False,,False,False,1.081,22.104211179551033,2.0,0,-0.03477273242560369,913
CLDN3,2,-2.829,1.054,-2.68,0.0072799478053307,0.0172993907395177,95.7,2.127,23.07,down,False,,False,False,2.829,1.7619691918495193,0.08599999999999985,0,-0.034970679100710195,914
LGALS9C,3,2.792,0.925,3.02,0.0025468104390926,0.0070040279098589,95.8,2.4178,47.1,up,False,,False,False,2.792,2.1546521319955647,0.1260000000000001,0,-0.035529046330917774,915
DHRS2,3,-1.75,0.382,-4.58,4.68179602515975e-06,2.39764084780058e-05,36.6,0.1686,3.15,down,False,,False,False,1.75,4.620215871070389,1.9020000000000001,0,-0.03561624351254661,916
SPRR1A,3,2.705,0.731,3.7,0.000214612919868,0.0007832668913611,92.6,1.275,27.16,up,False,,False,False,2.705,3.1060902306680034,0.2220000000000002,0,-0.03613231390874086,917
TCAF2,3,1.246,0.108,11.53,8.969174899020141e-31,3.72929689540253e-29,57.7,0.0175,4.73,up,False,,False,False,1.246,28.428373040370975,1.2689999999999997,0,-0.036183911664550095,918
HPN,2,-1.396,0.179,-7.8,6.0204783716292406e-15,9.005327680605041e-14,0.0,0.0,0.01,down,False,,False,False,1.396,13.045500479702925,2.0,0,-0.03671573796111502,919
HK3,2,1.167,0.122,9.54,1.3643160075718601e-21,3.2891115778835905e-20,0.0,0.0,0.63,up,False,,False,False,1.167,19.48292139351728,2.0,0,-0.03712634802242756,920
MFSD4A,2,-1.776,0.175,-10.14,3.5780334364909704e-24,1.0239386884452e-22,65.7,0.0422,2.92,down,False,,False,False,1.776,21.98972604733197,0.6859999999999999,0,-0.04007594076981227,921
LINC00598,2,-1.07,0.106,-10.13,4.27566093593995e-24,1.21762709062553e-22,0.0,0.0,0.0,down,False,,False,False,1.07,21.914485697976346,2.0,0,-0.04093385494841359,922
MPPED2,2,-1.065,0.105,-10.15,3.1620417253063902e-24,9.093394932149561e-23,0.0,0.0,0.19,down,False,,False,False,1.065,22.041273946806843,2.0,0,-0.04111227197761355,923
TMEM132C,2,-2.359,0.377,-6.26,3.74121003531142e-10,3.4863847817119904e-09,76.0,0.2252,4.16,down,False,,False,False,2.359,8.457624682816306,0.48,0,-0.04237554775504278,924
AFF2,2,-1.502,0.151,-9.97,2.0946625978828102e-23,5.69500078441798e-22,38.4,0.0197,1.62,down,False,,False,False,1.502,21.244506211766026,1.232,0,-0.04248657520802068,925
RP11-145E17.2,2,-2.117,0.255,-8.3,1.0519644744647799e-16,1.79837401547897e-15,74.3,0.0977,3.89,down,False,,False,False,2.117,14.745119981141963,0.514,0,-0.04279759652767662,926
CTD-3214H19.6,2,-1.325,0.161,-8.23,1.83071679033712e-16,3.0786817058190804e-15,0.0,0.0,0.13,down,False,,False,False,1.325,14.5116352089701,2.0,0,-0.04336355638162309,927
NEUROD2,2,-2.663,0.611,-4.35,1.33124855237133e-05,6.28924265639967e-05,90.6,0.6791,10.65,down,False,,False,False,2.663,4.201401648664307,0.18800000000000017,0,-0.04361358968607673,928
CTD-2619J13.23,2,-1.143,0.119,-9.58,9.57243989017083e-22,2.3341796394688402e-20,0.0,0.0,0.02,down,False,,False,False,1.143,19.63186572351435,2.0,0,-0.04364032558434319,929
SLC16A10,3,1.043,0.095,11.03,2.8628641156736797e-28,1.03102747821239e-26,41.1,0.0105,3.4,up,False,,False,False,1.043,25.98672976005403,1.767,0,-0.04375362694442328,930
ACADL,2,-2.58,0.46,-5.6,2.11918943570665e-08,1.56591242110029e-07,91.5,0.3892,11.7,down,False,,False,False,2.58,6.805232530973142,0.16999999999999993,0,-0.04379608595695553,931
BHMT,2,-1.211,0.133,-9.08,1.0647408744843999e-19,2.26999263486388e-18,0.0,0.0,0.95,down,False,,False,False,1.211,17.643975551900784,2.0,0,-0.044458065925271795,932
ERAP2,3,1.085,0.207,5.25,1.5397473149842e-07,1.00963431082536e-06,0.0,0.0,0.18,up,False,,False,False,1.085,5.995835899038008,3.0,0,-0.044731468064163143,933
NUP210,3,1.415,0.133,10.68,1.32049967623323e-26,4.39084899445222e-25,60.8,0.027,5.1,up,False,,False,False,1.415,24.35745149844647,1.1760000000000002,0,-0.044896835568909076,934
GRIN2A,2,-1.972,0.246,-8.03,9.79260919238263e-16,1.5573042702750302e-14,58.3,0.0748,2.4,down,False,,False,False,1.972,13.80762652552347,0.8340000000000001,0,-0.04495293019024511,935
SLC4A4,2,-1.185,0.128,-9.24,2.4282686936539002e-20,5.43435390532926e-19,0.0,0.0,0.04,down,False,,False,False,1.185,18.264852082125934,2.0,0,-0.045858764996081325,936
UCHL1,3,-1.093,0.129,-8.45,2.92974964599037e-17,5.22334420891002e-16,21.1,0.0139,2.54,down,False,,False,False,1.093,15.282051354001291,2.367,0,-0.04597021502116147,937
CYP4B1,3,-1.85,0.243,-7.61,2.8457596139447e-14,4.01061931383694e-13,61.9,0.0945,5.25,down,False,,False,False,1.85,12.396788559096944,1.143,0,-0.04699120524964059,938
LINC00473,2,2.416,0.688,3.51,0.00044656608845,0.0015075952645699,64.0,0.6717,2.78,up,False,,False,False,2.416,2.821715235360395,0.72,0,-0.04705992918317193,939
CSF2RB,3,1.167,0.316,3.7,0.0002176338476277,0.0007921926199842,91.2,0.1954,22.65,up,True,IL6_JAK_STAT3_SIGNALING;INTERFERON_GAMMA_RESPONSE,False,False,1.167,3.1011692077725077,0.2639999999999999,1,-0.04718568767676057,940
SGK2,2,-1.402,0.187,-7.49,7.120183843867231e-14,9.62334778297275e-13,0.0,0.0,0.96,down,False,,False,False,1.402,12.016673818737042,2.0,0,-0.04729246474395665,941
H19_2,3,-2.575,0.908,-2.84,0.0045475811747742,0.0115060881669142,84.0,1.9021,12.49,down,False,,False,False,2.575,1.9390723024591705,0.4800000000000001,0,-0.047485013518811695,942
RP11-266K4.14,2,-1.093,0.111,-9.83,7.986511818192e-23,2.1006320803601902e-21,0.0,0.0,0.67,down,False,,False,False,1.093,20.677650006357265,2.0,0,-0.04815824282667497,943
CNTN2,2,-2.269,0.315,-7.2,6.02522752210868e-13,7.50636248350411e-12,78.3,0.1594,4.61,down,False,,False,False,2.269,11.124570467263128,0.43400000000000016,0,-0.049449670442797744,944
CD48,2,1.161,0.279,4.16,3.11624576977319e-05,0.0001364282723482,89.4,0.1396,9.4,up,True,INFLAMMATORY_RESPONSE,False,False,1.161,3.8650956204971925,0.21199999999999997,1,-0.04958957897847183,945
IL4R,3,1.34,0.557,2.41,0.0161373477743082,0.0338251409427633,98.9,0.9194,179.5,up,True,ALLOGRAFT_REJECTION;IL6_JAK_STAT3_SIGNALING;INFLAMMATORY_RESPONSE;INTERFERON_GAMMA_RESPONSE,False,False,1.34,1.4707603851061903,0.032999999999999696,1,-0.05026325316925789,946
CD300E,2,2.121,0.289,7.34,2.14134809351375e-13,2.78482319561464e-12,66.2,0.1175,2.96,up,False,,False,False,2.121,11.555202372341734,0.6759999999999999,0,-0.05038857791826282,947
RP1-34M23.5,3,-2.695,0.675,-3.99,6.59647833232637e-05,0.0002695826838013,95.7,1.2771,47.04,down,False,,False,False,2.695,3.5693080074299885,0.12899999999999978,0,-0.05129263393326611,948
DOK6,2,-1.038,0.102,-10.14,3.71343675747214e-24,1.06139000067967e-22,0.0,0.0,0.01,down,False,,False,False,1.038,21.97412500816141,2.0,0,-0.05132949498800263,949
AC016582.2,2,-2.449,0.474,-5.16,2.41197619705564e-07,1.53931163568363e-06,79.1,0.3663,4.78,down,False,,False,False,2.449,5.812673447772946,0.41800000000000015,0,-0.055218459532644065,950
CLCA2,3,1.408,0.121,11.63,2.8204376910754704e-31,1.2048106917953599e-29,72.3,0.0256,7.23,up,False,,False,False,1.408,28.919081187087,0.8310000000000001,0,-0.0556722683821855,951
UG0898H09,2,-1.144,0.123,-9.31,1.3350164960149999e-20,3.03117372989479e-19,0.0,0.0,0.54,down,False,,False,False,1.144,18.51838917159265,2.0,0,-0.05699800447145387,952
C19orf18,2,-1.148,0.124,-9.27,1.86426989359944e-20,4.19218961952635e-19,0.0,0.0,0.92,down,False,,False,False,1.148,18.377559081737235,2.0,0,-0.05734022856114945,953
RP1-80N2.3,2,-1.383,0.145,-9.57,1.05072465002301e-21,2.5541446866447303e-20,25.9,0.012,1.35,down,False,,False,False,1.383,19.592754504554357,1.482,0,-0.057475279139654015,954
GPR68,3,2.323,0.338,6.87,6.2574817466768495e-12,7.09696657984294e-11,88.2,0.2244,16.9,up,False,,False,False,2.323,10.148927239892146,0.354,0,-0.05763108620988437,955
APOBEC3A,3,2.321,0.377,6.15,7.66970486658276e-10,6.905389277762921e-09,83.8,0.329,12.35,up,False,,False,False,2.321,8.160811833896497,0.4860000000000001,0,-0.05812394245131891,956
C8orf74,2,1.012,0.099,10.17,2.70548059581796e-24,7.83819248360182e-23,0.0,0.0,0.06,up,False,,False,False,1.012,22.105784075695922,2.0,0,-0.05875183995143793,957
RP11-446N19.1,2,-1.722,0.187,-9.19,3.98501145114343e-20,8.77564751268265e-19,52.8,0.0393,2.12,down,False,,False,False,1.722,18.056720829185764,0.944,0,-0.05904133737613798,958
GJB4,3,-2.697,0.72,-3.75,0.0001782385132314,0.0006638640184941,96.6,1.4737,59.23,down,False,,False,False,2.697,3.177920869525901,0.10200000000000009,0,-0.06046144482249674,959
CTA-363E6.6,2,2.571,0.488,5.27,1.36590743594238e-07,9.00690906140145e-07,92.9,0.4424,14.11,up,False,,False,False,2.571,6.045424222104796,0.1419999999999999,0,-0.06151246014556691,960
UNC93A,2,1.491,0.135,11.02,2.89606963821294e-28,1.04138393488367e-26,58.1,0.0214,2.39,up,False,,False,False,1.491,25.982389126338827,0.8380000000000001,0,-0.06164303132709191,961
OGN,2,-2.066,0.274,-7.55,4.3674555740833405e-14,6.03885218746113e-13,66.3,0.1021,2.97,down,False,,False,False,2.066,12.219045600455537,0.6740000000000002,0,-0.06172057146992216,962
TDRD5,2,-1.51,0.205,-7.38,1.5696700599105799e-13,2.06081920540924e-12,12.9,0.0143,1.15,down,False,,False,False,1.51,11.685960106977314,1.742,0,-0.0620266256274814,963
IGFL2,3,-2.195,0.3,-7.31,2.73240034734765e-13,3.5260617271808797e-12,84.0,0.1694,12.49,down,False,,False,False,2.195,11.452710089217812,0.4800000000000001,0,-0.0625496854353297,964
C11orf52,3,-1.312,0.122,-10.75,5.79719152173861e-27,1.95824612312235e-25,58.5,0.0234,4.81,down,False,,False,False,1.312,24.708132724587852,1.245,0,-0.063506459551292,965
C2CD4A,2,1.271,0.155,8.2,2.4565364906244098e-16,4.087069133548451e-15,0.0,0.0,0.62,up,False,,False,False,1.271,14.388588016052863,2.0,0,-0.06365952076077072,966
KIAA1324L,3,-1.201,0.125,-9.64,5.183606771993001e-22,1.2826960985791101e-20,41.1,0.0195,3.4,down,False,,False,False,1.201,19.891876226200157,1.767,0,-0.06382052297836038,967
KRT81,2,-1.601,0.335,-4.78,1.78054843623212e-06,9.82575632808998e-06,0.0,0.0,0.34,down,False,,False,False,1.601,5.0076340102681725,2.0,0,-0.0643518740619897,968
PLA2G3,3,1.954,0.229,8.53,1.42254266100262e-17,2.62000795841152e-16,78.7,0.0953,9.38,up,False,,False,False,1.954,15.581697389485996,0.6389999999999999,0,-0.06582696118330136,969
TLR2,3,1.142,0.377,3.03,0.0024214651707729,0.0066994537504579,91.0,0.3634,22.28,up,True,ALLOGRAFT_REJECTION;IL6_JAK_STAT3_SIGNALING;INFLAMMATORY_RESPONSE;TNFA_SIGNALING_VIA_NFKB,False,False,1.142,2.173960606677261,0.2699999999999999,1,-0.0661720033098071,970
SLC8A3,2,-1.056,0.109,-9.73,2.18775686987579e-22,5.5666522355350305e-21,0.0,0.0,0.09,down,False,,False,False,1.056,20.254405909446742,2.0,0,-0.06623658398738147,971
CCKBR,2,-2.422,0.443,-5.46,4.6792332069468e-08,3.29531197778031e-07,81.8,0.325,5.49,down,False,,False,False,2.422,6.4821034630685705,0.3640000000000001,0,-0.06646321044731324,972
PCDHB11,2,-1.222,0.118,-10.35,4.20610330068699e-25,1.28037285001017e-23,24.2,0.009,1.32,down,False,,False,False,1.222,22.892663543537417,1.516,0,-0.066498607485174,973
LINC00989,2,-1.599,0.222,-7.21,5.71272884562099e-13,7.14365756127893e-12,21.1,0.0322,1.27,down,False,,False,False,1.599,11.146079371982248,1.5779999999999998,0,-0.06837281312288963,974
CDKN2A,3,1.056,0.43,2.46,0.0140492597409079,0.030075999798608,84.9,0.404,13.21,up,True,ALLOGRAFT_REJECTION,False,False,1.056,1.5217799267544903,0.45299999999999974,1,-0.06990361656211086,975
IFITM3,3,1.222,0.457,2.67,0.007476194747344,0.0176867350015741,95.8,0.5616,47.21,up,True,INTERFERON_GAMMA_RESPONSE,False,False,1.222,1.7523523311191933,0.1260000000000001,1,-0.07045416794869541,976
KIAA1683,2,-1.741,0.189,-9.19,3.93410459895762e-20,8.67170005244812e-19,57.8,0.0445,2.37,down,False,,False,False,1.741,18.06189575246384,0.8440000000000001,0,-0.07106173673339064,977
PSMB10,3,1.065,0.245,4.34,1.4450838451456e-05,6.7859514004039e-05,91.5,0.1461,23.49,up,True,ALLOGRAFT_REJECTION;INTERFERON_GAMMA_RESPONSE,False,False,1.065,4.168389255008023,0.2549999999999999,1,-0.07120787304078047,978
ACVR2B-AS1,2,-1.05,0.109,-9.65,4.97720978426573e-22,1.23554086786719e-20,0.0,0.0,0.2,down,False,,False,False,1.05,19.908142884907253,2.0,0,-0.07258546552435491,979
TPX2,3,1.085,0.256,4.24,2.26650735456737e-05,0.0001026042751171,92.6,0.1449,27.17,up,False,,True,False,1.085,3.9888345435021204,0.2220000000000002,1,-0.0726303679968634,980
MIR675,3,-2.548,0.997,-2.56,0.0105720022823552,0.0237027106050813,86.4,2.4327,14.72,down,False,,False,False,2.548,1.625201985909076,0.4079999999999997,0,-0.07419756976988086,981
RP11-510N19.5,2,2.523,0.615,4.1,4.12472225589129e-05,0.0001763378854725,84.3,0.6511,6.35,up,False,,False,False,2.523,3.753654371285215,0.31400000000000006,0,-0.0742649477504132,982
FAM41C,2,-1.187,0.138,-8.61,7.16108822626934e-18,1.34970945482077e-16,0.0,0.0,0.2,down,False,,False,False,1.187,15.86975970983715,2.0,0,-0.07464370370810222,983
CLDN16,3,-1.935,0.239,-8.08,6.51213914258112e-16,1.0506041708386e-14,75.6,0.1046,8.19,down,False,,False,False,1.935,13.97856087940518,0.7320000000000003,0,-0.07478390619971714,984
LINC01805,2,-2.093,0.235,-8.9,5.72336189178661e-19,1.16705730422328e-17,88.0,0.0976,8.33,down,False,,False,False,2.093,16.932907818935814,0.24,0,-0.07543309227756556,985
AOC3,3,-1.039,0.122,-8.48,2.1746307504133e-17,3.93095994103668e-16,23.3,0.0139,2.61,down,False,,False,False,1.039,15.405501381892291,2.301,0,-0.07556907565202606,986
OTOGL,2,-2.539,0.707,-3.59,0.0003288040492927,0.0011457240235032,83.5,0.8464,6.04,down,False,,False,False,2.539,2.940919980539303,0.33000000000000007,0,-0.07571303502063521,987
ACTC1,2,-2.301,0.527,-4.36,1.27202246539609e-05,6.02281025332872e-05,65.6,0.393,2.91,down,False,,False,False,2.301,4.2202008189198015,0.6880000000000002,0,-0.07582535188188219,988
FOXD3,2,-1.144,0.128,-8.91,5.039858826763499e-19,1.03217896129227e-17,0.0,0.0,0.34,down,False,,False,False,1.144,16.986244997317794,2.0,0,-0.07585675416364726,989
FOXO6,2,-1.943,0.232,-8.39,4.77280013116382e-17,8.36276034958188e-16,68.1,0.0763,3.13,down,False,,False,False,1.943,15.077650348551268,0.6380000000000001,0,-0.07604390676178088,990
DOC2GP,2,-1.193,0.14,-8.5,1.91616561094334e-17,3.47447875961059e-16,0.0,0.0,0.04,down,False,,False,False,1.193,15.459110338931174,2.0,0,-0.07761145284094181,991
ADAM23,3,2.594,0.671,3.86,0.000111250421741,0.0004326733880272,93.9,1.0718,32.99,up,False,,False,False,2.594,3.363839815659509,0.18299999999999983,0,-0.07885599891929951,992
CH17-360D5.1,2,-2.396,0.429,-5.58,2.40642771135953e-08,1.76634022924584e-07,83.7,0.3115,6.13,down,False,,False,False,2.396,6.752925639686799,0.32599999999999985,0,-0.0792757347545588,993
CDHR5,2,-1.375,0.164,-8.36,6.13541492487833e-17,1.0654594063536901e-15,15.9,0.0102,1.19,down,False,,False,False,1.375,14.972463092108793,1.682,0,-0.07974289220200462,994
RP5-1024N4.4,2,-1.089,0.118,-9.21,3.3946462402367205e-20,7.510895447797861e-19,0.0,0.0,0.04,down,False,,False,False,1.089,18.124308283387982,2.0,0,-0.08097785343825417,995
RP4-742C19.13,3,-1.05,0.095,-11.1,1.2213866882897899e-28,4.52396218135692e-27,49.0,0.012,3.92,down,False,,False,False,1.05,26.344481034271926,1.53,0,-0.08121645231805277,996
FAM153B,2,-2.287,0.387,-5.91,3.4331023873126603e-09,2.82281326956804e-08,76.8,0.2353,4.31,down,False,,False,False,2.287,7.549317849688155,0.46399999999999997,0,-0.0815883104586259,997
LINC01698,2,-2.443,0.733,-3.33,0.0008612640399237,0.0026971678810134,75.0,0.8203,4.01,down,False,,False,False,2.443,2.5690920207222625,0.5,0,-0.08190190910754194,998
PPP1R1B,2,-2.686,0.949,-2.83,0.0046521821847905,0.0117440885111357,95.7,1.7243,23.1,down,False,,False,False,2.686,1.9301806842882765,0.08599999999999985,0,-0.08263616434997445,999
RP11-141C7.2,2,-1.108,0.123,-9.02,1.91674102990807e-19,4.02773705288312e-18,0.0,0.0,0.0,down,False,,False,False,1.108,17.394938889709636,2.0,0,-0.08334719095859455,1000
PRDM1,3,1.162,0.361,3.22,0.0012929896162189,0.0038744999905361,95.9,0.2936,48.57,up,False,,True,False,1.162,2.4117843358318143,0.12299999999999978,1,-0.08376640117047862,1001
AC007381.3,2,-1.188,0.141,-8.4,4.53817878409766e-17,7.963585244148579e-16,0.0,0.0,0.9,down,False,,False,False,1.188,15.098891366784779,2.0,0,-0.08378431049322524,1002
APOBEC3B-AS1,3,1.659,0.218,7.61,2.64346577647633e-14,3.7345136005754e-13,56.7,0.0764,4.62,up,False,,False,False,1.659,12.427765954582707,1.299,0,-0.08388035738473122,1003
CHRM1,2,-2.615,0.637,-4.11,4.03550083350234e-05,0.0001728898957017,95.5,0.7759,22.43,down,False,,False,False,2.615,3.762230387693254,0.09000000000000008,0,-0.08403233918223432,1004
MAP6,3,-1.536,0.188,-8.15,3.54370746031494e-16,5.81729648937675e-15,53.1,0.0534,4.27,down,False,,False,False,1.536,14.235278801008429,1.407,0,-0.0842242870056602,1005
RP11-543C4.1,2,-1.109,0.124,-8.91,5.0638471649023105e-19,1.0361852996783101e-17,0.0,0.0,0.2,down,False,,False,False,1.109,16.984562573324595,2.0,0,-0.08805059854856459,1006
IGFBP6,3,-1.547,0.215,-7.2,5.85503732466123e-13,7.30210808380366e-12,47.7,0.0654,3.82,down,False,,False,False,1.547,11.136551743030758,1.5689999999999997,0,-0.0882582013078861,1007
C1QB,2,1.002,0.104,9.66,4.54873668554767e-22,1.1339869762724701e-20,0.0,0.0,0.42,up,False,,False,False,1.002,19.94539193324336,2.0,0,-0.08882156337956831,1008
LDLR,3,1.002,0.267,3.76,0.0001728345366663,0.0006456884246445,88.7,0.1654,17.75,up,True,INFLAMMATORY_RESPONSE;TNFA_SIGNALING_VIA_NFKB,False,False,1.002,3.189976999188214,0.33899999999999997,1,-0.08946093969894264,1009
ALKAL2,2,-1.148,0.134,-8.58,9.55968831976601e-18,1.78312943328608e-16,0.0,0.0,0.86,down,False,,False,False,1.148,15.748817131237594,2.0,0,-0.08969670472195473,1010
MUSK,2,-1.228,0.156,-7.89,2.98703923447076e-15,4.5671849405438304e-14,0.0,0.0,0.17,down,False,,False,False,1.228,13.340351402005554,2.0,0,-0.09151754965866504,1011
CARD11,3,1.14,0.125,9.15,5.81300226865162e-20,1.2611359602119199e-18,37.9,0.0186,3.22,up,False,,False,False,1.14,17.899238090598345,1.863,0,-0.09161873048545432,1012
SIGLEC9,2,1.051,0.114,9.24,2.43384850008171e-20,5.44163892439472e-19,0.0,0.0,0.49,up,False,,False,False,1.051,18.264270278863762,2.0,0,-0.09247164648741679,1013
RP11-161M6.2,2,-1.042,0.112,-9.3,1.3433287008432501e-20,3.04709123624414e-19,0.0,0.0,0.23,down,False,,False,False,1.042,18.516114541903296,2.0,0,-0.09250199827256725,1014
C12orf56,3,1.998,0.253,7.9,2.86140446926814e-15,4.38942445747693e-14,81.4,0.1233,10.77,up,False,,False,False,1.998,13.357592420834925,0.5579999999999998,0,-0.09304031855578988,1015
WNT3A,2,-1.055,0.276,-3.82,0.0001353318647498,0.0005157062708659,89.3,0.1365,9.35,down,False,,True,False,1.055,3.287597587643316,0.21399999999999997,1,-0.09319121074503722,1016
SLITRK5,2,-2.595,0.908,-2.86,0.0042591398467794,0.0108876872399951,90.2,1.4985,10.16,down,False,,False,False,2.595,1.963064363180842,0.19599999999999995,0,-0.09331995445808988,1017
MMP25,3,1.016,0.12,8.44,3.18206626443387e-17,5.66025753678817e-16,24.7,0.0128,2.66,up,False,,False,False,1.016,15.2471638083415,2.259,0,-0.09336829480275002,1018
SMIM10L2A,3,-1.451,0.143,-10.12,4.65975184880426e-24,1.32218340640799e-22,66.3,0.0372,5.94,down,False,,False,False,1.451,21.878708297599093,1.0110000000000001,0,-0.0937284880492684,1019
RP4-545K15.5,2,-1.112,0.127,-8.75,2.1434881436128002e-18,4.21349401198297e-17,0.0,0.0,0.81,down,False,,False,False,1.112,16.37535761894094,2.0,0,-0.0945057264900031,1020
RP11-87H9.5,2,-1.115,0.128,-8.72,2.8874392961485797e-18,5.61395901026098e-17,0.0,0.0,0.31,down,False,,False,False,1.115,16.250730762646086,2.0,0,-0.09499631322728183,1021
LINC01336,3,2.046,0.29,7.06,1.7211238906489698e-12,2.05455324610921e-11,79.0,0.1635,9.51,up,False,,False,False,2.046,10.687282599015514,0.6299999999999999,0,-0.09575534979218703,1022
NT5C3AP1,3,1.471,0.165,8.94,3.8669622750827904e-19,8.010771672337439e-18,57.5,0.043,4.7,up,False,,False,False,1.471,17.09632564660042,1.2750000000000001,0,-0.09628961306572088,1023
TPBG,3,1.174,0.409,2.87,0.0040673513810406,0.0104663766603034,98.1,0.4768,106.78,up,True,INFLAMMATORY_RESPONSE,False,False,1.174,1.980203640077165,0.05700000000000005,1,-0.09724192915127094,1024
CCL18,2,2.5,0.701,3.56,0.0003645289821444,0.0012550755909721,85.6,0.8475,6.95,up,False,,False,False,2.5,2.9013301166104837,0.28800000000000003,0,-0.0976154827361568,1025
DDX60,3,1.043,0.361,2.89,0.0038958550018549,0.0101016913755453,90.2,0.268,20.49,up,True,INTERFERON_GAMMA_RESPONSE,False,False,1.043,1.995605904081947,0.29399999999999993,1,-0.09831373885785233,1026
CCER2,2,-2.096,0.395,-5.31,1.08226685229087e-07,7.22200249295237e-07,58.9,0.2016,2.43,down,False,,False,False,2.096,6.141342365995696,0.8220000000000001,0,-0.09843055864001266,1027
KRT18P28,2,-1.277,0.176,-7.26,3.90625765220216e-13,4.97235374553564e-12,0.0,0.0,0.76,down,False,,False,False,1.277,11.303437982148415,2.0,0,-0.09954697771351248,1028
H19,3,-2.606,1.142,-2.28,0.0225162554570078,0.044702147739216,94.0,3.4302,33.13,down,False,,False,False,2.606,1.3496716104501119,0.18000000000000016,0,-0.10003497699923042,1029
MEGF10,2,-1.189,0.145,-8.18,2.90495363821506e-16,4.79901621150151e-15,1.9,0.0014,1.02,down,False,,False,False,1.189,14.318847782979903,1.962,0,-0.10014095338961174,1030
ATP2B2,2,-2.286,0.407,-5.62,1.89231580369299e-08,1.40536867540131e-07,79.4,0.269,4.86,down,False,,False,False,2.286,6.852209730784548,0.4119999999999999,0,-0.10023666261528422,1031
SFTPC,2,-1.976,0.295,-6.71,1.9953076339050898e-11,2.14848925492568e-10,60.0,0.1104,2.5,down,False,,False,False,1.976,9.667866813978288,0.8,0,-0.10087230693905463,1032
NRAP,2,2.599,0.841,3.09,0.0019968438066281,0.0056680146319095,93.6,1.3261,15.58,up,False,,False,False,2.599,2.2465690372973093,0.1280000000000001,0,-0.10114996780925584,1033
ADSSL1,3,-1.053,0.107,-9.8,1.14046296728075e-22,2.95648921385107e-21,40.1,0.0144,3.34,down,False,,False,False,1.053,20.529223701096978,1.797,0,-0.1018428483171851,1034
BCO1,2,-1.55,0.184,-8.43,3.49294393318527e-17,6.17570426978353e-16,39.7,0.0306,1.66,down,False,,False,False,1.55,15.20931350883103,1.206,0,-0.10493756537303014,1035
RP11-968O1.5,2,-1.081,0.123,-8.76,2.0102802449255e-18,3.96450296996302e-17,0.0,0.0,0.22,down,False,,False,False,1.081,16.401811252465638,2.0,0,-0.10496203619695593,1036
NEU2,2,2.251,0.327,6.89,5.4169391790528494e-12,6.179587195051069e-11,88.5,0.1889,8.73,up,False,,False,False,2.251,10.209040535412694,0.22999999999999998,0,-0.10511158600788777,1037
STXBP6,3,-1.501,0.161,-9.33,1.08807431499561e-20,2.4873761366926e-19,64.3,0.0422,5.61,down,False,,False,False,1.501,18.604258536507967,1.071,0,-0.10542719158643832,1038
CTD-2262B20.1,3,2.35,0.456,5.16,2.51795822607134e-07,1.60170880744848e-06,89.2,0.4439,18.44,up,False,,False,False,2.35,5.795416436324934,0.32399999999999995,0,-0.10743428345162778,1039
RP11-96H19.1,3,-1.151,0.14,-8.22,2.0637087706255e-16,3.4506684722551703e-15,33.9,0.0212,3.03,down,False,,False,False,1.151,14.46209676414709,1.983,0,-0.10766889014778006,1040
RP11-74C13.4,3,-1.578,0.185,-8.53,1.51966550859551e-17,2.78573609167677e-16,62.9,0.0597,5.39,down,False,,False,False,1.578,15.555060029102775,1.113,0,-0.10832725990400369,1041
CCDC162P,2,-1.154,0.143,-8.1,5.61056362938912e-16,9.095407479249999e-15,0.0,0.0,0.44,down,False,,False,False,1.154,14.04117783953336,2.0,0,-0.1086287532205564,1042
TRHDE-AS1,3,-2.161,0.603,-3.58,0.0003406813437121,0.0011832358419819,71.4,0.7245,6.98,down,False,,False,False,2.161,2.926928683383038,0.8579999999999998,0,-0.10865940479918557,1043
SOX6,3,-1.003,0.3,-3.34,0.0008315203202167,0.0026168458595406,91.2,0.1959,22.82,down,False,,True,False,1.003,2.582221857918955,0.2639999999999999,1,-0.11061310743916453,1044
OTUB2,3,1.16,0.109,10.63,2.2349268346763499e-26,7.3171191990124e-25,56.3,0.0173,4.58,up,False,,False,False,1.16,24.135659870065464,1.3110000000000002,0,-0.11108209963052196,1045
HAS1,3,-2.55,1.01,-2.52,0.0115990433171844,0.0255887291501243,93.1,2.6421,28.98,down,False,,False,False,2.55,1.5919512825689925,0.20700000000000018,0,-0.11148289936402161,1046
ANKDD1B,2,-1.969,0.263,-7.49,6.786576246307999e-14,9.18837266337906e-13,70.1,0.0978,3.34,down,False,,False,False,1.969,12.036761398939896,0.5980000000000001,0,-0.1119074362537595,1047
NXPH3,3,-1.28,0.176,-7.26,3.83376749517259e-13,4.88539266709282e-12,36.0,0.039,3.13,down,False,,False,False,1.28,11.31110052379821,1.92,0,-0.1133631457924626,1048
CNTN4,2,-2.578,0.833,-3.1,0.0019662204300372,0.0055932985838791,95.3,1.3243,21.37,down,False,,False,False,2.578,2.252331996357452,0.09400000000000008,0,-0.1147383203797922,1049
GPR171,2,1.095,0.13,8.41,4.02856014549492e-17,7.09056875533012e-16,0.0,0.0,0.14,up,False,,False,False,1.095,15.149318927384694,2.0,0,-0.11550937229760888,1050
TAP2,3,1.023,0.256,4.0,6.32390600607769e-05,0.0002592579959654,95.6,0.1826,45.12,up,True,ALLOGRAFT_REJECTION,False,False,1.023,3.58626784033873,0.13200000000000012,1,-0.11597242662074636,1051
SLC52A3,3,1.968,0.273,7.21,5.59420073838521e-13,7.00292219705131e-12,79.2,0.1371,9.6,up,False,,False,False,1.968,11.154720698666859,0.6239999999999999,0,-0.11825202522209029,1052
RBFADN,3,-1.055,0.135,-7.8,6.367071376589921e-15,9.499475707749751e-14,27.2,0.016,2.75,down,False,,False,False,1.055,13.02230036350216,2.184,0,-0.1212084652744071,1053
TCEAL7,3,-1.492,0.249,-5.99,2.1109478388088603e-09,1.78781396377267e-08,43.2,0.0874,3.52,down,False,,False,False,1.492,7.747677674975488,1.7039999999999997,0,-0.12386545305074861,1054
KRT18P11,2,-1.168,0.154,-7.6,2.98245631245542e-14,4.19065545127664e-13,0.0,0.0,0.85,down,False,,False,False,1.168,12.377718044668548,2.0,0,-0.12423457714136255,1055
VSNL1,3,1.562,0.167,9.36,8.08934990510483e-21,1.86673702762636e-19,71.9,0.0502,7.11,up,False,,False,False,1.562,18.72891685799883,0.8429999999999997,0,-0.12529537235833527,1056
LINC01534,2,-1.154,0.115,-10.02,1.2303610682868501e-23,3.3924054472940797e-22,29.1,0.0097,1.41,down,False,,False,False,1.154,21.469492248101737,1.418,0,-0.12598522584089827,1057
RP11-903H12.3,3,-1.433,0.147,-9.71,2.63051193591695e-22,6.65704366571674e-21,67.3,0.0368,6.12,down,False,,False,False,1.433,20.176718594360086,0.9810000000000002,0,-0.1265460014191903,1058
STUM,2,-2.524,0.653,-3.87,0.0001107524580498,0.0004310948271516,97.2,0.829,36.18,down,False,,False,False,2.524,3.3654271883569544,0.05600000000000005,0,-0.12692204185828332,1059
PYDC1,2,1.088,0.114,9.57,1.0881180408574201e-21,2.63410084988949e-20,17.0,0.0044,1.2,up,False,,False,False,1.088,19.57936760154126,1.66,0,-0.12696978186111818,1060
RP11-832A4.7,2,2.569,0.906,2.83,0.0045925010451795,0.0116059437511183,97.2,1.5975,35.99,up,False,,False,False,2.569,1.9353195385998645,0.05600000000000005,0,-0.1288736767667292,1061
CTD-2017D11.1,3,-1.611,0.222,-7.27,3.60259930653125e-13,4.60334318594923e-12,59.5,0.0823,4.94,down,False,,False,False,1.611,11.336926646611964,1.215,0,-0.12970338145148877,1062
UBE2T,3,1.323,0.135,9.8,1.17538227555552e-22,3.0402788606054403e-21,61.8,0.0295,5.24,up,False,,False,False,1.323,20.51708658018471,1.146,0,-0.1297725204102238,1063
RP6-24A23.7,2,-2.113,0.36,-5.87,4.459376884326361e-09,3.61584875251803e-08,73.2,0.1933,3.73,down,False,,False,False,2.113,7.4417897439379885,0.536,0,-0.12997121415853335,1064
ASIC2,2,-2.233,0.475,-4.7,2.59417218280144e-06,1.39441966997012e-05,76.1,0.3532,4.18,down,False,,False,False,2.233,4.855606499607737,0.4780000000000002,0,-0.13090895531370805,1065
CXCR4,2,2.491,0.608,4.1,4.16773986278883e-05,0.0001779690303685,97.1,0.7183,35.02,up,False,,False,False,2.491,3.749655565726264,0.05800000000000005,0,-0.13329635903948323,1066
ZIC2,2,1.052,0.126,8.33,7.81962155319691e-17,1.3499227207875101e-15,0.0,0.0,0.06,up,False,,False,False,1.052,14.869691092909582,2.0,0,-0.13390680288592532,1067
ADGRE4P,2,-1.365,0.182,-7.51,5.998153218366881e-14,8.17292017978756e-13,20.1,0.0161,1.25,down,False,,False,False,1.365,12.087622742564998,1.5979999999999999,0,-0.13443124403551512,1068
CTD-2620I22.1,2,-1.209,0.174,-6.96,3.51320334124142e-12,4.07939370114685e-11,0.0,0.0,0.03,down,False,,False,False,1.209,10.389404379021075,2.0,0,-0.1344482349790364,1069
PCDHB3,2,-1.08,0.105,-10.3,7.0056757352913905e-25,2.09771470784268e-23,28.7,0.0081,1.4,down,False,,False,False,1.08,22.67825357678813,1.4260000000000002,0,-0.13534900613935347,1070
RP11-138I1.3,2,1.127,0.147,7.66,1.81279626227777e-14,2.60501827524004e-13,0.0,0.0,0.05,up,False,,False,False,1.127,12.584189225605122,2.0,0,-0.13595313819946114,1071
FSCN1,3,1.019,0.379,2.69,0.007232159845574,0.0171997998399921,95.0,0.3873,39.84,up,False,,True,False,1.019,1.7644766070978426,0.15000000000000013,1,-0.1364229528500337,1072
SCARA5,2,-2.551,0.912,-2.8,0.0051744121379854,0.0128969137285031,97.4,1.6225,38.64,down,False,,False,False,2.551,1.8895142052854803,0.051999999999999824,0,-0.13644564694505482,1073
BTBD16,3,-1.973,0.309,-6.38,1.71966906831305e-10,1.6614004630681e-09,77.8,0.2037,9.0,down,False,,False,False,1.973,8.779525672823537,0.6659999999999999,0,-0.13789784587245946,1074
AZGP1P1,2,1.387,0.133,10.45,1.44097654213362e-25,4.49158720037363e-24,60.2,0.0213,2.51,up,False,,False,False,1.387,23.347600164440372,0.796,0,-0.13809633762345797,1075
WEE2,2,-1.082,0.136,-7.95,1.81586754393891e-15,2.8338428890710602e-14,0.0,0.0,0.0,down,False,,False,False,1.082,13.547624231117805,2.0,0,-0.13974565108974618,1076
AQP7,2,-2.351,0.687,-3.42,0.000618744153242,0.0020108353058227,82.6,0.7958,5.75,down,False,,False,False,2.351,2.696623498125995,0.3480000000000001,0,-0.14074251788212155,1077
RP11-1000B6.7,2,-1.133,0.151,-7.49,7.0010122758116e-14,9.46774675704643e-13,0.0,0.0,0.06,down,False,,False,False,1.133,12.023753367080957,2.0,0,-0.1407645688374053,1078
SFRP5,2,-1.984,0.353,-5.63,1.84540189992369e-08,1.37357752226752e-07,62.9,0.1703,2.69,down,False,,False,False,1.984,6.862146824745113,0.742,0,-0.14346630153751536,1079
BIK,3,1.362,0.156,8.71,3.00024032638157e-18,5.81395908942601e-17,57.3,0.0407,4.68,up,False,,False,False,1.362,16.23552802851658,1.2810000000000001,0,-0.1436740199236558,1080
WDR17,3,-1.21,0.172,-7.03,2.11217022550422e-12,2.50602092290057e-11,35.7,0.0344,3.11,down,False,,False,False,1.21,10.601015307379248,1.929,0,-0.14476735181238293,1081
RNF224,2,1.417,0.162,8.77,1.80481448029166e-18,3.56831943996178e-17,42.5,0.0229,1.74,up,False,,False,False,1.417,16.44753627402606,1.15,0,-0.146422258556023,1082
SCN3B,3,-1.054,0.115,-9.13,7.00302692679096e-20,1.5095198649102199e-18,42.8,0.0177,3.5,down,False,,False,False,1.054,17.821161167394692,1.7160000000000002,0,-0.14996867585997437,1083
FGF22,2,-1.399,0.153,-9.15,5.80719179030993e-20,1.2610440873781598e-18,46.7,0.0221,1.88,down,False,,False,False,1.399,17.899269729786667,1.0659999999999998,0,-0.15051532328747608,1084
FGFBP2,2,-2.413,0.644,-3.74,0.0001804981070648,0.0006708923766721,92.8,0.7718,13.81,down,False,,False,False,2.413,3.173347142969936,0.14400000000000013,0,-0.1514432488306801,1085
KBTBD12,2,-1.742,0.282,-6.18,6.458786194505051e-10,5.87844969001433e-09,47.1,0.0916,1.89,down,False,,False,False,1.742,8.230737194305998,1.0579999999999998,0,-0.15172134231987097,1086
KRT2,3,-1.303,0.236,-5.52,3.36784952933072e-08,2.41760164465203e-07,34.0,0.0573,3.03,down,False,,False,False,1.303,6.6166152575620245,1.9799999999999998,0,-0.15193138845225868,1087
RP11-365O16.6,3,-1.1,0.114,-9.66,4.42313113664441e-22,1.10620808523193e-20,50.7,0.018,4.06,down,False,,False,False,1.1,19.956163171613753,1.479,0,-0.15199144959822225,1088
SLC9A4,2,-2.091,0.411,-5.09,3.61032487965634e-07,2.24592333531425e-06,71.2,0.2555,3.48,down,False,,False,False,2.091,5.648605072481612,0.5759999999999998,0,-0.15221777844222778,1089
CTD-2619J13.3,2,-1.019,0.125,-8.18,2.95005808159303e-16,4.86666029823899e-15,0.0,0.0,0.69,down,False,,False,False,1.019,14.312768967245118,2.0,0,-0.1522393353438784,1090
FXYD6-FXYD2,2,-1.595,0.189,-8.43,3.47017899425398e-17,6.14009222044531e-16,56.6,0.0454,2.31,down,False,,False,False,1.595,15.211825105971252,0.8679999999999999,0,-0.15243568621382847,1091
RP11-643A5.3,2,-1.212,0.19,-6.39,1.62367814392078e-10,1.57581598967834e-09,0.0,0.0,0.51,down,False,,False,False,1.212,8.802494497083142,2.0,0,-0.15293766935922565,1092
CALML3-AS1,3,1.676,0.198,8.45,2.79429846741555e-17,4.99326204761302e-16,76.4,0.0707,8.46,up,False,,False,False,1.676,15.30161564146622,0.708,0,-0.15306615601634002,1093
SMIM25,3,2.005,0.418,4.8,1.57430574083608e-06,8.7640720778197e-06,74.4,0.3654,7.83,up,False,,False,False,2.005,5.057294059355212,0.7679999999999997,0,-0.15351785008458502,1094
CCND1,3,-1.011,0.365,-2.77,0.0055514155481968,0.013721157910225,97.9,0.3855,93.98,down,False,,True,False,1.011,1.8626092375503878,0.06299999999999972,1,-0.15425985758533933,1095
C16orf59,3,1.337,0.168,7.97,1.5516050613058601e-15,2.432787868728e-14,51.9,0.0418,4.16,up,False,,False,False,1.337,13.613895758499252,1.443,0,-0.15435644283292937,1096
AURKB,3,1.489,0.168,8.88,6.553513035422499e-19,1.33285131751699e-17,68.5,0.0489,6.34,up,False,,False,False,1.489,16.875218294384617,0.9449999999999998,0,-0.15443551451780407,1097
RP11-32B5.7,2,-1.426,0.244,-5.85,4.799819758520411e-09,3.8771214881713e-08,16.0,0.0249,1.19,down,False,,False,False,1.426,7.411490590322227,1.68,0,-0.15544471426473233,1098
CTSC,3,1.017,0.413,2.46,0.0138143832662308,0.0296815876896922,97.8,0.4837,89.76,up,True,COMPLEMENT,False,False,1.017,1.527512872044278,0.06600000000000006,1,-0.15573687404230707,1099
CD1A,2,-1.028,0.1,-10.29,7.7949524382221e-25,2.31857740313013e-23,29.2,0.0067,1.41,down,False,,False,False,1.028,22.634778401087488,1.416,0,-0.15583916922619484,1100
PRKCQ-AS1,3,2.408,0.713,3.38,0.0007365427364638,0.0023512129764025,94.6,1.4229,36.98,up,False,,False,False,2.408,2.6287080300468553,0.16200000000000014,0,-0.15652145771589138,1101
CAMSAP3,3,-1.101,0.113,-9.76,1.6658831161736798e-22,4.26659276438838e-21,52.5,0.0182,4.21,down,False,,False,False,1.101,20.369918807484986,1.4249999999999998,0,-0.15664471883380654,1102
TRG-AS1,2,2.437,0.802,3.04,0.0023949121352346,0.0066377573021201,93.2,1.2039,14.66,up,False,,False,False,2.437,2.1779786308483113,0.1359999999999999,0,-0.15684306798386113,1103
RBPJP7,2,-2.466,0.974,-2.53,0.0113539286168313,0.0251261216667994,94.0,1.7878,16.54,down,False,,False,False,2.466,1.599874541598194,0.1200000000000001,0,-0.15686326199546252,1104
TM4SF19,3,1.528,0.243,6.29,3.22505595779676e-10,3.0246528411884804e-09,53.1,0.0888,4.26,up,False,,False,False,1.528,8.519324464915059,1.407,0,-0.15736285940287342,1105
ABCA9,2,-1.112,0.124,-8.94,3.95952698755183e-19,8.18803597628981e-18,19.3,0.0081,1.24,down,False,,False,False,1.112,17.0868202578183,1.6139999999999999,0,-0.15790107227329261,1106
CTD-2554C21.2,2,-2.387,0.615,-3.88,0.0001028046606408,0.000403310591745,93.1,0.7052,14.55,down,False,,False,False,2.387,3.3943603723985185,0.13800000000000012,0,-0.15888729968985302,1107
KRT16,3,2.483,0.983,2.53,0.0115511650081074,0.0254975220815452,97.5,2.7042,81.3,up,False,,False,False,2.483,1.5935020234327602,0.07500000000000007,0,-0.15944060004025906,1108
PRKAA2,3,-1.205,0.175,-6.89,5.6804409111069395e-12,6.47072706998065e-11,37.3,0.0372,3.19,down,False,,False,False,1.205,10.189046917980466,1.881,0,-0.1605495166254561,1109
MLC1,2,-2.389,0.632,-3.78,0.0001554411643241,0.0005854742100826,93.2,0.7456,14.77,down,False,,False,False,2.389,3.2324922306778676,0.1359999999999999,0,-0.1605579306515074,1110
GPR84,2,2.126,0.418,5.09,3.6190630755412e-07,2.25076109286249e-06,76.7,0.2726,4.29,up,False,,False,False,2.126,5.647670600760434,0.46599999999999997,0,-0.1606177515644045,1111
GBP1P1,3,1.861,0.283,6.58,4.7593859256420004e-11,4.91887263281914e-10,76.1,0.1553,8.38,up,False,,False,False,1.861,9.308134422730355,0.7170000000000003,0,-0.16081226943573393,1112
FRG2DP,2,-1.323,0.276,-4.78,1.71233454823093e-06,9.48285768619302e-06,0.0,0.0,0.91,down,False,,False,False,1.323,5.023060767058056,2.0,0,-0.16085146955738755,1113
DRGX,2,-1.611,0.286,-5.63,1.75554761024003e-08,1.31086488064143e-07,33.0,0.0649,1.49,down,False,,False,False,1.611,6.882442071556344,1.3399999999999999,0,-0.16116696917563766,1114
FOXL2NB,2,-1.24,0.213,-5.82,5.82159717066693e-09,4.61958536163194e-08,0.0,0.0,0.98,down,False,,False,False,1.24,7.335397003499385,2.0,0,-0.1612572682852551,1115
PADI2,2,-1.027,0.13,-7.88,3.2224690005474804e-15,4.9111182834515505e-14,0.0,0.0,0.24,down,False,,False,False,1.027,13.308819605833436,2.0,0,-0.16181424638687214,1116
TPRXL,3,1.343,0.165,8.14,3.8850018226151e-16,6.35527656642885e-15,55.0,0.0417,4.44,up,False,,False,False,1.343,14.196865545242087,1.3499999999999999,0,-0.16247790552535973,1117
C9orf106,2,-1.574,0.24,-6.55,5.93162407952495e-11,6.06082008195546e-10,37.9,0.0496,1.61,down,False,,False,False,1.574,9.217468608016668,1.242,0,-0.1636130229892906,1118
RP11-38L15.3,2,-1.112,0.131,-8.46,2.68693909680043e-17,4.8087582046637e-16,15.2,0.0064,1.18,down,False,,False,False,1.112,15.317967059694823,1.696,0,-0.16434566625837038,1119
SLC1A6,3,-1.727,0.297,-5.81,6.3223871471625e-09,4.99833707287831e-08,64.1,0.1446,5.57,down,False,,False,False,1.727,7.301174459703182,1.0770000000000004,0,-0.16482858744304696,1120
HIF3A,2,-2.207,0.464,-4.75,1.99668235207238e-06,1.09206395279585e-05,83.6,0.367,6.11,down,False,,False,False,2.207,4.961751927992937,0.32800000000000007,0,-0.16668389557089747,1121
RP11-599B13.9,2,2.217,0.363,6.1,1.03430559913517e-09,9.14007541342212e-09,94.7,0.25,18.94,up,False,,False,False,2.217,8.039050220951292,0.10599999999999987,0,-0.1668252825472713,1122
HS3ST3A1,3,2.373,0.763,3.11,0.0018744042694149,0.0053653618907721,93.5,1.5688,30.75,up,False,,False,False,2.373,2.2704009797810056,0.19499999999999984,0,-0.16693641645394083,1123
B4GALNT2,2,1.835,0.258,7.13,1.02882086861486e-12,1.2485053246970098e-11,68.7,0.0926,3.2,up,False,,False,False,1.835,10.903609601104705,0.6259999999999999,0,-0.16722695299394297,1124
PCDHA7,3,-1.073,0.14,-7.65,2.0329169703139e-14,2.91061488428612e-13,35.7,0.0236,3.11,down,False,,False,False,1.073,12.536015254091922,1.929,0,-0.16859909087514668,1125
RP11-568N6.1,2,1.07,0.1,10.67,1.35225722231246e-26,4.49006940668259e-25,42.2,0.0088,1.73,up,False,,False,False,1.07,24.347746945699065,1.156,0,-0.16874709966728238,1126
RP11-57H12.3,2,-2.103,0.44,-4.78,1.78807352525414e-06,9.86263269384405e-06,74.9,0.3006,3.98,down,False,,False,False,2.103,5.006007140657902,0.5019999999999998,0,-0.16978605029626326,1127
LINC00632,2,-1.767,0.297,-5.95,2.7328699146860502e-09,2.27502673658911e-08,52.4,0.1071,2.1,down,False,,False,False,1.767,7.643013495057469,0.952,0,-0.1700742899191338,1128
SYNPO2,3,-1.418,0.213,-6.67,2.5036530065167497e-11,2.6652120613711e-10,51.0,0.0644,4.08,down,False,,False,False,1.418,9.574268230007286,1.47,0,-0.170860074976386,1129
ERVFRD-1,2,-1.109,0.134,-8.26,1.44370276936285e-16,2.4418813676311504e-15,14.6,0.0053,1.17,down,False,,False,False,1.109,14.612275438931128,1.708,0,-0.1718321614819323,1130
SHROOM2,3,1.171,0.107,10.9,1.16519976255394e-27,4.05895256571804e-26,71.0,0.0223,6.9,up,False,,False,False,1.171,25.391586023964134,0.8700000000000001,0,-0.17423075146909586,1131
GBA,3,1.251,0.121,10.3,6.915527412156371e-25,2.07812042607405e-23,70.2,0.0256,6.71,up,False,,False,False,1.251,22.68232928889433,0.8939999999999998,0,-0.17526778306064122,1132
LYPD6,3,-1.186,0.18,-6.6,4.2497022451678595e-11,4.42139021587264e-10,37.1,0.0406,3.18,down,False,,False,False,1.186,9.354441154145997,1.887,0,-0.17630918559934558,1133
WISP2,3,-1.799,0.329,-5.46,4.73991576688399e-08,3.33303358927568e-07,69.1,0.1827,6.47,down,False,,False,False,1.799,6.477160309632727,0.9270000000000002,0,-0.1779678307834977,1134
SNTB1,3,-2.368,0.683,-3.47,0.0005223550177684,0.0017339490372862,96.3,1.1114,53.61,down,False,,False,False,2.368,2.7609636710758623,0.1110000000000001,0,-0.1783388225967861,1135
C7orf57,3,2.272,0.589,3.86,0.0001149642448179,0.0004453413878773,91.7,0.8803,24.13,up,False,,False,False,2.272,3.3513069417619494,0.2489999999999999,0,-0.1786661486895924,1136
KRT39,2,-1.888,0.411,-4.59,4.37255203266344e-06,2.25158536147423e-05,56.2,0.1956,2.29,down,False,,False,False,1.888,4.647511583538053,0.8759999999999999,0,-0.17906704691970693,1137
MANEA-AS1,2,-1.002,0.115,-8.74,2.30675600151059e-18,4.51495411700347e-17,12.3,0.0033,1.14,down,False,,False,False,1.002,16.34534665882411,1.754,0,-0.17911678021439503,1138
SAMSN1,2,1.948,0.263,7.42,1.20468186680115e-13,1.60047660726153e-12,85.4,0.1186,6.84,up,False,,False,False,1.948,11.795750669168383,0.2919999999999998,0,-0.17937650566073315,1139
ATP6V1B1,2,-2.304,0.741,-3.11,0.0018749555969237,0.0053662838450163,87.3,0.9696,7.85,down,False,,False,False,2.304,2.270326359419569,0.254,0,-0.17990730460058346,1140
SMPD3,3,1.463,0.173,8.44,3.2412920688499103e-17,5.7612305269329895e-16,67.9,0.0491,6.23,up,False,,False,False,1.463,15.23948474678842,0.9629999999999999,0,-0.18024759225261067,1141
RP5-965G21.4,2,-1.044,0.144,-7.26,3.95673169391017e-13,5.0311315710343894e-12,0.0,0.0,0.76,down,False,,False,False,1.044,11.298334325125643,2.0,0,-0.180648101834394,1142
FAM27E3,2,-1.271,0.273,-4.65,3.33097491855373e-06,1.75066887894981e-05,0.0,0.0,0.06,down,False,,False,False,1.271,4.756795988493145,2.0,0,-0.18221465283310484,1143
CALML3,3,1.847,0.271,6.8,1.0304118205610099e-11,1.14371314876779e-10,80.5,0.1389,10.25,up,False,,False,False,1.847,9.941682885969982,0.5849999999999999,0,-0.18255727472220426,1144
TPPP3,3,-1.175,0.182,-6.46,1.04486136267022e-10,1.0359661007516901e-09,36.9,0.0373,3.17,down,False,,False,False,1.175,8.984654455495566,1.893,0,-0.18356509092096046,1145
FBXO45,3,1.421,0.146,9.74,2.11336696453683e-22,5.38908575956891e-21,77.0,0.0406,8.71,up,False,,False,False,1.421,20.268484905175324,0.69,0,-0.18398491750529464,1146
GDPD2,3,-1.244,0.13,-9.57,1.11657210176508e-21,2.7001897035349902e-20,64.5,0.0269,5.64,down,False,,False,False,1.244,19.568605723135718,1.065,0,-0.1840644419299532,1147
ANKRD31,3,1.89,0.311,6.08,1.18353017812993e-09,1.04037769207073e-08,79.2,0.1912,9.64,up,False,,False,False,1.89,7.982808968581558,0.6239999999999999,0,-0.18442293462425186,1148
RP11-488P3.1,2,-1.112,0.172,-6.48,9.35911585808995e-11,9.32684304478619e-10,0.0,0.0,0.02,down,False,,False,False,1.112,9.030265331627497,2.0,0,-0.18491448777910574,1149
TGM4,2,-1.281,0.293,-4.37,1.2213209719933e-05,5.79799282770049e-05,0.0,0.0,0.44,down,False,,False,False,1.281,4.236722326216625,2.0,0,-0.18513806054669252,1150
C6orf223,3,2.104,0.557,3.77,0.0001607097747141,0.0006036673806615,82.2,0.7027,11.27,up,False,,False,False,2.104,3.219202290738294,0.5339999999999998,0,-0.18544998737124369,1151
EPHA7,2,-1.113,0.173,-6.43,1.28311721797942e-10,1.26097778991101e-09,0.0,0.0,0.91,down,False,,False,False,1.113,8.899292562756052,2.0,0,-0.18617879240857033,1152
CADM3-AS1,3,-1.931,0.345,-5.6,2.14499391864094e-08,1.58298116776374e-07,79.6,0.2183,9.79,down,False,,False,False,1.931,6.80052425177374,0.6120000000000002,0,-0.18695848375733126,1153
SCIN,3,-2.227,0.494,-4.51,6.56196737404902e-06,3.28295761920606e-05,92.9,0.506,28.3,down,False,,False,False,2.227,4.483734723686666,0.21299999999999986,0,-0.1871078281911949,1154
RP1-102E24.8,3,1.023,0.167,6.13,8.594986921295381e-10,7.67939117712227e-09,26.2,0.0239,2.71,up,False,,False,False,1.023,8.114673209512386,2.214,0,-0.18713713846897354,1155
ZNF536,2,-2.066,0.455,-4.54,5.70552163510974e-06,2.88032253517973e-05,74.8,0.3266,3.97,down,False,,False,False,2.066,4.540558877724883,0.504,0,-0.18801002376437698,1156
CNNM4,3,1.205,0.125,9.66,4.55908197258539e-22,1.13535691378991e-20,63.7,0.026,5.51,up,False,,False,False,1.205,19.944867591049782,1.089,0,-0.1885113186542244,1157
RP11-350J20.12,3,1.855,0.269,6.89,5.72034000324409e-12,6.51300774007494e-11,82.7,0.1487,11.56,up,False,,False,False,1.855,10.186218405708946,0.5189999999999998,0,-0.18910188596504382,1158
CYP27B1,3,1.459,0.21,6.93,4.08280022106022e-12,4.7034581877361595e-11,58.5,0.0696,4.82,up,False,,False,False,1.459,10.327582712363226,1.245,0,-0.18938560305265872,1159
ZNF662,3,1.102,0.103,10.69,1.14881447198124e-26,3.84179971065841e-25,67.5,0.0173,6.15,up,False,,False,False,1.102,24.415465280500676,0.9749999999999999,0,-0.1906170381432023,1160
KCNK2,2,-1.888,0.289,-6.54,6.3439430206225e-11,6.45675487694574e-10,74.6,0.1276,3.93,down,False,,False,False,1.888,9.189985700757015,0.508,0,-0.19194287838963137,1161
KRT18P29,2,-1.129,0.186,-6.08,1.20367420307889e-09,1.05689457688949e-08,0.0,0.0,0.62,down,False,,False,False,1.129,7.975968330534152,2.0,0,-0.19197887940812475,1162
BIRC7,2,-1.506,0.23,-6.55,5.6602635086604795e-11,5.8012744515864e-10,39.3,0.0464,1.65,down,False,,False,False,1.506,9.236476588076613,1.214,0,-0.1922635864441054,1163
CTC-518B2.8,3,2.133,0.382,5.58,2.4379043819997e-08,1.78731298710401e-07,93.1,0.3158,28.78,up,False,,False,False,2.133,6.747799388921412,0.20700000000000018,0,-0.19305517357575283,1164
LGI3,3,-1.779,0.31,-5.73,1.00208053614801e-08,7.71381232183122e-08,72.1,0.171,7.18,down,False,,False,False,1.779,7.112730931788957,0.8370000000000001,0,-0.19392397381476603,1165
RP11-130L8.1,2,-1.658,0.203,-8.15,3.62679826897331e-16,5.94952492490512e-15,70.4,0.0594,3.38,down,False,,False,False,1.658,14.22551771170498,0.5919999999999999,0,-0.19425517431640663,1166
RP11-54F2.1,3,-2.346,0.731,-3.21,0.0013435449752313,0.0040044619716311,97.0,1.5404,66.31,down,False,,False,False,2.346,2.3974558262584345,0.09000000000000008,0,-0.1943902257659429,1167
AC006262.10,3,2.258,0.752,3.0,0.0026695510829697,0.0072910420372464,91.1,1.4751,22.49,up,False,,False,False,2.258,2.1372103977883126,0.26700000000000024,0,-0.19511476359999438,1168
FUT5,3,1.785,0.379,4.71,2.4975978989453e-06,1.34467040516123e-05,67.8,0.2455,6.22,up,False,,False,False,1.785,4.871384153402185,0.9660000000000002,0,-0.19531212680424687,1169
TRIM22,3,1.86,0.277,6.71,1.9676249640066697e-11,2.12160906413782e-10,83.1,0.1581,11.82,up,False,,False,False,1.86,9.673334637837618,0.5070000000000001,0,-0.19591889900075712,1170
OR7E47P,2,-2.197,0.498,-4.42,1.00404072914596e-05,4.8551103963185e-05,88.4,0.4401,8.59,down,False,,False,False,2.197,4.313800890582576,0.23199999999999998,0,-0.1960820641386126,1171
RP11-527N22.2,3,2.363,0.922,2.56,0.0103982941141732,0.0233726286309562,96.7,2.4408,61.38,up,False,,False,False,2.363,1.6312924414066126,0.09899999999999975,0,-0.1962257450842842,1172
NYAP1,3,-1.781,0.321,-5.54,2.9872983286107e-08,2.16500515710365e-07,71.7,0.1943,7.08,down,False,,False,False,1.781,6.664541064807618,0.8489999999999998,0,-0.19650192994217688,1173
CA3,3,-2.137,0.475,-4.5,6.86218997432522e-06,3.41635485131814e-05,89.0,0.5425,18.11,down,False,,False,False,2.137,4.466437026166432,0.32999999999999996,0,-0.19675301756417243,1174
KRT27,3,-1.344,0.499,-2.69,0.0070991803408337,0.0169282583883648,34.1,0.291,3.04,down,False,,False,False,1.344,1.77138772064062,1.977,0,-0.1978708002215594,1175
CNTNAP2,3,1.758,0.341,5.15,2.58608261248382e-07,1.64325754276964e-06,68.6,0.2175,6.37,up,False,,False,False,1.758,5.78429436557386,0.9420000000000002,0,-0.19795223464202039,1176
B3GALT5,2,-2.0,0.51,-3.92,8.68617607073197e-05,0.0003459838278709,68.0,0.3845,3.13,down,False,,False,False,2.0,3.4609442007175506,0.6399999999999999,0,-0.19883214306966918,1177
MYL9,3,-1.145,0.166,-6.9,5.17827970172051e-12,5.9217562060369e-11,40.6,0.0347,3.37,down,False,,False,False,1.145,10.227549476134888,1.782,0,-0.19944927811284263,1178
LRFN5,2,-2.208,0.484,-4.56,5.10720474028747e-06,2.59901208185629e-05,91.6,0.4304,11.88,down,False,,False,False,2.208,4.5851917016181405,0.16800000000000015,0,-0.20087886179488906,1179
DKK1,3,-1.704,0.461,-3.7,0.0002180596020257,0.0007933603134086,59.9,0.3547,4.99,down,False,,False,False,1.704,3.100529528211171,1.203,0,-0.20098029700527956,1180
DSC2,3,2.146,0.427,5.02,5.14583921167665e-07,3.11746765285038e-06,92.6,0.4407,27.11,up,False,,False,False,2.146,5.50619804410811,0.2220000000000002,0,-0.20101240393939482,1181
HAPLN3,3,1.558,0.195,8.0,1.2897031216683401e-15,2.03167297275465e-14,74.2,0.0719,7.76,up,False,,False,False,1.558,13.692146196761177,0.774,0,-0.20158057563000198,1182
LINC02158,2,-1.212,0.258,-4.7,2.63048293007875e-06,1.41263993829349e-05,0.0,0.0,0.11,down,False,,False,False,1.212,4.849968519495522,2.0,0,-0.20158824631847022,1183
LYNX1,3,1.729,0.254,6.82,9.08010410155561e-12,1.01217217577769e-10,76.7,0.1185,8.6,up,False,,False,False,1.729,9.994745605450765,0.699,0,-0.20163569648697674,1184
IGHG2,2,1.273,0.345,3.69,0.0002270733173424,0.0008233518100479,0.0,0.0,0.13,up,False,,False,False,1.273,3.0844145554132645,2.0,0,-0.2021039373820302,1185
KRT8P36,2,-1.143,0.206,-5.56,2.74588289357333e-08,1.9993272987763e-07,0.0,0.0,0.37,down,False,,False,False,1.143,6.699116104122484,2.0,0,-0.20282605496869016,1186
CCDC8,3,-1.074,0.147,-7.28,3.28806646380392e-13,4.21524358440229e-12,39.5,0.0264,3.3,down,False,,False,False,1.074,11.375177323932432,1.815,0,-0.2038490298393328,1187
HS6ST2,3,-2.026,0.488,-4.15,3.35113255079434e-05,0.0001458658644134,82.3,0.5719,11.32,down,False,,False,False,2.026,3.836046329980611,0.5310000000000001,0,-0.20554689426342304,1188
NRK,2,-1.087,0.178,-6.11,9.99063966907742e-10,8.852039516027e-09,0.0,0.0,0.01,down,False,,False,False,1.087,8.052956656024246,2.0,0,-0.20563901391756045,1189
TEKT3,2,-2.364,1.014,-2.33,0.01969660440653,0.0399790004814411,97.1,1.9961,34.37,down,False,,False,False,2.364,1.3981680679172752,0.05800000000000005,0,-0.20641127792423053,1190
RIMS4,2,-1.844,0.356,-5.18,2.23081987897092e-07,1.43465006996786e-06,63.4,0.1709,2.73,down,False,,False,False,1.844,5.843254016152687,0.732,0,-0.20656935901434478,1191
CBX7,3,-1.043,0.098,-10.68,1.24587456819617e-26,4.1486028117929105e-25,66.8,0.0155,6.02,down,False,,False,False,1.043,24.38209814263639,0.9960000000000002,0,-0.20762277663718612,1192
RP11-186F10.2,2,-2.304,0.829,-2.78,0.0054646043230316,0.0135312903847844,94.2,1.2969,17.35,down,False,,False,False,2.304,1.8686607857919193,0.11599999999999988,0,-0.21064676829114265,1193
FNDC1,2,-2.236,0.657,-3.4,0.0006714333954406,0.0021640622819591,90.6,0.7854,10.61,down,False,,False,False,2.236,2.6647302443409195,0.18800000000000017,0,-0.21104032158628525,1194
TICRR,3,1.502,0.179,8.41,3.9611214034079e-17,6.97711745164601e-16,75.7,0.0602,8.22,up,False,,False,False,1.502,15.156323966117544,0.729,0,-0.21144698994350103,1195
IGLON5,2,2.051,0.397,5.17,2.36432653363028e-07,1.51137410774853e-06,83.9,0.2677,6.22,up,False,,False,False,2.051,5.820628022212366,0.32199999999999984,0,-0.21149116904891516,1196
RP11-694I15.7,2,-1.472,0.174,-8.44,3.16511164836476e-17,5.6343801198913e-16,61.4,0.0397,2.59,down,False,,False,False,1.472,15.249153856959317,0.772,0,-0.2127007692681254,1197
LINC00950,2,-2.248,0.63,-3.57,0.0003579170776154,0.0012343077298026,93.5,0.7429,15.27,down,False,,False,False,2.248,2.9085765512476764,0.1299999999999999,0,-0.21470681104622394,1198
ELF3,3,2.197,0.616,3.56,0.0003641636895926,0.0012541868191371,92.5,0.8289,26.6,up,False,,False,False,2.197,2.9016377677498766,0.22499999999999987,0,-0.21477246529633792,1199
GBP3,3,1.179,0.178,6.64,3.04391510567617e-11,3.2111315326171e-10,44.0,0.039,3.57,up,False,,False,False,1.179,9.493341904735633,1.6800000000000002,0,-0.2157273264783193,1200
CHMP1B2P,3,-1.195,0.21,-5.69,1.28456024402563e-08,9.75673937456064e-08,39.6,0.0552,3.31,down,False,,False,False,1.195,7.010695295881414,1.8119999999999998,0,-0.21604676412604631,1201
GRXCR2,2,-1.965,0.326,-6.02,1.6930913579666102e-09,1.45390959642848e-08,83.8,0.1785,6.18,down,False,,False,False,1.965,7.837462596910868,0.32400000000000007,0,-0.21620378233634854,1202
SLAMF6,2,1.618,0.226,7.17,7.3803300162594e-13,9.12176057817404e-12,62.3,0.0672,2.65,up,False,,False,False,1.618,11.039921331014446,0.754,0,-0.2170963376972424,1203
PCDHA1,3,-1.053,0.145,-7.28,3.2433342419123097e-13,4.16147632868516e-12,40.6,0.0274,3.37,down,False,,False,False,1.053,11.38075257137842,1.782,0,-0.21725276920296177,1204
SAPCD1-AS1,3,-2.29,0.775,-2.95,0.0031374244277306,0.0083888027902622,97.0,1.7329,66.83,down,False,,False,False,2.29,2.0763000151764044,0.09000000000000008,0,-0.2178202634957941,1205
KRT8P10,2,-1.003,0.152,-6.61,3.84147734921158e-11,4.01272392983909e-10,0.0,0.0,0.52,down,False,,False,False,1.003,9.396560718131036,2.0,0,-0.21831647976549218,1206
S100P,3,2.232,0.867,2.58,0.0099897953128207,0.0226139752903801,92.7,1.6322,27.31,up,False,,False,False,2.232,1.6456230867071882,0.21899999999999986,0,-0.21918081778974294,1207
NPTX2,2,-1.28,0.154,-8.3,1.04054469891315e-16,1.7805636591270402e-15,43.7,0.024,1.78,down,False,,False,False,1.28,14.749442494714595,1.126,0,-0.21945893785381346,1208
KRT18P17,2,-1.033,0.165,-6.25,4.03544476921822e-10,3.7545996264956e-09,0.0,0.0,0.71,down,False,,False,False,1.033,8.425436367387967,2.0,0,-0.21983567118809028,1209
KCNA7,2,1.018,0.159,6.41,1.4738551722749e-10,1.4387604557040502e-09,0.0,0.0,0.01,up,False,,False,False,1.018,8.84201150726271,2.0,0,-0.21992521830308964,1210
NRXN1,2,-1.849,0.324,-5.7,1.20967426131785e-08,9.21785962994453e-08,71.7,0.1591,3.53,down,False,,False,False,1.849,7.035369909620554,0.5659999999999998,0,-0.2211862403365016,1211
GINS4,3,1.183,0.125,9.47,2.75141540577046e-21,6.47966632129583e-20,66.6,0.0264,5.98,up,False,,False,False,1.183,19.188447358103353,1.0020000000000002,0,-0.2217359386155511,1212
RP5-1057J7.7,2,-1.234,0.163,-7.58,3.35940013104587e-14,4.70617580297144e-13,32.1,0.0214,1.47,down,False,,False,False,1.234,12.327331853438299,1.358,0,-0.22190472543942688,1213
GCNT4,3,1.752,0.25,7.01,2.3076083719807697e-12,2.7254694439807196e-11,83.1,0.1217,11.82,up,False,,False,False,1.752,10.564558682608933,0.5070000000000001,0,-0.2225118817308406,1214
SCN7A,2,-2.047,0.453,-4.52,6.30646695490658e-06,3.16391095043738e-05,82.2,0.3446,5.63,down,False,,False,False,2.047,4.4997757483974645,0.35599999999999987,0,-0.22278499346430838,1215
SLC17A7,2,-2.291,1.013,-2.26,0.0237010468772005,0.0467018355512109,94.5,1.9446,18.21,down,False,,False,False,2.291,1.330666049753029,0.1100000000000001,0,-0.22291179315647555,1216
NLRX1,3,1.432,0.156,9.18,4.27360432060951e-20,9.384690763709941e-19,79.8,0.0452,9.9,up,False,,False,False,1.432,18.027580033306567,0.6060000000000002,0,-0.2234433595710241,1217
BTNL9,2,-1.08,0.136,-7.95,1.8214598907947902e-15,2.84067652122687e-14,22.2,0.0101,1.29,down,False,,False,False,1.08,13.546578218246324,1.556,0,-0.223448256111446,1218
TMEM132B,3,-2.069,0.431,-4.8,1.55775645857783e-06,8.68433458891366e-06,90.9,0.4,22.07,down,False,,False,False,2.069,5.061263452453957,0.2729999999999999,0,-0.22373677421963592,1219
CHRNA5,3,1.663,0.243,6.84,7.987637491543409e-12,8.95081886259166e-11,76.7,0.115,8.57,up,False,,False,False,1.663,10.048137231584953,0.699,0,-0.22393356958476102,1220
PAEP,2,1.832,0.425,4.31,1.63182182568751e-05,7.58826323351588e-05,61.3,0.2328,2.59,up,False,,False,False,1.832,4.119857612037394,0.774,0,-0.22410503210450572,1221
CEACAM7,2,-1.753,0.281,-6.25,4.15917323065532e-10,3.85898082268769e-09,68.4,0.1117,3.16,down,False,,False,False,1.753,8.413527379661723,0.6319999999999999,0,-0.22527508008121178,1222
FOXL2,2,-1.091,0.202,-5.39,6.94989123259614e-08,4.76537796906394e-07,0.0,0.0,0.04,down,False,,False,False,1.091,6.321902647309223,2.0,0,-0.22555487562168358,1223
DDO,2,-1.662,0.315,-5.27,1.33220267005236e-07,8.78960887915888e-07,52.5,0.1209,2.1,down,False,,False,False,1.662,6.056030449772901,0.95,0,-0.22650129153567833,1224
RP5-1033H22.2,3,-2.063,0.469,-4.4,1.10588330069428e-05,5.30266738753634e-05,89.3,0.5002,18.73,down,False,,False,False,2.063,4.275505613365671,0.32099999999999995,0,-0.226522941443165,1225
RP11-399F4.2,2,-1.347,0.236,-5.71,1.13347538777705e-08,8.66825395376442e-08,26.8,0.0435,1.37,down,False,,False,False,1.347,7.0620683736439895,1.464,0,-0.22759768374794978,1226
HSPB7,2,-2.026,0.435,-4.66,3.16183295718619e-06,1.67039827792308e-05,82.5,0.3189,5.72,down,False,,False,False,2.026,4.77717996640825,0.3500000000000001,0,-0.2277959234320892,1227
ZNF385B,2,-2.25,0.927,-2.43,0.0151836558635525,0.0321427202125068,92.7,1.5962,13.63,down,False,,False,False,2.25,1.4929173720253637,0.1459999999999999,0,-0.22844539138794043,1228
SLC9A2,3,-1.957,0.452,-4.33,1.50520340878699e-05,7.04424362181022e-05,82.9,0.474,11.68,down,False,,False,False,1.957,4.152165632577241,0.5129999999999998,0,-0.2290189614242298,1229
MB21D1,3,1.67,0.222,7.52,5.34915091616033e-14,7.32270606996475e-13,82.8,0.1065,11.63,up,False,,False,False,1.67,12.135328397892957,0.5160000000000001,0,-0.23001530572849674,1230
LRRC37A11P,2,-1.315,0.217,-6.06,1.381319494341e-09,1.2032766040854e-08,27.3,0.0299,1.38,down,False,,False,False,1.315,7.919634527423505,1.454,0,-0.23004109431555272,1231
MPZL2,3,1.917,0.289,6.64,3.13871251751071e-11,3.3066661261209803e-10,92.3,0.1965,25.94,up,False,,False,False,1.917,9.48060965356025,0.2310000000000002,0,-0.2300572184019007,1232
SLC2A3P2,2,-2.089,0.846,-2.47,0.0134975985421455,0.0291051293545583,78.8,1.1411,4.72,down,False,,False,False,2.089,1.5360304662005733,0.42400000000000015,0,-0.2319463607829752,1233
LONRF2,2,-1.824,0.277,-6.58,4.614911520067339e-11,4.78222504529688e-10,79.8,0.1248,4.95,down,False,,False,False,1.824,9.32036999040533,0.40400000000000014,0,-0.23203752643052458,1234
MYBL2,3,1.684,0.231,7.29,3.05776074830618e-13,3.9335259999065595e-12,82.5,0.1112,11.45,up,False,,False,False,1.684,11.405217974876157,0.5250000000000001,0,-0.23245047050371379,1235
LAMB4,3,-1.481,0.179,-8.28,1.23751312254694e-16,2.1053012126236503e-15,77.1,0.0568,8.75,down,False,,False,False,1.481,14.676685759390397,0.6870000000000003,0,-0.23250540422524785,1236
PNMAL1,3,-1.041,0.226,-4.6,4.32564479460823e-06,2.22890202502717e-05,28.0,0.0492,2.78,down,False,,False,False,1.041,4.651909021212552,2.16,0,-0.23359277940729148,1237
RP11-410L14.2,2,-1.034,0.121,-8.53,1.4930233426718602e-17,2.74119085714553e-16,27.3,0.0121,1.38,down,False,,False,False,1.034,15.562060725380057,1.454,0,-0.23370542099266925,1238
UBD,2,2.219,0.656,3.38,0.0007240990062216,0.0023162658699974,95.2,0.8213,20.84,up,False,,False,False,2.219,2.635211592075124,0.09599999999999986,0,-0.2345133049893501,1239
TNNI3K,2,-1.442,0.183,-7.9,2.8584804898005903e-15,4.3878144121798e-14,58.3,0.0401,2.4,down,False,,False,False,1.442,13.357751749709616,0.8340000000000001,0,-0.23482637518708896,1240
RP11-116G8.5,3,1.832,0.309,5.92,3.1831991991362403e-09,2.6311973888623e-08,83.9,0.1874,12.43,up,False,,False,False,1.832,7.5798465705087015,0.48299999999999976,0,-0.2359117568480564,1241
RAI2,2,-1.787,0.257,-6.95,3.62947372720208e-12,4.2060569544590797e-11,80.9,0.109,5.24,down,False,,False,False,1.787,10.376124850803329,0.3819999999999999,0,-0.2360235894194003,1242
CLDN1,3,-1.763,0.226,-7.8,6.30055373713441e-15,9.41223116991572e-14,91.7,0.1142,24.19,down,False,,False,False,1.763,13.026307414837934,0.2489999999999999,0,-0.23661135161143312,1243
AC034220.3,3,-1.064,0.142,-7.49,6.64642374709239e-14,9.00382716988922e-13,46.2,0.0272,3.72,down,False,,False,False,1.064,12.045572849953592,1.614,0,-0.23664701423342588,1244
KCNA1,2,-2.084,0.733,-2.84,0.0044886851813499,0.0113718215811928,81.0,0.8875,5.27,down,False,,False,False,2.084,1.9441699628148081,0.3799999999999999,0,-0.23688634387121993,1245
ADAMTS9-AS2,2,-2.28,0.934,-2.44,0.0146627597003056,0.0311866747069284,97.8,1.7067,44.46,down,False,,False,False,2.28,1.5060309296167222,0.04400000000000004,0,-0.23691608092663177,1246
ATOH8,2,-1.895,0.318,-5.96,2.4776202451163203e-09,2.07731419476819e-08,82.6,0.1693,5.74,down,False,,False,False,1.895,7.682497811248121,0.3480000000000001,0,-0.2379713051135274,1247
LTB4R,3,1.377,0.148,9.33,1.03123664198209e-20,2.36205660980027e-19,80.6,0.0406,10.33,up,False,,False,False,1.377,18.626709698158038,0.5820000000000002,0,-0.2396842162996615,1248
RP11-12A20.7,2,-1.113,0.246,-4.53,5.82203622689129e-06,2.93281786174517e-05,0.0,0.0,0.87,down,False,,False,False,1.113,4.5327149073894475,2.0,0,-0.23992581987291323,1249
KLF15,3,-1.896,0.417,-4.55,5.30619827578769e-06,2.68684394198386e-05,82.1,0.3792,11.16,down,False,,False,False,1.896,4.570757557647031,0.5370000000000001,0,-0.24059649429510852,1250
FCRLB,3,1.008,0.122,8.23,1.83953937659562e-16,3.09129772194737e-15,48.9,0.0211,3.92,up,False,,False,False,1.008,14.509859166152383,1.533,0,-0.24093261514529782,1251
CADPS,2,-2.029,0.45,-4.51,6.42263491214191e-06,3.21736487606099e-05,85.4,0.3491,6.85,down,False,,False,False,2.029,4.492499683681811,0.2919999999999998,0,-0.2410981391743949,1252
EXTL1,3,-1.842,0.5,-3.69,0.0002276841887403,0.0008253111140017,75.7,0.5015,8.21,down,False,,False,False,1.842,3.0833823064511647,0.729,0,-0.24179625489897963,1253
EDAR,2,-1.732,0.287,-6.03,1.65858558092667e-09,1.42584758956711e-08,69.1,0.1211,3.24,down,False,,False,False,1.732,7.8459268942229174,0.6180000000000001,0,-0.24218233478366188,1254
TMPRSS2,2,-1.971,0.573,-3.44,0.0005829949891234,0.0019092514969768,74.8,0.5145,3.97,down,False,,False,False,1.971,2.7191368602102353,0.504,0,-0.24347078528285998,1255
LRRC17,2,-1.85,0.317,-5.83,5.429275939706671e-09,4.33767646664142e-08,78.9,0.1629,4.74,down,False,,False,False,1.85,7.362742843744662,0.42199999999999993,0,-0.24372590383731282,1256
LILRB4,2,1.575,0.24,6.55,5.688844503047369e-11,5.828015797454531e-10,59.6,0.0751,2.47,up,False,,False,False,1.575,9.234479279699228,0.808,0,-0.24418072451480352,1257
CAMK2N2,2,1.54,0.329,4.68,2.80901265135241e-06,1.50196841378503e-05,42.0,0.12,1.72,up,False,,False,False,1.54,4.823339200396501,1.1600000000000001,0,-0.24485225282839626,1258
HSPB6,3,-1.136,0.246,-4.61,4.0843442390901e-06,2.11996484019645e-05,36.0,0.0763,3.13,down,False,,False,False,1.136,4.673671341823744,1.92,0,-0.24514523170488783,1259
GSTM5,2,-2.125,0.548,-3.88,0.0001061673029392,0.000414903237814,91.9,0.555,12.36,down,False,,False,False,2.125,3.382053176018781,0.16199999999999992,0,-0.24567723405687433,1260
AP000438.2,2,-2.035,0.451,-4.51,6.56198842336929e-06,3.28295761920606e-05,87.4,0.3586,7.96,down,False,,False,False,2.035,4.483734723686666,0.2519999999999998,0,-0.24659614935358218,1261
GLYATL2,3,1.115,0.273,4.08,4.54568282825445e-05,0.000192597084754,33.0,0.0847,2.98,up,False,,False,False,1.115,3.7153502908606697,2.01,0,-0.2474216958883565,1262
AURKA,3,1.71,0.25,6.84,8.14222153361606e-12,9.102257109857609e-11,83.9,0.1268,12.43,up,False,,False,False,1.71,10.040850901216425,0.48299999999999976,0,-0.24805199148389853,1263
SYT17,2,-1.925,0.312,-6.18,6.51415310869234e-10,5.9219343736457906e-09,89.9,0.1747,9.86,down,False,,False,False,1.925,8.227536409733181,0.20199999999999996,0,-0.24811931542741442,1264
PDK4,3,-2.157,0.738,-2.92,0.0034513483036068,0.0091105787594871,94.1,1.1895,33.9,down,False,,False,False,2.157,2.0404540331183605,0.17700000000000016,0,-0.2482570366011987,1265
CTD-2331H12.5,3,-1.394,0.242,-5.76,8.248855214025651e-09,6.432293527819e-08,58.1,0.0999,4.77,down,False,,False,False,1.394,7.191634145446885,1.2570000000000001,0,-0.24834931671916569,1266
PRDM6,2,-2.143,0.556,-3.85,0.0001174018745101,0.0004539577932619,94.2,0.5837,17.11,down,False,,False,False,2.143,3.342984523807109,0.11599999999999988,0,-0.24849613981951407,1267
CTD-2525P14.5,2,-2.189,0.77,-2.84,0.0044552833763116,0.0113006532187754,93.9,1.1151,16.45,down,False,,False,False,2.189,1.9468964519935414,0.12199999999999989,0,-0.24855969083836438,1268
OVCH2,2,-1.604,0.249,-6.44,1.20525710722245e-10,1.18895337644207e-09,62.5,0.0783,2.67,down,False,,False,False,1.604,8.924835175449381,0.75,0,-0.2487473122674059,1269
PCDH20,3,-1.922,0.466,-4.13,3.67078553050636e-05,0.0001584143720314,83.5,0.5075,12.1,down,False,,False,False,1.922,3.800205419900657,0.4950000000000001,0,-0.24888890727625249,1270
LUCAT1,2,2.173,0.726,3.0,0.0027402145129222,0.0074553325817058,93.3,0.9828,14.85,up,False,,False,False,2.173,2.1275329779416543,0.13400000000000012,0,-0.2496580622606184,1271
PBK,3,1.457,0.182,8.02,1.05864271685484e-15,1.6789815283777e-14,76.7,0.0619,8.58,up,False,,False,False,1.457,13.774954081805825,0.699,0,-0.24970878519966622,1272
WBSCR17,2,-1.77,0.371,-4.77,1.79789206482141e-06,9.90512010953268e-06,65.4,0.1975,2.89,down,False,,False,False,1.77,5.00414025383659,0.692,0,-0.25011221938887757,1273
AADAC,2,-1.085,0.16,-6.78,1.2211479481542e-11,1.34439822512193e-10,17.9,0.01,1.22,down,False,,False,False,1.085,9.871472069558898,1.642,0,-0.2508696896790026,1274
MAD2L1,3,1.161,0.134,8.64,5.7450117759216495e-18,1.09071354957461e-16,63.4,0.03,5.46,up,False,,False,False,1.161,15.962289291733873,1.0979999999999999,0,-0.25115285907703333,1275
CHRM3,2,-1.89,0.502,-3.76,0.0001666746039806,0.0006244695589923,71.1,0.3784,3.46,down,False,,False,False,1.89,3.204488727320092,0.5780000000000001,0,-0.2518364807384169,1276
RP11-310K10.1,3,-1.928,0.477,-4.04,5.24240728439683e-05,0.0002190997191369,84.3,0.5398,12.75,down,False,,False,False,1.928,3.659358179159389,0.4710000000000001,0,-0.25302190347268466,1277
MATN2,3,-1.058,0.111,-9.51,1.98042610549782e-21,4.7065781424973103e-20,64.8,0.0201,5.68,down,False,,False,False,1.058,19.32729472640044,1.056,0,-0.2534085093497124,1278
PGM5,3,-1.399,0.193,-7.25,4.26871458690473e-13,5.4160617758727794e-12,68.3,0.062,6.31,down,False,,False,False,1.399,11.266316390709978,0.9510000000000002,0,-0.25365478353688575,1279
TTC23L,2,-1.21,0.17,-7.13,9.87542411041496e-13,1.2002793509901498e-11,34.2,0.0253,1.52,down,False,,False,False,1.21,10.920717665223654,1.3159999999999998,0,-0.2554164488824152,1280
CACNA2D2,3,-1.689,0.256,-6.59,4.44610948869931e-11,4.61957288153405e-10,82.4,0.1291,11.37,down,False,,False,False,1.689,9.335398176774591,0.5279999999999998,0,-0.25562753402598687,1281
NTRK3,2,-1.252,0.176,-7.12,1.0731687519111798e-12,1.2996279003356799e-11,38.2,0.031,1.62,down,False,,False,False,1.252,10.886180973818464,1.236,0,-0.25618768453660634,1282
CDH26,3,2.021,0.477,4.23,2.30891602571508e-05,0.000104282105433,91.4,0.5657,23.22,up,False,,False,False,2.021,3.9817902091041755,0.2579999999999999,0,-0.25652216125884,1283
KPNA2,3,1.624,0.209,7.77,7.86500880770298e-15,1.16012596836496e-13,86.5,0.0917,14.86,up,False,,False,False,1.624,12.935494851811374,0.405,0,-0.2569137816395948,1284
RP11-195F19.30,3,-2.083,0.567,-3.67,0.0002400210672622,0.0008650736202526,93.3,0.8065,29.85,down,False,,False,False,2.083,3.0629469312531854,0.20100000000000018,0,-0.2569227656304097,1285
TPSD1,2,-1.078,0.251,-4.29,1.80646496262548e-05,8.33909254784061e-05,0.0,0.0,0.78,down,False,,False,False,1.078,4.078881206305608,2.0,0,-0.2576850724621164,1286
HOXA11,2,-1.463,0.259,-5.65,1.56307356575035e-08,1.1742615244111e-07,45.4,0.0788,1.83,down,False,,False,False,1.463,6.930235168880641,1.092,0,-0.2584107486525783,1287
GRIK5,2,-1.293,0.174,-7.44,9.74335652816424e-14,1.3040722296614998e-12,45.9,0.0331,1.85,down,False,,False,False,1.293,11.884698353332109,1.082,0,-0.25842349364102046,1288
ERC2,3,1.569,0.317,4.94,7.6564373974641e-07,4.51801217638611e-06,66.8,0.1907,6.03,up,False,,False,False,1.569,5.345052602957451,0.9960000000000002,0,-0.258999797148869,1289
NOTUM,2,-1.691,0.39,-4.33,1.49371637296413e-05,6.99888041927889e-05,57.9,0.204,2.37,down,False,,False,False,1.691,4.154971426645319,0.8420000000000001,0,-0.2600023615295927,1290
PRLR,3,-1.755,0.289,-6.08,1.19156283005906e-09,1.04665269376557e-08,84.4,0.1601,12.81,down,False,,False,False,1.755,7.980197404475443,0.46799999999999975,0,-0.26056870075450544,1291
FPR2,2,2.132,0.818,2.61,0.0091637091384181,0.0210513510521325,91.1,1.2213,11.25,up,False,,False,False,2.132,1.6767200264004325,0.17800000000000016,0,-0.26124231381460106,1292
SLC14A1,2,-1.919,0.609,-3.15,0.0016210173430993,0.0047232256640045,73.6,0.5699,3.79,down,False,,False,False,1.919,2.3257613044146885,0.528,0,-0.2619123720904011,1293
KCNMB4,3,-1.573,0.237,-6.63,3.33573340266782e-11,3.50319350484751e-10,76.6,0.1075,8.55,down,False,,False,False,1.573,9.455535873025882,0.7020000000000003,0,-0.26196931830092746,1294
ADGRB1,2,-2.117,0.599,-3.53,0.0004120711694036,0.0014016527178974,93.9,0.6759,16.46,down,False,,False,False,2.117,2.8533595765146242,0.12199999999999989,0,-0.26244416007933424,1295
TPPP,3,-2.086,0.617,-3.38,0.000716235140752,0.0022933043919935,93.6,0.9886,31.48,down,False,,False,False,2.086,2.639538297215328,0.19200000000000017,0,-0.2627732900283576,1296
ACE2,2,1.286,0.15,8.57,1.07509572735867e-17,1.9973742763285e-16,59.3,0.0273,2.46,up,False,,False,False,1.286,15.699540547591022,0.8140000000000001,0,-0.26399780765567177,1297
ANG,3,-1.326,0.154,-8.61,7.12716304283057e-18,1.34439774109284e-16,75.9,0.0442,8.29,down,False,,False,False,1.326,15.871472225919712,0.723,0,-0.2649794482438589,1298
MYH11,3,-1.539,0.295,-5.22,1.81369663651804e-07,1.18198286648805e-06,67.3,0.1492,6.12,down,False,,False,False,1.539,5.927388818753939,0.9810000000000002,0,-0.26506994957036456,1299
CADM3,3,-1.919,0.451,-4.26,2.07127788528304e-05,9.44420413256538e-05,86.7,0.4097,15.09,down,False,,False,False,1.919,4.024834634396296,0.399,0,-0.26511209352790704,1300
CES1,3,-1.936,0.511,-3.79,0.0001536497240877,0.000579472594034,86.1,0.5192,14.34,down,False,,False,False,1.936,3.236967099029561,0.41700000000000004,0,-0.26553245009799686,1301
RP11-96C23.12,3,1.206,0.169,7.16,8.21164596133594e-13,1.0090625738000698e-11,57.9,0.0423,4.75,up,False,,False,False,1.206,10.996081901539636,1.2630000000000001,0,-0.2657869823637302,1302
DACT3,2,-1.081,0.12,-9.04,1.60173869184624e-19,3.3840343896596097e-18,46.6,0.0153,1.87,down,False,,False,False,1.081,17.470565232168617,1.068,0,-0.2660199185854687,1303
FAM95C,3,-2.11,0.725,-2.91,0.0036214439370485,0.0094995944780782,94.4,1.4688,35.87,down,False,,False,False,2.11,2.0222949336260916,0.16799999999999982,0,-0.26650964781906294,1304
LLNLR-285B5.1,3,-2.078,0.575,-3.61,0.0003021289815129,0.0010622615392365,94.6,0.9241,37.1,down,False,,False,False,2.078,2.973768542517085,0.16200000000000014,0,-0.2670494820376774,1305
RP11-367J11.3,2,-1.568,0.242,-6.47,9.794727267930279e-11,9.72782225774205e-10,64.6,0.0796,2.83,down,False,,False,False,1.568,9.011984373226257,0.7080000000000002,0,-0.268046351384575,1306
ANGPTL5,2,-2.139,0.692,-3.09,0.00199342148289,0.0056596729524527,95.5,0.9145,22.02,down,False,,False,False,2.139,2.247208664050036,0.09000000000000008,0,-0.26823498123206313,1307
THEMIS,2,1.192,0.145,8.22,2.02191438177388e-16,3.3856218714552804e-15,47.8,0.0209,1.91,up,False,,False,False,1.192,14.470361548386155,1.044,0,-0.2688285549310466,1308
KRT18,3,-1.26,0.294,-4.28,1.84054458179012e-05,8.48637150189577e-05,46.7,0.1296,3.75,down,False,,False,False,1.26,4.071277960350238,1.5989999999999998,0,-0.269434755311735,1309
PCDHB19P,2,-1.125,0.169,-6.66,2.7792671187144297e-11,2.94521792584817e-10,25.5,0.019,1.34,down,False,,False,False,1.125,9.530882564886477,1.49,0,-0.2695621609851854,1310
CTD-2555C10.3,3,2.103,0.937,2.24,0.024842522186921,0.0485586674911183,93.0,2.4073,28.71,up,False,,False,False,2.103,1.3137332393379568,0.20999999999999985,0,-0.2698149745761934,1311
CEMIP,3,1.401,0.175,8.03,1.01335302639236e-15,1.60933385310846e-14,76.9,0.0545,8.64,up,False,,False,False,1.401,13.793353853027925,0.693,0,-0.2700808669766057,1312
FAM3D,2,2.119,0.781,2.71,0.0066842651555319,0.0160863537602392,92.7,1.1354,13.77,up,False,,False,False,2.119,1.7935423848172107,0.1459999999999999,0,-0.2703073877158205,1313
AC129492.6,3,1.92,0.357,5.39,7.18304963479105e-08,4.91517126281274e-07,93.0,0.2547,28.57,up,False,,False,False,1.92,6.308461345136281,0.20999999999999985,0,-0.2719843229846378,1314
DNASE1L3,3,2.1,0.612,3.43,0.0005974128906614,0.0019501936072365,96.4,0.8181,55.55,up,False,,False,False,2.1,2.709922271519203,0.10799999999999976,0,-0.272739288986371,1315
CATSPERB,3,1.134,0.151,7.51,6.07183206751289e-14,8.26850010869164e-13,57.1,0.0355,4.66,up,False,,False,False,1.134,12.08257326355459,1.287,0,-0.2729693637854812,1316
ALPL,3,1.528,0.3,5.09,3.6546092148916e-07,2.27105779430309e-06,67.5,0.1506,6.16,up,False,,False,False,1.528,5.6437718136325135,0.9749999999999999,0,-0.2735082997419731,1317
CES1P1,2,-1.986,0.453,-4.39,1.15803513864733e-05,5.52669613875542e-05,89.6,0.3697,9.66,down,False,,False,False,1.986,4.257534412546773,0.20800000000000018,0,-0.27464742098832695,1318
NR3C2,3,-1.615,0.226,-7.13,9.73184240954648e-13,1.1852897969046498e-11,84.7,0.0996,13.04,down,False,,False,False,1.615,10.926175454033954,0.4590000000000001,0,-0.2746823077658993,1319
CADM2,2,-2.043,0.688,-2.97,0.0029974883366946,0.0080588267455709,88.0,0.8431,8.32,down,False,,False,False,2.043,2.093728180901297,0.24,0,-0.275474749049915,1320
MYO3B,3,-1.773,0.392,-4.52,6.04559616187828e-06,3.04150785629505e-05,80.6,0.3562,10.28,down,False,,False,False,1.773,4.516911057405502,0.5820000000000002,0,-0.27562758744407956,1321
RP11-344B5.2,2,-2.144,0.86,-2.49,0.0126444301583231,0.0275317147778053,95.7,1.4161,23.12,down,False,,False,False,2.144,1.5601667382853428,0.08599999999999985,0,-0.2757002705049725,1322
PYHIN1,2,1.534,0.222,6.9,5.32533984912399e-12,6.08101856234846e-11,67.5,0.0689,3.08,up,False,,False,False,1.534,10.216023670898593,0.6499999999999999,0,-0.27589306270284836,1323
MERTK,2,-1.614,0.257,-6.28,3.33532163596089e-10,3.12181304183161e-09,69.4,0.0975,3.27,down,False,,False,False,1.614,8.505593109387668,0.6119999999999999,0,-0.2762250814427891,1324
F10,2,-1.614,0.23,-7.01,2.44802184685835e-12,2.88403338767525e-11,76.1,0.0827,4.18,down,False,,False,False,1.614,10.539999716213638,0.4780000000000002,0,-0.27623189444870344,1325
CDC45,3,1.517,0.21,7.21,5.46882369638191e-13,6.85739757407052e-12,79.5,0.089,9.75,up,False,,False,False,1.517,11.163840670540521,0.6149999999999999,0,-0.2766816341628904,1326
FAM218A,2,-1.724,0.313,-5.51,3.62771701324534e-08,2.59222306358548e-07,73.5,0.1478,3.77,down,False,,False,False,1.724,6.586327629685682,0.53,0,-0.27691811917223286,1327
RCC1,3,1.078,0.112,9.62,6.50523040999167e-22,1.59958969188545e-20,71.5,0.0222,7.01,up,False,,False,False,1.078,19.795991403220494,0.8550000000000001,0,-0.27825503404622554,1328
FCGR3A,2,1.993,0.446,4.46,8.01567810586136e-06,3.94365297982574e-05,91.8,0.3663,12.15,up,False,,False,False,1.993,4.404101307619615,0.16400000000000015,0,-0.27863338414104366,1329
ANGPT4,2,-1.135,0.174,-6.54,6.280168499524309e-11,6.39462655090755e-10,27.8,0.0249,1.39,down,False,,False,False,1.135,9.194184813439577,1.444,0,-0.2788269341708708,1330
NDNF,3,-1.81,0.37,-4.89,9.9268248189207e-07,5.72943252901687e-06,85.1,0.2658,13.39,down,False,,False,False,1.81,5.241888390549363,0.44700000000000006,0,-0.2790699925101864,1331
ARHGAP20,2,-1.17,0.164,-7.13,9.80855493677771e-13,1.1933911773130399e-11,36.9,0.0237,1.58,down,False,,False,False,1.17,10.9232171771995,1.262,0,-0.2793917180792109,1332
AFF3,3,-1.043,0.155,-6.75,1.4910721705975297e-11,1.62497711552689e-10,47.6,0.0325,3.82,down,False,,False,False,1.043,9.789152750789953,1.572,0,-0.27957535794458854,1333
BCAR3,3,-1.992,0.426,-4.68,2.91623356642357e-06,1.55256109975914e-05,95.6,0.4185,45.22,down,False,,False,False,1.992,4.8089512995146055,0.13200000000000012,0,-0.27997955694409205,1334
ACRV1,3,1.845,0.45,4.1,4.08063902546641e-05,0.0001746319541995,84.2,0.4642,12.66,up,False,,False,False,1.845,3.7578762860440698,0.47399999999999975,0,-0.28011622178539675,1335
GRIK4,2,-1.232,0.211,-5.85,4.9612427863921404e-09,3.99235931201971e-08,31.5,0.0348,1.46,down,False,,False,False,1.232,7.398770379156933,1.37,0,-0.281021583644685,1336
IL21R,2,1.747,0.269,6.49,8.337260864812589e-11,8.36549248111436e-10,85.1,0.1238,6.72,up,False,,False,False,1.747,9.077508486795477,0.29800000000000004,0,-0.2816216542094919,1337
PAMR1,3,-2.097,0.693,-3.02,0.0024922861297732,0.0068750796620153,96.6,1.3743,58.34,down,False,,False,False,2.097,2.1627222652688673,0.10200000000000009,0,-0.2816395802184315,1338
ALOX12B,3,1.895,0.352,5.39,7.13776113187257e-08,4.88703861760764e-07,93.2,0.2464,29.27,up,False,,False,False,1.895,6.310954229142968,0.20399999999999985,0,-0.2817702779969,1339
NAMPTP1,3,1.921,0.382,5.03,4.89165652652725e-07,2.97348189118349e-06,93.2,0.3829,29.38,up,False,,False,False,1.921,5.526734702055584,0.20399999999999985,0,-0.28238012384968125,1340
SCEL-AS1,3,-1.669,0.313,-5.32,1.0129820487028e-07,6.79063481617521e-07,79.0,0.1856,9.52,down,False,,False,False,1.669,6.168089624206263,0.6299999999999999,0,-0.2825029417273279,1341
AC007182.6,3,1.431,0.195,7.32,2.49566488632358e-13,3.23125106880247e-12,76.0,0.0669,8.33,up,False,,False,False,1.431,11.490629295910164,0.72,0,-0.2829434265803601,1342
KCNA6,2,-2.081,0.696,-2.99,0.0027991138874155,0.0075935168606456,93.9,0.9126,16.51,down,False,,False,False,2.081,2.1195570384090923,0.12199999999999989,0,-0.283997277507566,1343
LINC00885,2,-1.576,0.239,-6.58,4.6738287476522e-11,4.83899412444893e-10,70.7,0.0845,3.41,down,False,,False,False,1.576,9.315244905215401,0.5859999999999999,0,-0.2843358593995054,1344
OTOP3,2,2.124,0.869,2.44,0.0145362578637846,0.0309626260539886,96.0,1.4512,25.26,up,False,,False,False,2.124,1.509162212317605,0.08000000000000007,0,-0.28440569130616344,1345
RPRML,2,-1.865,0.498,-3.75,0.0001775581931365,0.000661603231479,77.7,0.3914,4.48,down,False,,False,False,1.865,3.1794023822190063,0.44599999999999995,0,-0.28551428706874804,1346
GRB14,3,-1.199,0.266,-4.51,6.39434825392552e-06,3.20525263974609e-05,46.9,0.1018,3.77,down,False,,False,False,1.199,4.494137733470148,1.593,0,-0.28656746734844885,1347
ANKRD33B,3,-2.103,0.687,-3.06,0.0022084831798344,0.0061869773524108,98.0,1.3736,100.22,down,False,,False,False,2.103,2.2085214737231733,0.06000000000000005,0,-0.28683982215165016,1348
PLAC8,3,1.536,0.351,4.38,1.21091835020276e-05,5.75444329271143e-05,67.4,0.2432,6.14,up,False,,False,False,1.536,4.239996685344043,0.9779999999999999,0,-0.28744378729126846,1349
SOAT1,3,-1.335,0.264,-5.06,4.19742619143276e-07,2.58368524100051e-06,58.0,0.1166,4.76,down,False,,False,False,1.335,5.587760395639389,1.2600000000000002,0,-0.2880506243853409,1350
ADH6,2,-1.955,0.464,-4.21,2.54743768364043e-05,0.000113803375451,89.5,0.3876,9.55,down,False,,False,False,1.955,3.9438448564119244,0.20999999999999996,0,-0.28891661414304837,1351
LMO3,2,-1.957,0.503,-3.89,0.0001014565662147,0.0003983557125998,88.0,0.4488,8.37,down,False,,False,False,1.957,3.3997289504758674,0.24,0,-0.28931067145530603,1352
ADRA1A,2,-1.984,0.603,-3.29,0.0009939108535417,0.0030670259913734,87.7,0.6425,8.1,down,False,,False,False,1.984,2.513282543592925,0.246,0,-0.2897094543451716,1353
DCLK1,3,-1.264,0.206,-6.14,8.098758886431101e-10,7.269319278085341e-09,59.5,0.0653,4.94,down,False,,False,False,1.264,8.138506255937779,1.215,0,-0.28975982315803905,1354
C7,2,-1.765,0.397,-4.45,8.70989923871132e-06,4.25480031884376e-05,73.5,0.2423,3.78,down,False,,False,False,1.765,4.3711208168859015,0.53,0,-0.2899245436051553,1355
SAPCD1,3,-2.083,0.713,-2.92,0.0034975790120785,0.009217024326663,97.1,1.4627,68.38,down,False,,False,False,2.083,2.035409266267115,0.08700000000000008,0,-0.2908797514404653,1356
PRODH,3,-1.137,0.164,-6.94,3.99277044906091e-12,4.60881476538791e-11,57.0,0.0404,4.65,down,False,,False,False,1.137,10.336410746418004,1.29,0,-0.29285822483427326,1357
RP11-231D20.2,2,1.968,0.456,4.31,1.60331524497719e-05,7.46163152478549e-05,92.4,0.3851,13.2,up,False,,False,False,1.968,4.127166201382511,0.1519999999999999,0,-0.29298028516422925,1358
RP11-360L9.7,3,1.19,0.168,7.09,1.3825506623345998e-12,1.66482142256125e-11,61.3,0.0468,5.17,up,False,,False,False,1.19,10.778632344353205,1.161,0,-0.29309458972706204,1359
GM2A,3,1.567,0.204,7.69,1.50171342954871e-14,2.16463113745725e-13,88.9,0.0897,17.95,up,False,,False,False,1.567,12.66461609867093,0.33299999999999996,0,-0.2935312827936978,1360
ANKRD2,3,-1.607,0.358,-4.49,6.98971720679612e-06,3.47319656323266e-05,73.6,0.2621,7.59,down,False,,False,False,1.607,4.459270637388455,0.792,0,-0.29481853560447785,1361
CYP4Z2P,2,1.848,0.471,3.92,8.89737628133173e-05,0.0003538543686199,79.7,0.3551,4.93,up,False,,False,False,1.848,3.4511754383071214,0.4059999999999999,0,-0.29555871971308845,1362
ZNF667-AS1,3,-1.951,0.439,-4.45,8.72797723938176e-06,4.26274189853302e-05,94.9,0.5376,38.93,down,False,,False,False,1.951,4.370310962317986,0.1529999999999998,0,-0.2957132241360989,1363
P2RY8,2,1.816,0.357,5.08,3.68908278682385e-07,2.28883485175615e-06,84.0,0.2177,6.24,up,False,,False,False,1.816,5.640385542213392,0.32000000000000006,0,-0.2958174848995715,1364
C21orf62-AS1,2,-2.002,0.568,-3.53,0.0004228991658336,0.001434523485437,92.1,0.5956,12.6,down,False,,False,False,2.002,2.8432923372665697,0.15800000000000014,0,-0.29583626833282417,1365
CDHR1,3,-1.59,0.239,-6.66,2.77905729675774e-11,2.94521792584817e-10,83.9,0.111,12.43,down,False,,False,False,1.59,9.530882564886477,0.48299999999999976,0,-0.296065520166517,1366
APOD,3,-1.672,0.356,-4.69,2.68051687103794e-06,1.4381897647061e-05,78.7,0.2353,9.39,down,False,,False,False,1.672,4.8421838063541385,0.6389999999999999,0,-0.2960974341422705,1367
LINC01550,3,-1.771,0.305,-5.8,6.501569535746661e-09,5.13306041356808e-08,90.3,0.2103,20.64,down,False,,False,False,1.771,7.289623624279107,0.2909999999999999,0,-0.29658941981927867,1368
SLC26A7,3,-1.224,0.289,-4.23,2.36265063534915e-05,0.0001065240537806,49.1,0.125,3.93,down,False,,False,False,1.224,3.9725523148105806,1.5270000000000001,0,-0.2966293887348358,1369
FAM26E,3,-1.412,0.313,-4.51,6.60711763956763e-06,3.30271229606318e-05,61.9,0.1644,5.25,down,False,,False,False,1.412,4.481129256667119,1.143,0,-0.29676102260569426,1370
CTD-2547L24.3,2,1.559,0.207,7.54,4.75468937104218e-14,6.55106082911868e-13,81.9,0.0707,5.52,up,False,,False,False,1.559,12.183688367958087,0.3619999999999999,0,-0.2968125364096763,1371
CST6,3,-1.774,0.367,-4.84,1.31339499725173e-06,7.41206930826079e-06,85.8,0.2623,14.1,down,False,,False,False,1.774,5.1300605283635985,0.42600000000000005,0,-0.29689278895939086,1372
VTCN1,2,-1.833,0.563,-3.25,0.0011414760119016,0.0034679833825575,75.4,0.5003,4.06,down,False,,False,False,1.833,2.459922992188005,0.492,0,-0.2969013990640781,1373
PCDH11X,2,-1.745,0.328,-5.32,1.02228660271352e-07,6.84712649010611e-07,79.5,0.1734,4.88,down,False,,False,False,1.745,6.164491649137546,0.4099999999999999,0,-0.29723734686199454,1374
RP11-12C17.2,2,-1.278,0.179,-7.16,8.20986654482491e-13,1.0090625738000698e-11,52.1,0.0365,2.09,down,False,,False,False,1.278,10.996081901539636,0.958,0,-0.2977568309010511,1375
LIPG,3,1.804,0.449,4.02,5.8938925161633e-05,0.0002434024434249,84.5,0.4351,12.94,up,False,,False,False,1.804,3.613675066366329,0.4650000000000001,0,-0.29783342819534175,1376
AASS,3,1.692,0.264,6.4,1.5651776028969601e-10,1.5203005189300802e-09,89.1,0.1701,18.27,up,False,,False,False,1.692,8.81807055625732,0.3270000000000003,0,-0.29852343204119963,1377
GPM6A,2,-1.975,0.57,-3.46,0.0005353256063078,0.0017714782468279,90.1,0.5899,10.12,down,False,,False,False,1.975,2.751664176291917,0.19800000000000018,0,-0.2988778515502051,1378
LINC00886,3,-1.368,0.229,-5.98,2.20636017799293e-09,1.86373676911727e-08,66.9,0.0937,6.04,down,False,,False,False,1.368,7.7296154266347274,0.9929999999999999,0,-0.30011820749149853,1379
CCNB2,3,1.442,0.183,7.89,3.0763817766201402e-15,4.69765303384872e-14,83.9,0.0681,12.38,up,False,,False,False,1.442,13.328119063133029,0.48299999999999976,0,-0.30080133413867427,1380
RP11-150O12.6,2,2.037,0.741,2.75,0.0059577394695404,0.014559424077928,93.6,1.0296,15.65,up,False,,False,False,2.037,1.836855803918913,0.1280000000000001,0,-0.30165879943920126,1381
KCND2,2,-1.889,0.556,-3.4,0.0006749063614643,0.0021743576955023,82.6,0.5188,5.75,down,False,,False,False,1.889,2.662669010201647,0.3480000000000001,0,-0.30184584815742876,1382
OTOP2,2,2.025,0.702,2.88,0.0039330034161519,0.0101765974321545,93.1,0.9182,14.44,up,False,,False,False,2.025,1.992397405049452,0.13800000000000012,0,-0.30204868939520063,1383
PIF1,3,1.625,0.347,4.68,2.88920035745428e-06,1.53956956903363e-05,76.8,0.2421,8.62,up,False,,False,False,1.625,4.812600681710589,0.696,0,-0.30215369650084145,1384
RP11-797H7.5,3,-1.531,0.289,-5.29,1.196774352928e-07,7.94760023480615e-07,73.9,0.1562,7.65,down,False,,False,False,1.531,6.099763986074568,0.7829999999999997,0,-0.30274155347110804,1385
CTB-36H16.2,3,-1.203,0.164,-7.35,1.99344414559863e-13,2.5982479957861e-12,65.6,0.0455,5.81,down,False,,False,False,1.203,11.585319399043867,1.0320000000000003,0,-0.302757002837748,1386
SNX18P3,3,-1.971,0.66,-2.99,0.0028190454742251,0.0076396197622293,92.7,1.1915,27.33,down,False,,False,False,1.971,2.1169282565126735,0.21899999999999986,0,-0.30415646276974995,1387
ZNF727,2,-1.992,0.652,-3.05,0.0022509725629475,0.0062894505521651,91.3,0.7784,11.5,down,False,,False,False,1.992,2.2013872929626057,0.17400000000000015,0,-0.30422456416072297,1388
PIEZO2,2,-1.536,0.232,-6.62,3.4921038089236295e-11,3.65920582198269e-10,72.8,0.0805,3.68,down,False,,False,False,1.536,9.436613161752154,0.544,0,-0.30460492087454905,1389
FOLH1,3,1.864,0.434,4.3,1.71638304589861e-05,7.95305041992091e-05,90.5,0.3894,21.15,up,False,,False,False,1.864,4.099466264243583,0.2849999999999999,0,-0.3046319880764274,1390
CTD-2561J22.5,2,-1.932,0.623,-3.1,0.0019171770476888,0.0054737820032844,86.1,0.6728,7.17,down,False,,False,False,1.932,2.2617125026248126,0.278,0,-0.3049102057020431,1391
XXbac-BPG116M5.17,3,1.784,0.344,5.18,2.20793651193064e-07,1.42071428828434e-06,89.6,0.2341,19.27,up,False,,False,False,1.784,5.847493251768169,0.3120000000000003,0,-0.30589336574611314,1392
AC007563.5,2,-1.975,0.52,-3.8,0.0001456866656462,0.0005514843396043,94.0,0.5084,16.76,down,False,,False,False,1.975,3.258466815626334,0.1200000000000001,0,-0.30721980294660634,1393
CFAP43,2,-1.362,0.189,-7.19,6.46027363485614e-13,8.031255736502779e-12,63.0,0.046,2.7,down,False,,False,False,1.362,11.095216544784021,0.74,0,-0.30807044947000206,1394
HAL,3,1.889,0.429,4.4,1.09178631899957e-05,5.24474162558196e-05,93.1,0.3686,28.96,up,False,,False,False,1.889,4.280275901817023,0.20700000000000018,0,-0.3082914024105393,1395
TRBC1,2,1.601,0.243,6.6,4.1718152295069295e-11,4.34808649632803e-10,79.6,0.0951,4.91,up,False,,False,False,1.601,9.361701825095327,0.40800000000000014,0,-0.3083413549818118,1396
HSD3BP5,2,-1.053,0.156,-6.76,1.3666738730298898e-11,1.49637365265466e-10,30.2,0.0163,1.43,down,False,,False,False,1.053,9.824959947231003,1.396,0,-0.30855514894010816,1397
NPR1,2,-1.179,0.142,-8.31,9.2002359505455e-17,1.58010508706031e-15,58.5,0.025,2.41,down,False,,False,False,1.179,14.801314028733714,0.8300000000000001,0,-0.30927807201487023,1398
RP11-439E19.10,2,-2.021,0.643,-3.14,0.0016702302736576,0.0048491157727955,95.9,0.7937,24.48,down,False,,False,False,2.021,2.314337446965931,0.08199999999999985,0,-0.30994495883908857,1399
TIMP4,2,-1.786,0.484,-3.69,0.0002278793067817,0.0008257626458907,76.7,0.3723,4.29,down,False,,False,False,1.786,3.083144766714966,0.46599999999999997,0,-0.3104371288466433,1400
SOX7,3,1.426,0.183,7.81,5.6107359767085805e-15,8.424741403384931e-14,84.1,0.0708,12.6,up,False,,False,False,1.426,13.074443420878769,0.4770000000000001,0,-0.31061016355628757,1401
MAST1,3,-1.504,0.259,-5.81,6.124939755065981e-09,4.8504301328261e-08,76.5,0.1241,8.5,down,False,,False,False,1.504,7.314219746752421,0.705,0,-0.3117638981489065,1402
FIBIN,2,-1.751,0.297,-5.9,3.7158044794465202e-09,3.04563260011777e-08,88.5,0.1567,8.69,down,False,,False,False,1.751,7.516322487528242,0.22999999999999998,0,-0.3121574678717363,1403
RP11-392E22.9,3,-2.024,0.816,-2.48,0.0130803513910538,0.0283149570661345,96.2,1.909,53.23,down,False,,False,False,2.024,1.5479840925560822,0.11399999999999977,0,-0.31235282572690803,1404
TMEM108,3,-1.581,0.343,-4.61,4.05183789951387e-06,2.10449242045086e-05,75.7,0.2174,8.24,down,False,,False,False,1.581,4.6768526340700545,0.729,0,-0.3129594714014122,1405
TMEM200A,3,-1.049,0.174,-6.04,1.58869767029493e-09,1.36979093053164e-08,49.7,0.0423,3.97,down,False,,False,False,1.049,7.863345713606558,1.5089999999999997,0,-0.31296896743106195,1406
XXbac-B444P24.10,3,-1.578,0.381,-4.14,3.4304439630089e-05,0.000148958009145,73.7,0.2815,7.59,down,False,,False,False,1.578,3.8269361407606826,0.789,0,-0.31324885417761994,1407
LINC01527,3,1.671,0.436,3.83,0.0001280495325751,0.0004913147857812,78.4,0.3628,9.24,up,False,,False,False,1.671,3.308640165874213,0.6479999999999999,0,-0.31363890008196027,1408
PPP1R1C,2,-1.229,0.293,-4.19,2.75335850607659e-05,0.0001221633231022,28.5,0.0862,1.4,down,False,,False,False,1.229,3.9130591620574067,1.4300000000000002,0,-0.3137542532672423,1409
KIF23,3,1.338,0.177,7.58,3.5781681311674e-14,4.99471304606426e-13,77.7,0.0583,8.95,up,False,,False,False,1.338,12.3014894576063,0.6689999999999999,0,-0.31484163707959123,1410
ABCB5,2,-1.774,0.52,-3.41,0.0006397535914772,0.0020739329659051,75.5,0.4201,4.09,down,False,,False,False,1.774,2.683205285077161,0.49,0,-0.31504735395517214,1411
CST7,2,1.727,0.296,5.84,5.2685284245761706e-09,4.22077282309732e-08,86.6,0.1526,7.45,up,False,,False,False,1.727,7.37460802247965,0.268,0,-0.3151459856566904,1412
RP11-650L12.2,3,1.617,0.319,5.07,3.92176282680425e-07,2.42420242969793e-06,80.4,0.2187,10.21,up,False,,False,False,1.617,5.615431117826663,0.5879999999999999,0,-0.31524206354893636,1413
GALNT15,2,-1.718,0.401,-4.29,1.81761959636392e-05,8.38562418827021e-05,75.0,0.2483,3.99,down,False,,False,False,1.718,4.076464604920492,0.5,0,-0.3155058809280036,1414
GATA6,3,-1.481,0.351,-4.22,2.4085284119971e-05,0.0001082797034692,68.4,0.2251,6.33,down,False,,False,False,1.481,3.965452942242744,0.9479999999999998,0,-0.31555999671426704,1415
FRMD3,3,-1.137,0.169,-6.73,1.6712950730896e-11,1.81378518154633e-10,59.8,0.044,4.97,down,False,,False,False,1.137,9.741414150568955,1.206,0,-0.31588346824713265,1416
GPRASP1,3,-1.526,0.223,-6.84,7.79891929813374e-12,8.74771930282763e-11,84.7,0.0997,13.11,down,False,,False,False,1.526,10.0581051610698,0.4590000000000001,0,-0.3163216965636825,1417
RP11-1143G9.4,2,1.894,0.418,4.54,5.71980818150203e-06,2.88691224063779e-05,93.2,0.3257,14.81,up,False,,False,False,1.894,4.539566418054175,0.1359999999999999,0,-0.3166324285181489,1418
POSTN,3,-1.845,0.483,-3.82,0.0001329951612279,0.0005078766279256,89.7,0.5115,19.33,down,False,,False,False,1.845,3.2942417725947037,0.30899999999999994,0,-0.31666538431561053,1419
ID4,3,-1.782,0.331,-5.39,7.00129199702938e-08,4.79781160299944e-07,92.5,0.2249,26.77,down,False,,False,False,1.782,6.318956809595397,0.22499999999999987,0,-0.31704821742388445,1420
ALDH1A3,3,1.958,0.723,2.71,0.0067947532813547,0.0163153533247753,93.5,1.3467,30.62,up,False,,False,False,1.958,1.7874035167067102,0.19499999999999984,0,-0.317220113213347,1421
OSR2,3,-1.689,0.378,-4.47,7.78676376490429e-06,3.83990631920465e-05,82.6,0.2809,11.49,down,False,,False,False,1.689,4.41567937082746,0.5220000000000001,0,-0.31730456901969173,1422
PLEKHB1,2,-1.101,0.168,-6.57,5.0938046088822296e-11,5.24366192125436e-10,35.3,0.0264,1.54,down,False,,False,False,1.101,9.280365316689577,1.294,0,-0.3176300483691459,1423
NCOA7,3,1.024,0.113,9.03,1.7452641912492e-19,3.68393953588391e-18,70.0,0.0226,6.68,up,False,,False,False,1.024,17.433687506446812,0.9000000000000001,0,-0.31770183922490086,1424
WNK2,3,-1.907,0.601,-3.18,0.0014948534974145,0.0044016384303116,92.0,0.8389,25.11,down,False,,False,False,1.907,2.356385635151546,0.23999999999999988,0,-0.319543097234366,1425
RAD51AP1,3,1.08,0.128,8.46,2.5902276674051402e-17,4.64633252615225e-16,69.2,0.0287,6.5,up,False,,False,False,1.08,15.332889712076634,0.9239999999999998,0,-0.31959680688523884,1426
C9orf84,2,1.969,0.554,3.55,0.0003781359815609,0.0012969648633495,95.6,0.5866,22.55,up,False,,False,False,1.969,2.8870717894210287,0.08800000000000008,0,-0.31985958587276275,1427
NFKBIZ,3,1.722,0.286,6.03,1.6585783445396602e-09,1.42584758956711e-08,92.8,0.1725,27.9,up,False,,False,False,1.722,7.8459268942229174,0.2160000000000002,0,-0.32080370043338835,1428
PDZK1P1,2,-1.832,0.456,-4.02,5.87797145835494e-05,0.0002428047183141,85.6,0.3559,6.94,down,False,,False,False,1.832,3.6147428780668482,0.28800000000000003,0,-0.32116727073124074,1429
GPT,3,-1.412,0.241,-5.85,4.8472014428425e-09,3.90999788337354e-08,72.8,0.1002,7.34,down,False,,False,False,1.412,7.407823477703734,0.8160000000000001,0,-0.3218611816854692,1430
FBN2,3,1.718,0.51,3.36,0.000766582700481,0.0024345318729563,81.3,0.5419,10.69,up,False,,False,False,1.718,2.6135845352859115,0.5610000000000002,0,-0.3221097318115179,1431
S100A2,3,1.896,0.465,4.08,4.59977479639611e-05,0.0001946632382353,94.9,0.5344,39.54,up,False,,False,False,1.896,3.7107160563843307,0.1529999999999998,0,-0.32296121358484153,1432
SHCBP1,3,1.405,0.184,7.63,2.41427770254306e-14,3.41898528365581e-13,83.7,0.0672,12.24,up,False,,False,False,1.405,12.466102768533862,0.48899999999999977,0,-0.32315886182984477,1433
PCDHA3,3,-1.162,0.172,-6.76,1.42214282137411e-11,1.55347369601243e-10,62.8,0.0553,5.37,down,False,,False,False,1.162,9.808696095980535,1.116,0,-0.32318334872855636,1434
ASTN2,3,-1.211,0.225,-5.39,6.93223135578401e-08,4.75466169960585e-07,58.2,0.0861,4.78,down,False,,False,False,1.211,6.322880378247309,1.2539999999999998,0,-0.3232514542515392,1435
FADS1,3,-1.925,0.751,-2.56,0.0103467922233618,0.0232713354301187,92.2,1.5407,25.73,down,False,,False,False,1.925,1.6331786939246857,0.23399999999999987,0,-0.3233059288621737,1436
RP11-399J13.2,3,1.564,0.289,5.42,6.11107238681374e-08,4.22362248310962e-07,80.4,0.1553,10.18,up,False,,False,False,1.564,6.374314906958469,0.5879999999999999,0,-0.3243347732888955,1437
ASPG,3,1.562,0.262,5.97,2.3799974166477903e-09,2.00119825884728e-08,83.5,0.1274,12.15,up,False,,False,False,1.562,7.698709883648586,0.4950000000000001,0,-0.3261126642084373,1438
SLC16A9,3,1.829,0.657,2.78,0.0054036877811498,0.0133906706822066,87.4,1.062,15.88,up,False,,False,False,1.829,1.8731976704646913,0.37799999999999967,0,-0.32682376007953273,1439
LTB4R2,3,1.149,0.133,8.62,6.43201311940777e-18,1.2152299847636499e-16,76.1,0.0324,8.38,up,False,,False,False,1.149,15.915341523167047,0.7170000000000003,0,-0.3271223022511337,1440
SORBS2,3,-1.228,0.198,-6.19,6.10061610891898e-10,5.567614912034481e-09,64.3,0.0639,5.6,down,False,,False,False,1.228,8.254330810639239,1.071,0,-0.3277721222899824,1441
CDX4,2,-1.254,0.238,-5.27,1.37663905262162e-07,9.07256294561362e-07,41.7,0.0496,1.72,down,False,,False,False,1.254,6.042270009973609,1.166,0,-0.32819913017791036,1442
EPCAM,3,-1.374,0.264,-5.21,1.88617121220906e-07,1.22716458884386e-06,68.4,0.1259,6.33,down,False,,False,False,1.374,5.911097185249392,0.9479999999999998,0,-0.3288266015330329,1443
SSC5D,2,-1.996,0.772,-2.59,0.0096879606978448,0.022043688955662,96.6,1.1504,29.08,down,False,,False,False,1.996,1.6567157256538552,0.06800000000000006,0,-0.32935147620036576,1444
BDNF-AS,3,-1.347,0.19,-7.1,1.2450111211111899e-12,1.5039272982122098e-11,77.6,0.0669,8.92,down,False,,False,False,1.347,10.822773157593055,0.6720000000000003,0,-0.32935175143090845,1445
RP11-298A10.2,2,1.409,0.195,7.23,4.75489858813215e-13,5.990711574251099e-12,73.6,0.0566,3.79,up,False,,False,False,1.409,11.222521589227282,0.528,0,-0.32978452761783483,1446
IRX6,3,-1.448,0.302,-4.8,1.55827919570294e-06,8.68518040290716e-06,71.4,0.1637,7.0,down,False,,False,False,1.448,5.061221156241246,0.8579999999999998,0,-0.3303731420918915,1447
CTA-109P11.4,2,-1.713,0.331,-5.18,2.24901124151e-07,1.44515795093351e-06,84.4,0.186,6.4,down,False,,False,False,1.713,5.840084683378039,0.31199999999999983,0,-0.3306786314628464,1448
AC007228.11,2,-1.398,0.251,-5.56,2.65601047654464e-08,1.9362986373539e-07,58.1,0.0773,2.38,down,False,,False,False,1.398,6.713027660171862,0.8380000000000001,0,-0.3311701691235882,1449
MROH7,2,-1.057,0.138,-7.64,2.16108383569995e-14,3.07717831568735e-13,45.5,0.0175,1.84,down,False,,False,False,1.057,12.51184733661727,1.0899999999999999,0,-0.3312904124777297,1450
EDN2,2,-1.002,0.172,-5.83,5.44927774807596e-09,4.34890975585412e-08,23.5,0.0172,1.31,down,False,,False,False,1.002,7.361619604277919,1.53,0,-0.33156596368310043,1451
ZNF135,3,-1.976,0.653,-3.02,0.0024980619180914,0.0068893887182613,98.0,1.205,101.01,down,False,,False,False,1.976,2.1618193104673016,0.06000000000000005,0,-0.3315857595473368,1452
RP4-541C22.5,3,-1.345,0.231,-5.83,5.45076732183177e-09,4.34890975585412e-08,70.3,0.1028,6.72,down,False,,False,False,1.345,7.361619604277919,0.8910000000000001,0,-0.3317134754333345,1453
CAPN11,2,-1.702,0.364,-4.68,2.87535621999702e-06,1.53358883011871e-05,80.3,0.2188,5.09,down,False,,False,False,1.702,4.814291063298665,0.39400000000000013,0,-0.33180294807943844,1454
RP11-44F14.2,3,1.617,0.405,4.0,6.4553135817804e-05,0.0002642749836234,78.9,0.3775,9.46,up,False,,False,False,1.617,3.5779439454135646,0.6329999999999999,0,-0.3319093775675708,1455
MMP28,3,-1.151,0.148,-7.78,7.14522494575248e-15,1.05929430497226e-13,70.7,0.0375,6.82,down,False,,False,False,1.151,12.974983362585332,0.8789999999999998,0,-0.33233713142040333,1456
HRASLS5,2,-1.885,0.636,-2.96,0.0030426006437647,0.0081659561439215,88.7,0.7233,8.84,down,False,,False,False,1.885,2.087992956828407,0.22599999999999998,0,-0.33311528756491027,1457
GALNT8,2,-1.904,0.539,-3.53,0.0004110884988765,0.0013985133948847,93.0,0.5413,14.31,down,False,,False,False,1.904,2.854333369623772,0.1399999999999999,0,-0.33314977428370307,1458
FCMR,3,1.484,0.317,4.68,2.84007012719565e-06,1.51615054977247e-05,73.6,0.214,7.58,up,False,,False,False,1.484,4.819257672259934,0.792,0,-0.33316742974342906,1459
RP11-903H12.5,3,-1.5,0.221,-6.78,1.2213040595520398e-11,1.34439822512193e-10,85.8,0.0982,14.11,down,False,,False,False,1.5,9.871472069558898,0.42600000000000005,0,-0.33383029597848957,1460
PIWIL2,2,-1.649,0.331,-4.98,6.50663671195857e-07,3.88258625516794e-06,78.0,0.1743,4.54,down,False,,False,False,1.649,5.410878887247217,0.43999999999999995,0,-0.33429482497788077,1461
RP11-113D6.6,3,1.272,0.164,7.74,9.987767329942981e-15,1.46127278391647e-13,78.3,0.0482,9.22,up,False,,False,False,1.272,12.835268704331689,0.6510000000000002,0,-0.3345911750056202,1462
FAM3D-AS1,2,1.819,0.521,3.49,0.0004805896136032,0.0016092293326902,85.4,0.4666,6.84,up,False,,False,False,1.819,2.79338205980113,0.2919999999999998,0,-0.3350509353431351,1463
PRRG3,2,-1.969,0.734,-2.68,0.0073178822685685,0.0173701385139852,96.0,1.0358,24.95,down,False,,False,False,1.969,1.7601967183623666,0.08000000000000007,0,-0.3352253769916267,1464
NTF3,2,-1.845,0.635,-2.9,0.0036794695887798,0.0096290253488292,85.4,0.7025,6.86,down,False,,False,False,1.845,2.016417669993539,0.2919999999999998,0,-0.33557147966656997,1465
CDC20,3,1.582,0.27,5.87,4.39171513923986e-09,3.56469000327552e-08,85.9,0.1497,14.21,up,False,,False,False,1.582,7.447978231792648,0.4229999999999997,0,-0.3357012811837844,1466
TNN,2,-1.47,0.369,-3.98,6.91592547211309e-05,0.0002816053215806,55.6,0.1747,2.25,down,False,,False,False,1.47,3.5503591424587166,0.8879999999999999,0,-0.33571053903824055,1467
GLTPP1,3,1.271,0.164,7.73,1.08999931579302e-14,1.5877905403484e-13,78.4,0.0484,9.25,up,False,,False,False,1.271,12.799206789799825,0.6479999999999999,0,-0.3359436263701039,1468
KIF2C,3,1.489,0.216,6.89,5.53507579162968e-12,6.308207848406001e-11,86.3,0.0995,14.56,up,False,,False,False,1.489,10.200094005589063,0.41100000000000003,0,-0.33641507532344306,1469
MIR4697HG,3,-1.075,0.176,-6.12,9.2423877420419e-10,8.220176848535671e-09,56.0,0.0486,4.54,down,False,,False,False,1.075,8.085118838966398,1.3199999999999998,0,-0.33652489989394363,1470
KLK8,3,1.418,0.201,7.06,1.7205005945661998e-12,2.05455324610921e-11,83.2,0.0778,11.9,up,False,,False,False,1.418,10.687282599015514,0.5039999999999998,0,-0.33772857391364985,1471
EGFL6,2,1.261,0.251,5.02,5.20816504939421e-07,3.15114850455593e-06,43.2,0.0655,1.76,up,False,,False,False,1.261,5.501531129295239,1.136,0,-0.33802802309922186,1472
FAM180B,2,-1.786,0.412,-4.34,1.45445006004576e-05,6.82856427108129e-05,87.7,0.2995,8.13,down,False,,False,False,1.786,4.16567059861596,0.246,0,-0.338235823834114,1473
FOXD1-AS1,2,-1.133,0.319,-3.55,0.0003904591385586,0.0013333709663777,22.8,0.1039,1.3,down,False,,False,False,1.133,2.8750490056970555,1.544,0,-0.3386107115797057,1474
CTD-2269F5.1,2,-1.552,0.228,-6.8,1.05138224494323e-11,1.16478026369503e-10,85.1,0.089,6.71,down,False,,False,False,1.552,9.933755996754389,0.29800000000000004,0,-0.3389040914420125,1475
FXYD6,3,-1.579,0.337,-4.69,2.78496757141961e-06,1.49047338544494e-05,80.6,0.2128,10.31,down,False,,False,False,1.579,4.82667577451736,0.5820000000000002,0,-0.33928873020143857,1476
AF064858.11,2,-1.618,0.321,-5.04,4.70694011822598e-07,2.86864777994147e-06,76.9,0.1625,4.32,down,False,,False,False,1.618,5.542322772290184,0.46199999999999997,0,-0.3393465166076296,1477
GPC3,2,-1.949,0.734,-2.65,0.007933085603362,0.0186077756401907,95.2,1.027,20.9,down,False,,False,False,1.949,1.7303055390093585,0.09599999999999986,0,-0.3395585979312693,1478
PRC1,3,1.06,0.12,8.86,7.77123687115135e-19,1.57231533203787e-17,74.8,0.026,7.94,up,False,,False,False,1.06,16.803460350643586,0.756,0,-0.3398552082554023,1479
AP000473.8,2,-1.652,0.377,-4.39,1.14378851623115e-05,5.46538995232801e-05,76.0,0.2215,4.16,down,False,,False,False,1.652,4.262378845955365,0.48,0,-0.33991104284840823,1480
ZNF385D,3,-1.174,0.2,-5.87,4.360050344933181e-09,3.54144408482099e-08,61.4,0.0637,5.18,down,False,,False,False,1.174,7.4508196108034435,1.158,0,-0.3401813729533322,1481
KIAA1549,3,-1.196,0.188,-6.36,2.06450504863292e-10,1.97015893532197e-09,65.6,0.062,5.82,down,False,,False,False,1.196,8.705498737316033,1.0320000000000003,0,-0.34063856635972,1482
KCNQ3,3,-1.028,0.209,-4.92,8.66535365525884e-07,5.07371845212491e-06,47.7,0.0619,3.82,down,False,,False,False,1.028,5.294673636066018,1.5689999999999997,0,-0.3406745193303258,1483
RP11-276H7.2,3,1.518,0.297,5.12,3.10040864828416e-07,1.95100715181946e-06,79.1,0.1886,9.59,up,False,,False,False,1.518,5.709741138606489,0.6270000000000002,0,-0.34122378702792533,1484
SERPINB9,3,1.783,0.448,3.98,6.97773306251513e-05,0.0002838258093143,90.8,0.4134,21.85,up,False,,False,False,1.783,3.5469481151042803,0.27600000000000025,0,-0.34128721281315344,1485
PCDHA5,3,-1.118,0.184,-6.09,1.1611435819586301e-09,1.02185000413795e-08,59.6,0.0605,4.95,down,False,,False,False,1.118,7.990612848972382,1.2120000000000002,0,-0.3429203411590507,1486
CTB-176F20.3,2,-1.504,0.25,-6.01,1.8366260387241502e-09,1.56739259717439e-08,74.7,0.0952,3.95,down,False,,False,False,1.504,7.804822208744507,0.506,0,-0.34292302068925185,1487
DDIAS,3,1.277,0.169,7.54,4.7713787359625e-14,6.57018851942036e-13,78.7,0.0561,9.38,up,False,,False,False,1.277,12.182422168983692,0.6389999999999999,0,-0.3431309520229403,1488
STRIP2,3,1.65,0.326,5.06,4.21019377661008e-07,2.59036212511458e-06,87.4,0.2395,15.85,up,False,,False,False,1.65,5.58663951856522,0.37799999999999967,0,-0.3433729001678355,1489
RNASE4,3,-1.493,0.225,-6.65,2.98174633166729e-11,3.14980595117327e-10,86.3,0.1013,14.56,down,False,,False,False,1.493,9.501716200791524,0.41100000000000003,0,-0.34362000396411496,1490
AC144831.1,2,-1.145,0.136,-8.41,4.06089580325821e-17,7.14211193527208e-16,65.7,0.0254,2.92,down,False,,False,False,1.145,15.146173347577843,0.6859999999999999,0,-0.3437756362005935,1491
UBE2SP1,3,1.084,0.171,6.35,2.12639696942511e-10,2.02591887086985e-09,59.3,0.0467,4.92,up,False,,False,False,1.084,8.693377950209213,1.221,0,-0.3444132136516317,1492
RP11-465L10.10,3,1.785,0.58,3.08,0.0020989098351541,0.0059239667628556,88.6,0.8376,17.58,up,False,,False,False,1.785,2.2273873868066194,0.3420000000000003,0,-0.34449675829457116,1493
ERVMER34-1,3,1.46,0.266,5.48,4.29108412876852e-08,3.0352924008252e-07,77.9,0.1415,9.04,up,False,,False,False,1.46,6.517799465396605,0.6629999999999999,0,-0.34472098690054087,1494
GALNT16,2,-1.898,0.563,-3.38,0.0007381455799209,0.0023557259550604,94.9,0.6014,19.64,down,False,,False,False,1.898,2.627875233039204,0.10199999999999987,0,-0.3451271102908643,1495
CMYA5,3,-1.65,0.347,-4.75,2.01426533148682e-06,1.09962539983151e-05,86.4,0.2544,14.68,down,False,,False,False,1.65,4.958755237108612,0.4079999999999997,0,-0.34549364760147827,1496
LYZ,2,1.884,0.495,3.81,0.0001402850291116,0.000533091470859,95.9,0.47,24.43,up,False,,False,False,1.884,3.2731982658684027,0.08199999999999985,0,-0.3457917313335731,1497
RP11-548B3.3,2,-1.878,0.565,-3.32,0.0008924878938145,0.0027834064889828,93.0,0.5966,14.3,down,False,,False,False,1.878,2.5554233646214386,0.1399999999999999,0,-0.3458718779124842,1498
ANGPTL4,3,1.812,0.493,3.67,0.0002409889857516,0.000868283516443,92.4,0.5734,26.23,up,False,,False,False,1.812,3.0613384435768802,0.22799999999999987,0,-0.346150476320776,1499
TMEM61,3,-1.189,0.215,-5.53,3.23898499180748e-08,2.33075767745246e-07,61.6,0.0756,5.21,down,False,,False,False,1.189,6.632502876550539,1.1520000000000001,0,-0.3461582970361474,1500
EFNB2,3,-1.05,0.122,-8.63,6.3760270554892e-18,1.20562534201896e-16,73.4,0.0283,7.52,down,False,,False,False,1.05,15.918787631808783,0.7979999999999997,0,-0.34637164979458757,1501
NHLH1,2,-1.883,0.658,-2.86,0.0042366308246016,0.0108421958926765,91.7,0.7969,12.02,down,False,,False,False,1.883,1.9648827503168254,0.16599999999999993,0,-0.3465416475948103,1502
YBX2,2,-1.859,0.601,-3.09,0.0020023781014142,0.0056809682433651,90.7,0.6606,10.79,down,False,,False,False,1.859,2.2455776384238235,0.18599999999999994,0,-0.3476954690753651,1503
RP5-884C9.2,3,-1.334,0.211,-6.32,2.66693820412873e-10,2.52040195480216e-09,75.2,0.0812,8.07,down,False,,False,False,1.334,8.598530192221702,0.744,0,-0.3477923027787493,1504
FLRT1,3,-1.003,0.173,-5.8,6.5598668878330106e-09,5.17559568511234e-08,51.8,0.0474,4.15,down,False,,False,False,1.003,7.28603965787704,1.446,0,-0.34785004367060124,1505
RP1-20N18.10,3,1.68,0.492,3.41,0.0006455971962014,0.0020905775025425,83.7,0.4838,12.28,up,False,,False,False,1.68,2.679733727514367,0.48899999999999977,0,-0.3479705730588384,1506
CDKN3,3,1.42,0.221,6.43,1.2516335021112e-10,1.2321063351943201e-09,81.3,0.0983,10.72,up,False,,False,False,1.42,8.909351809383214,0.5610000000000002,0,-0.3482623862256633,1507
CDKL2,3,-1.635,0.488,-3.35,0.0007970861691865,0.0025218259405984,80.8,0.5698,10.41,down,False,,False,False,1.635,2.5982848922460215,0.5760000000000002,0,-0.3483619177486067,1508
RP11-342M1.7,2,-1.055,0.228,-4.62,3.86674626017204e-06,2.01641040776047e-05,24.2,0.0411,1.32,down,False,,False,False,1.055,4.695421069604609,1.516,0,-0.3485668088597731,1509
LINC01764,2,1.266,0.459,2.76,0.0058684935440075,0.0143779894438368,34.6,0.2233,1.53,up,False,,False,False,1.266,1.8423018395786437,1.3079999999999998,0,-0.34917859461159195,1510
CDO1,2,-1.676,0.458,-3.66,0.0002537876195556,0.0009099271536497,76.7,0.3346,4.29,down,False,,False,False,1.676,3.0409933747495725,0.46599999999999997,0,-0.3492143860254999,1511
KRT15,3,-1.486,0.308,-4.82,1.40023652452747e-06,7.85857990953331e-06,77.6,0.1926,8.95,down,False,,False,False,1.486,5.104655926374603,0.6720000000000003,0,-0.3513897756192257,1512
CSTA,3,1.597,0.276,5.79,7.131694917012251e-09,5.59657547141602e-08,89.2,0.157,18.53,up,False,,False,False,1.597,7.252077635279079,0.32399999999999995,0,-0.35140095675029603,1513
GFRA1,2,-1.898,0.59,-3.22,0.0012941688341787,0.003877343061165,95.9,0.6677,24.11,down,False,,False,False,1.898,2.4114657716057537,0.08199999999999985,0,-0.35152930999566523,1514
LAMC3,2,-1.544,0.254,-6.08,1.2277589941169902e-09,1.07723426886374e-08,81.4,0.1064,5.38,down,False,,False,False,1.544,7.9676898393101965,0.3719999999999999,0,-0.3520539472370303,1515
CTNND2,3,-1.585,0.513,-3.09,0.0020153965806056,0.0057137481597914,77.6,0.5981,8.95,down,False,,False,False,1.585,2.2430789055744254,0.6720000000000003,0,-0.35217957155546964,1516
TROAP,3,1.406,0.214,6.57,5.0223967860363394e-11,5.17242790868125e-10,82.0,0.0901,11.09,up,False,,False,False,1.406,9.286305553650166,0.5400000000000001,0,-0.35241721620801136,1517
CD226,3,1.355,0.239,5.67,1.39932460175805e-08,1.05837769313584e-07,73.9,0.1059,7.66,up,False,,False,False,1.355,6.975359322118084,0.7829999999999997,0,-0.353177569762839,1518
RP11-391L3.1,3,-1.666,0.315,-5.29,1.22713952336862e-07,8.13309997240542e-07,91.3,0.2381,22.92,down,False,,False,False,1.666,6.089743889301086,0.26100000000000023,0,-0.35348553468277477,1519
CTD-2006M22.2,2,-1.016,0.139,-7.29,3.05823286762781e-13,3.9335259999065595e-12,44.0,0.0185,1.79,down,False,,False,False,1.016,11.405217974876157,1.12,0,-0.3535638632469137,1520
SYNM,3,-1.408,0.296,-4.75,2.01020756799302e-06,1.09792228089474e-05,72.9,0.1633,7.38,down,False,,False,False,1.408,4.959428401391545,0.8129999999999997,0,-0.3539498034046602,1521
MYCBPAP,3,1.599,0.368,4.34,1.40828074861992e-05,6.626420913456e-05,83.2,0.2833,11.93,up,False,,False,False,1.599,4.178720980982675,0.5039999999999998,0,-0.35488820195815285,1522
RP11-6O2.4,3,-1.428,0.307,-4.65,3.25636141645281e-06,1.71414806381254e-05,73.9,0.1758,7.66,down,False,,False,False,1.428,4.765951667523966,0.7829999999999997,0,-0.35498288968596015,1523
LINC01091,2,-1.94,0.85,-2.28,0.0224014706071341,0.0444969050014767,97.3,1.4055,37.05,down,False,,False,False,1.94,1.3516701954803085,0.05400000000000005,0,-0.35520014860464066,1524
RP4-737E23.2,2,-1.2,0.184,-6.52,7.232254541195349e-11,7.31632871887822e-10,54.2,0.0389,2.18,down,False,,False,False,1.2,9.135706790130042,0.9159999999999999,0,-0.3556351848940327,1525
CTB-51J22.1,2,-1.576,0.342,-4.61,4.11930563954642e-06,2.13479800124291e-05,74.7,0.1776,3.96,down,False,,False,False,1.576,4.670643212487141,0.506,0,-0.35645890569156635,1526
CKS2,3,1.408,0.217,6.48,9.084975050595129e-11,9.06136263141804e-10,82.4,0.0959,11.35,up,False,,False,False,1.408,9.042806488988989,0.5279999999999998,0,-0.3569618571844163,1527
CTC-321K16.1,2,-1.354,0.184,-7.35,1.93667356742478e-13,2.52847694031493e-12,77.0,0.0524,4.35,down,False,,False,False,1.354,11.597141002774821,0.45999999999999996,0,-0.357013463256194,1528
TNXA,2,-1.904,0.695,-2.74,0.0061615310725539,0.0149857197984026,96.0,0.9276,24.7,down,False,,False,False,1.904,1.8243223920599008,0.08000000000000007,0,-0.3570433237087056,1529
RP11-736K20.4,2,-1.645,0.361,-4.56,5.18896525145981e-06,2.63603488653261e-05,81.0,0.2156,5.27,down,False,,False,False,1.645,4.5790488463813865,0.3799999999999999,0,-0.3571402341968064,1530
ASF1B,3,1.287,0.178,7.24,4.38914300550274e-13,5.565842286880469e-12,79.9,0.0654,9.95,up,False,,False,False,1.287,11.254469103950223,0.6029999999999999,0,-0.3578040905205917,1531
CYP21A2,2,-1.916,0.855,-2.24,0.0250140989441681,0.0488614020514045,95.7,1.4016,23.43,down,False,,False,False,1.916,1.3110340753394105,0.08599999999999985,0,-0.35806606247656136,1532
FAM25A,3,1.159,0.174,6.65,2.97749128509991e-11,3.14673108320108e-10,68.2,0.0503,6.29,up,False,,False,False,1.159,9.502140369915526,0.9539999999999998,0,-0.35828171135255094,1533
CTB-113D17.1,2,1.07,0.194,5.5,3.70969574728874e-08,2.6483765705484e-07,34.4,0.0297,1.52,up,False,,False,False,1.07,6.577020262856327,1.312,0,-0.3583220877994021,1534
WSCD1,3,-1.503,0.305,-4.94,7.9538533541441e-07,4.68524794079414e-06,80.4,0.1804,10.19,down,False,,False,False,1.503,5.3292674215383125,0.5879999999999999,0,-0.3584140179439459,1535
HPSE,3,1.815,0.456,3.98,6.79834363029063e-05,0.0002769621058849,96.0,0.5464,50.45,up,False,,False,False,1.815,3.5575796472925023,0.1200000000000001,0,-0.3591867248918712,1536
ZSCAN18,3,-1.899,0.635,-2.99,0.0027662209012404,0.0075182242049388,98.2,1.1521,112.54,down,False,,False,False,1.899,2.123884727103738,0.05400000000000005,0,-0.359955127240298,1537
NETO2,3,1.696,0.384,4.41,1.02217557123386e-05,4.93974152498211e-05,90.4,0.3579,20.85,up,False,,False,False,1.696,4.306295775208097,0.2879999999999999,0,-0.35995646050657415,1538
SOX5,3,-1.681,0.378,-4.44,8.82315755789708e-06,4.30204739164368e-05,89.7,0.3155,19.44,down,False,,False,False,1.681,4.366324809704955,0.30899999999999994,0,-0.36050923986505456,1539
SLITRK6,3,-1.509,0.243,-6.21,5.35458304128612e-10,4.911654953505751e-09,87.7,0.1166,16.31,down,False,,False,False,1.509,8.308772150224364,0.369,0,-0.3605895639788651,1540
GPR17,2,-1.782,0.485,-3.67,0.0002417631651952,0.0008704143239087,89.7,0.4248,9.68,down,False,,False,False,1.782,3.0602739706521898,0.20599999999999996,0,-0.3607100164695216,1541
MESP2,3,1.861,0.759,2.45,0.0141809211649883,0.0302911929511096,94.7,1.6211,37.95,up,False,,False,False,1.861,1.518683622610294,0.1589999999999998,0,-0.36099394369777427,1542
USP17L3,2,1.639,0.423,3.88,0.0001046620117758,0.0004096399725088,77.6,0.2801,4.46,up,False,,False,False,1.639,3.387597671678249,0.4480000000000002,0,-0.3611814973730402,1543
EDIL3,3,-1.838,0.503,-3.66,0.0002561430920155,0.0009175292488128,96.7,0.5637,59.9,down,False,,False,False,1.838,3.037380082503084,0.09899999999999975,0,-0.3615156295053469,1544
RP11-1391J7.1,3,-1.051,0.3,-3.5,0.0004683083032327,0.0015719284586142,47.4,0.138,3.8,down,False,,False,False,1.051,2.8035672233959095,1.578,0,-0.3616550741713318,1545
RP11-263K19.6,3,1.061,0.172,6.15,7.56067798363265e-10,6.815090909466951e-09,59.8,0.0485,4.98,up,False,,False,False,1.061,8.166528346547354,1.206,0,-0.36170140819683916,1546
TFP1,2,-1.524,0.384,-3.97,7.13951202937234e-05,0.000289550999819,67.9,0.2059,3.11,down,False,,False,False,1.524,3.5382749311100756,0.6419999999999999,0,-0.36306110054213114,1547
CPAMD8,3,-1.08,0.256,-4.22,2.45040224081338e-05,0.0001100143192466,52.0,0.0995,4.17,down,False,,False,False,1.08,3.958550784250371,1.44,0,-0.3631478506316935,1548
NKG7,2,1.725,0.493,3.5,0.0004644468735692,0.0015605334955334,84.5,0.4177,6.45,up,False,,False,False,1.725,2.8067269051343717,0.31000000000000005,0,-0.36421561560307847,1549
FGF13,3,-1.082,0.309,-3.5,0.0004600287780046,0.0015481330742252,49.8,0.1459,3.98,down,False,,False,False,1.082,2.8101917110189416,1.506,0,-0.36425012108378085,1550
ADGRD1,2,-1.899,0.816,-2.33,0.0200055417289858,0.0405112220011962,96.1,1.2822,25.48,down,False,,False,False,1.899,1.392424656338208,0.07800000000000007,0,-0.36447230333986824,1551
CYP2S1,3,1.224,0.188,6.52,7.244083455204889e-11,7.325129572479101e-10,72.6,0.0697,7.31,up,False,,False,False,1.224,9.135184688773856,0.8220000000000001,0,-0.36486514578895246,1552
SGCG,2,-1.642,0.322,-5.1,3.48016660809979e-07,2.17188003543076e-06,86.5,0.1804,7.38,down,False,,False,False,1.642,5.6631641668314865,0.27,0,-0.3654011694020505,1553
NCAPH,3,1.45,0.223,6.52,7.264790009002879e-11,7.34289591194941e-10,86.9,0.105,15.26,up,False,,False,False,1.45,9.134132628020756,0.3929999999999997,0,-0.36646468460328785,1554
IGFBP5,3,-1.786,0.547,-3.26,0.0011017880041905,0.003363557040962,93.2,0.6147,29.6,down,False,,False,False,1.786,2.473201202925438,0.20399999999999985,0,-0.3669187688053659,1555
PLPP4,2,-1.039,0.331,-3.14,0.0016868976167969,0.0048908330829327,19.9,0.1042,1.25,down,False,,False,False,1.039,2.3106171587690385,1.602,0,-0.3674101414773294,1556
RP11-34A14.3,2,-1.254,0.217,-5.77,7.76034531393783e-09,6.06550662617598e-08,56.1,0.0574,2.28,down,False,,False,False,1.254,7.217132918496752,0.8779999999999999,0,-0.36757208447923995,1557
MACROD2,3,-1.592,0.312,-5.09,3.49950167835322e-07,2.18336446664634e-06,88.3,0.2147,17.16,down,False,,False,False,1.592,5.660873761935677,0.351,0,-0.36767873591049904,1558
RP11-829H16.3,2,-1.81,0.55,-3.29,0.0010003494259633,0.0030852674192854,92.4,0.5589,13.08,down,False,,False,False,1.81,2.5107071869997424,0.1519999999999999,0,-0.36782985690610903,1559
SRMS,3,1.5,0.347,4.32,1.53663164309516e-05,7.17411450602606e-05,79.4,0.2546,9.7,up,False,,False,False,1.5,4.14423169583145,0.6179999999999999,0,-0.3684360039864034,1560
GPR1,3,1.498,0.256,5.84,5.142016274854541e-09,4.12648128138738e-08,86.4,0.1274,14.75,up,False,,False,False,1.498,7.384420120603977,0.4079999999999997,0,-0.36850298243804747,1561
SLC6A16,2,-1.162,0.198,-5.87,4.3040176860779405e-09,3.5007904799652e-08,48.6,0.0466,1.94,down,False,,False,False,1.162,7.45583388069965,1.028,0,-0.36859338105909156,1562
CTD-3035K23.7,2,-1.62,0.353,-4.59,4.34874620154342e-06,2.23981957826028e-05,82.2,0.2084,5.61,down,False,,False,False,1.62,4.649786963505909,0.35599999999999987,0,-0.3694508036026386,1563
GSDMC,3,1.176,0.178,6.63,3.43489116317873e-11,3.60409534911927e-10,71.3,0.0553,6.96,up,False,,False,False,1.176,9.443203727945864,0.8610000000000001,0,-0.3704783845615013,1564
LRP8,3,1.54,0.274,5.62,1.92327702936766e-08,1.42745694294443e-07,88.3,0.1693,17.08,up,False,,False,False,1.54,6.845436982713399,0.351,0,-0.3711840683746387,1565
PCDHA12,3,-1.223,0.213,-5.74,9.39261747380457e-09,7.26639406457399e-08,69.4,0.0932,6.55,down,False,,False,False,1.223,7.138681053565328,0.9179999999999998,0,-0.3718426997492542,1566
SUSD2,2,-1.705,0.356,-4.79,1.64379368953157e-06,9.12703189711681e-06,92.1,0.2334,12.62,down,False,,False,False,1.705,5.0396704316964795,0.15800000000000014,0,-0.37209939539519366,1567
RP11-176D17.3,3,-1.021,0.158,-6.48,9.43448804282641e-11,9.39795449338397e-10,61.2,0.0415,5.16,down,False,,False,False,1.021,9.026966662241358,1.1640000000000001,0,-0.3728734555105113,1568
HMGB3,3,1.038,0.123,8.41,4.23833411254368e-17,7.442997992538269e-16,75.7,0.028,8.22,up,False,,False,False,1.038,15.128252098142305,0.729,0,-0.37317352040001295,1569
CDC6,3,1.445,0.22,6.58,4.5922173782920397e-11,4.76292497157458e-10,88.2,0.0999,16.95,up,False,,False,False,1.445,9.322126259699367,0.354,0,-0.373179765315661,1570
CTD-2026K11.1,3,-1.262,0.259,-4.86,1.14662797633864e-06,6.54349446565364e-06,67.8,0.1231,6.22,down,False,,False,False,1.262,5.184190260568059,0.9660000000000002,0,-0.3733633111966741,1571
TMEM171,3,1.765,0.673,2.62,0.0086786514548467,0.0200749557219869,91.4,1.2181,23.27,up,False,,False,False,1.765,1.697345403943078,0.2579999999999999,0,-0.3736785705295267,1572
FAM189A2,3,-1.726,0.449,-3.85,0.0001203952222041,0.0004640757050183,92.6,0.45,27.08,down,False,,False,False,1.726,3.3334111668808397,0.2220000000000002,0,-0.37383428257118145,1573
FXYD1,2,-1.754,0.451,-3.89,0.0001022512588933,0.00040134133458,91.9,0.3759,12.36,down,False,,False,False,1.754,3.396486109502249,0.16199999999999992,0,-0.37453482331188426,1574
CRIP2,3,-1.07,0.173,-6.18,6.38777699476283e-10,5.818345201183e-09,62.8,0.0486,5.38,down,False,,False,False,1.07,8.235200515725346,1.116,0,-0.3745490389058489,1575
CTD-2527I21.4,2,-1.754,0.454,-3.86,0.0001133355510296,0.0004395414039187,91.8,0.3807,12.24,down,False,,False,False,1.754,3.357000208994114,0.16400000000000015,0,-0.3746469972217117,1576
GBAP1,3,1.517,0.264,5.73,9.797360833956232e-09,7.54925674002901e-08,88.1,0.1593,16.8,up,False,,False,False,1.517,7.122095804608398,0.3570000000000003,0,-0.37465669660408096,1577
HS3ST2,3,-1.49,0.522,-2.85,0.0043117764369364,0.0109930445868717,75.2,0.5521,8.06,down,False,,False,False,1.49,1.9588820105647573,0.744,0,-0.3752605370621538,1578
ELFN2,3,-1.757,0.684,-2.57,0.0101918678061371,0.0229780827770262,91.1,1.2016,22.41,down,False,,False,False,1.757,1.6386862103776558,0.26700000000000024,0,-0.3755007085045434,1579
BHLHE41,3,-1.25,0.214,-5.83,5.4424671072457e-09,4.34524940359872e-08,72.4,0.0813,7.26,down,False,,False,False,1.25,7.361985291367634,0.8279999999999997,0,-0.376526536120671,1580
RP11-736K20.5,2,-1.634,0.492,-3.32,0.0009022228249097,0.0028103970869343,78.5,0.3935,4.65,down,False,,False,False,1.634,2.5512323133757997,0.42999999999999994,0,-0.3765797391341674,1581
UBE2C,3,1.394,0.219,6.36,2.0832624012232501e-10,1.9864394928812603e-09,84.3,0.0987,12.75,up,False,,False,False,1.394,8.701924659054626,0.4710000000000001,0,-0.3766815849246453,1582
LINC01535,2,-1.094,0.24,-4.56,5.13480148921316e-06,2.61135277125768e-05,35.0,0.0521,1.54,down,False,,False,False,1.094,4.5831344547715895,1.3,0,-0.3767600820189475,1583
SEMA3E,3,-1.808,0.755,-2.4,0.0166094150577955,0.0346718206784319,94.1,1.5133,33.99,down,False,,False,False,1.808,1.4600233521758754,0.17700000000000016,0,-0.3767849563452276,1584
SGO2,3,1.084,0.155,6.99,2.83553222449973e-12,3.3171900971171495e-11,69.0,0.0418,6.45,up,False,,False,False,1.084,10.47922963979695,0.9300000000000002,0,-0.3768264428184298,1585
GNG7,3,-1.106,0.199,-5.56,2.73558976676031e-08,1.99245242221817e-07,62.2,0.0642,5.29,down,False,,False,False,1.106,6.7006120403282425,1.134,0,-0.3775523085036755,1586
GLTP,3,1.322,0.174,7.62,2.60871355847242e-14,3.68987164291728e-13,88.2,0.0577,16.97,up,False,,False,False,1.322,12.432988741088177,0.354,0,-0.3776688750091801,1587
ORC1,3,1.235,0.17,7.26,3.88974284068812e-13,4.954025579851369e-12,80.5,0.0586,10.25,up,False,,False,False,1.235,11.305041755287602,0.5849999999999999,0,-0.37863203384111344,1588
A2ML1,3,1.712,0.419,4.09,4.33264928782855e-05,0.0001844247716181,93.5,0.396,30.81,up,False,,False,False,1.712,3.7341807456766065,0.19499999999999984,0,-0.3788175120566827,1589
IGHA1,2,-1.217,0.48,-2.53,0.0112799834707816,0.0249908322040059,37.2,0.1928,1.59,down,False,,False,False,1.217,1.6022192814649956,1.2559999999999998,0,-0.37889612867133016,1590
SYT8,3,-1.839,0.8,-2.3,0.0215905553473209,0.043138725684998,96.2,1.7743,53.02,down,False,,False,False,1.839,1.3651326880732422,0.11399999999999977,0,-0.37894721261238307,1591
C8orf88,3,-1.17,0.194,-6.02,1.7728307701354302e-09,1.51737460687753e-08,68.9,0.0713,6.42,down,False,,False,False,1.17,7.818907188088772,0.9329999999999998,0,-0.3790997298810973,1592
SNORD86,3,1.322,0.283,4.67,3.08180687398974e-06,1.63217233287841e-05,71.7,0.1608,7.07,up,False,,False,False,1.322,4.787233988188257,0.8489999999999998,0,-0.37925117875779435,1593
ZNF667,3,-1.773,0.538,-3.3,0.0009771358238815,0.0030201515247752,94.7,0.8048,37.39,down,False,,False,False,1.773,2.5199712673994985,0.1589999999999998,0,-0.37927610559343505,1594
RXRG,2,-1.693,0.414,-4.09,4.37585271231397e-05,0.0001861088956078,88.6,0.3072,8.79,down,False,,False,False,1.693,3.730232868024256,0.2280000000000002,0,-0.37930589712995033,1595
CHRNA3,3,1.605,0.408,3.93,8.50010816042149e-05,0.0003392073507113,86.4,0.4133,14.66,up,False,,False,False,1.605,3.4695347450392457,0.4079999999999997,0,-0.379475235963054,1596
RP11-728F11.4,3,-1.574,0.403,-3.91,9.32628735136507e-05,0.0003691563419142,84.5,0.3136,12.87,down,False,,False,False,1.574,3.432789666223818,0.4650000000000001,0,-0.3800547907679822,1597
LINC01137,3,1.18,0.167,7.06,1.63669796358208e-12,1.9557663414748798e-11,76.1,0.0508,8.39,up,False,,False,False,1.18,10.708683032303865,0.7170000000000003,0,-0.3804277379458939,1598
RP11-91P24.6,3,-1.092,0.151,-7.23,4.95505078372995e-13,6.2328201932474195e-12,71.8,0.0415,7.09,down,False,,False,False,1.092,11.205315401618641,0.8460000000000001,0,-0.3808084084949288,1599
CLMP,3,-1.554,0.401,-3.88,0.000104783688792,0.000409906646212,83.5,0.3758,12.13,down,False,,False,False,1.554,3.387315039990898,0.4950000000000001,0,-0.3819628923751376,1600
TMPRSS5,2,-1.139,0.194,-5.86,4.51943830746029e-09,3.6632801710297e-08,50.1,0.0409,2.0,down,False,,False,False,1.139,7.436129864824646,0.998,0,-0.38244311273051523,1601
PDGFC,3,-1.186,0.167,-7.08,1.42679434062583e-12,1.7154508844227e-11,77.0,0.0584,8.71,down,False,,False,False,1.186,10.765621711842465,0.69,0,-0.3826870116532868,1602
GATA3,3,-1.531,0.265,-5.79,7.22541194281004e-09,5.66252655404219e-08,90.7,0.1562,21.45,down,False,,False,False,1.531,7.246989748379208,0.2789999999999999,0,-0.3828302048482075,1603
NR2F1,2,-1.094,0.224,-4.87,1.1062632496574e-06,6.34563009341586e-06,38.7,0.0564,1.63,down,False,,False,False,1.094,5.1975252478786205,1.226,0,-0.383030065033811,1604
PRR33,3,-1.7,0.469,-3.62,0.0002905525760901,0.001025564724622,91.9,0.4478,24.57,down,False,,False,False,1.7,2.9890369255841125,0.24299999999999988,0,-0.3831905955607886,1605
CRAT,3,-1.759,0.766,-2.29,0.0217578345245501,0.0434099674750867,92.0,1.5969,24.89,down,False,,False,False,1.759,1.3624105395562705,0.23999999999999988,0,-0.38325264337070597,1606
CLEC3B,3,-1.638,0.437,-3.75,0.0001757838322741,0.0006555557957154,88.5,0.3886,17.36,down,False,,False,False,1.638,3.1833903386953697,0.345,0,-0.38329597523141323,1607
ZNF878,2,1.122,0.356,3.15,0.0016431779859266,0.0047788735833714,32.0,0.0932,1.47,up,False,,False,False,1.122,2.3206744578178506,1.3599999999999999,0,-0.38365416171562605,1608
CTD-2245F17.6,3,-1.413,0.265,-5.33,9.85812573382462e-08,6.62177518803732e-07,81.2,0.1603,10.66,down,False,,False,False,1.413,6.179025567808083,0.5639999999999998,0,-0.38374309212652447,1609
RP11-283G6.5,3,-1.296,0.241,-5.37,7.75541303481524e-08,5.28519545071296e-07,74.3,0.107,7.77,down,False,,False,False,1.296,6.2769389475057356,0.771,0,-0.38453775135335544,1610
LINC01271,2,1.132,0.257,4.41,1.0414565903137e-05,5.0287659493922e-05,39.7,0.0637,1.66,up,False,,False,False,1.132,4.298538576996464,1.206,0,-0.38461737611065683,1611
POLE2,3,1.012,0.126,8.06,7.83284051239819e-16,1.2558833120186901e-14,73.5,0.0294,7.55,up,False,,False,False,1.012,13.901050710360439,0.795,0,-0.38498474835719054,1612
RAET1G,3,1.598,0.364,4.39,1.13855543619463e-05,5.44341244898806e-05,88.9,0.2952,18.08,up,False,,False,False,1.598,4.264128757813506,0.33299999999999996,0,-0.38614869699090804,1613
RP11-66B24.4,3,1.637,0.469,3.49,0.0004870027495538,0.0016274443061108,88.4,0.5038,17.18,up,False,,False,False,1.637,2.7884938647951745,0.348,0,-0.38794368228135334,1614
MYEOV,3,-1.77,0.659,-2.69,0.007240431897818,0.0172177235164591,94.5,1.1738,36.36,down,False,,False,False,1.77,1.7640242703966735,0.16500000000000015,0,-0.3885027228895559,1615
EN2,2,1.336,0.449,2.98,0.0029062015343165,0.0078413176252668,52.6,0.2527,2.11,up,False,,False,False,1.336,2.1056109539862766,0.948,0,-0.38888385341386367,1616
SIRPG,2,1.364,0.418,3.26,0.0011115245099035,0.0033893027552862,56.5,0.2359,2.3,up,False,,False,False,1.364,2.469889635329801,0.8700000000000001,0,-0.3892415850904596,1617
NAPSB,2,1.03,0.136,7.6,2.92570776295285e-14,4.12081185457059e-13,58.1,0.0222,2.38,up,False,,False,False,1.03,12.385017213766385,0.8380000000000001,0,-0.3893470071394848,1618
TNXB,3,-1.746,0.668,-2.61,0.0089280836557474,0.0205787229516928,93.0,0.9428,28.58,down,False,,False,False,1.746,1.6865815796339056,0.20999999999999985,0,-0.38939167083757065,1619
PTPRT,2,-1.71,0.54,-3.17,0.0015392058362271,0.0045151966692031,88.4,0.5203,8.59,down,False,,False,False,1.71,2.345323328298542,0.23199999999999998,0,-0.3896920145948328,1620
DCN,3,-1.411,0.286,-4.94,7.87571586379633e-07,4.64257354340237e-06,80.3,0.1479,10.16,down,False,,False,False,1.411,5.333241207837864,0.5910000000000002,0,-0.38980229175775927,1621
ATP6V0A4,3,-1.567,0.613,-2.56,0.0105717739179317,0.0237027106050813,81.9,0.8375,11.08,down,False,,False,False,1.567,1.625201985909076,0.5429999999999998,0,-0.3901584790250775,1622
LYVE1,2,-1.637,0.371,-4.41,1.05241127751961e-05,5.07851898483951e-05,88.2,0.2441,8.44,down,False,,False,False,1.637,4.29426291970197,0.236,0,-0.39034503106495255,1623
WDR66,3,1.613,0.452,3.57,0.0003598273436513,0.001240529939254,87.6,0.4727,16.1,up,False,,False,False,1.613,2.906392749895681,0.37200000000000033,0,-0.39035362109126315,1624
BLM,3,1.413,0.238,5.93,3.07706031008492e-09,2.54796267416972e-08,85.5,0.1211,13.78,up,False,,False,False,1.413,7.593806938393539,0.43500000000000005,0,-0.39044208666885605,1625
CHRDL1,2,-1.808,0.689,-2.63,0.0086547002937921,0.0200334103804392,95.6,0.9077,22.65,down,False,,False,False,1.808,1.6982451124472766,0.08800000000000008,0,-0.3904889580774463,1626
ZBED3-AS1,2,-1.25,0.247,-5.07,4.03336285794089e-07,2.48662078329045e-06,56.6,0.0791,2.31,down,False,,False,False,1.25,5.60439044081842,0.8679999999999999,0,-0.3906833494799249,1627
DLGAP5,3,1.575,0.312,5.05,4.50373784232359e-07,2.75268927287083e-06,91.2,0.2241,22.67,up,False,,False,False,1.575,5.560242809563368,0.2639999999999999,0,-0.391092402956268,1628
RP11-214O1.2,3,1.374,0.321,4.28,1.84934990709853e-05,8.52114697794819e-05,75.5,0.2291,8.17,up,False,,False,False,1.374,4.069501943652614,0.735,0,-0.39130904880464645,1629
PCDHB5,2,-1.042,0.171,-6.11,1.01693339090421e-09,9.00355285464325e-09,45.5,0.0311,1.84,down,False,,False,False,1.042,8.045586081595005,1.0899999999999999,0,-0.3914814767380572,1630
SYT6,2,-1.106,0.291,-3.8,0.0001456266440632,0.0005513462899686,35.7,0.0762,1.56,down,False,,False,False,1.106,3.2585755434648953,1.286,0,-0.3915070058504898,1631
PDZK1,3,-1.626,0.63,-2.58,0.0098025635480729,0.0222611767653124,85.9,0.988,14.14,down,False,,False,False,1.626,1.6524518818174114,0.4229999999999997,0,-0.3917334821723434,1632
CD6,2,1.325,0.2,6.61,3.74370710171365e-11,3.91234105107209e-10,76.4,0.0621,4.23,up,False,,False,False,1.325,9.407563293418542,0.472,0,-0.39180761334247416,1633
FAM110C,3,1.544,0.265,5.83,5.584110854400651e-09,4.44579745295037e-08,93.4,0.1695,30.1,up,False,,False,False,1.544,7.352050327302741,0.19799999999999984,0,-0.3921564116127264,1634
DEPDC1B,3,1.579,0.302,5.22,1.75932771207265e-07,1.14911000033227e-06,92.5,0.2173,26.82,up,False,,False,False,1.579,5.93963839581068,0.22499999999999987,0,-0.39232133365625055,1635
CDK1,3,1.399,0.227,6.17,6.704810615532431e-10,6.08580502904221e-09,86.4,0.1117,14.66,up,False,,False,False,1.399,8.215681965248875,0.4079999999999997,0,-0.39270378878732004,1636
GPR174,2,1.229,0.265,4.64,3.46973063999621e-06,1.81991764623955e-05,52.4,0.0772,2.1,up,False,,False,False,1.229,4.739948263989068,0.952,0,-0.3929258260956897,1637
CKMT1B,3,1.35,0.211,6.41,1.4753445347293e-10,1.4396140147344e-09,84.8,0.0955,13.18,up,False,,False,False,1.35,8.841753934114022,0.45600000000000007,0,-0.3930676903662018,1638
UNC13C,2,-1.711,0.514,-3.33,0.0008637174430165,0.002703042997804,90.2,0.4768,10.21,down,False,,False,False,1.711,2.5681470458438245,0.19599999999999995,0,-0.3933307867781214,1639
MOXD1,3,1.279,0.184,6.97,3.27097563122172e-12,3.8094660970780695e-11,84.0,0.0702,12.53,up,False,,False,False,1.279,10.419135887143453,0.4800000000000001,0,-0.3938600279274097,1640
MSRB3,3,-1.053,0.161,-6.56,5.4128362259358697e-11,5.55985446305102e-10,67.6,0.0461,6.17,down,False,,False,False,1.053,9.254936576533249,0.9720000000000002,0,-0.39482706117036803,1641
AC144831.3,2,-1.46,0.255,-5.73,1.02430329167772e-08,7.87969627173306e-08,82.2,0.1078,5.61,down,False,,False,False,1.46,7.103490522364827,0.35599999999999987,0,-0.394897448999856,1642
TTC9,3,1.007,0.131,7.69,1.43525360326601e-14,2.07138419228447e-13,72.3,0.0292,7.23,up,False,,False,False,1.007,12.683739342383904,0.8310000000000001,0,-0.3949780721545134,1643
UBE2S,3,1.089,0.162,6.72,1.7922804555280498e-11,1.93700337873759e-10,70.9,0.0458,6.87,up,False,,False,False,1.089,9.712869621735297,0.8729999999999998,0,-0.3951749931357116,1644
LINC01376,2,-1.27,0.215,-5.91,3.3645282163499205e-09,2.77129630600054e-08,66.1,0.0613,2.95,down,False,,False,False,1.27,7.55731703712599,0.6780000000000002,0,-0.3952047274480953,1645
CCNA2,3,1.441,0.239,6.03,1.59899630653956e-09,1.37765566948048e-08,88.8,0.1244,17.82,up,False,,False,False,1.441,7.86085931619552,0.33599999999999997,0,-0.39592194838100403,1646
NRN1,3,-1.095,0.173,-6.32,2.66337357047444e-10,2.5180497540886904e-09,69.0,0.0501,6.46,down,False,,False,False,1.095,8.598935692928437,0.9300000000000002,0,-0.39614463152131685,1647
SPTSSA,3,1.368,0.216,6.34,2.27587312900426e-10,2.16304969861391e-09,86.1,0.1039,14.44,up,False,,False,False,1.368,8.664933502019151,0.41700000000000004,0,-0.39627367977006045,1648
CTD-2196E14.5,3,1.471,0.418,3.52,0.0004379794070278,0.0014813841842384,79.7,0.3883,9.86,up,False,,False,False,1.471,2.8293322963353327,0.6089999999999999,0,-0.3963893721730676,1649
MAATS1,2,-1.751,0.656,-2.67,0.0076311692796416,0.0179933563323056,92.1,0.7968,12.72,down,False,,False,False,1.751,1.7448878193868806,0.15800000000000014,0,-0.3966550079615332,1650
KIF20A,3,1.565,0.323,4.84,1.2798356192369e-06,7.23838415335021e-06,90.7,0.2416,21.61,up,False,,False,False,1.565,5.140358371869849,0.2789999999999999,0,-0.39693483067575697,1651
RP11-401P9.5,2,1.264,0.187,6.78,1.2433389160886299e-11,1.3670888063278002e-10,73.6,0.0531,3.79,up,False,,False,False,1.264,9.864203272670364,0.528,0,-0.39693526461492834,1652
STK32A,3,-1.143,0.244,-4.69,2.70449699631153e-06,1.44972681902122e-05,64.0,0.0977,5.56,down,False,,False,False,1.143,4.838713826847143,1.08,0,-0.3976950478648408,1653
GALNT13,2,-1.573,0.44,-3.58,0.0003473936533947,0.0012033350151403,79.7,0.3145,4.93,down,False,,False,False,1.573,2.919613445834247,0.4059999999999999,0,-0.39774764064982493,1654
FAM83A,3,1.786,0.651,2.74,0.0060832866605143,0.0148198207343095,97.3,1.2119,75.32,up,False,,False,False,1.786,1.829157049701566,0.08100000000000007,0,-0.3978377496268375,1655
ABCA10,3,-1.048,0.214,-4.91,9.23737793992727e-07,5.37771151941699e-06,59.1,0.0716,4.89,down,False,,False,False,1.048,5.269402498670112,1.227,0,-0.39795740221489073,1656
TIMELESS,3,1.038,0.127,8.17,3.08341151419332e-16,5.0830690236444705e-15,78.3,0.032,9.22,up,False,,False,False,1.038,14.293873992916934,0.6510000000000002,0,-0.39802370410138865,1657
PHYHD1,3,-1.427,0.224,-6.36,1.98929172852369e-10,1.90226021540078e-09,90.2,0.1251,20.35,down,False,,False,False,1.427,8.72073007499964,0.29399999999999993,0,-0.3980580806589671,1658
FAM47E,2,-1.439,0.27,-5.33,9.72622886018264e-08,6.53880790890338e-07,78.1,0.1159,4.57,down,False,,False,False,1.439,6.184501420754478,0.43800000000000017,0,-0.39818517640821516,1659
RP11-2N1.2,3,-1.667,0.598,-2.79,0.0053284621442262,0.0132223371968366,90.1,0.8931,20.24,down,False,,False,False,1.667,1.8786917716298916,0.29700000000000026,0,-0.398241183190457,1660
RP11-510J16.5,3,1.225,0.306,4.0,6.42715325678924e-05,0.0002632141892725,66.7,0.1765,6.01,up,False,,False,False,1.225,3.5796907026088127,0.9989999999999999,0,-0.39981292539833113,1661
MPZ,3,-1.348,0.391,-3.45,0.000559974418729,0.0018418492578374,72.5,0.2828,7.28,down,False,,False,False,1.348,2.7347459165758234,0.8250000000000001,0,-0.39995796906263703,1662
PLAC9,2,-1.508,0.28,-5.38,7.40427810937279e-08,5.06211291653936e-07,85.4,0.1353,6.86,down,False,,False,False,1.508,6.295668171607038,0.2919999999999998,0,-0.4001092469451796,1663
RP11-366L5.1,2,-1.142,0.198,-5.76,8.36780332546979e-09,6.51419714153384e-08,54.3,0.0466,2.19,down,False,,False,False,1.142,7.186139102359302,0.9140000000000001,0,-0.4001783606804754,1664
CGNL1,3,-1.555,0.346,-4.49,7.00375994568928e-06,3.47869757200595e-05,89.2,0.2489,18.49,down,False,,False,False,1.555,4.458583325928498,0.32399999999999995,0,-0.40039308834928045,1665
U73166.2,2,-1.06,0.215,-4.92,8.55356243582233e-07,5.01579015681776e-06,40.6,0.048,1.68,down,False,,False,False,1.06,5.299660641165068,1.188,0,-0.400701340550639,1666
CRIP1,3,-1.692,0.519,-3.26,0.0011270684953611,0.0034295334713015,93.5,0.5796,30.98,down,False,,False,False,1.692,2.464764954190359,0.19499999999999984,0,-0.4013984865431568,1667
MAPT,3,-1.202,0.215,-5.59,2.24812865618863e-08,1.65491961360753e-07,72.6,0.081,7.3,down,False,,False,False,1.202,6.781223096881949,0.8220000000000001,0,-0.40149110998662574,1668
FBXO6,3,1.07,0.151,7.07,1.5671064413151399e-12,1.8745219562977e-11,73.3,0.0444,7.48,up,False,,False,False,1.07,10.72710946831627,0.801,0,-0.40275776828716814,1669
FAM26F,3,1.37,0.412,3.32,0.0008938473452669,0.0027872748774947,74.0,0.3444,7.7,up,False,,False,False,1.37,2.5548201996065694,0.78,0,-0.4029325072431994,1670
ADRB2,3,-1.598,0.355,-4.5,6.64206325975938e-06,3.31805503302833e-05,92.5,0.2923,26.67,down,False,,False,False,1.598,4.47911641507407,0.22499999999999987,0,-0.4036902313078412,1671
COL21A1,2,-1.691,0.402,-4.21,2.59742840230668e-05,0.0001158597588978,95.7,0.3096,23.46,down,False,,False,False,1.691,3.9360673795954977,0.08599999999999985,0,-0.40401110856633005,1672
PCDHA4,3,-1.065,0.197,-5.42,5.91875688502018e-08,4.10403376544542e-07,63.7,0.0736,5.51,down,False,,False,False,1.065,6.3867890747757965,1.089,0,-0.4040865964151734,1673
ACOX2,3,-1.528,0.561,-2.72,0.0065034577907155,0.0157045021067527,82.4,0.6746,11.38,down,False,,False,False,1.528,1.8039758278562146,0.5279999999999998,0,-0.4043262068776572,1674
RP11-132A1.4,3,1.45,0.457,3.17,0.0015072765687909,0.0044331997988224,78.8,0.4622,9.46,up,False,,False,False,1.45,2.353282695145356,0.6360000000000002,0,-0.40450588007491484,1675
SVOPL,2,-1.354,0.313,-4.33,1.50049414667572e-05,7.02782462575668e-05,65.2,0.1373,2.88,down,False,,False,False,1.354,4.1531790845439085,0.696,0,-0.4045251913212705,1676
CPEB1,3,-1.125,0.204,-5.52,3.43498870867014e-08,2.46428595406863e-07,68.0,0.0721,6.25,down,False,,False,False,1.125,6.608308898346718,0.9599999999999999,0,-0.40460489278799605,1677
OLFML3,3,-1.294,0.276,-4.69,2.79199233410995e-06,1.49364470703081e-05,74.6,0.1411,7.89,down,False,,False,False,1.294,4.825752695777909,0.762,0,-0.40477793284879837,1678
RP11-757G1.6,2,-1.266,0.243,-5.21,1.91152423481946e-07,1.24193368895056e-06,63.1,0.0777,2.71,down,False,,False,False,1.266,5.905901591994924,0.738,0,-0.4057073486817504,1679
KLK1,3,-1.72,0.56,-3.07,0.0021137930725876,0.0059609423004704,95.5,0.7182,44.35,down,False,,False,False,1.72,2.224685081946498,0.13500000000000012,0,-0.4058304781926704,1680
GPC6,3,-1.537,0.453,-3.39,0.0006911873431584,0.0022219176759127,85.1,0.4921,13.38,down,False,,False,False,1.537,2.65327203610585,0.44700000000000006,0,-0.40588303339914644,1681
RP11-307C19.2,2,-1.748,0.689,-2.54,0.0111579872538579,0.0247697793860179,93.9,0.8916,16.39,down,False,,False,False,1.748,1.6060778614747901,0.12199999999999989,0,-0.4061362471165373,1682
RP13-128O4.3,2,1.212,0.213,5.68,1.34721500410875e-08,1.02127448287506e-07,61.8,0.0574,2.62,up,False,,False,False,1.212,6.990857519051851,0.764,0,-0.406274312079535,1683
TCERG1L,3,1.013,0.385,2.63,0.008580345479736,0.0198858170276153,50.7,0.2162,4.05,up,False,,False,False,1.013,1.7014565609115682,1.479,0,-0.4069426509582329,1684
LINC01836,3,-1.129,0.276,-4.09,4.30921701434118e-05,0.00018347482919,62.4,0.1418,5.31,down,False,,False,False,1.129,3.7364235079443167,1.1280000000000001,0,-0.40715975912806013,1685
EGF,3,-1.581,0.426,-3.71,0.0002037655397528,0.0007484618735407,89.2,0.4537,18.54,down,False,,False,False,1.581,3.1258303176089908,0.32399999999999995,0,-0.40775468497985,1686
MAT1A,3,-1.529,0.568,-2.69,0.0071022339493523,0.0169338148829079,83.2,0.6616,11.88,down,False,,False,False,1.529,1.7712451921592052,0.5039999999999998,0,-0.4088674443342062,1687
LINC01343,3,1.447,0.431,3.36,0.0007793078473408,0.0024705874049838,80.0,0.4269,9.98,up,False,,False,False,1.447,2.607199776937213,0.5999999999999999,0,-0.40915314794739377,1688
SCD5,3,-1.646,0.447,-3.68,0.0002293230781271,0.0008302233120752,93.4,0.5191,30.32,down,False,,False,False,1.646,3.0808050761086943,0.19799999999999984,0,-0.4092540222111051,1689
DNAH6,2,-1.693,0.609,-2.78,0.0054595535956459,0.0135212325561232,90.6,0.6752,10.64,down,False,,False,False,1.693,1.8689837175715753,0.18800000000000017,0,-0.4096924592153022,1690
HPGDS,2,-1.68,0.439,-3.82,0.0001321817427563,0.0005052649275281,94.2,0.3642,17.22,down,False,,False,False,1.68,3.296480846843207,0.11599999999999988,0,-0.4101017385627338,1691
ZWINT,3,1.19,0.162,7.34,2.08496801698347e-13,2.71300813282746e-12,83.9,0.0545,12.4,up,False,,False,False,1.19,11.566548904345003,0.48299999999999976,0,-0.41013060478488494,1692
IL21R-AS1,2,1.428,0.334,4.27,1.93246589155458e-05,8.87698078010225e-05,73.3,0.1686,3.75,up,False,,False,False,1.428,4.051734720426629,0.534,0,-0.410317994534232,1693
PLAG1,3,-1.1,0.171,-6.43,1.27975424973708e-10,1.2587297156342502e-09,72.5,0.0534,7.29,down,False,,False,False,1.1,8.90006751501556,0.8250000000000001,0,-0.4103260500239282,1694
RP11-367G18.1,3,-1.064,0.174,-6.12,9.60784130434428e-10,8.52900861180869e-09,68.5,0.0537,6.34,down,False,,False,False,1.064,8.069101447079039,0.9449999999999998,0,-0.41064428332419534,1695
CRABP1,2,-1.767,0.755,-2.34,0.0193305715602289,0.0393657546457936,96.3,1.099,26.69,down,False,,False,False,1.767,1.404881418669757,0.07400000000000007,0,-0.41097678367115076,1696
CTD-2154I11.2,2,-1.559,0.32,-4.88,1.06305100306579e-06,6.11574365464909e-06,89.6,0.1833,9.62,down,False,,False,False,1.559,5.2135507266123255,0.20800000000000018,0,-0.41139233160095967,1697
MCM10,3,1.512,0.295,5.13,2.91516187569624e-07,1.84086928373815e-06,91.3,0.1964,23.04,up,False,,False,False,1.512,5.734977048740258,0.26100000000000023,0,-0.41141406198354236,1698
JHDM1D-AS1,3,1.099,0.164,6.69,2.2133577327499e-11,2.36802976078348e-10,74.3,0.047,7.78,up,False,,False,False,1.099,9.62561284381448,0.771,0,-0.4118371917285878,1699
BMP5,2,-1.019,0.378,-2.7,0.006952743165127,0.0166469023987378,28.2,0.1393,1.39,down,False,,False,False,1.019,1.778666566739606,1.436,0,-0.41194318955110165,1700
KRT32,2,-1.051,0.291,-3.61,0.0003042706656684,0.0010683473845256,35.3,0.0667,1.55,down,False,,False,False,1.051,2.9712875088693798,1.294,0,-0.41267698077681925,1701
CSPG4,3,-1.22,0.228,-5.36,8.2928388411169e-08,5.62198275214902e-07,74.6,0.0968,7.89,down,False,,False,False,1.22,6.250110491111715,0.762,0,-0.4129833839362046,1702
GLIS1,2,-1.311,0.242,-5.42,6.07069783575849e-08,4.20192092363307e-07,70.8,0.086,3.43,down,False,,False,False,1.311,6.376552124884124,0.5840000000000001,0,-0.4130493129994047,1703
ELANE,2,-1.553,0.533,-2.91,0.0035936199568485,0.0094403601806607,79.0,0.4602,4.75,down,False,,False,False,1.553,2.0250114356289077,0.41999999999999993,0,-0.41309820154363186,1704
CDRT1,3,1.345,0.263,5.11,3.23687366894696e-07,2.03142026049274e-06,81.2,0.1528,10.63,up,False,,False,False,1.345,5.692200220400164,0.5639999999999998,0,-0.41338595811508905,1705
CYP27A1,3,-1.064,0.178,-5.96,2.5203548525715203e-09,2.11012112817764e-08,68.2,0.0539,6.29,down,False,,False,False,1.064,7.675692613996496,0.9539999999999998,0,-0.4138043333304987,1706
C10orf67,3,-1.434,0.358,-4.0,6.30685533905561e-05,0.0002586042680538,82.2,0.307,11.24,down,False,,False,False,1.434,3.587364311718124,0.5339999999999998,0,-0.41394698144229747,1707
SASH3,2,1.403,0.235,5.97,2.31580538280145e-09,1.95072645577543e-08,84.0,0.0936,6.26,up,False,,False,False,1.403,7.709803626082819,0.32000000000000006,0,-0.41398857886312435,1708
LINC01012,2,-1.324,0.494,-2.68,0.0073803650243514,0.0174953888460804,57.2,0.2922,2.34,down,False,,False,False,1.324,1.7570764006043185,0.8559999999999999,0,-0.4145444981498312,1709
TK1,3,1.279,0.221,5.78,7.514271516812721e-09,5.87906356741541e-08,80.7,0.1016,10.37,up,False,,False,False,1.279,7.230691843973448,0.5789999999999998,0,-0.414600280135238,1710
RP11-508N22.12,2,-1.272,0.302,-4.22,2.47312233697102e-05,0.000110906744801,59.8,0.1169,2.49,down,False,,False,False,1.272,3.9550420414001333,0.804,0,-0.41529616568760885,1711
TNFRSF6B,3,1.427,0.37,3.86,0.0001127424842967,0.0004376809986567,81.6,0.2918,10.87,up,False,,False,False,1.427,3.3588423072997715,0.5520000000000002,0,-0.41582979780458673,1712
APOBEC3B,3,1.399,0.271,5.17,2.31911414337641e-07,1.48612491054745e-06,85.3,0.1787,13.59,up,False,,False,False,1.399,5.8279446860790625,0.44100000000000006,0,-0.4159253213522457,1713
CTA-280A3.2,2,-1.621,0.53,-3.06,0.0022421379180074,0.0062696824502606,86.7,0.49,7.52,down,False,,False,False,1.621,2.202754454957475,0.266,0,-0.416045996206711,1714
DLG2,3,-1.366,0.258,-5.3,1.1596346944125e-07,7.71847840816102e-07,83.9,0.1256,12.46,down,False,,False,False,1.366,6.112468306409183,0.48299999999999976,0,-0.4160499295721286,1715
CENPN,3,1.086,0.143,7.57,3.84863634977247e-14,5.35628586871723e-13,80.1,0.0407,10.05,up,False,,False,False,1.086,12.2711362524417,0.5970000000000002,0,-0.4163203311446877,1716
CLDN23,3,-1.757,0.747,-2.35,0.0186843581171834,0.0382494218771444,97.9,1.564,96.79,down,False,,False,False,1.757,1.417375124627056,0.06299999999999972,0,-0.41635720151944455,1717
RP11-380F14.2,2,1.277,0.198,6.45,1.13097022799505e-10,1.11849945361791e-09,77.0,0.0605,4.35,up,False,,False,False,1.277,8.951364223718254,0.45999999999999996,0,-0.4163605154695823,1718
EPOP,3,1.715,0.591,2.9,0.0037363811242941,0.0097508300711929,96.6,1.0084,59.21,up,False,,False,False,1.715,2.0109584119943804,0.10200000000000009,0,-0.4163686836332898,1719
RNF150,3,-1.218,0.242,-5.03,4.81172356535154e-07,2.93021948338486e-06,73.7,0.1035,7.6,down,False,,False,False,1.218,5.533099848296773,0.789,0,-0.41745754259052603,1720
SHC2,3,-1.05,0.208,-5.04,4.55654716025615e-07,2.7827866546944e-06,63.4,0.0715,5.46,down,False,,False,False,1.05,5.555520088039154,1.0979999999999999,0,-0.4178532072740786,1721
ZNF853,3,-1.35,0.286,-4.72,2.33543790190924e-06,1.26405238949811e-05,80.6,0.1568,10.31,down,False,,False,False,1.35,4.8982349260548705,0.5820000000000002,0,-0.4180550169448777,1722
KB-1732A1.1,3,1.232,0.241,5.1,3.38827346867888e-07,2.12018427234173e-06,75.0,0.1248,7.99,up,False,,False,False,1.232,5.673626391437613,0.75,0,-0.4181486091380028,1723
PCLAF,3,1.456,0.269,5.42,5.88813883537902e-08,4.08401309621889e-07,90.5,0.1745,20.97,up,False,,False,False,1.456,6.38891287392928,0.2849999999999999,0,-0.41835579080694585,1724
CARNS1,2,-1.104,0.162,-6.81,9.47252018762564e-12,1.05390791384091e-10,65.1,0.036,2.87,down,False,,False,False,1.104,9.977197334339689,0.6980000000000002,0,-0.4194160435792328,1725
PDLIM3,3,-1.258,0.256,-4.91,9.05657449355445e-07,5.27507719133158e-06,76.0,0.1196,8.33,down,False,,False,False,1.258,5.277771180859829,0.72,0,-0.41958589424939974,1726
RGS6,2,-1.62,0.496,-3.26,0.0010969601695311,0.0033496922265269,88.5,0.4396,8.68,down,False,,False,False,1.62,2.474995094593444,0.22999999999999998,0,-0.41977211657966373,1727
COL8A1,3,-1.157,0.286,-4.04,5.35925893363369e-05,0.0002235874039875,66.2,0.1406,5.92,down,False,,False,False,1.157,3.650552666495853,1.0139999999999998,0,-0.41978751310343776,1728
RP11-424C20.2,3,1.266,0.219,5.78,7.331316206106171e-09,5.74360043737414e-08,80.9,0.0969,10.45,up,False,,False,False,1.266,7.24081578009572,0.5729999999999998,0,-0.4201186599958363,1729
TGFBR3,3,-1.255,0.2,-6.29,3.1818090984393005e-10,2.98528934610683e-09,83.1,0.074,11.82,down,False,,False,False,1.255,8.525013568947491,0.5070000000000001,0,-0.42047462234585387,1730
PRKAG2-AS1,2,-1.586,0.414,-3.83,0.00012945442037,0.0004962449254026,88.3,0.3063,8.57,down,False,,False,False,1.586,3.3043039212986867,0.23399999999999999,0,-0.4206420149548361,1731
WFDC2,3,-1.434,0.58,-2.47,0.0133664740738056,0.0288569391859923,79.0,0.771,9.52,down,False,,False,False,1.434,1.5397497357903198,0.6299999999999999,0,-0.4212058423139833,1732
SPAG5,3,1.128,0.159,7.09,1.3793711846108099e-12,1.6618476613769697e-11,80.5,0.0482,10.25,up,False,,False,False,1.128,10.779408789730997,0.5849999999999999,0,-0.42231692375264795,1733
SLFN12L,2,1.137,0.176,6.46,1.0781711114296001e-10,1.06718425147803e-09,65.7,0.0419,2.91,up,False,,False,False,1.137,8.97176059229808,0.6859999999999999,0,-0.4225572497142257,1734
IZUMO1,2,1.11,0.471,2.36,0.0183931888416304,0.0377717232735343,38.9,0.212,1.64,up,False,,False,False,1.11,1.4228332007400142,1.222,0,-0.42467456475065746,1735
TRBC2,2,1.566,0.349,4.49,6.9954496539889e-06,3.47530732067543e-05,91.4,0.2227,11.68,up,False,,False,False,1.566,4.45900678480852,0.17199999999999993,0,-0.4249744355856021,1736
MFAP5,3,-1.611,0.578,-2.79,0.005339348585776,0.0132459528448953,91.5,0.8499,23.4,down,False,,False,False,1.611,1.877916795358753,0.2549999999999999,0,-0.4255785349148826,1737
DUSP9,3,1.676,0.75,2.23,0.0254511114188645,0.0495867721351809,94.3,1.5824,35.34,up,False,,False,False,1.676,1.3046341613097165,0.17100000000000015,0,-0.42572925467312805,1738
RP11-96C23.14,3,1.125,0.186,6.05,1.48359300118293e-09,1.2853230408842e-08,74.6,0.0605,7.89,up,False,,False,False,1.125,7.890987707163994,0.762,0,-0.42582763735993545,1739
ZBED2,3,1.653,0.54,3.06,0.0022048600765059,0.0061790457956336,94.9,0.7156,39.44,up,False,,False,False,1.653,2.209078586025547,0.1529999999999998,0,-0.4259608078862196,1740
SSPN,3,-1.313,0.251,-5.23,1.69716934135143e-07,1.10913001428519e-06,82.2,0.122,11.24,down,False,,False,False,1.313,5.955017542059081,0.5339999999999998,0,-0.42688844572990614,1741
SKA1,3,1.442,0.285,5.06,4.23976022347802e-07,2.6056326351115e-06,89.4,0.1834,18.88,up,False,,False,False,1.442,5.584086814943612,0.31799999999999995,0,-0.426962950147071,1742
PCDHA2,3,-1.178,0.229,-5.14,2.78881261023373e-07,1.76439433831781e-06,73.4,0.1133,7.53,down,False,,False,False,1.178,5.753404344478576,0.7979999999999997,0,-0.42697571593018935,1743
KIAA1211L,3,-1.201,0.19,-6.34,2.36579280056724e-10,2.24486597764404e-09,81.2,0.0666,10.62,down,False,,False,False,1.201,8.64880958201348,0.5639999999999998,0,-0.42707760941393713,1744
RP11-356C4.5,2,1.679,0.626,2.68,0.0073533833298152,0.0174367251182784,93.6,0.7346,15.58,up,False,,False,False,1.679,1.7585350788422998,0.1280000000000001,0,-0.4271366180078823,1745
LINC01671,2,1.479,0.43,3.44,0.0005890682725788,0.0019267149913089,78.3,0.2969,4.61,up,False,,False,False,1.479,2.7151825234640468,0.43400000000000016,0,-0.4277236271529963,1746
CH17-472G23.1,3,-1.448,0.408,-3.55,0.0003831334582717,0.0013119910948923,84.0,0.3726,12.48,down,False,,False,False,1.448,2.8820691127136056,0.4800000000000001,0,-0.42785289532355153,1747
PYCARD,3,1.022,0.151,6.79,1.13501051718444e-11,1.25505248921921e-10,73.0,0.0415,7.4,up,False,,False,False,1.022,9.901338110596035,0.81,0,-0.42793423842903533,1748
CPNE7,3,1.392,0.433,3.21,0.0013110380860506,0.003920553213638,79.5,0.4282,9.77,up,False,,False,False,1.392,2.4066526470921445,0.6149999999999999,0,-0.4279469865658547,1749
IRX1,3,-1.158,0.241,-4.81,1.51830767275742e-06,8.48056891233079e-06,70.9,0.112,6.88,down,False,,False,False,1.158,5.071575012460464,0.8729999999999998,0,-0.4283049696624698,1750
TRIP13,3,1.154,0.172,6.73,1.7346358318729697e-11,1.87702885348411e-10,80.9,0.0556,10.47,up,False,,False,False,1.154,9.726529051399634,0.5729999999999998,0,-0.42847672011825355,1751
NR1D1,3,-1.273,0.326,-3.91,9.22398024177399e-05,0.0003655394506173,74.6,0.2159,7.88,down,False,,False,False,1.273,3.437065745215495,0.762,0,-0.4291747877682801,1752
RP11-999E24.3,2,-1.522,0.386,-3.94,8.14110323004823e-05,0.0003262713328406,85.3,0.2569,6.82,down,False,,False,False,1.522,3.486421082927018,0.29400000000000004,0,-0.4294444104517374,1753
CTC-512J12.4,2,-1.292,0.458,-2.82,0.0047907215315824,0.0120545820584277,58.8,0.2491,2.42,down,False,,False,False,1.292,1.9188478423470925,0.8240000000000001,0,-0.4296645796634372,1754
SEMA3D,3,-1.627,0.542,-3.0,0.0026631158201971,0.0072760128658957,93.8,0.7555,32.13,down,False,,False,False,1.627,2.1381065416615272,0.18600000000000017,0,-0.4297088025392365,1755
ZFP92,3,1.59,0.607,2.62,0.0087950721097185,0.0203017662170348,90.6,0.9425,21.24,up,False,,False,False,1.59,1.6924661776067504,0.28200000000000025,0,-0.43011813825286493,1756
EFCAB1,3,-1.037,0.177,-5.86,4.7405654867007e-09,3.83322616504928e-08,68.9,0.0625,6.44,down,False,,False,False,1.037,7.416435556082139,0.9329999999999998,0,-0.43031156107334323,1757
GATM,3,-1.072,0.165,-6.48,8.956668635965409e-11,8.94482321242808e-10,74.7,0.0476,7.9,down,False,,False,False,1.072,9.048428238509205,0.759,0,-0.4305753906761426,1758
DENND2A,3,-1.117,0.173,-6.44,1.2072053125022601e-10,1.1903735956346e-09,77.3,0.057,8.82,down,False,,False,False,1.117,8.924316715028516,0.6809999999999999,0,-0.4310319197516964,1759
LVRN,2,-1.678,0.657,-2.55,0.0107065680955164,0.0239470717129699,94.1,0.8143,16.95,down,False,,False,False,1.678,1.6207475852410917,0.1180000000000001,0,-0.43104964799770307,1760
ADAM19,3,1.546,0.384,4.03,5.62774695917376e-05,0.0002339963207234,92.3,0.3235,26.05,up,False,,False,False,1.546,3.6307909712312547,0.2310000000000002,0,-0.43109630024196066,1761
APOL2,3,1.376,0.253,5.44,5.37690636948582e-08,3.75470320434292e-07,87.9,0.1464,16.53,up,False,,False,False,1.376,6.425424386705192,0.363,0,-0.4311506425343282,1762
RP3-325F22.5,3,1.558,0.517,3.01,0.0025904785217758,0.0071082536298499,89.8,0.7085,19.69,up,False,,False,False,1.558,2.148237084513458,0.30599999999999994,0,-0.4311517324694476,1763
VWDE,3,-1.11,0.432,-2.57,0.0102414269859415,0.0230675997607914,60.9,0.3315,5.12,down,False,,False,False,1.11,1.6369975925129043,1.173,0,-0.43119773420476537,1764
SYDE2,3,-1.334,0.238,-5.59,2.21972282348744e-08,1.63555214274528e-07,86.1,0.1267,14.34,down,False,,False,False,1.334,6.786335605653602,0.41700000000000004,0,-0.43122216694913806,1765
ROPN1B,3,-1.229,0.305,-4.03,5.65884339252495e-05,0.0002351639711976,72.7,0.1699,7.32,down,False,,False,False,1.229,3.6286292145203687,0.8190000000000001,0,-0.43146560465917705,1766
RP11-481J2.3,3,1.175,0.251,4.69,2.7959736342252e-06,1.49533805811235e-05,72.1,0.1337,7.16,up,False,,False,False,1.175,4.825260613242076,0.8370000000000001,0,-0.43215337436399703,1767
LILRB1,2,1.536,0.477,3.22,0.0012929212944953,0.0038744999905361,83.8,0.3895,6.16,up,False,,False,False,1.536,2.4117843358318143,0.32400000000000007,0,-0.4321948592220345,1768
WNT6,2,-1.575,0.454,-3.47,0.0005252377555621,0.0017415425807301,88.6,0.3672,8.76,down,False,,False,False,1.575,2.7590659025723574,0.2280000000000002,0,-0.4323005876698799,1769
ANGPTL7,2,-1.32,0.381,-3.47,0.000527853443261,0.0017489768228305,64.9,0.1997,2.85,down,False,,False,False,1.32,2.757215945686283,0.702,0,-0.4324115151601826,1770
FAM201A,3,-1.686,0.73,-2.31,0.020854200825725,0.0419972459677733,96.3,1.5108,54.08,down,False,,False,False,1.686,1.3767791881786453,0.1110000000000001,0,-0.43257862407331193,1771
DCANP1,2,1.176,0.273,4.31,1.60020969427284e-05,7.45085807392947e-05,56.1,0.0957,2.28,up,False,,False,False,1.176,4.127793709088834,0.8779999999999999,0,-0.4327266309796235,1772
OMD,2,-1.62,0.46,-3.52,0.000433082503997,0.0014663043587021,93.2,0.3958,14.75,down,False,,False,False,1.62,2.8337758744523605,0.1359999999999999,0,-0.4329268083261425,1773
CAMK2N1,3,-1.255,0.311,-4.03,5.57755771219391e-05,0.0002320743840823,74.6,0.189,7.88,down,False,,False,False,1.255,3.634372793476237,0.762,0,-0.43300665837201957,1774
ESPN,3,-1.154,0.205,-5.64,1.70174279935034e-08,1.27271876006365e-07,75.6,0.0811,8.21,down,False,,False,False,1.154,6.895267554277646,0.7320000000000003,0,-0.4336050867214921,1775
CHAD,3,-1.633,0.504,-3.24,0.0012082864377444,0.0036416605151485,95.6,0.677,44.98,down,False,,False,False,1.633,2.4387005426898303,0.13200000000000012,0,-0.4340159284267414,1776
CTXN1,3,-1.099,0.262,-4.2,2.63070411149395e-05,0.0001171431473196,66.0,0.1342,5.89,down,False,,False,False,1.099,3.931283111832961,1.02,0,-0.4353831606987675,1777
SH3TC2,3,-1.077,0.218,-4.93,8.13349915991408e-07,4.77784396071339e-06,67.8,0.0838,6.21,down,False,,False,False,1.077,5.320768037948996,0.9660000000000002,0,-0.436025930376279,1778
PODN,2,-1.653,0.549,-3.01,0.0026188362964262,0.0071742936059732,94.9,0.5734,19.6,down,False,,False,False,1.653,2.144220853915308,0.10199999999999987,0,-0.4362922328573148,1779
LINC02175,2,-1.161,0.204,-5.7,1.16457604557673e-08,8.89737619154886e-08,65.5,0.0544,2.9,down,False,,False,False,1.161,7.050738046561121,0.69,0,-0.4371076104987258,1780
MGP,2,-1.209,0.215,-5.62,1.85567900377435e-08,1.38034921510498e-07,69.5,0.0674,3.28,down,False,,False,False,1.209,6.860011027361856,0.6100000000000001,0,-0.43771452750679996,1781
PSME2P2,3,1.219,0.19,6.41,1.4149661080610301e-10,1.38647725506909e-09,84.7,0.0836,13.1,up,False,,False,False,1.219,8.858087250557096,0.4590000000000001,0,-0.4378681854654085,1782
ENPP4,3,-1.135,0.244,-4.65,3.25252620192793e-06,1.71251430186529e-05,70.6,0.1011,6.81,down,False,,False,False,1.135,4.766365792860214,0.8820000000000001,0,-0.4383788836918099,1783
FZD8,3,-1.29,0.264,-4.88,1.0614657960712e-06,6.10812507871944e-06,81.2,0.1429,10.62,down,False,,False,False,1.29,5.214092078288591,0.5639999999999998,0,-0.43840007590290464,1784
IL17RE,3,-1.051,0.136,-7.72,1.20656088376886e-14,1.75322059144291e-13,83.0,0.0367,11.73,down,False,,False,False,1.051,12.756163437232365,0.5100000000000001,0,-0.4387857599106674,1785
PTPN7,2,1.075,0.15,7.15,8.81225097800504e-13,1.0789015854818e-11,71.0,0.0326,3.44,up,False,,False,False,1.075,10.967018168691963,0.5800000000000001,0,-0.43937591472835225,1786
TNNI2,3,-1.491,0.586,-2.54,0.0109498677302085,0.0244026517228152,86.1,0.8389,14.4,down,False,,False,False,1.491,1.6125629783328752,0.41700000000000004,0,-0.44029953023989254,1787
CPE,3,-1.094,0.229,-4.78,1.73198841952981e-06,9.5735813253302e-06,69.0,0.0895,6.46,down,False,,False,False,1.094,5.018925569132598,0.9300000000000002,0,-0.44055781512036507,1788
LRRC20,3,1.494,0.363,4.12,3.83427473586425e-05,0.0001649329975961,91.2,0.3127,22.68,up,False,,False,False,1.494,3.7826924478105353,0.2639999999999999,0,-0.4411439057358487,1789
EPHX3,3,1.285,0.213,6.04,1.58154378870888e-09,1.36412522291401e-08,87.3,0.0858,15.8,up,False,,False,False,1.285,7.8651457608200435,0.381,0,-0.4417150268966016,1790
SLC44A3-AS1,3,-1.092,0.248,-4.4,1.09980575018882e-05,5.27785010376592e-05,67.5,0.1231,6.16,down,False,,False,False,1.092,4.277542948339492,0.9749999999999999,0,-0.44196733530847854,1791
MYOSLID,3,1.261,0.414,3.04,0.0023442198562347,0.0065173209756056,73.6,0.3463,7.57,up,False,,False,False,1.261,2.185930889637877,0.792,0,-0.44314060512598497,1792
CPZ,2,-1.591,0.512,-3.11,0.0018721450158159,0.0053600937027592,91.4,0.4798,11.66,down,False,,False,False,1.591,2.270827618099104,0.17199999999999993,0,-0.44321304612461443,1793
GPR78,2,-1.587,0.508,-3.13,0.0017760037985249,0.0051149696013374,91.3,0.4719,11.53,down,False,,False,False,1.587,2.291156942990072,0.17400000000000015,0,-0.44398018607592415,1794
PCDHA9,3,-1.163,0.236,-4.92,8.62097307258335e-07,5.04899571318748e-06,74.5,0.1225,7.85,down,False,,False,False,1.163,5.296794998038879,0.765,0,-0.44398153759635817,1795
PLCH1,3,-1.067,0.285,-3.75,0.0001801565755792,0.0006700485029767,63.9,0.1484,5.54,down,False,,False,False,1.067,3.1738937587727336,1.083,0,-0.44405919333565036,1796
SPC24,3,1.074,0.154,6.99,2.8265998477793198e-12,3.30839379183331e-11,80.4,0.0451,10.21,up,False,,False,False,1.074,10.480382802794935,0.5879999999999999,0,-0.44421819258122197,1797
TREM2,3,1.452,0.58,2.51,0.0122414827080457,0.0267688807765196,84.3,0.7931,12.71,up,False,,False,False,1.452,1.5723697865546777,0.4710000000000001,0,-0.4442647290922661,1798
SCO2,3,1.576,0.429,3.68,0.0002354698190655,0.0008499788734781,95.3,0.4918,42.59,up,False,,False,False,1.576,3.070591868692657,0.14100000000000013,0,-0.44438065641004176,1799
BCL2L14,2,1.629,0.667,2.44,0.0145384528683935,0.0309631989533684,92.8,0.8255,13.81,up,False,,False,False,1.629,1.509154176670464,0.14400000000000013,0,-0.4446055952578538,1800
ADGRL3,3,-1.328,0.36,-3.69,0.0002285870120677,0.0008279426528692,80.0,0.2654,10.02,down,False,,False,False,1.328,3.081999743414366,0.5999999999999999,0,-0.44469762512669386,1801
CD1B,2,1.575,0.569,2.77,0.0056569186607441,0.0139289795865529,89.0,0.5809,9.07,up,False,,False,False,1.575,1.856080698088708,0.21999999999999997,0,-0.44491057876466644,1802
LMX1B,3,-1.489,0.393,-3.79,0.0001493899742117,0.0005642494451268,90.4,0.3658,20.86,down,False,,False,False,1.489,3.2485288593277146,0.2879999999999999,0,-0.44497163202268575,1803
KB-1460A1.5,3,-1.574,0.445,-3.54,0.0004068642851451,0.0013853506983217,94.9,0.5231,39.09,down,False,,False,False,1.574,2.8584402720390267,0.1529999999999998,0,-0.4454444966151715,1804
PCDHA8,3,-1.165,0.241,-4.83,1.39411966331255e-06,7.82800364559451e-06,74.7,0.1277,7.91,down,False,,False,False,1.165,5.106348980757878,0.759,0,-0.44675162072016705,1805
EXO1,3,1.25,0.217,5.75,8.928197179598441e-09,6.92741689682532e-08,84.5,0.0975,12.9,up,False,,False,False,1.25,7.159428675429047,0.4650000000000001,0,-0.44687305349457895,1806
CFAP45,3,1.464,0.353,4.15,3.30109578588626e-05,0.0001439019576383,90.5,0.2881,21.05,up,False,,False,False,1.464,3.8419332978929415,0.2849999999999999,0,-0.44692344487875446,1807
GK3P,3,1.297,0.392,3.31,0.0009470710090848,0.002937187283795,77.3,0.3126,8.8,up,False,,False,False,1.297,2.5320683606867536,0.6809999999999999,0,-0.447107683064918,1808
MELK,3,1.457,0.303,4.81,1.49682483482346e-06,8.36656460324314e-06,92.9,0.2136,27.99,up,False,,False,False,1.457,5.077452831149222,0.21299999999999986,0,-0.4476089014190925,1809
CYP8B1,2,1.615,0.718,2.25,0.0245519314571619,0.0480991014713117,91.8,0.9507,12.2,up,False,,False,False,1.615,1.3178630365096609,0.16400000000000015,0,-0.44809092672573314,1810
WI2-1896O14.1,3,-1.432,0.376,-3.81,0.0001409378409114,0.0005352391171148,87.5,0.3121,16.0,down,False,,False,False,1.432,3.2714521543465356,0.375,0,-0.4482519348794195,1811
POLB,3,1.13,0.173,6.52,7.020477584853089e-11,7.11130938052038e-10,81.7,0.0629,10.94,up,False,,False,False,1.13,9.14805042678372,0.5489999999999998,0,-0.44843051953663315,1812
GAN,3,-1.502,0.353,-4.25,2.11718260382023e-05,9.63287222018032e-05,93.6,0.3273,31.18,down,False,,False,False,1.502,4.016244200581545,0.19200000000000017,0,-0.4489452553973524,1813
KCNJ15,3,1.625,0.532,3.06,0.0022472956959837,0.0062806763308599,97.3,0.8167,73.63,up,False,,False,False,1.625,2.201993587004057,0.08100000000000007,0,-0.44924503023202733,1814
SDR9C7,3,1.392,0.257,5.41,6.32480945967871e-08,4.36490166985905e-07,92.1,0.1303,25.38,up,False,,False,False,1.392,6.360025535399105,0.2370000000000002,0,-0.44994314327152796,1815
PEG10,3,-1.263,0.277,-4.55,5.28468152198163e-06,2.67772657048369e-05,80.2,0.1471,10.08,down,False,,False,False,1.263,4.572233771981514,0.5939999999999999,0,-0.45008353066492657,1816
ZNF571-AS1,3,-1.161,0.199,-5.83,5.492898911395921e-09,4.37804802917491e-08,80.0,0.0814,10.02,down,False,,False,False,1.161,7.358719478334278,0.5999999999999999,0,-0.45013988293487794,1817
RP5-1063M23.3,3,-1.105,0.301,-3.67,0.00024538764361,0.0008825133429508,67.2,0.1798,6.1,down,False,,False,False,1.105,3.054278719678272,0.9839999999999999,0,-0.45082040124312894,1818
RP11-348N5.7,2,-1.332,0.272,-4.89,9.88252643140543e-07,5.70787222385319e-06,79.2,0.1179,4.81,down,False,,False,False,1.332,5.24352575754348,0.4159999999999999,0,-0.45109472900914627,1819
CRACR2B,3,-1.241,0.43,-2.88,0.0039166231501779,0.010142060987004,73.4,0.3942,7.52,down,False,,False,False,1.241,1.993873782248048,0.7979999999999997,0,-0.4513391197520269,1820
KRT31,3,-1.315,0.367,-3.58,0.0003407371046235,0.0011832539507688,80.1,0.2867,10.06,down,False,,False,False,1.315,2.9269220367909003,0.5970000000000002,0,-0.45168865638639444,1821
PNMAL2,3,-1.021,0.177,-5.77,7.763404325048461e-09,6.06587222446794e-08,71.3,0.0542,6.98,down,False,,False,False,1.021,7.217106742194322,0.8610000000000001,0,-0.45178841413418125,1822
ITGA11,2,-1.475,0.333,-4.43,9.42389151790083e-06,4.57210106823918e-05,89.9,0.1995,9.89,down,False,,False,False,1.475,4.339884177906365,0.20199999999999996,0,-0.4524831259821517,1823
BHMT2,2,-1.429,0.332,-4.3,1.68563299727401e-05,7.82450581661455e-05,85.0,0.1896,6.66,down,False,,False,False,1.429,4.106543082266469,0.30000000000000004,0,-0.45303571476431104,1824
RP11-303E16.3,3,1.069,0.183,5.84,5.183207375599681e-09,4.15811177023348e-08,75.1,0.0664,8.02,up,False,,False,False,1.069,7.3811038409922265,0.7470000000000003,0,-0.4543845333318276,1825
FAM19A5,2,-1.547,0.47,-3.29,0.0009955430267044,0.0030716576660239,91.1,0.4039,11.28,down,False,,False,False,1.547,2.5126271877425017,0.17800000000000016,0,-0.4544186290234946,1826
C8orf46,3,-1.148,0.291,-3.95,7.86877286090619e-05,0.0003162233543364,71.5,0.1614,7.01,down,False,,False,False,1.148,3.5000060588665542,0.8550000000000001,0,-0.45449165373498146,1827
KCNJ13,2,-1.356,0.257,-5.28,1.3093929546674e-07,8.64886559701163e-07,85.1,0.1123,6.72,down,False,,False,False,1.356,6.063040851756708,0.29800000000000004,0,-0.45471724184890705,1828
ASB11,2,-1.526,0.527,-2.9,0.0037897203003136,0.0098691247647172,87.6,0.4901,8.07,down,False,,False,False,1.526,2.0057213606746447,0.24800000000000022,0,-0.4548772188545418,1829
KCNH8,3,-1.08,0.323,-3.34,0.0008344241064486,0.0026247022182016,65.4,0.1956,5.78,down,False,,False,False,1.08,2.580919961716222,1.0379999999999998,0,-0.45524806394875805,1830
CCL26,2,-1.567,0.684,-2.29,0.0219888927969047,0.0438074886368292,89.5,0.842,9.49,down,False,,False,False,1.567,1.3584516430197047,0.20999999999999996,0,-0.45568742872510226,1831
RP11-462G2.1,2,-1.327,0.28,-4.73,2.23847615889149e-06,1.21466129818013e-05,78.9,0.126,4.74,down,False,,False,False,1.327,4.915544805882943,0.42199999999999993,0,-0.45574923536473566,1832
LSP1,3,-1.501,0.401,-3.75,0.000180240228419,0.0006702531385325,93.0,0.3275,28.7,down,False,,False,False,1.501,3.1737611437096414,0.20999999999999985,0,-0.4562983295833619,1833
RP11-757F18.5,3,-1.33,0.309,-4.3,1.68646646693303e-05,7.82579132020384e-05,84.5,0.2073,12.87,down,False,,False,False,1.33,4.106471737024692,0.4650000000000001,0,-0.45662676701942473,1834
DCUN1D3,3,1.068,0.151,7.07,1.57941385028503e-12,1.8882787957774298e-11,82.8,0.045,11.64,up,False,,False,False,1.068,10.723933883698512,0.5160000000000001,0,-0.45676571756037165,1835
RP11-350N15.4,2,-1.196,0.218,-5.48,4.22358034432454e-08,2.9915217028833e-07,72.4,0.0713,3.62,down,False,,False,False,1.196,6.524107842092111,0.5519999999999998,0,-0.45721209426796094,1836
FREM2,3,-1.443,0.514,-2.81,0.0049649227974324,0.012439674383506,86.8,0.5933,15.13,down,False,,False,False,1.443,1.9051909874343753,0.396,0,-0.4573176349677308,1837
ANKRD18A,3,-1.572,0.619,-2.54,0.0110681039951464,0.0246122586133165,94.2,1.0588,34.65,down,False,,False,False,1.572,1.6088485302106046,0.17399999999999982,0,-0.4575955946655347,1838
PAPLN,3,-1.479,0.386,-3.83,0.0001270168921123,0.0004876723679608,92.2,0.3576,25.63,down,False,,False,False,1.479,3.3118718513022634,0.23399999999999987,0,-0.45776387875312496,1839
ID1,3,1.48,0.361,4.1,4.18772547366951e-05,0.0001787246410449,93.3,0.3134,30.0,up,False,,False,False,1.48,3.7478155665090154,0.20100000000000018,0,-0.4582186432303397,1840
PRR11,3,1.161,0.205,5.67,1.45462592584395e-08,1.09762513330256e-07,80.6,0.0808,10.33,up,False,,False,False,1.161,6.959545957095009,0.5820000000000002,0,-0.45841782879546167,1841
AC020951.1,2,-1.099,0.22,-5.0,5.76883289625102e-07,3.46796633971084e-06,60.2,0.0582,2.51,down,False,,False,False,1.099,5.459925126463643,0.796,0,-0.45843842662613443,1842
PCDHA11,3,-1.226,0.267,-4.59,4.51545343657022e-06,2.32006693364075e-05,79.6,0.167,9.8,down,False,,False,False,1.226,4.634499485586898,0.6120000000000002,0,-0.4588212358500072,1843
FAT3,3,-1.268,0.343,-3.7,0.0002178498694657,0.0007927324101234,78.9,0.2441,9.48,down,False,,False,False,1.268,3.100873385719791,0.6329999999999999,0,-0.4591650654371374,1844
LEPR,3,-1.327,0.284,-4.67,3.06188006636033e-06,1.62272018278082e-05,86.3,0.1912,14.64,down,False,,False,False,1.327,4.789756362213925,0.41100000000000003,0,-0.4593536920992143,1845
CFD,3,-1.556,0.579,-2.69,0.007218717476017,0.0171713197232073,93.9,0.6814,32.8,down,False,,False,False,1.556,1.765196325311944,0.18299999999999983,0,-0.45955370062511613,1846
GLIPR1L2,2,-1.279,0.301,-4.25,2.11250211589999e-05,9.61718437010946e-05,72.6,0.1348,3.65,down,False,,False,False,1.279,4.0169520580566696,0.548,0,-0.45995197163726387,1847
RP1-80N2.2,2,-1.284,0.31,-4.15,3.34340849519539e-05,0.000145556722083,72.5,0.1425,3.64,down,False,,False,False,1.284,3.8369677332266,0.55,0,-0.4600544833728003,1848
PGR,2,-1.406,0.355,-3.96,7.46057694673556e-05,0.0003012153255366,82.9,0.211,5.84,down,False,,False,False,1.406,3.5211229354372913,0.34199999999999986,0,-0.4603901875205467,1849
PLCXD1,3,1.366,0.26,5.25,1.48701511976191e-07,9.76424598555586e-07,91.6,0.1419,23.91,up,False,,False,False,1.366,6.010361288162687,0.2520000000000002,0,-0.46048611170990494,1850
PKHD1L1,2,-1.55,0.442,-3.51,0.0004539247930171,0.0015297905959888,94.0,0.3676,16.75,down,False,,False,False,1.55,2.8153680131239662,0.1200000000000001,0,-0.4604904366699297,1851
SVEP1,3,-1.215,0.361,-3.37,0.0007580564041275,0.0024103969524888,74.8,0.2339,7.94,down,False,,False,False,1.215,2.6179114304212137,0.756,0,-0.4605517048140878,1852
RP11-834C11.15,2,-1.578,0.634,-2.49,0.0128301221786884,0.0278634687893976,92.6,0.7473,13.58,down,False,,False,False,1.578,1.5549648181949707,0.14800000000000013,0,-0.46103202762274953,1853
C1QTNF4,2,-1.497,0.498,-3.01,0.0026372903584556,0.0072190249060099,87.0,0.4335,7.66,down,False,,False,False,1.497,2.141521459845614,0.26,0,-0.4610489202397706,1854
CYP7B1,3,1.111,0.172,6.46,1.07034448065438e-10,1.05988553077996e-09,82.4,0.0558,11.39,up,False,,False,False,1.111,8.974741036655109,0.5279999999999998,0,-0.46109740954301004,1855
NACAD,3,-1.225,0.334,-3.67,0.00024631628538,0.0008855810051391,76.5,0.2496,8.52,down,False,,False,False,1.225,3.0527717072284113,0.705,0,-0.46125419667592815,1856
ZNF423,3,-1.281,0.314,-4.08,4.60026927215182e-05,0.0001946632382353,81.5,0.1868,10.81,down,False,,False,False,1.281,3.7107160563843307,0.5550000000000002,0,-0.46171727438936405,1857
PTGIS,2,-1.581,0.527,-3.0,0.0026875095134364,0.0073298275894249,95.0,0.5277,19.82,down,False,,False,False,1.581,2.1349062406169894,0.10000000000000009,0,-0.46182261084657206,1858
RP11-824M15.3,2,-1.502,0.595,-2.52,0.0116516362936632,0.025678135379247,85.9,0.6185,7.1,down,False,,False,False,1.502,1.5904365158019702,0.2819999999999998,0,-0.46198073550538055,1859
MIR7847,2,-1.497,0.353,-4.24,2.24004324195628e-05,0.0001015240508246,93.4,0.2328,15.15,down,False,,False,False,1.497,3.9934310621537645,0.1319999999999999,0,-0.4621804974956125,1860
PEBP4,3,-1.397,0.485,-2.88,0.0040075957868378,0.0103353321333137,85.0,0.5709,13.3,down,False,,False,False,1.397,1.9856755624476572,0.45000000000000007,0,-0.46223207089045737,1861
P4HTM,3,-1.12,0.198,-5.66,1.4863959621618e-08,1.1206133036472e-07,78.8,0.0737,9.43,down,False,,False,False,1.12,6.950544225999923,0.6360000000000002,0,-0.462694708129774,1862
UBE2SP2,3,1.036,0.307,3.37,0.0007398694824198,0.0023609057679888,64.1,0.1735,5.57,up,False,,False,False,1.036,2.6269213467879355,1.0770000000000004,0,-0.46269519187638875,1863
CTPS1,3,1.116,0.163,6.86,7.03815333692722e-12,7.951550746338279e-11,85.5,0.0556,13.76,up,False,,False,False,1.116,10.099548165066711,0.43500000000000005,0,-0.46289734631709667,1864
AF064858.6,2,1.374,0.387,3.55,0.0003815862592109,0.0013074579540205,78.6,0.238,4.68,up,False,,False,False,1.374,2.8835722685260747,0.42800000000000016,0,-0.4632919130017854,1865
KIF14,3,1.372,0.321,4.28,1.86560364206372e-05,8.58838066019068e-05,88.3,0.2194,17.11,up,False,,False,False,1.372,4.066088714706614,0.351,0,-0.46382536933659035,1866
CDCA8,3,1.065,0.167,6.38,1.81261974444009e-10,1.7454387329328702e-09,79.6,0.0547,9.8,up,False,,False,False,1.065,8.758095390857914,0.6120000000000002,0,-0.4640614303128987,1867
OLFM1,3,1.594,0.619,2.57,0.0100632356626561,0.0227492086371954,96.8,0.8553,61.75,up,False,,False,False,1.594,1.6430337062805798,0.09600000000000009,0,-0.4641031816245259,1868
TIFAB,2,1.384,0.3,4.61,3.96246061966659e-06,2.06264711242551e-05,85.7,0.155,6.97,up,False,,False,False,1.384,4.685575066857468,0.28600000000000003,0,-0.4641766726134755,1869
FFAR4,2,-1.349,0.25,-5.4,6.71783104928003e-08,4.62386671663029e-07,87.9,0.1101,8.23,down,False,,False,False,1.349,6.334994692984207,0.242,0,-0.4642721896115971,1870
PCDHA13,3,-1.212,0.264,-4.6,4.32240395467818e-06,2.22772246092165e-05,79.8,0.1633,9.92,down,False,,False,False,1.212,4.652138916370044,0.6060000000000002,0,-0.46459491339475456,1871
SYNE1-AS1,2,-1.611,0.589,-2.73,0.0062633907055511,0.0151937526452068,97.5,0.6775,40.36,down,False,,False,False,1.611,1.818334948202643,0.050000000000000044,0,-0.46463127002033777,1872
PCDHA6,3,-1.186,0.255,-4.66,3.18013767347564e-06,1.67931068798537e-05,78.5,0.15,9.32,down,False,,False,False,1.186,4.774868947938654,0.6449999999999999,0,-0.4648371392109507,1873
TRPM6,3,1.56,0.626,2.49,0.0126546259060455,0.0275462281787817,94.7,0.9833,38.02,up,False,,False,False,1.56,1.5599378593633921,0.1589999999999998,0,-0.4651751249969356,1874
CD207,2,-1.202,0.218,-5.5,3.70934403535399e-08,2.6483765705484e-07,75.4,0.0731,4.07,down,False,,False,False,1.202,6.577020262856327,0.492,0,-0.46568940816235427,1875
PROB1,3,1.583,0.529,2.99,0.0027769640268855,0.0075447946733245,97.5,0.8094,80.67,up,False,,False,False,1.583,2.122352574769177,0.07500000000000007,0,-0.4659546152356625,1876
SLC2A4,3,-1.505,0.581,-2.59,0.0095577126384769,0.021793192914363,91.8,0.7593,24.3,down,False,,False,False,1.505,1.661679136733821,0.24600000000000022,0,-0.46678967078755296,1877
ZDHHC15,3,-1.269,0.289,-4.39,1.1491510466621e-05,5.488773077191e-05,82.9,0.1608,11.67,down,False,,False,False,1.269,4.260524723920689,0.5129999999999998,0,-0.4669742696150492,1878
SHANK1,3,-1.156,0.298,-3.88,0.0001040400991447,0.0004076108252516,74.0,0.173,7.69,down,False,,False,False,1.156,3.3897542906013185,0.78,0,-0.4670855593694905,1879
TNS2,3,-1.074,0.202,-5.32,1.01890847531598e-07,6.8270721380303e-07,75.2,0.0731,8.06,down,False,,False,False,1.074,6.1657655081659035,0.744,0,-0.46816555699235585,1880
PNPLA7,3,-1.317,0.317,-4.16,3.23804028549095e-05,0.0001413638288755,85.2,0.2066,13.49,down,False,,False,False,1.317,3.849661700364748,0.44400000000000006,0,-0.4682346206846034,1881
ZNF610,3,-1.511,0.644,-2.35,0.0189875980216299,0.0387820157131431,91.9,1.089,24.76,down,False,,False,False,1.511,1.4113696220147978,0.24299999999999988,0,-0.46834461094167645,1882
HJURP,3,1.294,0.249,5.2,1.97995903325648e-07,1.28342284742168e-06,88.3,0.1278,17.14,up,False,,False,False,1.294,5.891630233689958,0.351,0,-0.46848397362736793,1883
RP11-273G15.2,2,-1.157,0.248,-4.66,3.16105418897153e-06,1.67036382640259e-05,66.1,0.0865,2.95,down,False,,False,False,1.157,4.7771889237088745,0.6780000000000002,0,-0.4687264137890421,1884
ELN,2,-1.521,0.482,-3.16,0.0015875005550072,0.0046405844770434,92.0,0.4275,12.55,down,False,,False,False,1.521,2.3334273170380215,0.15999999999999992,0,-0.46903187944822444,1885
FAM157B,3,1.471,0.481,3.06,0.0022467969076746,0.0062800320969259,91.3,0.6048,23.0,up,False,,False,False,1.471,2.202038136600036,0.26100000000000023,0,-0.4691600140181942,1886
RP11-15A1.3,3,-1.385,0.39,-3.55,0.0003843238806239,0.0013149134348913,87.5,0.3819,16.06,down,False,,False,False,1.385,2.881102837278026,0.375,0,-0.4694034218842368,1887
NPTXR,3,-1.329,0.354,-3.75,0.0001754449647104,0.0006546049057869,84.7,0.2466,13.06,down,False,,False,False,1.329,3.184020744295053,0.4590000000000001,0,-0.4694503137404228,1888
ZYG11A,3,1.357,0.385,3.53,0.0004212468563521,0.001429747377171,85.7,0.338,13.98,up,False,,False,False,1.357,2.8447406914808573,0.42900000000000005,0,-0.46949562271859224,1889
TMEM47,3,-1.453,0.388,-3.74,0.0001832366087135,0.000680099218864,92.4,0.3501,26.2,down,False,,False,False,1.453,3.1674277239675965,0.22799999999999987,0,-0.4697062457173281,1890
RP1-138B7.6,3,-1.082,0.35,-3.09,0.0019962162284719,0.0056669204089619,67.5,0.244,6.15,down,False,,False,False,1.082,2.246652886915834,0.9749999999999999,0,-0.47044305252508634,1891
TACC3,3,1.105,0.169,6.52,7.073590143853719e-11,7.15891360473289e-10,84.1,0.0568,12.57,up,False,,False,False,1.105,9.145152878707208,0.4770000000000001,0,-0.4706197880303955,1892
SGCE,3,-1.213,0.259,-4.68,2.87914798893323e-06,1.5352613957389e-05,81.3,0.1448,10.72,down,False,,False,False,1.213,4.813817670309153,0.5610000000000002,0,-0.4706686157422225,1893
PI16,2,-1.555,0.585,-2.66,0.0078774770027094,0.0185018941024742,93.7,0.6423,15.94,down,False,,False,False,1.555,1.732783809102653,0.1259999999999999,0,-0.4709551122522033,1894
CTD-2008P7.9,2,-1.075,0.163,-6.59,4.2544195739926e-11,4.42433175511296e-10,74.2,0.0403,3.88,down,False,,False,False,1.075,9.35415231524474,0.516,0,-0.47119136252177374,1895
SLC13A3,3,-1.003,0.163,-6.14,8.11960205473292e-10,7.285234361795431e-09,75.7,0.0517,8.23,down,False,,False,False,1.003,8.1375564726658,0.729,0,-0.4713932445782534,1896
CKMT1A,3,1.221,0.218,5.61,2.0332014704496e-08,1.50427348994168e-07,86.4,0.1077,14.69,up,False,,False,False,1.221,6.822673198069712,0.4079999999999997,0,-0.47175904930801327,1897
PPP1R9A,2,-1.44,0.507,-2.84,0.0044719083566641,0.0113379078004063,84.2,0.4396,6.34,down,False,,False,False,1.44,1.9454670790029767,0.31599999999999984,0,-0.4728191949448114,1898
AGAP2,3,1.165,0.185,6.3,3.03156376630188e-10,2.8500351889703104e-09,86.9,0.0765,15.29,up,False,,False,False,1.165,8.54514977778753,0.3929999999999997,0,-0.47283842222519035,1899
FBXW10,3,1.386,0.404,3.43,0.0006060966750476,0.0019752355653892,87.8,0.4208,16.34,up,False,,False,False,1.386,2.704381103253717,0.366,0,-0.47291315148250346,1900
DOC2B,2,1.571,0.589,2.67,0.0076371593539978,0.0180056665643806,95.8,0.6655,23.98,up,False,,False,False,1.571,1.7445907965435188,0.08400000000000007,0,-0.473095716448904,1901
RP11-334A14.5,2,-1.566,0.609,-2.57,0.0101739809527815,0.0229465960230912,95.1,0.7068,20.31,down,False,,False,False,1.566,1.6392817300845741,0.09800000000000009,0,-0.47351402499628037,1902
MYOM1,3,-1.079,0.256,-4.22,2.44167623379787e-05,0.0001096824185722,71.8,0.1146,7.09,down,False,,False,False,1.079,3.9598629816231776,0.8460000000000001,0,-0.47451217998275474,1903
BLACAT1,3,1.474,0.559,2.64,0.0083087389748746,0.019343786310506,91.4,0.8161,23.39,up,False,,False,False,1.474,1.7134585140784586,0.2579999999999999,0,-0.47469116835683156,1904
GINS3,3,1.321,0.242,5.46,4.70109449774231e-08,3.30772230530958e-07,92.4,0.1541,26.16,up,False,,False,False,1.321,6.480470958108006,0.22799999999999987,0,-0.47483700195864575,1905
SEMA3G,3,-1.284,0.341,-3.77,0.000163147180878,0.0006120372367266,83.0,0.2235,11.79,down,False,,False,False,1.284,3.2132221543039026,0.5100000000000001,0,-0.4752089475325605,1906
SLC1A7,2,-1.277,0.41,-3.11,0.0018600881271015,0.0053309014406611,70.8,0.2561,3.43,down,False,,False,False,1.277,2.273199346770235,0.5840000000000001,0,-0.4753817083940617,1907
GREB1L,3,-1.435,0.408,-3.52,0.0004357966211989,0.0014746405183066,91.6,0.4277,23.83,down,False,,False,False,1.435,2.831313837274628,0.2520000000000002,0,-0.47561768207414334,1908
PIP5K1B,2,-1.121,0.272,-4.13,3.70595268189113e-05,0.0001598243300117,61.4,0.0996,2.59,down,False,,False,False,1.121,3.796357107465545,0.772,0,-0.47574932035577255,1909
PAX9,3,1.022,0.259,3.94,8.10320843739119e-05,0.0003250308538569,67.6,0.1337,6.18,up,False,,False,False,1.022,3.48807541125562,0.9720000000000002,0,-0.47659172130093663,1910
CDC25C,3,1.133,0.242,4.67,2.94868291838268e-06,1.56734147221662e-05,77.4,0.1208,8.85,up,False,,False,False,1.133,4.804836374722582,0.6779999999999999,0,-0.4767334019419971,1911
ZNF578,3,-1.441,0.45,-3.2,0.001354504325835,0.0040331455237158,91.3,0.5388,23.07,down,False,,False,False,1.441,2.394356107522123,0.26100000000000023,0,-0.47722694041814273,1912
ORC6,3,1.131,0.233,4.86,1.18787476129544e-06,6.75418029807263e-06,78.2,0.108,9.19,up,False,,False,False,1.131,5.170427350361413,0.6539999999999999,0,-0.47741521768865314,1913
TMEM178B,3,-1.205,0.35,-3.44,0.0005726876459854,0.0018797034639473,77.5,0.235,8.89,down,False,,False,False,1.205,2.7259106582518062,0.6749999999999999,0,-0.4778412298347614,1914
PCDHAC2,3,-1.142,0.246,-4.65,3.30855860323927e-06,1.73962795688573e-05,78.2,0.1387,9.19,down,False,,False,False,1.142,4.759543621572554,0.6539999999999999,0,-0.47864683205787417,1915
SPATA17,3,-1.014,0.222,-4.57,4.8147607322119e-06,2.46035219341516e-05,70.1,0.0985,6.7,down,False,,False,False,1.014,4.609002720250836,0.8970000000000001,0,-0.4795962376224463,1916
RCAN2,2,-1.445,0.349,-4.14,3.51020544050416e-05,0.0001520829153373,92.9,0.2271,14.09,down,False,,False,False,1.445,3.817919570900853,0.1419999999999999,0,-0.48055738603222287,1917
APOE,3,-1.412,0.358,-3.94,8.22879753045031e-05,0.000329447445511,92.5,0.3335,26.53,down,False,,False,False,1.412,3.4822138555615134,0.22499999999999987,0,-0.48065235833693676,1918
DPYSL3,3,-1.097,0.233,-4.72,2.39296733534013e-06,1.29190434393397e-05,76.1,0.1024,8.38,down,False,,False,False,1.097,4.888769641479923,0.7170000000000003,0,-0.4809312055028808,1919
RP11-732A19.5,3,-1.1,0.34,-3.23,0.0012233549421291,0.0036818611262921,70.9,0.2017,6.87,down,False,,False,False,1.1,2.4339325963921463,0.8729999999999998,0,-0.480943624430029,1920
UHRF1,3,1.235,0.227,5.43,5.60148670472346e-08,3.89557939010314e-07,88.1,0.11,16.79,up,False,,False,False,1.235,6.4094279405044965,0.3570000000000003,0,-0.48150942807871155,1921
CRY2,3,-1.257,0.243,-5.16,2.40625777741984e-07,1.53608094659452e-06,88.2,0.1366,16.95,down,False,,False,False,1.257,5.813585897759557,0.354,0,-0.4817525728739196,1922
BUB1,3,1.31,0.272,4.82,1.46462677917195e-06,8.19637778475642e-06,90.0,0.1609,20.09,up,False,,False,False,1.31,5.0863780324507015,0.29999999999999993,0,-0.48236385244798863,1923
DSG3,3,1.44,0.346,4.17,3.06533174410889e-05,0.000134501126144,95.4,0.3083,43.29,up,False,,False,False,1.44,3.8712740794082086,0.1379999999999998,0,-0.4823873739732303,1924
ZDHHC8P1,3,-1.021,0.293,-3.49,0.0004864341134893,0.0016257761511523,67.1,0.1687,6.08,down,False,,False,False,1.021,2.78893925149211,0.9870000000000002,0,-0.48274114826152503,1925
GTSE1,3,1.313,0.309,4.25,2.13357968336263e-05,9.70559012977766e-05,87.9,0.2059,16.51,up,False,,False,False,1.313,4.012978053030459,0.363,0,-0.4827564388309892,1926
PRELP,3,-1.481,0.504,-2.94,0.0032649406417835,0.0086752548789455,94.1,0.5554,33.73,down,False,,False,False,1.481,2.0617177567799136,0.17700000000000016,0,-0.483110731610639,1927
FAM227A,3,-1.46,0.572,-2.55,0.0107603923755892,0.0240444850248346,91.9,0.884,24.84,down,False,,False,False,1.46,1.6189845200361155,0.24299999999999988,0,-0.4835271331177057,1928
CAMK2A,2,-1.09,0.246,-4.42,9.66129401437761e-06,4.68048906420872e-05,62.5,0.0816,2.67,down,False,,False,False,1.09,4.329708765133134,0.75,0,-0.48407868027312384,1929
RERGL,2,-1.544,0.634,-2.43,0.0149078995737773,0.0316390771643294,95.5,0.7685,22.23,down,False,,False,False,1.544,1.499776192313562,0.09000000000000008,0,-0.48437823606045005,1930
ZDHHC11,3,-1.494,0.583,-2.56,0.0103510987906071,0.0232787848582305,94.2,0.9544,34.68,down,False,,False,False,1.494,1.6330396934009548,0.17399999999999982,0,-0.48442653497940336,1931
TBX15,2,-1.49,0.472,-3.15,0.0016161646893004,0.0047102588660152,93.3,0.4176,14.97,down,False,,False,False,1.49,2.32695522429518,0.13400000000000012,0,-0.4847534792084506,1932
PTH1R,2,-1.386,0.366,-3.78,0.0001541723420634,0.0005811626981261,86.8,0.2354,7.58,down,False,,False,False,1.386,3.23570226863053,0.264,0,-0.48543947971592805,1933
GLI2,3,-1.32,0.39,-3.38,0.0007147260604124,0.0022890986931446,85.8,0.3494,14.04,down,False,,False,False,1.32,2.6403354825704963,0.42600000000000005,0,-0.48544110608486124,1934
GRIK1,2,-1.148,0.217,-5.28,1.28450557464797e-07,8.49886687307361e-07,74.0,0.0708,3.85,down,False,,False,False,1.148,6.070638973529913,0.52,0,-0.4854698650565794,1935
WNT5A-AS1,3,1.468,0.505,2.91,0.0036574780974816,0.0095801616631921,93.7,0.7065,31.51,up,False,,False,False,1.468,2.018627162232534,0.18899999999999983,0,-0.4859194882123613,1936
FHL1,3,-1.531,0.536,-2.86,0.0042915673240239,0.0109578206247902,97.5,0.8189,81.11,down,False,,False,False,1.531,1.9602758130728195,0.07500000000000007,0,-0.4860353762928703,1937
PLCXD3,2,-1.032,0.319,-3.24,0.0011977123768632,0.0036153770509336,51.5,0.121,2.06,down,False,,False,False,1.032,2.4418464030442264,0.97,0,-0.48636528075352004,1938
NDC80,3,1.271,0.255,4.98,6.33382648404932e-07,3.78525770143248e-06,89.1,0.1462,18.34,up,False,,False,False,1.271,5.421904548264225,0.3270000000000003,0,-0.4867513585464083,1939
RP11-91P24.7,3,-1.024,0.173,-5.93,3.06273623712209e-09,2.53699902953967e-08,78.6,0.0593,9.34,down,False,,False,False,1.024,7.59567969890584,0.6420000000000002,0,-0.4870215399849188,1940
ADARB2,2,1.215,0.37,3.28,0.0010283567356403,0.003163727536418,68.9,0.1993,3.22,up,False,,False,False,1.215,2.4998009254668276,0.6219999999999999,0,-0.48705327079482685,1941
CTB-147C22.8,3,1.278,0.293,4.36,1.29728074859345e-05,6.13495859471196e-05,87.0,0.1784,15.39,up,False,,False,False,1.278,4.212188364012576,0.39,0,-0.4874306088249424,1942
PPARD,3,1.22,0.224,5.44,5.43181252345682e-08,3.78770626635689e-07,88.3,0.1138,17.16,up,False,,False,False,1.22,6.421623707558569,0.351,0,-0.4876979140954314,1943
NCALD,3,-1.047,0.287,-3.65,0.0002673543715394,0.0009517181391981,70.2,0.1424,6.72,down,False,,False,False,1.047,3.021491653207646,0.8939999999999998,0,-0.4882197264539786,1944
RORB,2,-1.312,0.352,-3.73,0.000191034701475,0.0007055745230086,80.5,0.2035,5.12,down,False,,False,False,1.312,3.151457109163847,0.3899999999999999,0,-0.48866153194969775,1945
CDCA5,3,1.195,0.224,5.33,1.00427393198794e-07,6.73611704123372e-07,86.4,0.1089,14.66,up,False,,False,False,1.195,6.171590375498852,0.4079999999999997,0,-0.4888159532293731,1946
PWAR5,3,-1.344,0.319,-4.21,2.51313966014047e-05,0.000112442825505,90.8,0.2491,21.62,down,False,,False,False,1.344,3.9490682498147534,0.27600000000000025,0,-0.4890235287973179,1947
IFITM10,3,1.299,0.33,3.94,8.1302941125914e-05,0.0003259777253288,87.0,0.2142,15.41,up,False,,False,False,1.299,3.486812075077135,0.39,0,-0.4890551885305845,1948
MYOM2,3,-1.395,0.449,-3.11,0.00189413096794,0.0054158680626002,90.3,0.4484,20.53,down,False,,False,False,1.395,2.2663319241572233,0.2909999999999999,0,-0.4891940232154818,1949
KLHL6,3,1.142,0.269,4.24,2.20713478264062e-05,0.000100168317423,78.5,0.137,9.31,up,False,,False,False,1.142,3.9992696212249057,0.6449999999999999,0,-0.48968715310355604,1950
CORO2B,3,-1.279,0.303,-4.22,2.45886651231591e-05,0.0001103520057262,87.0,0.1862,15.41,down,False,,False,False,1.279,3.9572197688194573,0.39,0,-0.4902211446608037,1951
CARHSP1,3,1.413,0.34,4.15,3.26978622773404e-05,0.0001426433578177,95.1,0.3147,40.96,up,False,,False,False,1.413,3.8457484464414073,0.14700000000000013,0,-0.49040995364532314,1952
RP11-15A1.4,2,-1.489,0.582,-2.56,0.0105289646521067,0.0236197923853537,92.5,0.6279,13.3,down,False,,False,False,1.489,1.6267239240930171,0.1499999999999999,0,-0.49072946225895886,1953
TLE2,3,-1.161,0.223,-5.2,2.02685643048004e-07,1.3117689295302e-06,84.0,0.0961,12.53,down,False,,False,False,1.161,5.882142659981772,0.4800000000000001,0,-0.4907455128485284,1954
FAM169A,3,1.016,0.189,5.38,7.52643941474925e-08,5.13962719544531e-07,75.9,0.0654,8.3,up,False,,False,False,1.016,6.289068381555848,0.723,0,-0.490745878001822,1955
PRR26,2,-1.272,0.321,-3.96,7.53496517730071e-05,0.0003039692641917,78.6,0.1657,4.67,down,False,,False,False,1.272,3.517170327795125,0.42800000000000016,0,-0.4909691212571822,1956
PGM2,3,1.233,0.205,6.03,1.6530264102758601e-09,1.42211301867503e-08,92.9,0.0991,27.98,up,False,,False,False,1.233,7.847065887828138,0.21299999999999986,0,-0.49142655042161176,1957
RP11-732A19.6,2,-1.162,0.248,-4.68,2.82383589689725e-06,1.50897765081536e-05,72.8,0.0914,3.68,down,False,,False,False,1.162,4.8213171924308,0.544,0,-0.4914920070201376,1958
NTM,3,-1.522,0.638,-2.39,0.0169855195828172,0.0353277679177404,96.8,1.1295,63.32,down,False,,False,False,1.522,1.4518838013319706,0.09600000000000009,0,-0.49149787381266463,1959
MYLK,3,-1.137,0.272,-4.18,2.96810403346959e-05,0.000130725018475,78.3,0.1444,9.22,down,False,,False,False,1.137,3.883641288120682,0.6510000000000002,0,-0.49172786831136983,1960
CTC-526N19.1,3,1.187,0.213,5.58,2.37116126742164e-08,1.74274769573228e-07,87.9,0.0869,16.6,up,False,,False,False,1.187,6.758765482816913,0.363,0,-0.4927825705853336,1961
LINC01010,2,1.527,0.644,2.37,0.0177117710197943,0.0365750571455861,96.0,0.796,25.07,up,False,,False,False,1.527,1.4368149866519113,0.08000000000000007,0,-0.49293511155669933,1962
ADGRG2,3,-1.269,0.365,-3.47,0.0005142871798289,0.0017100779250876,84.3,0.3139,12.71,down,False,,False,False,1.269,2.7669840991607897,0.4710000000000001,0,-0.49320865396090674,1963
CTD-2012M11.3,3,-1.096,0.36,-3.04,0.002334709800524,0.0064947381723668,72.3,0.2738,7.22,down,False,,False,False,1.096,2.187438352302782,0.8310000000000001,0,-0.49321966651390314,1964
SMAD5-AS1_1,2,-1.017,0.203,-5.01,5.32531973826761e-07,3.21704283233823e-06,62.0,0.0521,2.63,down,False,,False,False,1.017,5.492543156777761,0.76,0,-0.4932861115817613,1965
TCAF2P1,2,1.071,0.16,6.67,2.4727624250393597e-11,2.63352573283651e-10,80.5,0.0417,5.13,up,False,,False,False,1.071,9.579462433686109,0.3899999999999999,0,-0.49336168254980517,1966
SEMA3B,3,-1.451,0.55,-2.64,0.0083820812932982,0.0194922780471421,93.3,0.8041,29.73,down,False,,False,False,1.451,1.7101374022631282,0.20100000000000018,0,-0.49338618713924176,1967
EFHD1,3,-1.109,0.403,-2.75,0.0059550057939445,0.0145542629599549,72.4,0.2922,7.24,down,False,,False,False,1.109,1.8370097827039933,0.8279999999999997,0,-0.49357231795380974,1968
ZNF229,3,-1.26,0.35,-3.6,0.0003235634027486,0.001129985930918,84.5,0.2921,12.88,down,False,,False,False,1.26,2.9469269637402222,0.4650000000000001,0,-0.49524556287202126,1969
RP4-647C14.3,3,-1.321,0.333,-3.96,7.39820170234285e-05,0.0002990063944235,89.6,0.2637,19.28,down,False,,False,False,1.321,3.5243195239392953,0.3120000000000003,0,-0.4955218825292077,1970
RGS22,2,-1.454,0.514,-2.83,0.0046441429160609,0.0117250584040198,91.6,0.4846,11.84,down,False,,False,False,1.454,1.930884985330973,0.16800000000000015,0,-0.49579413504187253,1971
AC073342.12,3,-1.167,0.329,-3.55,0.0003830208228863,0.0013119890971267,78.9,0.2478,9.48,down,False,,False,False,1.167,2.8820697740132437,0.6329999999999999,0,-0.4969864522359111,1972
GPR146,2,-1.157,0.191,-6.04,1.5213773333448701e-09,1.31513744447083e-08,83.9,0.062,6.21,down,False,,False,False,1.157,7.881028856865493,0.32199999999999984,0,-0.49706692130190056,1973
MEGF6,3,-1.16,0.22,-5.27,1.38207095003485e-07,9.10579759903346e-07,85.5,0.0924,13.75,down,False,,False,False,1.16,6.040682007289395,0.43500000000000005,0,-0.49755346507073295,1974
DDX58,3,1.224,0.258,4.74,2.12886649900804e-06,1.15759897503552e-05,87.1,0.1394,15.52,up,False,,False,False,1.224,4.936441866423068,0.387,0,-0.4978581484085225,1975
CIDEA,3,-1.027,0.357,-2.87,0.004044622651228,0.010419343198261,68.4,0.249,6.32,down,False,,False,False,1.027,1.9821596566949624,0.9479999999999998,0,-0.4978747817981699,1976
ISLR,2,-1.484,0.521,-2.85,0.0043885080443505,0.011155454969074,95.1,0.5164,20.34,down,False,,False,False,1.484,1.9525127125581883,0.09800000000000009,0,-0.4981784676069404,1977
CRCT1,3,1.105,0.247,4.48,7.43782929182382e-06,3.68413342979906e-05,78.7,0.1102,9.39,up,False,,False,False,1.105,4.433664649165721,0.6389999999999999,0,-0.4983305876218591,1978
UBE2R2-AS1,3,1.319,0.299,4.41,1.05773511707989e-05,5.10315774025623e-05,91.7,0.2092,24.17,up,False,,False,False,1.319,4.292161007277395,0.2489999999999999,0,-0.4985425294369411,1979
FAM111B,3,1.327,0.314,4.23,2.35839630084333e-05,0.0001063527239576,91.5,0.2444,23.42,up,False,,False,False,1.327,3.973251382257682,0.2549999999999999,0,-0.4985639288075965,1980
ANKRD20A1,2,-1.388,0.501,-2.77,0.0055609633028095,0.0137346053972851,86.0,0.433,7.12,down,False,,False,False,1.388,1.8621838135818563,0.28,0,-0.4986593612417093,1981
NRXN3,3,-1.408,0.492,-2.86,0.0041965676441,0.0107539629973441,92.2,0.6163,25.71,down,False,,False,False,1.408,1.9684314621937444,0.23399999999999987,0,-0.49899400005902517,1982
RP11-20I20.4,2,-1.421,0.571,-2.49,0.0128903901976479,0.027978780170305,88.4,0.5816,8.65,down,False,,False,False,1.421,1.5531712239704845,0.23199999999999998,0,-0.4999577233357947,1983
LONRF3,2,-1.411,0.427,-3.3,0.0009630844276785,0.0029809392261704,90.7,0.3321,10.71,down,False,,False,False,1.411,2.525646878045829,0.18599999999999994,0,-0.5000643115725227,1984
NUSAP1,3,1.08,0.177,6.12,9.41917638085168e-10,8.37423091148336e-09,85.5,0.0672,13.76,up,False,,False,False,1.08,8.077055068020808,0.43500000000000005,0,-0.5003126085028553,1985
ADAMTSL1,3,-1.159,0.365,-3.18,0.0014824167057238,0.0043705154489028,77.9,0.2622,9.06,down,False,,False,False,1.159,2.3594673402805864,0.6629999999999999,0,-0.5005937448404728,1986
SPC25,3,1.338,0.327,4.09,4.26908626994546e-05,0.0001820310391496,92.2,0.2563,25.62,up,False,,False,False,1.338,3.7398545516740356,0.23399999999999987,0,-0.5015363024537495,1987
CTB-50L17.14,2,1.462,0.639,2.29,0.0221760849755927,0.0440978570500891,92.0,0.7531,12.44,up,False,,False,False,1.462,1.355582514703002,0.15999999999999992,0,-0.5015883366252327,1988
FKBPL,3,1.02,0.156,6.52,7.068305415029939e-11,7.15665923271782e-10,84.4,0.0522,12.82,up,False,,False,False,1.02,9.145289661404696,0.46799999999999975,0,-0.5018637476939757,1989
IGFL3,3,-1.009,0.242,-4.17,3.09264509322641e-05,0.0001355217689766,72.2,0.1052,7.19,down,False,,False,False,1.009,3.8679909380954083,0.8340000000000001,0,-0.5022323643506129,1990
KIAA1324,3,-1.066,0.427,-2.5,0.0124917292837671,0.027234692260753,70.7,0.3263,6.84,down,False,,False,False,1.066,1.564877527687046,0.8789999999999998,0,-0.5023443788475737,1991
TMEM139,3,-1.227,0.319,-3.85,0.0001184096453503,0.0004574012191429,84.6,0.2471,12.95,down,False,,False,False,1.227,3.339702682172802,0.4620000000000001,0,-0.5024492916286496,1992
SP140L,3,1.232,0.286,4.3,1.68657854715829e-05,7.82579132020384e-05,86.6,0.17,14.94,up,False,,False,False,1.232,4.106471737024692,0.402,0,-0.5024877404975676,1993
PLIN4,3,-1.135,0.434,-2.61,0.0089333294238793,0.0205887868941214,75.3,0.3789,8.08,down,False,,False,False,1.135,1.6863692415660279,0.741,0,-0.5026459726088802,1994
KRT8P26,3,-1.151,0.429,-2.68,0.0072652271151302,0.017271422924554,76.5,0.3394,8.51,down,False,,False,False,1.151,1.7626718811456112,0.705,0,-0.5028711750150637,1995
DCHS2,2,-1.4,0.44,-3.18,0.0014607255540245,0.0043147160244997,90.0,0.35,10.03,down,False,,False,False,1.4,2.3650477823476526,0.19999999999999996,0,-0.5032499934818001,1996
AJ003147.11,2,-1.023,0.251,-4.08,4.46208081643913e-05,0.0001893290734675,59.4,0.0773,2.46,down,False,,False,False,1.023,3.722782690436659,0.812,0,-0.5032627605500373,1997
DUOXA1,3,1.164,0.195,5.98,2.19464935852238e-09,1.85534658120803e-08,90.5,0.0758,20.95,up,False,,False,False,1.164,7.731574951684087,0.2849999999999999,0,-0.5033880588103533,1998
TTK,3,1.235,0.255,4.84,1.32433353609015e-06,7.47019849309263e-06,89.2,0.1496,18.52,up,False,,False,False,1.235,5.12666785825026,0.32399999999999995,0,-0.5034670582500304,1999
RP11-981P6.1,2,-1.298,0.333,-3.9,9.68540275243493e-05,0.0003824010676872,84.1,0.1869,6.28,down,False,,False,False,1.298,3.417480903817454,0.31800000000000006,0,-0.5037148774108386,2000
AC124789.1,3,1.202,0.395,3.04,0.0023764225536835,0.0065935374610854,80.8,0.3605,10.4,up,False,,False,False,1.202,2.1808815220311955,0.5760000000000002,0,-0.5040987043800416,2001
POC1A,3,1.052,0.179,5.87,4.29414964349169e-09,3.49397806758766e-08,83.1,0.0663,11.85,up,False,,False,False,1.052,7.456679825499496,0.5070000000000001,0,-0.504228642565179,2002
OLFML1,2,-1.432,0.42,-3.41,0.0006435547237605,0.0020845402696153,94.5,0.3331,18.24,down,False,,False,False,1.432,2.6809897106586793,0.1100000000000001,0,-0.5050545580771513,2003
AL928654.7,3,-1.416,0.495,-2.86,0.0042495287108314,0.010871827059219,93.8,0.5725,32.43,down,False,,False,False,1.416,1.9636974646479182,0.18600000000000017,0,-0.5052421760317958,2004
LPL,3,-1.139,0.338,-3.37,0.0007483621343585,0.0023844302712942,78.2,0.2115,9.19,down,False,,False,False,1.139,2.622615373265736,0.6539999999999999,0,-0.5059931175607493,2005
H2AFX,3,1.071,0.192,5.57,2.55115850190091e-08,1.86683555395431e-07,83.0,0.0787,11.75,up,False,,False,False,1.071,6.72889393655315,0.5100000000000001,0,-0.5060177180568453,2006
AHNAK2,3,-1.227,0.23,-5.32,1.01290631859546e-07,6.79063481617521e-07,91.5,0.1302,23.4,down,False,,False,False,1.227,6.168089624206263,0.2549999999999999,0,-0.5063286446807528,2007
CYP39A1,3,-1.271,0.284,-4.47,7.70404439172376e-06,3.80312052226617e-05,90.4,0.1695,20.8,down,False,,False,False,1.271,4.41985991142098,0.2879999999999999,0,-0.5063752801510297,2008
KLHL4,2,-1.23,0.304,-4.05,5.21896427155384e-05,0.0002183569877261,79.4,0.1494,4.85,down,False,,False,False,1.23,3.660832905495204,0.4119999999999999,0,-0.5067993595436197,2009
ZNF471,3,-1.426,0.458,-3.11,0.0018659322031233,0.0053456868122523,95.4,0.593,43.42,down,False,,False,False,1.426,2.2719964888445254,0.1379999999999998,0,-0.5069417051450605,2010
CTD-2619J13.13,3,1.268,0.289,4.39,1.14593810320296e-05,5.47454388936286e-05,90.0,0.1634,20.05,up,False,,False,False,1.268,4.261652058147092,0.29999999999999993,0,-0.5071229452403349,2011
PCDHA10,3,-1.292,0.354,-3.65,0.0002662950502666,0.0009489573499303,88.8,0.3297,17.85,down,False,,False,False,1.292,3.0227533061250367,0.33599999999999997,0,-0.5072956697420881,2012
INMT,2,-1.228,0.262,-4.68,2.84118724886976e-06,1.51640110143165e-05,83.2,0.1162,5.95,down,False,,False,False,1.228,4.819185908797493,0.33599999999999985,0,-0.5074433134856224,2013
RP11-33E12.2,3,-1.4,0.562,-2.49,0.0127143716549517,0.0276480005639354,92.4,0.8551,26.15,down,False,,False,False,1.4,1.5583362703429098,0.22799999999999987,0,-0.5079457244952541,2014
LRRN1,3,-1.354,0.471,-2.87,0.0040479898265371,0.0104268123640897,90.5,0.5188,21.07,down,False,,False,False,1.354,1.9818484417437994,0.2849999999999999,0,-0.5080771550923454,2015
CYP2E1,3,1.166,0.277,4.22,2.49048995290458e-05,0.0001116214422889,83.2,0.1447,11.88,up,False,,False,False,1.166,3.952252370154211,0.5039999999999998,0,-0.5082748240977175,2016
CD248,3,-1.34,0.472,-2.84,0.004509479872975,0.0114207956666095,89.6,0.4416,19.2,down,False,,False,False,1.34,1.9423036385086816,0.3120000000000003,0,-0.5083862159082069,2017
MRGPRX2,2,-1.348,0.542,-2.49,0.0128858370061392,0.0279714909566685,83.9,0.5016,6.23,down,False,,False,False,1.348,1.553284383932497,0.32199999999999984,0,-0.5085228810185827,2018
LRRN4CL,3,-1.131,0.279,-4.06,4.9061816567127e-05,0.0002064883250665,80.6,0.1453,10.32,down,False,,False,False,1.131,3.6851044984992654,0.5820000000000002,0,-0.5091561626399942,2019
RP11-284E5.1,3,-1.254,0.334,-3.75,0.0001748019974848,0.000652517933204,87.2,0.2414,15.64,down,False,,False,False,1.254,3.1854075480747146,0.384,0,-0.5095378125139811,2020
CDH22,2,-1.015,0.174,-5.84,5.30586750009011e-09,4.24719002618535e-08,72.5,0.044,3.64,down,False,,False,False,1.015,7.371898307533577,0.55,0,-0.5101032200266453,2021
MMP23B,2,-1.347,0.43,-3.13,0.0017458838130713,0.0050356572425069,86.7,0.3235,7.5,down,False,,False,False,1.347,2.2979438382849553,0.266,0,-0.5101725995006575,2022
RP4-565E6.1,2,-1.385,0.549,-2.52,0.0115745643726766,0.0255419473416277,88.1,0.5335,8.41,down,False,,False,False,1.385,1.5927459947983966,0.2380000000000002,0,-0.5108700057203321,2023
CTD-2510F5.4,3,1.038,0.305,3.4,0.0006710477158889,0.0021634149540343,73.0,0.1781,7.4,up,False,,False,False,1.038,2.6648601726721335,0.81,0,-0.5114412328483998,2024
MEF2C-AS1,2,-1.325,0.427,-3.1,0.0019029713270991,0.0054384880717938,84.9,0.3132,6.61,down,False,,False,False,1.325,2.264521819665923,0.3019999999999998,0,-0.5115064143823692,2025
ESCO2,3,1.247,0.311,4.0,6.2402402550985e-05,0.0002560522070667,88.1,0.2205,16.75,up,False,,False,False,1.247,3.591671476370269,0.3570000000000003,0,-0.5120187863560584,2026
ARHGAP6,2,-1.198,0.248,-4.83,1.3786732604601e-06,7.75242910259683e-06,82.7,0.103,5.79,down,False,,False,False,1.198,5.110562196776127,0.34599999999999986,0,-0.5124217207737397,2027
RP11-589F5.4,2,-1.011,0.178,-5.69,1.24676819661096e-08,9.48816538181601e-08,71.6,0.0459,3.52,down,False,,False,False,1.011,7.022817754019427,0.5680000000000001,0,-0.5124265474294049,2028
AP000473.5,2,-1.422,0.611,-2.33,0.0200143195843419,0.0405254914929384,91.3,0.684,11.54,down,False,,False,False,1.422,1.3922717093264145,0.17400000000000015,0,-0.5124319627302616,2029
POLR3G,3,1.36,0.34,4.0,6.24980328667685e-05,0.000256399658496,95.2,0.3116,41.3,up,False,,False,False,1.36,3.591082557598624,0.1439999999999998,0,-0.5125389442916716,2030
FAM171A2,3,-1.219,0.324,-3.76,0.0001689084358178,0.0006319286517597,85.6,0.2564,13.92,down,False,,False,False,1.219,3.1993319531990134,0.43200000000000005,0,-0.5125672191141819,2031
C2orf71,2,-1.082,0.244,-4.44,9.01841439535583e-06,4.39267712403006e-05,69.6,0.0843,3.29,down,False,,False,False,1.082,4.3572707176100245,0.6080000000000001,0,-0.5130650238847015,2032
ACSS3,3,-1.384,0.51,-2.71,0.0066296015031327,0.0159777969305914,92.9,0.6291,28.36,down,False,,False,False,1.384,1.7964831027971442,0.21299999999999986,0,-0.5133831569165856,2033
HCAR3,3,1.031,0.211,4.9,9.70246937075659e-07,5.61495934487123e-06,78.6,0.0821,9.33,up,False,,False,False,1.031,5.250653383901545,0.6420000000000002,0,-0.5134512096801731,2034
GAS1RR,2,-1.342,0.319,-4.21,2.51976255955125e-05,0.0001126530209253,92.6,0.1883,13.6,down,False,,False,False,1.342,3.9482571576587757,0.14800000000000013,0,-0.5136553534940909,2035
SLC7A11,3,1.467,0.609,2.41,0.0159201432692931,0.0334717652048574,97.4,1.0422,77.07,up,False,,False,False,1.467,1.4753213835934027,0.07799999999999974,0,-0.5137032270318823,2036
LINC01801,2,-1.342,0.463,-2.9,0.0037224462678883,0.0097187982026542,86.4,0.3725,7.34,down,False,,False,False,1.342,2.012387435302605,0.2719999999999998,0,-0.5143049135209827,2037
KIF4A,3,1.237,0.251,4.92,8.57466358096754e-07,5.02605901521033e-06,91.7,0.1448,24.15,up,False,,False,False,1.237,5.298772416294632,0.2489999999999999,0,-0.5146723392596382,2038
ZNF454,2,-1.311,0.468,-2.8,0.0050685243128635,0.0126641814745443,83.3,0.3696,5.98,down,False,,False,False,1.311,1.8974228747701078,0.3340000000000001,0,-0.5149126323515067,2039
RNF225,3,1.205,0.335,3.59,0.0003271459678984,0.0011406255529543,84.6,0.2159,13.01,up,False,,False,False,1.205,2.9428569033253993,0.4620000000000001,0,-0.514985644772384,2040
TBX18,3,-1.36,0.49,-2.77,0.0055407866665156,0.0136977796046536,91.9,0.5095,24.54,down,False,,False,False,1.36,1.8633498258070094,0.24299999999999988,0,-0.5152996946638593,2041
RP11-449P15.1,2,-1.145,0.205,-5.59,2.21772220425844e-08,1.63459254028608e-07,84.2,0.0712,6.34,down,False,,False,False,1.145,6.786590487382216,0.31599999999999984,0,-0.5158332569943034,2042
AK7,3,-1.182,0.26,-4.54,5.57690744948261e-06,2.81904181569722e-05,86.9,0.1472,15.22,down,False,,False,False,1.182,4.549898482059625,0.3929999999999997,0,-0.5161022276103882,2043
PKDREJ,2,-1.26,0.304,-4.15,3.37622625013806e-05,0.0001468761945539,85.3,0.1592,6.8,down,False,,False,False,1.26,3.8330485882237975,0.29400000000000004,0,-0.5163024830829407,2044
GLRB,3,-1.403,0.604,-2.32,0.0202274558299712,0.0408933857434835,93.8,1.0131,32.14,down,False,,False,False,1.403,1.3883469308044438,0.18600000000000017,0,-0.5168454611525981,2045
RGMB-AS1,3,-1.403,0.526,-2.67,0.0076847766818568,0.0180960604914583,94.7,0.6925,37.58,down,False,,False,False,1.403,1.7424159606578644,0.1589999999999998,0,-0.5175342607555572,2046
MSH5-SAPCD1,3,-1.118,0.22,-5.07,3.96183514338242e-07,2.44638878584646e-06,85.6,0.1055,13.9,down,False,,False,False,1.118,5.611474522716649,0.43200000000000005,0,-0.518004998470254,2047
APCDD1L,3,-1.213,0.407,-2.98,0.0029178208323772,0.0078663213019831,83.8,0.4028,12.37,down,False,,False,False,1.213,2.104228318690513,0.4860000000000001,0,-0.518039498166118,2048
CCBE1,3,-1.388,0.518,-2.68,0.0073836643309394,0.0175014376592712,93.9,0.6709,32.72,down,False,,False,False,1.388,1.7569262746369492,0.18299999999999983,0,-0.5180865466808035,2049
RP11-108L7.4,2,-1.158,0.245,-4.72,2.36658700873601e-06,1.27884199647971e-05,79.8,0.0972,4.96,down,False,,False,False,1.158,4.893183110170199,0.40400000000000014,0,-0.5181679621378079,2050
GLDN,2,-1.125,0.204,-5.52,3.47097733538176e-08,2.48781715994953e-07,82.4,0.0691,5.67,down,False,,False,False,1.125,6.604181540919673,0.35199999999999987,0,-0.5183053040506996,2051
PIFO,3,-1.162,0.251,-4.63,3.59341853848687e-06,1.87973931994277e-05,86.5,0.1537,14.83,down,False,,False,False,1.162,4.72590237401296,0.405,0,-0.518648836405187,2052
RP11-274E7.2,3,1.154,0.258,4.46,8.05295685649079e-06,3.95949731261485e-05,85.3,0.1645,13.64,up,False,,False,False,1.154,4.402359947462168,0.44100000000000006,0,-0.5186844108412697,2053
LINC01252,2,-1.212,0.404,-3.0,0.0027086238697898,0.0073796759971964,76.3,0.2569,4.22,down,False,,False,False,1.212,2.131962705347508,0.474,0,-0.520289011341034,2054
RAI14,3,-1.405,0.48,-2.93,0.0033978656176008,0.0089906902048625,96.0,0.6072,49.78,down,False,,False,False,1.405,2.0462069667031386,0.1200000000000001,0,-0.5203893956206843,2055
CTSF,3,-1.065,0.184,-5.79,6.92749087925979e-09,5.44545446583588e-08,86.5,0.0658,14.82,down,False,,False,False,1.065,7.263965869118787,0.405,0,-0.5211454734975434,2056
ZNF677,3,-1.346,0.323,-4.17,3.00055451378457e-05,0.0001319804220465,96.5,0.2984,56.55,down,False,,False,False,1.346,3.8794904871864055,0.1050000000000001,0,-0.5211482874160411,2057
CENPE,3,1.267,0.328,3.86,0.0001128486093145,0.0004379050634002,90.5,0.2362,20.97,up,False,,False,False,1.267,3.358620033127004,0.2849999999999999,0,-0.5213897824088248,2058
NCCRP1,3,1.091,0.196,5.55,2.8059494614899e-08,2.03989040198811e-07,86.9,0.0727,15.24,up,False,,False,False,1.091,6.690393165461563,0.3929999999999997,0,-0.5214056087578844,2059
LINC01422,2,-1.349,0.448,-3.01,0.0026035770647271,0.0071366669213344,89.4,0.3595,9.46,down,False,,False,False,1.349,2.1465045719276823,0.21199999999999997,0,-0.5214348965721022,2060
ZNF702P,3,-1.088,0.299,-3.64,0.0002720715061986,0.0009668926504637,78.7,0.1973,9.37,down,False,,False,False,1.088,3.0146217409110276,0.6389999999999999,0,-0.521709870313622,2061
SVIP,3,-1.247,0.263,-4.75,2.05010303313681e-06,1.1176260340638e-05,92.9,0.1757,28.08,down,False,,False,False,1.247,4.951703490288146,0.21299999999999986,0,-0.5221955314519688,2062
RP11-108K14.12,2,1.334,0.408,3.27,0.0010840442368205,0.0033150086923229,89.4,0.2986,9.48,up,False,,False,False,1.334,2.479515328489096,0.21199999999999997,0,-0.5225530151587351,2063
MFHAS1,3,1.201,0.212,5.66,1.54785565991431e-08,1.16394966729631e-07,94.5,0.1176,36.51,up,False,,False,False,1.201,6.934065799486898,0.16500000000000015,0,-0.5227664841999429,2064
HK2P1,3,1.308,0.361,3.62,0.0002927162961442,0.0010322681193794,92.5,0.3387,26.75,up,False,,False,False,1.308,2.986207485224948,0.22499999999999987,0,-0.5229291708259927,2065
AF001548.5,3,-1.195,0.351,-3.4,0.000668525458467,0.0021558771810517,84.8,0.2495,13.19,down,False,,False,False,1.195,2.6663759842602768,0.45600000000000007,0,-0.522988354901742,2066
SNCG,3,-1.401,0.523,-2.68,0.0073205037455842,0.0173745992274543,95.6,0.7199,45.34,down,False,,False,False,1.401,1.7600852043097903,0.13200000000000012,0,-0.5230593224238551,2067
RP11-379B18.5,3,-1.124,0.271,-4.15,3.30278299421772e-05,0.000143948700636,83.0,0.1548,11.74,down,False,,False,False,1.124,3.8417922509606965,0.5100000000000001,0,-0.5231206687995514,2068
FUT1,3,1.15,0.212,5.42,5.94194051804148e-08,4.11888912013127e-07,90.2,0.1061,20.5,up,False,,False,False,1.15,6.38521989902763,0.29399999999999993,0,-0.5231469213445075,2069
CES3,3,1.267,0.471,2.69,0.0071490772381747,0.0170264268052125,87.5,0.5539,15.95,up,False,,False,False,1.267,1.7688764842512126,0.375,0,-0.5241343744069974,2070
FAM134B,3,-1.351,0.393,-3.44,0.0005824437598576,0.0019079801251759,94.8,0.3963,38.8,down,False,,False,False,1.351,2.7194261535163005,0.15600000000000014,0,-0.5241550785956436,2071
ARFGEF3,3,-1.315,0.438,-3.0,0.0027048199402508,0.007371886131253,91.3,0.4734,22.88,down,False,,False,False,1.315,2.1324213816665303,0.26100000000000023,0,-0.5242743135342955,2072
SKA3,3,1.345,0.363,3.7,0.0002125652207201,0.0007768835678125,95.4,0.3226,43.25,up,False,,False,False,1.345,3.1096440643979677,0.1379999999999998,0,-0.5248034413718023,2073
P2RY6,2,1.385,0.527,2.63,0.0085971866692327,0.0199199784955033,92.2,0.5136,12.76,up,False,,False,False,1.385,1.700711134752144,0.15599999999999992,0,-0.5248688351947997,2074
CACNB4,3,1.29,0.404,3.19,0.001417279445116,0.0042017596923405,90.5,0.3283,21.02,up,False,,False,False,1.29,2.3765687894538243,0.2849999999999999,0,-0.5254780971877321,2075
CNGA1,3,-1.35,0.415,-3.25,0.001154533001282,0.0035031060307207,94.4,0.4561,35.67,down,False,,False,False,1.35,2.455546717418244,0.16799999999999982,0,-0.5255078189522964,2076
CXCR1,3,1.172,0.43,2.73,0.0063705069151953,0.0154184446213615,82.0,0.3874,11.1,up,False,,False,False,1.172,1.8119594347435517,0.5400000000000001,0,-0.5258030365377121,2077
RP11-1263C18.2,2,-1.248,0.276,-4.52,6.11361491345112e-06,3.07506685666045e-05,89.0,0.1357,9.08,down,False,,False,False,1.248,4.51214543755911,0.21999999999999997,0,-0.5259496632794186,2078
GPRIN1,3,1.435,0.608,2.36,0.0183624861051829,0.0377125317806831,97.5,1.0768,78.89,up,False,,False,False,1.435,1.4235143108330113,0.07500000000000007,0,-0.5260314016574406,2079
FPR3,2,1.099,0.213,5.16,2.49026648534853e-07,1.5858174144593e-06,79.4,0.0732,4.86,up,False,,False,False,1.099,5.799746817306911,0.4119999999999999,0,-0.5260343532756369,2080
ZFP28,3,-1.334,0.353,-3.78,0.0001569372181381,0.0005907289498949,95.2,0.3505,42.05,down,False,,False,False,1.334,3.2286117451206784,0.1439999999999998,0,-0.5260434007685347,2081
SPTLC2,3,1.113,0.187,5.96,2.4835148499809303e-09,2.0815108887649e-08,91.3,0.0826,23.06,up,False,,False,False,1.113,7.681621312897241,0.26100000000000023,0,-0.5262270914509233,2082
TMEM86A,3,1.193,0.263,4.54,5.56575771076393e-06,2.81462134913098e-05,89.5,0.1349,19.0,up,False,,False,False,1.193,4.550580022497872,0.31499999999999995,0,-0.5268480444959459,2083
RPL12P28,2,-1.417,0.552,-2.57,0.0101738556682172,0.0229465960230912,95.6,0.582,22.51,down,False,,False,False,1.417,1.6392817300845741,0.08800000000000008,0,-0.5272060404487062,2084
UNC13D,3,1.166,0.256,4.55,5.26744094023212e-06,2.67126353920913e-05,88.0,0.1314,16.71,up,False,,False,False,1.166,4.573283263615366,0.36,0,-0.5275477348071151,2085
SYT1,3,-1.362,0.582,-2.34,0.0192494307086777,0.0392167415196141,93.4,0.9372,30.15,down,False,,False,False,1.362,1.4065284942694753,0.19799999999999984,0,-0.5286385439807861,2086
CTD-2017D11.2,2,-1.221,0.299,-4.09,4.39061817598246e-05,0.000186702962546,84.7,0.1521,6.52,down,False,,False,False,1.221,3.7288487907430894,0.30600000000000005,0,-0.5289063173336959,2087
SUSD4,3,1.24,0.364,3.41,0.0006523103983155,0.0021085244565271,88.7,0.2894,17.77,up,False,,False,False,1.24,2.6760213572893035,0.33899999999999997,0,-0.5290885306331508,2088
MMP23A,2,-1.302,0.426,-3.06,0.0022257013703834,0.0062285048869463,87.4,0.3188,7.94,down,False,,False,False,1.302,2.205616190463672,0.2519999999999998,0,-0.529577142117945,2089
ADAM33,2,-1.312,0.39,-3.36,0.0007752390221817,0.0024593536075692,89.7,0.275,9.69,down,False,,False,False,1.312,2.609179023609658,0.20599999999999996,0,-0.5297302472855464,2090
CLSPN,3,1.231,0.303,4.07,4.79318485415166e-05,0.0002021687644159,90.5,0.2075,21.01,up,False,,False,False,1.231,3.694285943155043,0.2849999999999999,0,-0.5297791009559262,2091
RP11-22N19.2,2,1.362,0.503,2.71,0.0067675267429175,0.0162633234293149,91.7,0.4657,12.09,up,False,,False,False,1.362,1.788790701083428,0.16599999999999993,0,-0.5299149398601298,2092
PDGFRA,3,-1.003,0.242,-4.15,3.38849394454945e-05,0.0001473277391306,76.7,0.1032,8.58,down,False,,False,False,1.003,3.831715475715615,0.699,0,-0.5300003918413075,2093
CTB-131B5.5,2,-1.129,0.306,-3.69,0.0002204210865482,0.0008010888265773,74.5,0.1436,3.92,down,False,,False,False,1.129,3.096319325671641,0.51,0,-0.530557474702782,2094
RP6-65G23.3,3,1.255,0.312,4.03,5.64507914297294e-05,0.0002346752933011,92.1,0.2092,25.33,up,False,,False,False,1.255,3.6295326306732725,0.2370000000000002,0,-0.5312011763823952,2095
SPON2,3,-1.365,0.506,-2.7,0.0069885430729427,0.0167189376386833,94.9,0.6093,39.29,down,False,,False,False,1.365,1.7767913221312033,0.1529999999999998,0,-0.5314492334160098,2096
ADAM22,3,-1.091,0.251,-4.34,1.39433057450939e-05,6.56606003192321e-05,83.2,0.1219,11.88,down,False,,False,False,1.091,4.182695150937503,0.5039999999999998,0,-0.5315236571933251,2097
RP11-404F10.2,2,1.153,0.238,4.85,1.22972963309418e-06,6.98368291632744e-06,83.9,0.0959,6.23,up,False,,False,False,1.153,5.155915487345936,0.32199999999999984,0,-0.532000822814361,2098
MDGA2,3,-1.041,0.357,-2.91,0.0035621675458999,0.0093682485206124,75.5,0.2415,8.17,down,False,,False,False,1.041,2.028341596832043,0.735,0,-0.5322518341876771,2099
C1QTNF3,2,-1.408,0.572,-2.46,0.0138827258035953,0.0297928793854385,95.9,0.6279,24.26,down,False,,False,False,1.408,1.5258875215994305,0.08199999999999985,0,-0.5328535563309198,2100
RP11-277P12.20,3,1.31,0.393,3.33,0.000859266845435,0.0026923149648188,93.5,0.4108,30.94,up,False,,False,False,1.31,2.569874134833895,0.19499999999999984,0,-0.5329658090168533,2101
NTNG2,2,-1.183,0.343,-3.45,0.0005588594749127,0.0018389571897993,79.0,0.1912,4.76,down,False,,False,False,1.183,2.735428380849112,0.41999999999999993,0,-0.5330413072999376,2102
RP11-324E6.6,3,1.062,0.229,4.64,3.5550305203954e-06,1.86173846648626e-05,82.9,0.1004,11.69,up,False,,False,False,1.062,4.730081327940825,0.5129999999999998,0,-0.5331900275743812,2103
FAM171B,3,-1.121,0.255,-4.4,1.06731925541845e-05,5.13986349518423e-05,85.6,0.1488,13.87,down,False,,False,False,1.121,4.289048414871545,0.43200000000000005,0,-0.5332389733597437,2104
ZIK1,3,-1.183,0.234,-5.05,4.32898761989547e-07,2.65628495921712e-06,92.3,0.1482,25.86,down,False,,False,False,1.183,5.575725336842723,0.2310000000000002,0,-0.5334094366259156,2105
CSTB,3,1.242,0.302,4.12,3.83894117065462e-05,0.0001651033875874,92.2,0.2053,25.74,up,False,,False,False,1.242,3.782244015801885,0.23399999999999987,0,-0.5344037146681319,2106
FGFBP1,3,1.328,0.459,2.9,0.0037628039107123,0.0098066663043715,93.7,0.4988,31.87,up,False,,False,False,1.328,2.0084786023726235,0.18899999999999983,0,-0.5347369476261526,2107
PLEKHA6,3,-1.312,0.389,-3.37,0.0007563519210588,0.002406284604521,94.1,0.3956,34.04,down,False,,False,False,1.312,2.6186530075601175,0.17700000000000016,0,-0.5350344218291871,2108
PLD4,3,-1.115,0.217,-5.14,2.81765079840514e-07,1.78169604375651e-06,88.8,0.1073,17.83,down,False,,False,False,1.115,5.749166384350077,0.33599999999999997,0,-0.5352982731666245,2109
SAMD5,3,-1.052,0.296,-3.56,0.0003751401051405,0.0012878214872025,78.7,0.1944,9.39,down,False,,False,False,1.052,2.890144333013403,0.6389999999999999,0,-0.5357629689416042,2110
PSME2P6,3,1.243,0.382,3.25,0.0011510006824613,0.0034945106978181,89.6,0.3823,19.32,up,False,,False,False,1.243,2.456613625673414,0.3120000000000003,0,-0.5357926894805555,2111
RBM20,2,-1.309,0.423,-3.1,0.0019531570736451,0.0055595153133461,89.9,0.3224,9.88,down,False,,False,False,1.309,2.2549630691939644,0.20199999999999996,0,-0.5358813024401768,2112
ATP10B,3,1.349,0.407,3.31,0.0009227484068817,0.0028686078959753,96.4,0.3428,56.28,up,False,,False,False,1.349,2.542328810503366,0.10799999999999976,0,-0.5360028673550541,2113
TOP2A,3,1.117,0.22,5.07,4.03698295183531e-07,2.48819731225679e-06,88.8,0.1075,17.83,up,False,,False,False,1.117,5.60411518337567,0.33599999999999997,0,-0.5363880615400485,2114
PPIF,3,1.199,0.247,4.85,1.23995588460514e-06,7.0332268724792e-06,93.0,0.1545,28.77,up,False,,False,False,1.199,5.152845373219801,0.20999999999999985,0,-0.5369750876748461,2115
RP11-355F16.1,2,-1.306,0.58,-2.25,0.0242592132909601,0.0476356025710491,86.9,0.5872,7.66,down,False,,False,False,1.306,1.322068336762619,0.2619999999999998,0,-0.5371920419971464,2116
PYGL,3,1.192,0.236,5.06,4.29673278917469e-07,2.63787615687884e-06,93.6,0.1293,31.15,up,False,,False,False,1.192,5.578745597586718,0.19200000000000017,0,-0.537532050353866,2117
NUF2,3,1.151,0.253,4.56,5.1754167021107e-06,2.63086492029771e-05,88.9,0.1405,18.03,up,False,,False,False,1.151,4.57990144985247,0.33299999999999996,0,-0.5377302714328602,2118
RP11-31F15.2,2,-1.173,0.424,-2.77,0.0056527802884421,0.0139217184399939,76.5,0.2821,4.25,down,False,,False,False,1.173,1.856307153881759,0.47,0,-0.537994027433398,2119
RP11-1069G10.1,3,-1.082,0.294,-3.68,0.0002346492612747,0.0008474089103949,81.5,0.1933,10.78,down,False,,False,False,1.082,3.071906973760812,0.5550000000000002,0,-0.5387931757963103,2120
ZNF404,3,-1.269,0.416,-3.05,0.0022988812707078,0.0064087783334523,91.2,0.4483,22.63,down,False,,False,False,1.269,2.193224749514909,0.2639999999999999,0,-0.5389641087587032,2121
UNC5C,3,-1.136,0.448,-2.53,0.0112517600948875,0.0249351207840694,81.8,0.4074,11.01,down,False,,False,False,1.136,1.6031885237468897,0.5460000000000002,0,-0.5397721389848155,2122
PRUNE2,3,-1.139,0.342,-3.33,0.0008766829583698,0.0027384936445795,84.1,0.2374,12.59,down,False,,False,False,1.139,2.562488262632679,0.4770000000000001,0,-0.5398187006073291,2123
SOBP,2,-1.303,0.421,-3.1,0.0019449312738442,0.0055383645798346,90.7,0.3225,10.71,down,False,,False,False,1.303,2.2566184588831812,0.18599999999999994,0,-0.5409385291657921,2124
PDZD4,3,-1.232,0.327,-3.76,0.0001667511975165,0.0006246565502745,91.5,0.2237,23.53,down,False,,False,False,1.232,3.204358701565242,0.2549999999999999,0,-0.5410693904005913,2125
LINC01124,2,-1.054,0.301,-3.5,0.0004604403462095,0.001549072731305,69.4,0.1314,3.27,down,False,,False,False,1.054,2.8099281909800533,0.6119999999999999,0,-0.5411016599105772,2126
BATF3,2,1.227,0.39,3.15,0.0016511856965612,0.0047991812727591,83.9,0.2597,6.19,up,False,,False,False,1.227,2.318832845759977,0.32199999999999984,0,-0.5411842210968394,2127
NDRG4,3,1.278,0.368,3.47,0.0005187406936722,0.0017229286177886,93.5,0.3053,30.84,up,False,,False,False,1.278,2.7637327153219675,0.19499999999999984,0,-0.5417093802335384,2128
CYP2J2,3,-1.37,0.559,-2.45,0.014210424490551,0.0303431384565638,96.6,0.8915,58.9,down,False,,False,False,1.37,1.517939501206666,0.10200000000000009,0,-0.5424294599287082,2129
FGD3,3,1.324,0.438,3.02,0.0025072042385839,0.0069122482566976,95.4,0.4054,43.48,up,False,,False,False,1.324,2.160380672355306,0.1379999999999998,0,-0.5437915501444672,2130
RP11-700H6.4,2,1.136,0.341,3.33,0.0008576289510485,0.0026881005792615,77.1,0.1812,4.37,up,False,,False,False,1.136,2.570554485543414,0.4580000000000002,0,-0.5443143775634307,2131
RP11-399B17.1,2,-1.356,0.453,-2.99,0.0027933647294198,0.0075814347769263,96.1,0.3952,25.36,down,False,,False,False,1.356,2.1202485969093443,0.07800000000000007,0,-0.5443712227245309,2132
VIT,2,-1.152,0.279,-4.13,3.60213781616292e-05,0.0001558640372246,82.7,0.1304,5.79,down,False,,False,False,1.152,3.80725407875988,0.34599999999999986,0,-0.5444627677131878,2133
CFHR3,2,-1.289,0.56,-2.3,0.021277560836331,0.0426626485325629,87.5,0.5514,7.99,down,False,,False,False,1.289,1.3699521866884548,0.25,0,-0.54475840297667,2134
ZMAT1,2,-1.309,0.514,-2.55,0.0109114360530224,0.0243309017494001,90.2,0.4783,10.16,down,False,,False,False,1.309,1.613841794993092,0.19599999999999995,0,-0.5448942335984653,2135
RP11-1109F11.3,2,-1.266,0.535,-2.36,0.0180880542386483,0.0372076679852828,85.7,0.4952,7.01,down,False,,False,False,1.266,1.4293675488137545,0.28600000000000003,0,-0.545297311442988,2136
GSN,3,-1.001,0.188,-5.32,1.05151640806991e-07,7.0348521281819e-07,84.4,0.0693,12.85,down,False,,False,False,1.001,6.152745026955543,0.46799999999999975,0,-0.5453064468023294,2137
HERC5,3,1.073,0.258,4.15,3.3140027674017e-05,0.0001443570725383,84.0,0.1444,12.47,up,False,,False,False,1.073,3.8405619337152843,0.4800000000000001,0,-0.5464815213987909,2138
RP11-593F23.1,2,-1.162,0.342,-3.4,0.0006806575896598,0.0021913785609061,80.4,0.1907,5.1,down,False,,False,False,1.162,2.6592825915350917,0.3919999999999999,0,-0.5465163103864341,2139
ATP1B1,3,1.336,0.511,2.61,0.0089532715696035,0.020622565598037,95.6,0.7202,45.03,up,False,,False,False,1.336,1.685657306280509,0.13200000000000012,0,-0.5465826877118672,2140
NAALADL2,3,-1.24,0.379,-3.27,0.0010756374058553,0.0032923111968708,91.4,0.3042,23.2,down,False,,False,False,1.24,2.482499121000419,0.2579999999999999,0,-0.5466113632652638,2141
PPP1R32,2,-1.162,0.292,-3.98,7.03044226412322e-05,0.0002857215676403,83.4,0.1432,6.04,down,False,,False,False,1.162,3.5440569757403266,0.33199999999999985,0,-0.5468412828731926,2142
NEK2,3,1.141,0.266,4.29,1.74831875151674e-05,8.08502442794454e-05,88.9,0.1644,18.08,up,False,,False,False,1.141,4.092318663586214,0.33299999999999996,0,-0.5472098353572301,2143
ADRA2C,2,-1.131,0.329,-3.44,0.0005781166014314,0.001894708883385,78.0,0.1733,4.54,down,False,,False,False,1.131,2.7224575086783984,0.43999999999999995,0,-0.5475482901790591,2144
RUNX1T1,2,-1.309,0.405,-3.23,0.0012321730890225,0.0037055421172826,93.9,0.3085,16.4,down,False,,False,False,1.309,2.4311482461674276,0.12199999999999989,0,-0.5486665824687295,2145
RP11-573G6.4,2,-1.225,0.406,-3.02,0.0025437141795201,0.0069963347701076,85.2,0.284,6.76,down,False,,False,False,1.225,2.155129417985242,0.29600000000000004,0,-0.5487548263949464,2146
RP11-435D7.3,3,1.124,0.391,2.88,0.0040032961600387,0.010326518987366,83.6,0.3696,12.19,up,False,,False,False,1.124,1.9860460520870473,0.4920000000000001,0,-0.5493271751684801,2147
CD244,2,1.008,0.273,3.69,0.0002223416975747,0.000807696585743,68.3,0.1078,3.15,up,False,,False,False,1.008,3.092751752943989,0.6340000000000001,0,-0.5495071181323977,2148
FTOP1,2,-1.237,0.358,-3.46,0.0005480848677269,0.0018078228362153,88.6,0.2275,8.79,down,False,,False,False,1.237,2.742844131949165,0.2280000000000002,0,-0.5500579692987893,2149
HSD17B2,3,1.129,0.395,2.86,0.0042212462666794,0.0108089207894004,84.0,0.335,12.49,up,False,,False,False,1.129,1.9662176657697001,0.4800000000000001,0,-0.5500753024026882,2150
LMNB1,3,1.115,0.214,5.21,1.89801103379252e-07,1.23452459822309e-06,91.9,0.1112,24.76,up,False,,False,False,1.115,5.908500252215546,0.24299999999999988,0,-0.5507209794986151,2151
WNT2B,3,-1.145,0.238,-4.8,1.58157170037915e-06,8.80033561544462e-06,91.9,0.1262,24.68,down,False,,False,False,1.145,5.055500764991163,0.24299999999999988,0,-0.5507862038135958,2152
MUC6,2,-1.213,0.453,-2.67,0.0074961838229466,0.0177250673849856,83.4,0.3472,6.03,down,False,,False,False,1.213,1.7514121050943017,0.33199999999999985,0,-0.5511684674272763,2153
CCDC110,3,-1.229,0.514,-2.39,0.0167187375123942,0.03484874371016,89.3,0.6299,18.62,down,False,,False,False,1.229,1.4578128735079932,0.32099999999999995,0,-0.5512735998040386,2154
FBLN5,3,-1.158,0.386,-3.0,0.0026763977931968,0.0073037766310265,86.4,0.293,14.72,down,False,,False,False,1.158,2.136452517154478,0.4079999999999997,0,-0.5513521212090957,2155
SCUBE3,2,-1.317,0.46,-2.86,0.0041820303789214,0.0107261037734385,94.0,0.398,16.72,down,False,,False,False,1.317,1.9695580056189237,0.1200000000000001,0,-0.5519395886687272,2156
IL12RB2,3,1.272,0.379,3.36,0.0007917565161833,0.0025063189029527,94.7,0.3747,37.8,up,False,,False,False,1.272,2.6009636703805574,0.1589999999999998,0,-0.5525289369802283,2157
ABCA8,2,-1.183,0.292,-4.05,5.16539305869784e-05,0.0002162315559925,87.3,0.1501,7.9,down,False,,False,False,1.183,3.665080926509593,0.254,0,-0.552627798641833,2158
MPHOSPH6,3,1.329,0.416,3.19,0.0014055823214626,0.0041697220330908,97.8,0.5059,89.83,up,False,,False,False,1.329,2.379892895510295,0.06600000000000006,0,-0.5528091202390111,2159
STIL,3,1.14,0.248,4.6,4.17650448717303e-06,2.16204762362303e-05,91.1,0.1411,22.41,up,False,,False,False,1.14,4.665134744032616,0.26700000000000024,0,-0.5528439645986091,2160
ZNF528-AS1,3,-1.234,0.334,-3.69,0.000219992768936,0.000799784241035,93.5,0.2874,31.0,down,False,,False,False,1.234,3.0970271574655217,0.19499999999999984,0,-0.5529103195982779,2161
LINC01806,3,1.112,0.25,4.45,8.60187674856871e-06,4.20642015473668e-05,88.8,0.1581,17.93,up,False,,False,False,1.112,4.3760873503443225,0.33599999999999997,0,-0.5532425445660292,2162
KIF26A,3,-1.06,0.266,-3.99,6.67507822673171e-05,0.0002725094283389,83.8,0.1531,12.33,down,False,,False,False,1.06,3.5646184673149617,0.4860000000000001,0,-0.553277943432255,2163
VWA2,3,-1.043,0.206,-5.06,4.27072708109545e-07,2.62259837988886e-06,87.2,0.0952,15.6,down,False,,False,False,1.043,5.581268211412201,0.384,0,-0.5534344285208153,2164
CD164L2,3,1.257,0.413,3.04,0.0023524425192325,0.0065355242027906,93.1,0.4332,29.0,up,False,,False,False,1.257,2.1847195726971975,0.20700000000000018,0,-0.5538970940944052,2165
BEX5,3,-1.026,0.346,-2.97,0.0029896866902498,0.00804154610273,78.6,0.2525,9.36,down,False,,False,False,1.026,2.094660443872112,0.6420000000000002,0,-0.5540364955761696,2166
CTD-2245F17.3,3,-1.173,0.335,-3.51,0.0004554115324504,0.0015343593211187,89.3,0.2854,18.77,down,False,,False,False,1.173,2.814072924021082,0.32099999999999995,0,-0.5540567777966139,2167
RP4-625H18.2,2,-1.21,0.292,-4.14,3.41172394455346e-05,0.0001482276277246,90.8,0.155,10.87,down,False,,False,False,1.21,3.8290708419026935,0.18400000000000016,0,-0.5543032450497115,2168
LINC00663,3,-1.133,0.305,-3.71,0.0002045055153968,0.0007503557382328,87.7,0.22,16.31,down,False,,False,False,1.133,3.124732791910699,0.369,0,-0.5551727669744694,2169
CTC-523E23.1,2,-1.204,0.519,-2.32,0.0203363201549124,0.0410744537106423,82.5,0.4543,5.71,down,False,,False,False,1.204,1.38642820396183,0.3500000000000001,0,-0.5554265642611768,2170
NTN1,3,-1.133,0.321,-3.53,0.0004175241801216,0.0014178552992878,87.2,0.2096,15.63,down,False,,False,False,1.133,2.848368089271053,0.384,0,-0.5557706101338624,2171
TACR2,2,-1.287,0.388,-3.32,0.0008969982949263,0.0027956108488791,94.3,0.2833,17.49,down,False,,False,False,1.287,2.5535232828357914,0.1140000000000001,0,-0.5563073761251102,2172
GSG2,3,1.173,0.296,3.97,7.27739817519045e-05,0.0002944798857096,91.3,0.199,23.0,up,False,,False,False,1.173,3.5309443641151104,0.26100000000000023,0,-0.5564484223686375,2173
LRRC8B,3,1.03,0.217,4.75,2.00980920373843e-06,1.09792228089474e-05,85.6,0.0917,13.93,up,False,,False,False,1.03,4.959428401391545,0.43200000000000005,0,-0.5566376000806097,2174
RHOXF1-AS1,3,1.035,0.421,2.46,0.0139280889735845,0.0298725078157556,78.4,0.3682,9.25,up,False,,False,False,1.035,1.5247283165714187,0.6479999999999999,0,-0.556799859388596,2175
TTYH1,2,-1.238,0.343,-3.61,0.000301774927166,0.0010611760958435,91.3,0.2147,11.48,down,False,,False,False,1.238,2.97421254153949,0.17400000000000015,0,-0.5569561937450102,2176
RORA-AS1,3,-1.067,0.299,-3.57,0.0003617415404242,0.0012465784954792,83.5,0.177,12.15,down,False,,False,False,1.067,2.904280369322148,0.4950000000000001,0,-0.557288926640325,2177
PKIB,3,-1.169,0.312,-3.75,0.0001754342801214,0.0006546049057869,90.5,0.2305,21.05,down,False,,False,False,1.169,3.184020744295053,0.2849999999999999,0,-0.5576236584644613,2178
RP11-94C24.8,3,1.068,0.238,4.5,6.91812522395138e-06,3.44127482718823e-05,87.2,0.1408,15.65,up,False,,False,False,1.068,4.463280642355764,0.384,0,-0.5585003391261687,2179
DDX39A,3,1.023,0.187,5.48,4.29186118447239e-08,3.0352924008252e-07,89.0,0.0832,18.22,up,False,,False,False,1.023,6.517799465396605,0.32999999999999996,0,-0.5589568751022541,2180
MCUB,3,1.004,0.167,6.01,1.8772002679475704e-09,1.59968624216908e-08,90.7,0.0686,21.52,up,False,,False,False,1.004,7.795965190254633,0.2789999999999999,0,-0.5593656600822023,2181
GGH,3,1.168,0.275,4.25,2.1161891538829e-05,9.63022393142395e-05,92.6,0.1933,27.03,up,False,,False,False,1.168,4.016363614116272,0.2220000000000002,0,-0.5595025713082906,2182
MMP27,2,-1.211,0.362,-3.35,0.0008145697694104,0.0025711173843773,88.3,0.2326,8.57,down,False,,False,False,1.211,2.5898780951877214,0.23399999999999999,0,-0.5598621457663918,2183
RP11-507K2.3,2,-1.184,0.306,-3.87,0.000109832341028,0.0004277267128807,88.4,0.166,8.59,down,False,,False,False,1.184,3.3688336258376275,0.23199999999999998,0,-0.5600387443064617,2184
CDCA2,3,1.171,0.294,3.98,6.91956548124238e-05,0.0002817045362615,91.9,0.2013,24.57,up,False,,False,False,1.171,3.5502061595549583,0.24299999999999988,0,-0.5602715684590488,2185
RORA,3,-1.015,0.235,-4.31,1.602421782851e-05,7.45895635608652e-05,83.5,0.1037,12.11,down,False,,False,False,1.015,4.127321933988471,0.4950000000000001,0,-0.5603206395403602,2186
SERPINB1,3,1.288,0.445,2.89,0.0038073077005228,0.0099116176558651,95.8,0.545,47.97,up,False,,False,False,1.288,2.003855459371163,0.1260000000000001,0,-0.5604822009505002,2187
RP11-834C11.11,2,-1.23,0.461,-2.67,0.0075715940766169,0.0178726878833847,87.6,0.3742,8.04,down,False,,False,False,1.23,1.747810128795998,0.24800000000000022,0,-0.5610017278633145,2188
NPAS3,2,-1.148,0.326,-3.52,0.0004309787021548,0.0014596036514385,83.6,0.1801,6.1,down,False,,False,False,1.148,2.8357650588469836,0.32800000000000007,0,-0.5611764063237403,2189
ITGAX,2,1.295,0.452,2.87,0.0041598287465284,0.0106761792706375,94.5,0.3864,18.34,up,False,,False,False,1.295,1.9715841423035105,0.1100000000000001,0,-0.5614355718952905,2190
JAKMIP2,2,-1.16,0.315,-3.69,0.0002258518149951,0.0008194304304433,85.8,0.1708,7.03,down,False,,False,False,1.16,3.0864879120838613,0.28400000000000003,0,-0.562141322448267,2191
LRP1B,2,-1.037,0.272,-3.81,0.000139208060478,0.000529356966818,75.0,0.1133,4.0,down,False,,False,False,1.037,3.2762513668372946,0.5,0,-0.562209933863797,2192
ARNTL2,3,1.313,0.42,3.13,0.0017752006308157,0.0051132855379311,98.3,0.5143,116.17,up,False,,False,False,1.313,2.2912999545675468,0.051000000000000045,0,-0.5622683044670183,2193
ACP5,3,1.222,0.332,3.68,0.0002312321835503,0.0008362295975175,94.4,0.2537,36.01,up,False,,False,False,1.222,3.0776744650909764,0.16799999999999982,0,-0.5623691131221097,2194
SLC23A2,3,1.163,0.272,4.27,1.96613981848085e-05,9.01750921058352e-05,92.9,0.2037,28.3,up,False,,False,False,1.163,4.0449134054161915,0.21299999999999986,0,-0.562572492320815,2195
IL11RA,3,-1.014,0.245,-4.14,3.42991238814389e-05,0.000148958009145,83.2,0.1163,11.92,down,False,,False,False,1.014,3.8269361407606826,0.5039999999999998,0,-0.5626834979033193,2196
C14orf132,3,-1.326,0.568,-2.33,0.0196342325091571,0.0398627709286088,97.4,0.7807,77.34,down,False,,False,False,1.326,1.3994325160424947,0.07799999999999974,0,-0.5636776700568071,2197
CBX2,3,1.036,0.204,5.09,3.6640649553943e-07,2.27572556489322e-06,88.8,0.1041,17.88,up,False,,False,False,1.036,5.64288011171399,0.33599999999999997,0,-0.5640830289536645,2198
ZNF582,3,-1.063,0.258,-4.11,3.9134869769689e-05,0.0001680315785837,86.4,0.1601,14.73,down,False,,False,False,1.063,3.7746090925844005,0.4079999999999997,0,-0.5642298622649705,2199
PALM,3,-1.277,0.512,-2.49,0.0126217337963203,0.0274848526919127,95.0,0.6254,39.81,down,False,,False,False,1.277,1.5609065863409974,0.15000000000000013,0,-0.5652740131833065,2200
CYP1B1-AS1,3,-1.106,0.406,-2.72,0.0065178076773063,0.0157359075823086,85.1,0.3973,13.4,down,False,,False,False,1.106,1.8031082037122115,0.44700000000000006,0,-0.5662509441557453,2201
SNHG23,2,-1.223,0.411,-2.97,0.0029394087957093,0.0079199609229695,89.7,0.3039,9.67,down,False,,False,False,1.223,2.1012769612110853,0.20599999999999996,0,-0.5669364224071224,2202
SNX10,3,1.262,0.403,3.13,0.0017516602381989,0.0050510734806601,96.1,0.4648,51.62,up,False,,False,False,1.262,2.2966163135282196,0.1170000000000001,0,-0.5676039007302857,2203
MAMDC2-AS1,3,-1.26,0.535,-2.35,0.0186127775628825,0.0381462537182208,94.1,0.7404,33.75,down,False,,False,False,1.26,1.4185481069723707,0.17700000000000016,0,-0.5678919914749674,2204
NAP1L3,3,-1.26,0.563,-2.24,0.0251678370073541,0.0491058111850803,94.0,0.7475,33.24,down,False,,False,False,1.26,1.3088671103968583,0.18000000000000016,0,-0.5686812542044826,2205
EPN3,3,1.105,0.243,4.54,5.49352821463575e-06,2.77929548252449e-05,91.8,0.1536,24.24,up,False,,False,False,1.105,4.5560652784806015,0.24600000000000022,0,-0.5702850048047747,2206
CNTN3,3,-1.221,0.486,-2.51,0.0119810639423142,0.0262853538730679,92.6,0.5983,27.06,down,False,,False,False,1.221,1.5802861718094834,0.2220000000000002,0,-0.5710539862020543,2207
RAB31,3,1.298,0.481,2.7,0.0069871363015464,0.0167172806298959,97.9,0.633,93.24,up,False,,False,False,1.298,1.7768343670573754,0.06299999999999972,0,-0.5715746965751058,2208
KNL1,3,1.155,0.314,3.67,0.0002399376381422,0.0008649060935127,92.1,0.2208,25.46,up,False,,False,False,1.155,3.06303104315156,0.2370000000000002,0,-0.5729544799703538,2209
PRKG2,3,-1.11,0.364,-3.04,0.0023278579965698,0.0064764473308417,87.4,0.3212,15.87,down,False,,False,False,1.11,2.1886631619868058,0.37799999999999967,0,-0.5730117717627382,2210
F12,3,1.15,0.309,3.72,0.0001992554121063,0.0007333915003142,92.0,0.2561,25.05,up,False,,False,False,1.15,3.1346641276287994,0.23999999999999988,0,-0.5732510159562418,2211
SYT12,3,1.032,0.304,3.4,0.0006836077023177,0.0021991164036905,83.7,0.1788,12.28,up,False,,False,False,1.032,2.6577517819432184,0.48899999999999977,0,-0.5736180586499869,2212
EPHB1,3,-1.061,0.282,-3.76,0.0001677387143826,0.0006279538725387,86.8,0.1576,15.1,down,False,,False,False,1.061,3.2020722569597226,0.396,0,-0.57421575601004,2213
GRID1,2,-1.254,0.456,-2.75,0.005947199134075,0.0145382189358358,93.7,0.3904,15.83,down,False,,False,False,1.254,1.837488795245707,0.1259999999999999,0,-0.5743552953785956,2214
RP11-196G11.1,3,1.145,0.321,3.57,0.0003567521976648,0.0012310159485756,91.4,0.2585,23.17,up,False,,False,False,1.145,2.9097363204776934,0.2579999999999999,0,-0.5743939845484359,2215
FBXO10,3,1.076,0.226,4.77,1.84515948375645e-06,1.01488107037722e-05,91.7,0.1145,24.08,up,False,,False,False,1.076,4.993584847903616,0.2489999999999999,0,-0.5744252358383372,2216
SMC5-AS1,3,-1.065,0.28,-3.81,0.0001402218535805,0.0005329523251285,87.3,0.1848,15.72,down,False,,False,False,1.065,3.2733116387401497,0.381,0,-0.5747515296096887,2217
RP11-12G12.7,3,1.287,0.502,2.56,0.010409699725027,0.0233926759716814,97.5,0.7354,80.67,up,False,,False,False,1.287,1.6309200948534965,0.07500000000000007,0,-0.5749534743470442,2218
MAMDC2,3,-1.169,0.396,-2.95,0.0031825584507842,0.008487185096196,91.2,0.3798,22.84,down,False,,False,False,1.169,2.0712363262338607,0.2639999999999999,0,-0.5752460196147949,2219
FAM107A,2,-1.053,0.265,-3.97,7.16732369898646e-05,0.0002906285821402,81.0,0.1159,5.25,down,False,,False,False,1.053,3.5366616768399157,0.3799999999999999,0,-0.575870595256254,2220
CTD-2516F10.2,2,-1.093,0.299,-3.66,0.0002535841779112,0.0009094763322697,83.3,0.1498,6.0,down,False,,False,False,1.093,3.0412085983029846,0.3340000000000001,0,-0.5766553285049852,2221
DUOXA2,3,1.076,0.242,4.45,8.73370180106208e-06,4.26464800711436e-05,90.8,0.1205,21.84,up,False,,False,False,1.076,4.3701168085472,0.27600000000000025,0,-0.5770523960339697,2222
KIF12,3,-1.019,0.41,-2.48,0.0130470433537226,0.0282689964705009,81.3,0.4035,10.71,down,False,,False,False,1.019,1.548689608385598,0.5610000000000002,0,-0.5783321501988921,2223
PLCB4,3,-1.114,0.361,-3.09,0.0020011792826611,0.0056782552518562,88.8,0.331,17.85,down,False,,False,False,1.114,2.2457850887420014,0.33599999999999997,0,-0.5787682531727842,2224
SEC14L5,2,-1.112,0.263,-4.23,2.37837982285419e-05,0.0001070682562946,88.7,0.1235,8.85,down,False,,False,False,1.112,3.9703392701536653,0.22599999999999998,0,-0.5787983951694887,2225
SLC22A15,3,-1.001,0.217,-4.61,4.10705025308962e-06,2.1298613064815e-05,87.2,0.1079,15.61,down,False,,False,False,1.001,4.671648676275295,0.384,0,-0.5792384532726434,2226
ABCC9,3,-1.102,0.411,-2.68,0.0072867957952237,0.0173068793395285,87.3,0.3293,15.7,down,False,,False,False,1.102,1.7617812341351973,0.381,0,-0.5804878063208203,2227
KIF18A,3,1.122,0.301,3.72,0.0001965475263677,0.0007243358067919,91.6,0.2178,23.69,up,False,,False,False,1.122,3.1400600453698155,0.2520000000000002,0,-0.5806800233813655,2228
PRR16,2,-1.025,0.398,-2.58,0.0099026033989954,0.0224382966767093,73.5,0.2455,3.78,down,False,,False,False,1.025,1.6490101140817786,0.53,0,-0.5808051434948286,2229
AEN,3,1.066,0.252,4.23,2.35055697407257e-05,0.0001060809489224,90.0,0.1542,20.02,up,False,,False,False,1.066,3.974362604041877,0.29999999999999993,0,-0.580915497929652,2230
DCHS1,3,-1.018,0.295,-3.45,0.0005558560234688,0.0018313910842199,84.4,0.1673,12.81,down,False,,False,False,1.018,2.7372189044243944,0.46799999999999975,0,-0.5814345712802421,2231
ITGA7,3,-1.016,0.337,-3.01,0.0025902672059621,0.0071082536298499,83.0,0.2151,11.77,down,False,,False,False,1.016,2.148237084513458,0.5100000000000001,0,-0.5815290021816234,2232
CDH3,3,1.184,0.355,3.34,0.0008418001146393,0.0026461258068473,94.4,0.3295,35.99,up,False,,False,False,1.184,2.577389511652404,0.16799999999999982,0,-0.5817435333038207,2233
ERCC6L,3,1.222,0.455,2.68,0.0072648072549018,0.017271422924554,95.0,0.5247,40.0,up,False,,False,False,1.222,1.7626718811456112,0.15000000000000013,0,-0.5819197520780314,2234
ZNF528,3,-1.127,0.274,-4.12,3.8478281713744e-05,0.0001654248111362,93.6,0.2048,31.18,down,False,,False,False,1.127,3.781399352513613,0.19200000000000017,0,-0.5822623532085501,2235
BUB1B,3,1.06,0.257,4.13,3.63974717099632e-05,0.0001572878743323,89.5,0.1436,19.11,up,False,,False,False,1.06,3.8033047568017246,0.31499999999999995,0,-0.5823039706825723,2236
LYPD1,3,1.252,0.558,2.24,0.0248407870263071,0.0485586674911183,96.0,0.8919,50.16,up,False,,False,False,1.252,1.3137332393379568,0.1200000000000001,0,-0.5826192113078942,2237
ZNF665,3,-1.25,0.471,-2.66,0.0079049599599253,0.0185510985164804,97.0,0.6354,67.78,down,False,,False,False,1.25,1.7316303682311385,0.09000000000000008,0,-0.5837787469033229,2238
CAB39L,3,-1.122,0.269,-4.18,2.95876348408878e-05,0.0001304117763114,93.8,0.1898,32.11,down,False,,False,False,1.122,3.8846831896153398,0.18600000000000017,0,-0.5838516218981663,2239
RP11-259N19.1,3,1.229,0.484,2.54,0.0110771621863052,0.0246277224446023,95.6,0.665,45.45,up,False,,False,False,1.229,1.6085757495688169,0.13200000000000012,0,-0.5847464792271032,2240
TAS2R4,2,-1.167,0.451,-2.59,0.0095964089312134,0.0218693863581363,88.0,0.359,8.36,down,False,,False,False,1.167,1.660163402834067,0.24,0,-0.5854875819654967,2241
ZDHHC21,3,1.08,0.269,4.01,5.99473320654678e-05,0.0002471551338743,91.0,0.162,22.28,up,False,,False,False,1.08,3.6070303640010093,0.2699999999999999,0,-0.5861753480722446,2242
LIMS2,3,-1.114,0.4,-2.78,0.005421384766856,0.0134295445510406,89.4,0.3306,18.9,down,False,,False,False,1.114,1.871938715724724,0.31799999999999995,0,-0.5867344539921667,2243
SLC1A1,3,1.006,0.309,3.25,0.0011475848418283,0.0034847338905642,84.0,0.1835,12.49,up,False,,False,False,1.006,2.4578303809152247,0.4800000000000001,0,-0.5868040515193684,2244
RP11-218E20.5,3,1.06,0.241,4.39,1.11783539047916e-05,5.35449327925655e-05,91.5,0.136,23.65,up,False,,False,False,1.06,4.271281622205675,0.2549999999999999,0,-0.5877591914915038,2245
FREM1,2,-1.237,0.442,-2.8,0.0051326081250112,0.012803625703153,96.0,0.3752,25.1,down,False,,False,False,1.237,1.8926670303597752,0.08000000000000007,0,-0.5881872774883375,2246
PYGM,2,-1.159,0.363,-3.19,0.0014009666720477,0.0041567076516211,90.4,0.2388,10.43,down,False,,False,False,1.159,2.3812505190955386,0.19199999999999995,0,-0.5883666835915343,2247
GJC3,2,-1.135,0.367,-3.09,0.00198587946975,0.0056423658826772,88.1,0.239,8.41,down,False,,False,False,1.135,2.2485387551754044,0.2380000000000002,0,-0.5897489999661522,2248
CTC-513N18.7,3,-1.085,0.27,-4.03,5.68110897806896e-05,0.0002359635913194,92.0,0.1877,24.92,down,False,,False,False,1.085,3.6271550025760844,0.23999999999999988,0,-0.5897963308656525,2249
ZNF826P,3,-1.12,0.421,-2.66,0.0077624025184045,0.0182568150862384,90.1,0.4499,20.23,down,False,,False,False,1.12,1.7385749831606598,0.29700000000000026,0,-0.5902145666077075,2250
ARNTL2-AS1,3,1.239,0.472,2.62,0.0086723153949512,0.020064264783595,97.4,0.6472,76.9,up,False,,False,False,1.239,1.6975767495248446,0.07799999999999974,0,-0.5902668308062002,2251
ANGPTL1,2,-1.231,0.506,-2.43,0.0150114354069113,0.0318299539348177,94.8,0.4856,19.24,down,False,,False,False,1.231,1.4971639899014273,0.10400000000000009,0,-0.590656072344153,2252
PCP2,2,-1.054,0.344,-3.06,0.0021960232258554,0.0061594425705787,80.7,0.192,5.17,down,False,,False,False,1.054,2.2104585896985443,0.3859999999999999,0,-0.5907251255391303,2253
MTCL1,3,1.169,0.345,3.39,0.0006970040227854,0.002238464421647,95.3,0.3291,42.33,up,False,,False,False,1.169,2.6500498039408784,0.14100000000000013,0,-0.5911131754460831,2254
GALNT6,3,1.249,0.518,2.41,0.015968209029257,0.0335457062878826,97.7,0.7681,87.61,up,False,,False,False,1.249,1.4743630598411472,0.06900000000000006,0,-0.5912185824150595,2255
TPTE2P5,2,-1.15,0.306,-3.75,0.0001735402798706,0.000648014741026,93.2,0.1747,14.62,down,False,,False,False,1.15,3.188415114695096,0.1359999999999999,0,-0.5920294741952213,2256
AC074141.3,2,-1.155,0.371,-3.12,0.0018234089720295,0.0052397156798277,90.7,0.2492,10.7,down,False,,False,False,1.155,2.2806922782895547,0.18599999999999994,0,-0.5921171855955468,2257
RP11-729I10.2,2,-1.159,0.451,-2.57,0.0100904036362303,0.0227936447388935,89.0,0.3627,9.1,down,False,,False,False,1.159,1.6421862249104797,0.21999999999999997,0,-0.592229763233365,2258
SLC7A5,3,1.192,0.465,2.56,0.010398817856013,0.0233726286309562,94.7,0.5536,37.51,up,False,,False,False,1.192,1.6312924414066126,0.1589999999999998,0,-0.5922886693745686,2259
AMY2A,2,-1.182,0.43,-2.75,0.0059637718775066,0.0145726446639407,91.8,0.3392,12.17,down,False,,False,False,1.182,1.8364616247071393,0.16400000000000015,0,-0.5923067175256531,2260
POLQ,3,1.081,0.291,3.71,0.0002065713113625,0.0007570097416725,91.1,0.1863,22.4,up,False,,False,False,1.081,3.12089853169228,0.26700000000000024,0,-0.5923719809855424,2261
FMO5,3,-1.004,0.257,-3.91,9.18362702514171e-05,0.0003642486022222,87.1,0.1386,15.45,down,False,,False,False,1.004,3.4386021061285974,0.387,0,-0.5928115084267749,2262
TRPV3,3,1.09,0.254,4.29,1.75727889583568e-05,8.12485515951362e-05,94.0,0.1485,33.26,up,False,,False,False,1.09,4.090184372377971,0.18000000000000016,0,-0.5935734296528491,2263
FAM234B,3,-1.219,0.402,-3.04,0.0023980851818191,0.0066449782222069,97.9,0.4672,97.37,down,False,,False,False,1.219,2.177506438045684,0.06299999999999972,0,-0.5941194387476917,2264
ZNF214,3,-1.017,0.368,-2.76,0.0057402617307696,0.0141060032390916,84.7,0.3346,13.04,down,False,,False,False,1.017,1.8505960207665164,0.4590000000000001,0,-0.5943778905589152,2265
ENPP3,2,-1.051,0.288,-3.66,0.0002569099236744,0.0009199945545809,84.2,0.1403,6.34,down,False,,False,False,1.051,3.036214743222342,0.31599999999999984,0,-0.5946891861532559,2266
KCTD17,3,-1.151,0.326,-3.53,0.0004166749263769,0.0014158721659976,95.3,0.2972,42.2,down,False,,False,False,1.151,2.848975955762075,0.14100000000000013,0,-0.5949251169404834,2267
TRIB2,3,1.12,0.275,4.07,4.66304027118364e-05,0.0001971768600219,95.3,0.1798,42.89,up,False,,False,False,1.12,3.705144053666957,0.14100000000000013,0,-0.5951686949329786,2268
PVT1,3,1.062,0.265,4.01,5.99490302934132e-05,0.0002471551338743,91.5,0.1826,23.6,up,False,,False,False,1.062,3.6070303640010093,0.2549999999999999,0,-0.5952396734327261,2269
EDA,3,-1.196,0.419,-2.85,0.0043125703497041,0.0109934617571844,96.2,0.4778,52.79,down,False,,False,False,1.196,1.9588655300232827,0.11399999999999977,0,-0.5952770114219422,2270
FERMT1,3,1.11,0.313,3.55,0.0003869240065383,0.0013224564270779,92.9,0.2565,28.02,up,False,,False,False,1.11,2.878618628397786,0.21299999999999986,0,-0.5953617061505317,2271
ZNF880,3,-1.058,0.27,-3.92,8.67500542977623e-05,0.0003456098549637,91.0,0.1937,22.23,down,False,,False,False,1.058,3.4614138822367413,0.2699999999999999,0,-0.5956193875103976,2272
APBA1,3,-1.213,0.46,-2.64,0.0083760569741216,0.019482821711766,96.8,0.5519,61.84,down,False,,False,False,1.213,1.7103481437046564,0.09600000000000009,0,-0.5957879055236103,2273
SAMD15,3,1.068,0.312,3.42,0.0006277515380694,0.0020364517398376,90.0,0.2393,19.94,up,False,,False,False,1.068,2.6911258774368445,0.29999999999999993,0,-0.596014905170246,2274
SORCS2,3,1.082,0.409,2.65,0.0081574374837022,0.0190500253447711,88.8,0.3761,17.89,up,False,,False,False,1.082,1.720104442188524,0.33599999999999997,0,-0.5963684388023481,2275
UST,3,-1.006,0.223,-4.5,6.69898316119091e-06,3.3443484073431e-05,90.2,0.1236,20.38,down,False,,False,False,1.006,4.475688484969673,0.29399999999999993,0,-0.5967345879114967,2276
KIF21A,3,-1.094,0.265,-4.13,3.65209305984445e-05,0.0001577340340182,94.2,0.1706,34.53,down,False,,False,False,1.094,3.8020745895400045,0.17399999999999982,0,-0.5968500219795592,2277
UGT1A7,3,1.11,0.371,2.99,0.0027974308122413,0.0075907103145656,91.5,0.3428,23.63,up,False,,False,False,1.11,2.119717582304487,0.2549999999999999,0,-0.5968520192451031,2278
RP11-348N5.9,2,-1.118,0.333,-3.36,0.0007932368633252,0.0025099867171642,89.8,0.1997,9.82,down,False,,False,False,1.118,2.6003285767968727,0.20399999999999996,0,-0.5976869856185064,2279
ASPA,3,-1.093,0.344,-3.17,0.001502736118353,0.0044226238112303,91.2,0.2509,22.63,down,False,,False,False,1.093,2.3543200001861404,0.2639999999999999,0,-0.5981947140266732,2280
TGFBI,3,-1.04,0.256,-4.05,5.02476999727235e-05,0.000210948423361,90.9,0.164,22.02,down,False,,False,False,1.04,3.6758237162085114,0.2729999999999999,0,-0.5986799734387038,2281
MFAP4,3,-1.055,0.409,-2.58,0.009854476171384,0.0223617131345413,87.4,0.3221,15.86,down,False,,False,False,1.055,1.6504949281390067,0.37799999999999967,0,-0.5987651530321253,2282
RP11-426C22.5,2,-1.098,0.37,-2.97,0.0029917391775624,0.0080461422802802,86.6,0.2391,7.44,down,False,,False,False,1.098,2.094412292048844,0.268,0,-0.5989071337489568,2283
LINC01515,3,-1.18,0.5,-2.36,0.0181772422373305,0.0373812758968347,94.8,0.6467,38.11,down,False,,False,False,1.18,1.4273458793751064,0.15600000000000014,0,-0.5995334103218518,2284
CNTNAP3,3,-1.114,0.408,-2.73,0.0063818722799103,0.0154425149493442,91.6,0.43,23.73,down,False,,False,False,1.114,1.811281969565172,0.2520000000000002,0,-0.5998180256380587,2285
GPX2,3,1.062,0.369,2.88,0.0039874278856726,0.0102957293399029,88.8,0.3373,17.9,up,False,,False,False,1.062,1.987342882938527,0.33599999999999997,0,-0.6000351505087488,2286
HMMR,3,1.092,0.344,3.18,0.0014820251840246,0.0043699115169206,91.5,0.2703,23.64,up,False,,False,False,1.092,2.359527356645635,0.2549999999999999,0,-0.6001607352490049,2287
XXbac-BPG246D15.9,3,1.1,0.274,4.02,5.79814135111102e-05,0.0002399729329705,94.9,0.2084,39.3,up,False,,False,False,1.1,3.619837740473673,0.1529999999999998,0,-0.60093170061367,2288
C2CD2,3,-1.026,0.234,-4.39,1.12062460870873e-05,5.36456062684307e-05,91.9,0.128,24.63,down,False,,False,False,1.026,4.270465842225819,0.24299999999999988,0,-0.6018376490893944,2289
EIF4EBP1,3,1.077,0.302,3.56,0.0003646355452739,0.0012552578646054,92.2,0.2244,25.7,up,False,,False,False,1.077,2.9012670489466226,0.23399999999999987,0,-0.6026350632930246,2290
MIR99AHG,3,-1.088,0.328,-3.31,0.0009170468914505,0.0028527774992647,92.1,0.2287,25.24,down,False,,False,False,1.088,2.544732099569631,0.2370000000000002,0,-0.6026369420890217,2291
FBLN7,3,-1.009,0.328,-3.07,0.0021209741686884,0.005977592621578,86.5,0.211,14.85,down,False,,False,False,1.009,2.223473685855669,0.405,0,-0.602664550660221,2292
CFH,3,-1.109,0.49,-2.27,0.0234784499234837,0.046325609765579,90.8,0.4722,21.82,down,False,,False,False,1.109,1.3341788555258838,0.27600000000000025,0,-0.6029434099241129,2293
PTGFR,2,-1.064,0.321,-3.31,0.0009225724653675,0.0028686078959753,86.1,0.1786,7.2,down,False,,False,False,1.064,2.542328810503366,0.278,0,-0.603349945060734,2294
DBN1,3,-1.006,0.272,-3.7,0.0002177176907666,0.0007923745993711,88.6,0.1913,17.59,down,False,,False,False,1.006,3.1010694548015607,0.3420000000000003,0,-0.6046820655301007,2295
SKOR1,2,-1.038,0.364,-2.85,0.0043895926121875,0.0111570003755373,82.1,0.2206,5.57,down,False,,False,False,1.038,1.9524525523032978,0.3580000000000001,0,-0.6046995779920027,2296
AFAP1L2,3,1.149,0.356,3.22,0.0012703843374595,0.0038121301058313,96.1,0.3541,51.69,up,False,,False,False,1.149,2.4188322855572273,0.1170000000000001,0,-0.6054014159735929,2297
CTC-523E23.5,2,-1.025,0.369,-2.78,0.0055107957330347,0.0136293943280096,81.0,0.2263,5.26,down,False,,False,False,1.025,1.8655234432003784,0.3799999999999999,0,-0.6061786940681436,2298
SLC28A3,3,1.038,0.258,4.02,5.72528983349565e-05,0.0002374615692989,92.1,0.136,25.23,up,False,,False,False,1.038,3.624406666426155,0.2370000000000002,0,-0.6067377129596601,2299
KIF4B,3,1.015,0.404,2.51,0.0120125711708347,0.0263395943711199,86.3,0.3959,14.58,up,False,,False,False,1.015,1.5793909174433607,0.41100000000000003,0,-0.6073840263757254,2300
ECM2,3,-1.105,0.44,-2.51,0.0119474538082169,0.0262312836425201,91.9,0.4042,24.73,down,False,,False,False,1.105,1.581180456446523,0.24299999999999988,0,-0.6074628313733575,2301
NBEA,3,-1.07,0.436,-2.45,0.0141694369315308,0.0302721866505617,89.6,0.4293,19.23,down,False,,False,False,1.07,1.518956207521328,0.3120000000000003,0,-0.6075041335623581,2302
ETV4,3,1.02,0.32,3.18,0.0014517387656599,0.0042914197203351,88.4,0.2512,17.22,up,False,,False,False,1.02,2.3673990074176494,0.348,0,-0.6077218207814621,2303
RP11-61I13.3,2,-1.173,0.468,-2.51,0.0121359759542876,0.0265729175113571,94.3,0.4133,17.55,down,False,,False,False,1.173,1.5755607606245798,0.1140000000000001,0,-0.6079944958123201,2304
CNTNAP3B,3,-1.035,0.377,-2.75,0.0059908120365031,0.0146234534893121,88.3,0.3536,17.06,down,False,,False,False,1.035,1.8349500518489668,0.351,0,-0.6084977621373959,2305
FBLN1,3,-1.135,0.458,-2.48,0.0131554493198993,0.0284617294944106,93.9,0.5426,33.01,down,False,,False,False,1.135,1.5457387132799243,0.18299999999999983,0,-0.6086803796822032,2306
CTD-3203P2.3,3,1.117,0.467,2.39,0.016650132614428,0.0347504523024861,92.7,0.6002,27.57,up,False,,False,False,1.117,1.4590395383775938,0.21899999999999986,0,-0.6092787531918499,2307
EFCAB13,3,-1.039,0.389,-2.67,0.0075681021727015,0.0178680487907989,88.5,0.3491,17.42,down,False,,False,False,1.039,1.7479228703066576,0.345,0,-0.6092992829212567,2308
P2RX1,2,-1.163,0.506,-2.3,0.0215027884291024,0.043011721811811,93.2,0.4783,14.79,down,False,,False,False,1.163,1.3664131717588341,0.1359999999999999,0,-0.6099345545681213,2309
RP11-187C18.3,2,-1.14,0.475,-2.4,0.0162888194664937,0.0340846495835479,91.5,0.4136,11.83,down,False,,False,False,1.14,1.4674411665243718,0.16999999999999993,0,-0.6103351117520022,2310
RP11-141O15.1,3,-1.106,0.362,-3.05,0.0022581935810984,0.0063066157885867,93.9,0.3323,32.93,down,False,,False,False,1.106,2.2002036262731024,0.18299999999999983,0,-0.610711060049362,2311
MFSD2B,3,1.126,0.365,3.09,0.00202693300533,0.005742976848435,95.4,0.3738,43.77,up,False,,False,False,1.126,2.240862934479271,0.1379999999999998,0,-0.6116660843725557,2312
ZIM2,3,-1.073,0.45,-2.39,0.0169534103849688,0.0352672517285821,90.5,0.5144,21.15,down,False,,False,False,1.073,1.452628382283619,0.2849999999999999,0,-0.6123240731007956,2313
GJC2,3,-1.025,0.335,-3.06,0.0022061886576202,0.0061820290024219,89.2,0.2823,18.54,down,False,,False,False,1.025,2.2088689618152166,0.32399999999999995,0,-0.6124202737393245,2314
RP11-815J21.4,2,-1.019,0.303,-3.36,0.0007784351469152,0.0024685009368465,84.7,0.1559,6.55,down,False,,False,False,1.019,2.607566703620797,0.30600000000000005,0,-0.612964260562155,2315
LINC01504,2,-1.039,0.405,-2.56,0.0103194501487071,0.0232232271227729,83.6,0.2757,6.08,down,False,,False,False,1.039,1.6340774304101167,0.32800000000000007,0,-0.6138782786326604,2316
ZNF204P,3,-1.027,0.287,-3.58,0.0003438103657967,0.001192511016882,91.2,0.2148,22.6,down,False,,False,False,1.027,2.9235376000874633,0.2639999999999999,0,-0.6141434242406119,2317
SRGAP1,3,-1.008,0.309,-3.27,0.0010910784236528,0.0033347767096603,89.1,0.2168,18.31,down,False,,False,False,1.008,2.476933240310824,0.3270000000000003,0,-0.6144726376887969,2318
CH17-296N19.1,3,-1.092,0.415,-2.63,0.0085353927692531,0.0197983560578128,92.7,0.4593,27.39,down,False,,False,False,1.092,1.7033708695698335,0.21899999999999986,0,-0.6149664417474252,2319
SLC22A17,3,-1.043,0.291,-3.59,0.000333711202536,0.0011612673614044,92.5,0.2163,26.59,down,False,,False,False,1.043,2.9350677800762215,0.22499999999999987,0,-0.6157266644899145,2320
RGS9,3,-1.092,0.355,-3.08,0.0020959449793036,0.0059163120728951,94.0,0.3405,33.18,down,False,,False,False,1.092,2.2279489259595047,0.18000000000000016,0,-0.6157995760818291,2321
NCAPG,3,1.013,0.267,3.79,0.000147942973601,0.0005594825636554,91.4,0.1586,23.36,up,False,,False,False,1.013,3.2522134437669847,0.2579999999999999,0,-0.6160886384106598,2322
AC010127.3,2,-1.09,0.405,-2.69,0.0070601311232888,0.0168488744484727,89.4,0.2936,9.45,down,False,,False,False,1.09,1.7734291058991312,0.21199999999999997,0,-0.6161081874534599,2323
COL24A1,3,-1.006,0.397,-2.54,0.0111685886864022,0.0247886121702844,87.4,0.3144,15.87,down,False,,False,False,1.006,1.6057477872160149,0.37799999999999967,0,-0.6163583237633506,2324
FRAS1,3,-1.003,0.378,-2.66,0.0078899834483718,0.0185215225173422,87.6,0.331,16.17,down,False,,False,False,1.003,1.7323233160502758,0.37200000000000033,0,-0.6169652935324371,2325
KIF18B,3,1.078,0.374,2.88,0.0039165535206204,0.010142060987004,93.0,0.3299,28.52,up,False,,False,False,1.078,1.993873782248048,0.20999999999999985,0,-0.6179422873323838,2326
FGD2,3,1.047,0.312,3.36,0.0007806994610985,0.0024743289581445,92.5,0.1933,26.54,up,False,,False,False,1.047,2.606542562099908,0.22499999999999987,0,-0.6183791773233908,2327
CTD-2528L19.6,3,-1.079,0.417,-2.59,0.0097099991792961,0.0220809569446418,92.4,0.4531,26.38,down,False,,False,False,1.079,1.6559821090781763,0.22799999999999987,0,-0.6183888744110184,2328
PAPSS2,3,1.08,0.385,2.81,0.0050006132001317,0.0125157013152874,93.1,0.3362,29.0,up,False,,False,False,1.08,1.90254480975326,0.20700000000000018,0,-0.6189315943705782,2329
TMEM165,3,1.066,0.271,3.93,8.48568346245696e-05,0.0003386894529798,95.7,0.2039,46.31,up,False,,False,False,1.066,3.470198327370701,0.12899999999999978,0,-0.6190850725830767,2330
RP11-548H18.2,3,1.047,0.403,2.6,0.0093397105078275,0.0213751361629,90.7,0.3675,21.51,up,False,,False,False,1.047,1.6700911100684326,0.2789999999999999,0,-0.6198118261277579,2331
RP11-783K16.5,3,1.141,0.409,2.79,0.0052613119574135,0.0130842506757775,97.3,0.48,74.27,up,False,,False,False,1.141,1.8832511439979855,0.08100000000000007,0,-0.621505424100561,2332
VSIG2,2,1.029,0.403,2.56,0.0105744772981278,0.0237059891852014,84.7,0.2773,6.53,up,False,,False,False,1.029,1.625141918062322,0.30600000000000005,0,-0.6215786236376984,2333
PEG3,3,-1.058,0.414,-2.55,0.0106720530030839,0.02388356488998,91.6,0.4282,23.82,down,False,,False,False,1.058,1.6219008493811464,0.2520000000000002,0,-0.6216260842140305,2334
MLKL,3,1.11,0.342,3.25,0.001174479786835,0.0035539551874382,96.7,0.3383,59.97,up,False,,False,False,1.11,2.4492880526058465,0.09899999999999975,0,-0.6219555221306026,2335
BCAP31P2,3,1.035,0.412,2.51,0.0120643067483209,0.0264332980785701,90.6,0.4477,21.26,up,False,,False,False,1.035,1.5778486466312898,0.28200000000000025,0,-0.6245600892408899,2336
CYBRD1,3,-1.026,0.336,-3.05,0.0022880490564775,0.0063839023078763,91.7,0.273,24.13,down,False,,False,False,1.026,2.1949137675650454,0.2489999999999999,0,-0.6262635179747653,2337
CTA-384D8.36,3,1.072,0.324,3.31,0.0009470484620281,0.002937187283795,95.3,0.2942,42.59,up,False,,False,False,1.072,2.5320683606867536,0.14100000000000013,0,-0.6263023538180187,2338
FLNC,3,-1.016,0.352,-2.89,0.0038543306539084,0.0100150989318839,90.7,0.2724,21.42,down,False,,False,False,1.016,1.9993447562696511,0.2789999999999999,0,-0.6265410520904134,2339
PPEF1,2,-1.023,0.39,-2.62,0.0087294829590487,0.0201805714584605,85.7,0.2625,7.02,down,False,,False,False,1.023,1.6950665398958331,0.28600000000000003,0,-0.6265432375793094,2340
EMX2OS,3,-1.079,0.39,-2.77,0.0056560052792348,0.0139281956218817,94.3,0.3958,34.93,down,False,,False,False,1.079,1.8561051421702237,0.17100000000000015,0,-0.626580264753238,2341
FSCN1P1,3,1.057,0.468,2.26,0.0238414386913692,0.0469350128943117,91.8,0.5842,24.34,up,False,,False,False,1.057,1.328503058485722,0.24600000000000022,0,-0.6267067846183111,2342
CTD-2368P22.1,3,-1.026,0.332,-3.09,0.0019934107112155,0.0056596729524527,92.0,0.2945,25.05,down,False,,False,False,1.026,2.247208664050036,0.23999999999999988,0,-0.6273021474757979,2343
AL161668.5,2,1.018,0.432,2.35,0.0185231894347827,0.0379959114510014,84.6,0.3202,6.48,up,False,,False,False,1.018,1.4202631331147475,0.30800000000000005,0,-0.6275524166904064,2344
RTN4RL1,3,-1.059,0.343,-3.09,0.0020191001936051,0.0057214763868905,94.2,0.2911,34.29,down,False,,False,False,1.059,2.2424918900975848,0.17399999999999982,0,-0.6282196409641492,2345
CKAP2L,3,1.017,0.308,3.3,0.000958484429814,0.0029690567708768,92.3,0.2064,26.07,up,False,,False,False,1.017,2.527381498246727,0.2310000000000002,0,-0.6286661238009519,2346
ADAMTS10,2,-1.048,0.36,-2.91,0.0035787835392528,0.0094066633584516,90.1,0.2341,10.08,down,False,,False,False,1.048,2.0265643980376695,0.19800000000000018,0,-0.6302171082062037,2347
CTD-2135J3.4,3,1.015,0.267,3.8,0.0001459772154009,0.0005524948480713,94.5,0.1967,36.16,up,False,,False,False,1.015,3.257671767352603,0.16500000000000015,0,-0.6327097495794526,2348
CHAC2,3,1.039,0.349,2.98,0.0028611450042491,0.0077384798849761,93.5,0.3187,30.67,up,False,,False,False,1.039,2.1113443419532536,0.19499999999999984,0,-0.6328645807634005,2349
ABCA12,3,1.077,0.356,3.02,0.0025072365307198,0.0069122482566976,96.0,0.2731,50.44,up,False,,False,False,1.077,2.160380672355306,0.1200000000000001,0,-0.6330637356535056,2350
GRHL3,3,1.111,0.43,2.58,0.0097535021999402,0.0221626609394683,97.0,0.4088,67.54,up,False,,False,False,1.111,1.6543780976462217,0.09000000000000008,0,-0.6330743639240705,2351
RELL2,3,1.127,0.499,2.26,0.023943163246731,0.0471075397917907,97.3,0.7218,73.43,up,False,,False,False,1.127,1.3269095763550451,0.08100000000000007,0,-0.633222536862092,2352
EPPK1,3,-1.079,0.43,-2.51,0.0120289523223388,0.0263657064525869,94.9,0.478,39.35,down,False,,False,False,1.079,1.5789605875280486,0.1529999999999998,0,-0.6333561889536601,2353
PTPN21,3,-1.126,0.409,-2.75,0.0059040817210001,0.0144554595760792,98.5,0.4923,132.61,down,False,,False,False,1.126,1.8399680964400602,0.04500000000000004,0,-0.6339844948506904,2354
RAET1L,3,1.032,0.386,2.67,0.0075393105255699,0.0178090534907231,92.7,0.3784,27.5,up,False,,False,False,1.032,1.749359161652948,0.21899999999999986,0,-0.6352686171947104,2355
KCNJ18,2,1.062,0.432,2.46,0.0140094934063211,0.0300126504208447,91.8,0.3435,12.23,up,False,,False,False,1.062,1.522695650282551,0.16400000000000015,0,-0.637905244216738,2356
RP11-77H9.2,3,1.096,0.384,2.85,0.0043458501891517,0.0110674507264853,97.7,0.4319,87.27,up,False,,False,False,1.096,1.9559524028718769,0.06900000000000006,0,-0.6385048229873698,2357
ZNF626,3,-1.106,0.438,-2.53,0.0115479238675655,0.0254951758762463,97.6,0.5603,84.71,down,False,,False,False,1.106,1.5935419877435832,0.07200000000000006,0,-0.6389268251900501,2358
EPHA2,3,1.043,0.326,3.2,0.0013558559291632,0.0040365294983826,95.5,0.294,44.01,up,False,,False,False,1.043,2.3939918694067557,0.13500000000000012,0,-0.6392097549132333,2359
RP11-335I12.2,2,1.104,0.468,2.36,0.0183999133901109,0.0377761421284955,96.3,0.423,27.22,up,False,,False,False,1.104,1.422782396278023,0.07400000000000007,0,-0.6413504193451732,2360
CTD-2331H12.8,3,-1.031,0.362,-2.85,0.0043625916688341,0.0111040889304884,94.7,0.3577,38.04,down,False,,False,False,1.031,1.9545170686952609,0.1589999999999998,0,-0.6443066096085402,2361
MIAT,3,1.058,0.473,2.24,0.0251685899696097,0.0491058111850803,95.2,0.5261,41.84,up,False,,False,False,1.058,1.3088671103968583,0.1439999999999998,0,-0.6456668915831341,2362
ZNF559-ZNF177,3,-1.004,0.343,-2.93,0.0033914362319576,0.0089777372785137,93.6,0.3196,31.39,down,False,,False,False,1.004,2.046833107796165,0.19200000000000017,0,-0.6463925391345001,2363
ZNF320,3,-1.037,0.364,-2.85,0.0043607538761462,0.0111029897201118,95.7,0.3709,47.05,down,False,,False,False,1.037,1.9545600622838286,0.12899999999999978,0,-0.6478269680752838,2364
RGMB,3,-1.01,0.273,-3.7,0.0002171046909322,0.00079043244691,96.8,0.1994,63.27,down,False,,False,False,1.01,3.1021352404539067,0.09600000000000009,0,-0.64926096138148,2365
CTC-463N11.4,3,-1.009,0.273,-3.7,0.0002168720729805,0.0007897881699444,96.8,0.1992,61.67,down,False,,False,False,1.009,3.1024893757480516,0.09600000000000009,0,-0.6496044063079192,2366
TIGAR,3,1.047,0.381,2.75,0.0060225695461753,0.0146948437050675,96.4,0.4018,56.06,up,False,,False,False,1.047,1.832835028739903,0.10799999999999976,0,-0.6497726075521822,2367
RP11-119F19.5,3,-1.018,0.396,-2.57,0.0101050469662139,0.0228118245225076,94.3,0.4373,34.87,down,False,,False,False,1.018,1.6418399778374038,0.17100000000000015,0,-0.6504336337334351,2368
NABP1,3,1.071,0.452,2.37,0.0178116108192236,0.0367390957500401,97.7,0.5968,88.03,up,False,,False,False,1.071,1.434871537077588,0.06900000000000006,0,-0.6536137639790306,2369
ZNF583,3,-1.039,0.399,-2.6,0.0092368137167317,0.0211860251121862,96.4,0.4549,56.33,down,False,,False,False,1.039,1.6739505172756972,0.10799999999999976,0,-0.6545107052392901,2370
CDC25B,3,1.039,0.362,2.87,0.0040780612596799,0.0104904764865767,97.3,0.3786,74.42,up,False,,False,False,1.039,1.9792047853249077,0.08100000000000007,0,-0.6558003525885686,2371
ZNF486,3,-1.031,0.393,-2.62,0.0087676596422133,0.0202468328464608,96.2,0.431,51.98,down,False,,False,False,1.031,1.6936429025668818,0.11399999999999977,0,-0.6559292058434775,2372
ZNF737,3,-1.016,0.372,-2.73,0.0063940090894614,0.0154673306577661,95.6,0.3803,45.34,down,False,,False,False,1.016,1.810584630103522,0.13200000000000012,0,-0.6563422332983627,2373
RP11-102L12.2,2,1.011,0.32,3.16,0.0015670202269704,0.0045858702954306,95.3,0.1948,21.21,up,False,,False,False,1.011,2.338578232810477,0.09400000000000008,0,-0.6586854223067783,2374
RHOBTB3,3,-1.03,0.418,-2.47,0.0136438655088948,0.0293745284372039,96.4,0.4739,55.62,down,False,,False,False,1.03,1.5320290965930263,0.10799999999999976,0,-0.6593878126962474,2375
RP11-680F20.11,3,-1.032,0.448,-2.3,0.0213743837289423,0.0428017920197443,96.4,0.4507,55.96,down,False,,False,False,1.032,1.3685380476224809,0.10799999999999976,0,-0.6607045721886823,2376
ASPM,3,1.005,0.393,2.56,0.0106155016573354,0.0237797395499104,95.3,0.3828,42.88,up,False,,False,False,1.005,1.6237929063471068,0.14100000000000013,0,-0.6607849316997451,2377
COTL1,3,1.05,0.454,2.31,0.0208179795797231,0.0419387335612512,98.1,0.5783,106.6,up,False,,False,False,1.05,1.377384688216516,0.05700000000000005,0,-0.6638683200193433,2378
CDON,3,-1.02,0.437,-2.33,0.0196922260808878,0.0399735796329781,96.6,0.4583,59.12,down,False,,False,False,1.02,1.3982269589393024,0.10200000000000009,0,-0.6656343281605058,2379
