"alpha","n_pos","n_neg","selected_frac","lambda"
0.05,1531,1372,0.144983269240374,5.18561939304963e-08
0.1,1527,1336,0.142985566598412,5.18561909691077e-08
0.2,1456,1260,0.135644009389202,5.18561847884425e-08
0.3,1521,1332,0.142486140937921,4.72494182574441e-08
0.4,1574,1397,0.148379363731709,4.30519042946351e-08
0.5,1438,1260,0.13474504320032,4.30518979117472e-08
